match_id,season,player_id,goals,xG,time,date,position,h_team,a_team,minute,player,h_a,situation,league,player_team,cumulative_time,start_time,last_goal_time,time_between_goals,minutes_since_last_goal,minutes_since_last_goal_before_match
22692,2023,227,0,0.3878249824047088,90,2023-08-13,FW,Getafe,Barcelona,,Robert Lewandowski,a,NoGoal,La_Liga,Barcelona,90,0.0,,,,
22701,2023,227,0,0.5920929908752441,90,2023-08-20,FW,Barcelona,Cadiz,,Robert Lewandowski,h,NoGoal,La_Liga,Barcelona,180,0.0,,,,
22710,2023,227,1,1.2939881086349487,90,2023-08-27,FW,Villarreal,Barcelona,70.0,Robert Lewandowski,a,OpenPlay,La_Liga,Barcelona,270,0.0,250.0,,20.0,
22722,2023,227,1,1.303985834121704,90,2023-09-03,FW,Osasuna,Barcelona,85.0,Robert Lewandowski,a,Penalty,La_Liga,Barcelona,360,0.0,355.0,105.0,5.0,20.0
22726,2023,227,1,0.6631364822387695,90,2023-09-16,FW,Barcelona,Real Betis,31.0,Robert Lewandowski,h,OpenPlay,La_Liga,Barcelona,450,0.0,391.0,36.0,59.0,5.0
22737,2023,227,2,0.7266142964363098,90,2023-09-23,FW,Barcelona,Celta Vigo,80.0,Robert Lewandowski,h,OpenPlay,La_Liga,Barcelona,540,0.0,530.0,139.0,10.0,59.0
22737,2023,227,2,0.7266142964363098,90,2023-09-23,FW,Barcelona,Celta Vigo,84.0,Robert Lewandowski,h,OpenPlay,La_Liga,Barcelona,540,0.0,534.0,4.0,6.0,59.0
22749,2023,227,0,0.2392097860574722,25,2023-09-26,Sub,Mallorca,Barcelona,,Robert Lewandowski,a,NoGoal,La_Liga,Barcelona,565,65.0,534.0,0.0,31.0,6.0
22757,2023,227,0,0.7315727472305298,90,2023-09-29,FW,Barcelona,Sevilla,,Robert Lewandowski,h,NoGoal,La_Liga,Barcelona,655,0.0,534.0,0.0,121.0,31.0
22787,2023,227,0,0.026943601667881,27,2023-10-28,Sub,Barcelona,Real Madrid,,Robert Lewandowski,h,NoGoal,La_Liga,Barcelona,682,63.0,534.0,0.0,148.0,121.0
22800,2023,227,0,0.0,57,2023-11-04,FW,Real Sociedad,Barcelona,,Robert Lewandowski,a,NoGoal,La_Liga,Barcelona,739,0.0,534.0,0.0,205.0,148.0
22814,2023,227,2,1.1823090314865112,90,2023-11-12,FW,Barcelona,Alaves,52.0,Robert Lewandowski,h,OpenPlay,La_Liga,Barcelona,829,0.0,791.0,257.0,38.0,205.0
22814,2023,227,2,1.1823090314865112,90,2023-11-12,FW,Barcelona,Alaves,77.0,Robert Lewandowski,h,Penalty,La_Liga,Barcelona,829,0.0,816.0,25.0,13.0,205.0
22822,2023,227,0,0.1412117928266525,90,2023-11-25,FW,Rayo Vallecano,Barcelona,,Robert Lewandowski,a,NoGoal,La_Liga,Barcelona,919,0.0,816.0,0.0,103.0,13.0
22830,2023,227,0,1.636999249458313,90,2023-12-03,FW,Barcelona,Atletico Madrid,,Robert Lewandowski,h,NoGoal,La_Liga,Barcelona,1009,0.0,816.0,0.0,193.0,103.0
22835,2023,227,1,1.1958308219909668,90,2023-12-10,FW,Barcelona,Girona,18.0,Robert Lewandowski,h,FromCorner,La_Liga,Barcelona,1099,0.0,1027.0,211.0,72.0,193.0
22850,2023,227,0,0.5958168506622314,90,2023-12-16,FW,Valencia,Barcelona,,Robert Lewandowski,a,NoGoal,La_Liga,Barcelona,1189,0.0,1027.0,0.0,162.0,72.0
22863,2023,227,0,0.8353378176689148,90,2023-12-20,FW,Barcelona,Almeria,,Robert Lewandowski,h,NoGoal,La_Liga,Barcelona,1279,0.0,1027.0,0.0,252.0,162.0
22870,2023,227,0,0.0985825508832931,76,2024-01-04,FW,Las Palmas,Barcelona,,Robert Lewandowski,a,NoGoal,La_Liga,Barcelona,1355,0.0,1027.0,0.0,328.0,252.0
22891,2023,227,0,0.0,66,2024-01-21,FW,Real Betis,Barcelona,,Robert Lewandowski,a,NoGoal,La_Liga,Barcelona,1421,0.0,1027.0,0.0,394.0,328.0
22896,2023,227,0,0.089381992816925,78,2024-01-27,FW,Barcelona,Villarreal,,Robert Lewandowski,h,NoGoal,La_Liga,Barcelona,1499,0.0,1027.0,0.0,472.0,394.0
22878,2023,227,0,0.1595842689275741,90,2024-01-31,FW,Barcelona,Osasuna,,Robert Lewandowski,h,NoGoal,La_Liga,Barcelona,1589,0.0,1027.0,0.0,562.0,472.0
22910,2023,227,1,0.4902622699737549,90,2024-02-03,FW,Alaves,Barcelona,21.0,Robert Lewandowski,a,OpenPlay,La_Liga,Barcelona,1679,0.0,1610.0,583.0,69.0,562.0
22916,2023,227,1,1.142032504081726,90,2024-02-11,FW,Barcelona,Granada,62.0,Robert Lewandowski,h,OpenPlay,La_Liga,Barcelona,1769,0.0,1741.0,131.0,28.0,69.0
22930,2023,227,2,0.8105391263961792,90,2024-02-17,FW,Celta Vigo,Barcelona,44.0,Robert Lewandowski,a,OpenPlay,La_Liga,Barcelona,1859,0.0,1813.0,72.0,46.0,28.0
22930,2023,227,2,0.8105391263961792,90,2024-02-17,FW,Celta Vigo,Barcelona,96.0,Robert Lewandowski,a,Penalty,La_Liga,Barcelona,1859,0.0,1865.0,52.0,0.0,28.0
22936,2023,227,0,0.0,90,2024-02-24,FW,Barcelona,Getafe,,Robert Lewandowski,h,NoGoal,La_Liga,Barcelona,1949,0.0,1865.0,0.0,84.0,0.0
22945,2023,227,0,0.1105508133769035,90,2024-03-03,FW,Athletic Club,Barcelona,,Robert Lewandowski,a,NoGoal,La_Liga,Barcelona,2039,0.0,1865.0,0.0,174.0,84.0
22956,2023,227,0,0.0,26,2024-03-08,Sub,Barcelona,Mallorca,,Robert Lewandowski,h,NoGoal,La_Liga,Barcelona,2065,64.0,1865.0,0.0,200.0,174.0
22965,2023,227,1,0.2554292380809784,90,2024-03-17,FW,Atletico Madrid,Barcelona,46.0,Robert Lewandowski,a,OpenPlay,La_Liga,Barcelona,2155,0.0,2111.0,246.0,44.0,200.0
22976,2023,227,0,0.4211902618408203,85,2024-03-30,FW,Barcelona,Las Palmas,,Robert Lewandowski,h,NoGoal,La_Liga,Barcelona,2240,0.0,2111.0,0.0,129.0,44.0
23000,2023,227,0,0.1008009314537048,71,2024-04-21,FW,Real Madrid,Barcelona,,Robert Lewandowski,a,NoGoal,La_Liga,Barcelona,2311,0.0,2111.0,0.0,200.0,129.0
23006,2023,227,3,0.6701775789260864,90,2024-04-29,FW,Barcelona,Valencia,48.0,Robert Lewandowski,h,FromCorner,La_Liga,Barcelona,2401,0.0,2359.0,248.0,42.0,200.0
23006,2023,227,3,0.6701775789260864,90,2024-04-29,FW,Barcelona,Valencia,81.0,Robert Lewandowski,h,FromCorner,La_Liga,Barcelona,2401,0.0,2392.0,33.0,9.0,200.0
23006,2023,227,3,0.6701775789260864,90,2024-04-29,FW,Barcelona,Valencia,92.0,Robert Lewandowski,h,DirectFreekick,La_Liga,Barcelona,2401,0.0,2403.0,11.0,0.0,200.0
23019,2023,227,1,0.7432776093482971,84,2024-05-04,FW,Girona,Barcelona,45.0,Robert Lewandowski,a,Penalty,La_Liga,Barcelona,2485,0.0,2446.0,43.0,39.0,0.0
23027,2023,227,0,0.0146217886358499,77,2024-05-13,FW,Barcelona,Real Sociedad,,Robert Lewandowski,h,NoGoal,La_Liga,Barcelona,2562,0.0,2446.0,0.0,116.0,39.0
23035,2023,227,0,0.2026294767856598,70,2024-05-16,FW,Almeria,Barcelona,,Robert Lewandowski,a,NoGoal,La_Liga,Barcelona,2632,0.0,2446.0,0.0,186.0,116.0
23047,2023,227,1,0.5938464999198914,80,2024-05-19,FW,Barcelona,Rayo Vallecano,2.0,Robert Lewandowski,h,OpenPlay,La_Liga,Barcelona,2712,0.0,2634.0,188.0,78.0,186.0
23062,2023,227,1,0.4589196145534515,65,2024-05-26,FW,Sevilla,Barcelona,14.0,Robert Lewandowski,a,OpenPlay,La_Liga,Barcelona,2777,0.0,2726.0,92.0,51.0,78.0
26987,2024,227,2,1.888255000114441,90,2024-08-17,FW,Valencia,Barcelona,48.0,Robert Lewandowski,a,Penalty,La_Liga,Barcelona,2867,0.0,2825.0,99.0,42.0,51.0
26987,2024,227,2,1.888255000114441,90,2024-08-17,FW,Valencia,Barcelona,50.0,Robert Lewandowski,a,OpenPlay,La_Liga,Barcelona,2867,0.0,2827.0,2.0,40.0,51.0
26995,2024,227,1,1.770371437072754,90,2024-08-24,FW,Barcelona,Athletic Club,74.0,Robert Lewandowski,h,OpenPlay,La_Liga,Barcelona,2957,0.0,2941.0,114.0,16.0,40.0
27004,2024,227,0,0.0567049831151962,90,2024-08-27,FW,Rayo Vallecano,Barcelona,,Robert Lewandowski,a,NoGoal,La_Liga,Barcelona,3047,0.0,2941.0,0.0,106.0,16.0
27012,2024,227,1,1.0084035396575928,76,2024-08-31,FW,Barcelona,Real Valladolid,23.0,Robert Lewandowski,h,OpenPlay,La_Liga,Barcelona,3123,0.0,3070.0,129.0,53.0,106.0
27028,2024,227,0,0.6799009442329407,73,2024-09-15,FW,Girona,Barcelona,,Robert Lewandowski,a,NoGoal,La_Liga,Barcelona,3196,0.0,3070.0,0.0,126.0,53.0
27037,2024,227,2,2.2734031677246094,90,2024-09-22,FW,Villarreal,Barcelona,19.0,Robert Lewandowski,a,OpenPlay,La_Liga,Barcelona,3286,0.0,3215.0,145.0,71.0,126.0
27037,2024,227,2,2.2734031677246094,90,2024-09-22,FW,Villarreal,Barcelona,34.0,Robert Lewandowski,a,FromCorner,La_Liga,Barcelona,3286,0.0,3230.0,15.0,56.0,126.0
27043,2024,227,1,0.8433667421340942,78,2024-09-25,FW,Barcelona,Getafe,18.0,Robert Lewandowski,h,OpenPlay,La_Liga,Barcelona,3364,0.0,3304.0,74.0,60.0,56.0
27056,2024,227,0,0.1889231353998184,72,2024-09-28,FW,Osasuna,Barcelona,,Robert Lewandowski,a,NoGoal,La_Liga,Barcelona,3436,0.0,3304.0,0.0,132.0,60.0
27064,2024,227,3,1.7158640623092651,90,2024-10-06,FW,Alaves,Barcelona,6.0,Robert Lewandowski,a,SetPiece,La_Liga,Barcelona,3526,0.0,3442.0,138.0,84.0,132.0
27064,2024,227,3,1.7158640623092651,90,2024-10-06,FW,Alaves,Barcelona,21.0,Robert Lewandowski,a,OpenPlay,La_Liga,Barcelona,3526,0.0,3457.0,15.0,69.0,132.0
27064,2024,227,3,1.7158640623092651,90,2024-10-06,FW,Alaves,Barcelona,31.0,Robert Lewandowski,a,OpenPlay,La_Liga,Barcelona,3526,0.0,3467.0,10.0,59.0,132.0
27074,2024,227,2,1.935608148574829,69,2024-10-20,FW,Barcelona,Sevilla,23.0,Robert Lewandowski,h,Penalty,La_Liga,Barcelona,3595,0.0,3549.0,82.0,46.0,59.0
27074,2024,227,2,1.935608148574829,69,2024-10-20,FW,Barcelona,Sevilla,38.0,Robert Lewandowski,h,FromCorner,La_Liga,Barcelona,3595,0.0,3564.0,15.0,31.0,59.0
27085,2024,227,2,1.5551230907440186,90,2024-10-26,FW,Real Madrid,Barcelona,53.0,Robert Lewandowski,a,OpenPlay,La_Liga,Barcelona,3685,0.0,3648.0,84.0,37.0,31.0
27085,2024,227,2,1.5551230907440186,90,2024-10-26,FW,Real Madrid,Barcelona,55.0,Robert Lewandowski,a,OpenPlay,La_Liga,Barcelona,3685,0.0,3650.0,2.0,35.0,31.0
27101,2024,227,0,0.1303394436836242,90,2024-11-03,FW,Barcelona,Espanyol,,Robert Lewandowski,h,NoGoal,La_Liga,Barcelona,3775,0.0,3650.0,0.0,125.0,35.0
27108,2024,227,0,0.0,90,2024-11-10,FW,Real Sociedad,Barcelona,,Robert Lewandowski,a,NoGoal,La_Liga,Barcelona,3865,0.0,3650.0,0.0,215.0,125.0
27117,2024,227,1,0.5875533819198608,90,2024-11-23,FW,Celta Vigo,Barcelona,60.0,Robert Lewandowski,a,OpenPlay,La_Liga,Barcelona,3955,0.0,3925.0,275.0,30.0,215.0
27122,2024,227,0,0.3295803964138031,90,2024-11-30,FW,Barcelona,Las Palmas,,Robert Lewandowski,h,NoGoal,La_Liga,Barcelona,4045,0.0,3925.0,0.0,120.0,30.0
27139,2024,227,1,0.668463945388794,77,2024-12-07,FW,Real Betis,Barcelona,38.0,Robert Lewandowski,a,OpenPlay,La_Liga,Barcelona,4122,0.0,4083.0,158.0,39.0,120.0
27143,2024,227,0,1.181085228919983,71,2024-12-15,FW,Barcelona,Leganes,,Robert Lewandowski,h,NoGoal,La_Liga,Barcelona,4193,0.0,4083.0,0.0,110.0,39.0
27160,2024,227,0,0.9360470175743104,90,2024-12-21,FW,Barcelona,Atletico Madrid,,Robert Lewandowski,h,NoGoal,La_Liga,Barcelona,4283,0.0,4083.0,0.0,200.0,110.0
27177,2024,227,0,0.5535219311714172,83,2025-01-18,FW,Getafe,Barcelona,,Robert Lewandowski,a,NoGoal,La_Liga,Barcelona,4366,0.0,4083.0,0.0,283.0,200.0
27184,2024,227,1,0.169073224067688,26,2025-01-26,Sub,Barcelona,Valencia,65.0,Robert Lewandowski,h,OpenPlay,La_Liga,Barcelona,4392,64.0,4367.0,284.0,25.0,283.0
27200,2024,227,1,0.833381712436676,90,2025-02-02,FW,Barcelona,Alaves,60.0,Robert Lewandowski,h,FromCorner,La_Liga,Barcelona,4482,0.0,4452.0,85.0,30.0,25.0
27206,2024,227,1,0.6058962941169739,75,2025-02-09,FW,Sevilla,Barcelona,6.0,Robert Lewandowski,a,FromCorner,La_Liga,Barcelona,4557,0.0,4488.0,36.0,69.0,30.0
27214,2024,227,1,1.0478754043579102,83,2025-02-17,FW,Barcelona,Rayo Vallecano,27.0,Robert Lewandowski,h,Penalty,La_Liga,Barcelona,4640,0.0,4584.0,96.0,56.0,69.0
27226,2024,227,0,0.432203084230423,90,2025-02-22,FW,Las Palmas,Barcelona,,Robert Lewandowski,a,NoGoal,La_Liga,Barcelona,4730,0.0,4584.0,0.0,146.0,56.0
27232,2024,227,1,1.1958224773406982,90,2025-03-02,FW,Barcelona,Real Sociedad,60.0,Robert Lewandowski,h,OpenPlay,La_Liga,Barcelona,4820,0.0,4790.0,206.0,30.0,146.0
27252,2024,227,1,1.2210724353790283,90,2025-03-16,FW,Atletico Madrid,Barcelona,71.0,Robert Lewandowski,a,OpenPlay,La_Liga,Barcelona,4910,0.0,4891.0,101.0,19.0,30.0
27244,2024,227,1,0.7835043668746948,17,2025-03-27,Sub,Barcelona,Osasuna,76.0,Robert Lewandowski,h,OpenPlay,La_Liga,Barcelona,4927,73.0,4913.0,22.0,14.0,19.0
27270,2024,227,2,1.632871150970459,90,2025-03-30,FW,Barcelona,Girona,60.0,Robert Lewandowski,h,OpenPlay,La_Liga,Barcelona,5017,0.0,4987.0,74.0,30.0,14.0
27270,2024,227,2,1.632871150970459,90,2025-03-30,FW,Barcelona,Girona,76.0,Robert Lewandowski,h,OpenPlay,La_Liga,Barcelona,5017,0.0,5003.0,16.0,14.0,14.0
27272,2024,227,0,0.0425925776362419,90,2025-04-05,FW,Barcelona,Real Betis,,Robert Lewandowski,h,NoGoal,La_Liga,Barcelona,5107,0.0,5003.0,0.0,104.0,14.0
27288,2024,227,0,0.233293205499649,70,2025-04-12,FW,Leganes,Barcelona,,Robert Lewandowski,a,NoGoal,La_Liga,Barcelona,5177,0.0,5003.0,0.0,174.0,104.0
27292,2024,227,0,0.1139006689190864,80,2025-04-19,FW,Barcelona,Celta Vigo,,Robert Lewandowski,h,NoGoal,La_Liga,Barcelona,5257,0.0,5003.0,0.0,254.0,174.0
27332,2024,227,0,0.1694472432136535,67,2025-05-15,FW,Espanyol,Barcelona,,Robert Lewandowski,a,NoGoal,La_Liga,Barcelona,5324,0.0,5003.0,0.0,321.0,254.0
27343,2024,227,0,0.4638543128967285,79,2025-05-18,FW,Barcelona,Villarreal,,Robert Lewandowski,h,NoGoal,La_Liga,Barcelona,5403,0.0,5003.0,0.0,400.0,321.0
27353,2024,227,2,2.167034864425659,90,2025-05-25,FW,Athletic Club,Barcelona,13.0,Robert Lewandowski,a,OpenPlay,La_Liga,Barcelona,5493,0.0,5416.0,413.0,77.0,400.0
27353,2024,227,2,2.167034864425659,90,2025-05-25,FW,Athletic Club,Barcelona,16.0,Robert Lewandowski,a,FromCorner,La_Liga,Barcelona,5493,0.0,5419.0,3.0,74.0,400.0
29171,2025,227,0,0.0,6,2025-08-23,Sub,Levante,Barcelona,,Robert Lewandowski,a,NoGoal,La_Liga,Barcelona,5499,84.0,5419.0,0.0,80.0,74.0
29188,2025,227,0,0.0,8,2025-08-31,Sub,Rayo Vallecano,Barcelona,,Robert Lewandowski,a,NoGoal,La_Liga,Barcelona,5507,82.0,5419.0,0.0,88.0,80.0
29194,2025,227,2,0.994024097919464,21,2025-09-14,Sub,Barcelona,Valencia,75.0,Robert Lewandowski,h,OpenPlay,La_Liga,Barcelona,5528,69.0,5513.0,94.0,15.0,88.0
29194,2025,227,2,0.994024097919464,21,2025-09-14,Sub,Barcelona,Valencia,85.0,Robert Lewandowski,h,OpenPlay,La_Liga,Barcelona,5528,69.0,5523.0,10.0,5.0,88.0
29199,2025,227,0,0.7134849429130554,90,2025-09-21,FW,Barcelona,Getafe,,Robert Lewandowski,h,NoGoal,La_Liga,Barcelona,5618,0.0,5523.0,0.0,95.0,5.0
29213,2025,227,1,0.0923265516757965,24,2025-09-25,Sub,Real Oviedo,Barcelona,69.0,Robert Lewandowski,a,OpenPlay,La_Liga,Barcelona,5642,66.0,5621.0,98.0,21.0,95.0
29220,2025,227,1,2.127569437026977,90,2025-09-28,FW,Barcelona,Real Sociedad,58.0,Robert Lewandowski,h,OpenPlay,La_Liga,Barcelona,5732,0.0,5700.0,79.0,32.0,21.0
29233,2025,227,0,0.905623495578766,90,2025-10-05,FW,Sevilla,Barcelona,,Robert Lewandowski,a,NoGoal,La_Liga,Barcelona,5822,0.0,5700.0,0.0,122.0,32.0
29260,2025,227,0,0.0921468287706375,13,2025-11-02,Sub,Barcelona,Elche,,Robert Lewandowski,h,NoGoal,La_Liga,Barcelona,5835,77.0,5700.0,0.0,135.0,122.0
29274,2025,227,3,1.9248952865600584,90,2025-11-09,FW,Celta Vigo,Barcelona,9.0,Robert Lewandowski,a,Penalty,La_Liga,Barcelona,5925,0.0,5844.0,144.0,81.0,135.0
29274,2025,227,3,1.9248952865600584,90,2025-11-09,FW,Celta Vigo,Barcelona,36.0,Robert Lewandowski,a,OpenPlay,La_Liga,Barcelona,5925,0.0,5871.0,27.0,54.0,135.0
29274,2025,227,3,1.9248952865600584,90,2025-11-09,FW,Celta Vigo,Barcelona,72.0,Robert Lewandowski,a,FromCorner,La_Liga,Barcelona,5925,0.0,5907.0,36.0,18.0,135.0
29284,2025,227,1,0.2359853833913803,67,2025-11-22,FW,Barcelona,Athletic Club,3.0,Robert Lewandowski,h,OpenPlay,La_Liga,Barcelona,5992,0.0,5928.0,21.0,64.0,18.0
29294,2025,227,0,0.1105856075882911,63,2025-11-29,FW,Barcelona,Alaves,,Robert Lewandowski,h,NoGoal,La_Liga,Barcelona,6055,0.0,5928.0,0.0,127.0,64.0
29342,2025,227,0,1.1763664484024048,72,2025-12-02,FW,Barcelona,Atletico Madrid,,Robert Lewandowski,h,NoGoal,La_Liga,Barcelona,6127,0.0,5928.0,0.0,199.0,127.0
29325,2025,227,0,0.1466502845287323,26,2025-12-21,Sub,Villarreal,Barcelona,,Robert Lewandowski,a,NoGoal,La_Liga,Barcelona,6153,64.0,5928.0,0.0,225.0,199.0
29333,2025,227,1,0.5305123329162598,22,2026-01-03,Sub,Espanyol,Barcelona,89.0,Robert Lewandowski,a,OpenPlay,La_Liga,Barcelona,6175,68.0,6174.0,246.0,1.0,225.0
29350,2025,227,0,0.4612491726875305,21,2026-01-18,Sub,Real Sociedad,Barcelona,,Robert Lewandowski,a,NoGoal,La_Liga,Barcelona,6196,69.0,6174.0,0.0,22.0,1.0
29361,2025,227,0,1.2711750268936155,90,2026-01-25,FW,Barcelona,Real Oviedo,,Robert Lewandowski,h,NoGoal,La_Liga,Barcelona,6286,0.0,6174.0,0.0,112.0,22.0
29373,2025,227,0,0.221969798207283,25,2026-01-31,Sub,Elche,Barcelona,,Robert Lewandowski,a,NoGoal,La_Liga,Barcelona,6311,65.0,6174.0,0.0,137.0,112.0
29381,2025,227,1,0.6121704578399658,81,2026-02-07,FW,Barcelona,Mallorca,28.0,Robert Lewandowski,h,OpenPlay,La_Liga,Barcelona,6392,0.0,6339.0,165.0,53.0,137.0
29395,2025,227,0,0.0565362982451915,15,2026-02-16,Sub,Girona,Barcelona,,Robert Lewandowski,a,NoGoal,La_Liga,Barcelona,6407,75.0,6339.0,0.0,68.0,53.0
29401,2025,227,0,0.48225998878479,70,2026-02-22,FW,Barcelona,Levante,,Robert Lewandowski,h,NoGoal,La_Liga,Barcelona,6477,0.0,6339.0,0.0,138.0,68.0
29408,2025,227,1,0.9887491464614868,21,2026-02-28,Sub,Barcelona,Villarreal,90.0,Robert Lewandowski,h,OpenPlay,La_Liga,Barcelona,6498,69.0,6498.0,159.0,0.0,138.0
29418,2025,227,0,0.1003196835517883,25,2026-03-07,Sub,Athletic Club,Barcelona,,Robert Lewandowski,a,NoGoal,La_Liga,Barcelona,6523,65.0,6498.0,0.0,25.0,0.0
29430,2025,227,0,0.6324161291122437,90,2026-03-15,FW,Barcelona,Sevilla,,Robert Lewandowski,h,NoGoal,La_Liga,Barcelona,6613,0.0,6498.0,0.0,115.0,25.0
29441,2025,227,0,0.0,49,2026-03-22,FW,Barcelona,Rayo Vallecano,,Robert Lewandowski,h,NoGoal,La_Liga,Barcelona,6662,0.0,6498.0,0.0,164.0,115.0
29449,2025,227,1,0.6312196850776672,4,2026-04-04,Sub,Atletico Madrid,Barcelona,86.0,Robert Lewandowski,a,OpenPlay,La_Liga,Barcelona,6666,86.0,6662.0,164.0,4.0,164.0
29469,2025,227,0,0.0549364313483238,90,2026-04-25,FW,Getafe,Barcelona,,Robert Lewandowski,a,NoGoal,La_Liga,Barcelona,6756,0.0,6662.0,0.0,94.0,4.0
29488,2025,227,1,0.5830256938934326,90,2026-05-02,FW,Osasuna,Barcelona,80.0,Robert Lewandowski,a,OpenPlay,La_Liga,Barcelona,6846,0.0,6836.0,174.0,10.0,94.0
29500,2025,227,0,0.131958320736885,11,2026-05-10,Sub,Barcelona,Real Madrid,,Robert Lewandowski,h,NoGoal,La_Liga,Barcelona,6857,79.0,6836.0,0.0,21.0,10.0
29508,2025,227,0,0.0,90,2026-05-13,FW,Alaves,Barcelona,,Robert Lewandowski,a,NoGoal,La_Liga,Barcelona,6947,0.0,6836.0,0.0,111.0,21.0
29519,2025,227,0,0.1381061971187591,86,2026-05-17,FW,Barcelona,Real Betis,,Robert Lewandowski,h,NoGoal,La_Liga,Barcelona,7033,0.0,6836.0,0.0,197.0,111.0
23065,2023,647,1,0.445835679769516,87,2023-08-18,FW,Werder Bremen,Bayern Munich,73.0,Harry Kane,a,OpenPlay,Bundesliga,Bayern Munich,87,0.0,73.0,,14.0,
23082,2023,647,2,1.9270833730697632,90,2023-08-27,FW,Bayern Munich,Augsburg,39.0,Harry Kane,h,Penalty,Bundesliga,Bayern Munich,177,0.0,126.0,53.0,51.0,14.0
23082,2023,647,2,1.9270833730697632,90,2023-08-27,FW,Bayern Munich,Augsburg,68.0,Harry Kane,h,OpenPlay,Bundesliga,Bayern Munich,177,0.0,155.0,29.0,22.0,14.0
23089,2023,647,0,0.2631580233573913,90,2023-09-02,FW,Borussia M.Gladbach,Bayern Munich,,Harry Kane,a,NoGoal,Bundesliga,Bayern Munich,267,0.0,155.0,0.0,112.0,22.0
23092,2023,647,1,0.940563976764679,87,2023-09-15,FW,Bayern Munich,Bayer Leverkusen,6.0,Harry Kane,h,FromCorner,Bundesliga,Bayern Munich,354,0.0,273.0,118.0,81.0,112.0
23104,2023,647,3,2.3716371059417725,90,2023-09-23,FW,Bayern Munich,Bochum,11.0,Harry Kane,h,OpenPlay,Bundesliga,Bayern Munich,444,0.0,365.0,92.0,79.0,81.0
23104,2023,647,3,2.3716371059417725,90,2023-09-23,FW,Bayern Munich,Bochum,53.0,Harry Kane,h,Penalty,Bundesliga,Bayern Munich,444,0.0,407.0,42.0,37.0,81.0
23104,2023,647,3,2.3716371059417725,90,2023-09-23,FW,Bayern Munich,Bochum,87.0,Harry Kane,h,OpenPlay,Bundesliga,Bayern Munich,444,0.0,441.0,34.0,3.0,81.0
23116,2023,647,1,0.75777667760849,90,2023-09-30,FW,RasenBallsport Leipzig,Bayern Munich,56.0,Harry Kane,a,Penalty,Bundesliga,Bayern Munich,534,0.0,500.0,59.0,34.0,3.0
23126,2023,647,0,0.2973414659500122,76,2023-10-08,FW,Bayern Munich,Freiburg,,Harry Kane,h,NoGoal,Bundesliga,Bayern Munich,610,0.0,500.0,0.0,110.0,34.0
23134,2023,647,1,0.6505712866783142,90,2023-10-21,FW,Mainz 05,Bayern Munich,15.0,Harry Kane,a,SetPiece,Bundesliga,Bayern Munich,700,0.0,625.0,125.0,75.0,110.0
23137,2023,647,3,1.4609674215316772,90,2023-10-28,FW,Bayern Munich,Darmstadt,50.0,Harry Kane,h,OpenPlay,Bundesliga,Bayern Munich,790,0.0,750.0,125.0,40.0,75.0
23137,2023,647,3,1.4609674215316772,90,2023-10-28,FW,Bayern Munich,Darmstadt,68.0,Harry Kane,h,OpenPlay,Bundesliga,Bayern Munich,790,0.0,768.0,18.0,22.0,75.0
23137,2023,647,3,1.4609674215316772,90,2023-10-28,FW,Bayern Munich,Darmstadt,87.0,Harry Kane,h,OpenPlay,Bundesliga,Bayern Munich,790,0.0,787.0,19.0,3.0,75.0
23146,2023,647,3,1.5588611364364624,90,2023-11-04,FW,Borussia Dortmund,Bayern Munich,8.0,Harry Kane,a,OpenPlay,Bundesliga,Bayern Munich,880,0.0,798.0,11.0,82.0,3.0
23146,2023,647,3,1.5588611364364624,90,2023-11-04,FW,Borussia Dortmund,Bayern Munich,71.0,Harry Kane,a,OpenPlay,Bundesliga,Bayern Munich,880,0.0,861.0,63.0,19.0,3.0
23146,2023,647,3,1.5588611364364624,90,2023-11-04,FW,Borussia Dortmund,Bayern Munich,92.0,Harry Kane,a,OpenPlay,Bundesliga,Bayern Munich,880,0.0,882.0,21.0,0.0,3.0
23155,2023,647,2,0.5437173843383789,90,2023-11-11,FW,Bayern Munich,FC Heidenheim,13.0,Harry Kane,h,OpenPlay,Bundesliga,Bayern Munich,970,0.0,893.0,11.0,77.0,0.0
23155,2023,647,2,0.5437173843383789,90,2023-11-11,FW,Bayern Munich,FC Heidenheim,43.0,Harry Kane,h,FromCorner,Bundesliga,Bayern Munich,970,0.0,923.0,30.0,47.0,0.0
23169,2023,647,1,0.6838471293449402,90,2023-11-24,FW,FC Cologne,Bayern Munich,19.0,Harry Kane,a,OpenPlay,Bundesliga,Bayern Munich,1060,0.0,989.0,66.0,71.0,47.0
23184,2023,647,0,1.253441572189331,90,2023-12-09,FW,Eintracht Frankfurt,Bayern Munich,,Harry Kane,a,NoGoal,Bundesliga,Bayern Munich,1150,0.0,989.0,0.0,161.0,71.0
23191,2023,647,2,1.7538014650344849,90,2023-12-17,FW,Bayern Munich,VfB Stuttgart,1.0,Harry Kane,h,OpenPlay,Bundesliga,Bayern Munich,1240,0.0,1151.0,162.0,89.0,161.0
23191,2023,647,2,1.7538014650344849,90,2023-12-17,FW,Bayern Munich,VfB Stuttgart,54.0,Harry Kane,h,SetPiece,Bundesliga,Bayern Munich,1240,0.0,1204.0,53.0,36.0,161.0
23204,2023,647,1,0.8345738649368286,90,2023-12-20,FW,Wolfsburg,Bayern Munich,42.0,Harry Kane,a,OpenPlay,Bundesliga,Bayern Munich,1330,0.0,1282.0,78.0,48.0,36.0
23209,2023,647,1,1.1235365867614746,90,2024-01-12,FW,Bayern Munich,Hoffenheim,89.0,Harry Kane,h,OpenPlay,Bundesliga,Bayern Munich,1420,0.0,1419.0,137.0,1.0,48.0
23218,2023,647,0,0.2249216586351394,90,2024-01-21,FW,Bayern Munich,Werder Bremen,,Harry Kane,h,NoGoal,Bundesliga,Bayern Munich,1510,0.0,1419.0,0.0,91.0,1.0
23173,2023,647,0,0.187345802783966,90,2024-01-24,FW,Bayern Munich,Union Berlin,,Harry Kane,h,NoGoal,Bundesliga,Bayern Munich,1600,0.0,1419.0,0.0,181.0,91.0
23234,2023,647,1,0.721172571182251,90,2024-01-27,FW,Augsburg,Bayern Munich,57.0,Harry Kane,a,OpenPlay,Bundesliga,Bayern Munich,1690,0.0,1657.0,238.0,33.0,181.0
23236,2023,647,1,0.8473973274230957,90,2024-02-03,FW,Bayern Munich,Borussia M.Gladbach,69.0,Harry Kane,h,OpenPlay,Bundesliga,Bayern Munich,1780,0.0,1759.0,102.0,21.0,33.0
23250,2023,647,0,0.0382135286927223,90,2024-02-10,FW,Bayer Leverkusen,Bayern Munich,,Harry Kane,a,NoGoal,Bundesliga,Bayern Munich,1870,0.0,1759.0,0.0,111.0,21.0
23260,2023,647,1,1.3516815900802612,90,2024-02-18,FW,Bochum,Bayern Munich,93.0,Harry Kane,a,OpenPlay,Bundesliga,Bayern Munich,1960,0.0,1963.0,204.0,0.0,111.0
23271,2023,647,2,1.3545204401016235,90,2024-02-24,FW,Bayern Munich,RasenBallsport Leipzig,55.0,Harry Kane,h,OpenPlay,Bundesliga,Bayern Munich,2050,0.0,2015.0,52.0,35.0,0.0
23271,2023,647,2,1.3545204401016235,90,2024-02-24,FW,Bayern Munich,RasenBallsport Leipzig,90.0,Harry Kane,h,OpenPlay,Bundesliga,Bayern Munich,2050,0.0,2050.0,35.0,0.0,0.0
23273,2023,647,0,0.8625733852386475,90,2024-03-01,FW,Freiburg,Bayern Munich,,Harry Kane,a,NoGoal,Bundesliga,Bayern Munich,2140,0.0,2050.0,0.0,90.0,0.0
23281,2023,647,3,3.2151906490325928,90,2024-03-09,FW,Bayern Munich,Mainz 05,12.0,Harry Kane,h,OpenPlay,Bundesliga,Bayern Munich,2230,0.0,2152.0,102.0,78.0,90.0
23281,2023,647,3,3.2151906490325928,90,2024-03-09,FW,Bayern Munich,Mainz 05,51.0,Harry Kane,h,OpenPlay,Bundesliga,Bayern Munich,2230,0.0,2191.0,39.0,39.0,90.0
23281,2023,647,3,3.2151906490325928,90,2024-03-09,FW,Bayern Munich,Mainz 05,69.0,Harry Kane,h,FromCorner,Bundesliga,Bayern Munich,2230,0.0,2209.0,18.0,21.0,90.0
23298,2023,647,1,1.690341830253601,84,2024-03-16,FW,Darmstadt,Bayern Munich,45.0,Harry Kane,a,OpenPlay,Bundesliga,Bayern Munich,2314,0.0,2275.0,66.0,39.0,21.0
23299,2023,647,0,1.0695021152496338,90,2024-03-30,FW,Bayern Munich,Borussia Dortmund,,Harry Kane,h,NoGoal,Bundesliga,Bayern Munich,2404,0.0,2275.0,0.0,129.0,39.0
23315,2023,647,1,0.6202314496040344,90,2024-04-06,FW,FC Heidenheim,Bayern Munich,37.0,Harry Kane,a,OpenPlay,Bundesliga,Bayern Munich,2494,0.0,2441.0,166.0,53.0,129.0
23317,2023,647,0,0.9299070835113524,90,2024-04-13,FW,Bayern Munich,FC Cologne,,Harry Kane,h,NoGoal,Bundesliga,Bayern Munich,2584,0.0,2441.0,0.0,143.0,53.0
23327,2023,647,1,0.188442200422287,90,2024-04-20,FW,Union Berlin,Bayern Munich,45.0,Harry Kane,a,DirectFreekick,Bundesliga,Bayern Munich,2674,0.0,2629.0,188.0,45.0,143.0
23335,2023,647,2,1.617221474647522,90,2024-04-27,FW,Bayern Munich,Eintracht Frankfurt,8.0,Harry Kane,h,OpenPlay,Bundesliga,Bayern Munich,2764,0.0,2682.0,53.0,82.0,45.0
23335,2023,647,2,1.617221474647522,90,2024-04-27,FW,Bayern Munich,Eintracht Frankfurt,60.0,Harry Kane,h,Penalty,Bundesliga,Bayern Munich,2764,0.0,2734.0,52.0,30.0,45.0
23351,2023,647,1,1.3309674263000488,90,2024-05-04,FW,VfB Stuttgart,Bayern Munich,36.0,Harry Kane,a,Penalty,Bundesliga,Bayern Munich,2854,0.0,2800.0,66.0,54.0,30.0
27749,2024,647,0,0.1863986998796463,90,2024-08-25,FW,Wolfsburg,Bayern Munich,,Harry Kane,a,NoGoal,Bundesliga,Bayern Munich,2944,0.0,2800.0,0.0,144.0,54.0
27759,2024,647,1,0.8596336245536804,90,2024-09-01,FW,Bayern Munich,Freiburg,37.0,Harry Kane,h,Penalty,Bundesliga,Bayern Munich,3034,0.0,2981.0,181.0,53.0,144.0
27766,2024,647,3,1.542164921760559,90,2024-09-14,FW,Holstein Kiel,Bayern Munich,6.0,Harry Kane,a,OpenPlay,Bundesliga,Bayern Munich,3124,0.0,3040.0,59.0,84.0,53.0
27766,2024,647,3,1.542164921760559,90,2024-09-14,FW,Holstein Kiel,Bayern Munich,42.0,Harry Kane,a,OpenPlay,Bundesliga,Bayern Munich,3124,0.0,3076.0,36.0,48.0,53.0
27766,2024,647,3,1.542164921760559,90,2024-09-14,FW,Holstein Kiel,Bayern Munich,90.0,Harry Kane,a,Penalty,Bundesliga,Bayern Munich,3124,0.0,3124.0,48.0,0.0,53.0
27773,2024,647,1,0.8556426167488098,77,2024-09-21,FW,Werder Bremen,Bayern Munich,56.0,Harry Kane,a,OpenPlay,Bundesliga,Bayern Munich,3201,0.0,3180.0,56.0,21.0,0.0
27784,2024,647,0,0.0,86,2024-09-28,FW,Bayern Munich,Bayer Leverkusen,,Harry Kane,h,NoGoal,Bundesliga,Bayern Munich,3287,0.0,3180.0,0.0,107.0,21.0
27787,2024,647,0,0.220301553606987,74,2024-10-06,FW,Eintracht Frankfurt,Bayern Munich,,Harry Kane,a,NoGoal,Bundesliga,Bayern Munich,3361,0.0,3180.0,0.0,181.0,107.0
27797,2024,647,3,2.8784830570220947,90,2024-10-19,FW,Bayern Munich,VfB Stuttgart,56.0,Harry Kane,h,OpenPlay,Bundesliga,Bayern Munich,3451,0.0,3417.0,237.0,34.0,181.0
27797,2024,647,3,2.8784830570220947,90,2024-10-19,FW,Bayern Munich,VfB Stuttgart,59.0,Harry Kane,h,OpenPlay,Bundesliga,Bayern Munich,3451,0.0,3420.0,3.0,31.0,181.0
27797,2024,647,3,2.8784830570220947,90,2024-10-19,FW,Bayern Munich,VfB Stuttgart,79.0,Harry Kane,h,OpenPlay,Bundesliga,Bayern Munich,3451,0.0,3440.0,20.0,11.0,181.0
27812,2024,647,1,0.4363625049591064,71,2024-10-27,FW,Bochum,Bayern Munich,56.0,Harry Kane,a,OpenPlay,Bundesliga,Bayern Munich,3522,0.0,3507.0,67.0,15.0,11.0
27815,2024,647,2,1.38821542263031,90,2024-11-02,FW,Bayern Munich,Union Berlin,14.0,Harry Kane,h,Penalty,Bundesliga,Bayern Munich,3612,0.0,3536.0,29.0,76.0,15.0
27815,2024,647,2,1.38821542263031,90,2024-11-02,FW,Bayern Munich,Union Berlin,50.0,Harry Kane,h,OpenPlay,Bundesliga,Bayern Munich,3612,0.0,3572.0,36.0,40.0,15.0
27831,2024,647,0,1.0014748573303225,90,2024-11-09,FW,St. Pauli,Bayern Munich,,Harry Kane,a,NoGoal,Bundesliga,Bayern Munich,3702,0.0,3572.0,0.0,130.0,40.0
27834,2024,647,3,2.4590251445770264,90,2024-11-22,FW,Bayern Munich,Augsburg,62.0,Harry Kane,h,Penalty,Bundesliga,Bayern Munich,3792,0.0,3764.0,192.0,28.0,130.0
27834,2024,647,3,2.4590251445770264,90,2024-11-22,FW,Bayern Munich,Augsburg,92.0,Harry Kane,h,Penalty,Bundesliga,Bayern Munich,3792,0.0,3794.0,30.0,0.0,130.0
27834,2024,647,3,2.4590251445770264,90,2024-11-22,FW,Bayern Munich,Augsburg,94.0,Harry Kane,h,OpenPlay,Bundesliga,Bayern Munich,3792,0.0,3796.0,2.0,0.0,130.0
27842,2024,647,0,0.0,32,2024-11-30,FW,Borussia Dortmund,Bayern Munich,,Harry Kane,a,NoGoal,Bundesliga,Bayern Munich,3824,0.0,3796.0,0.0,28.0,0.0
27870,2024,647,0,0.5402575731277466,89,2024-12-20,FW,Bayern Munich,RasenBallsport Leipzig,,Harry Kane,h,NoGoal,Bundesliga,Bayern Munich,3913,0.0,3796.0,0.0,117.0,28.0
27884,2024,647,1,0.8022422194480896,90,2025-01-11,FW,Borussia M.Gladbach,Bayern Munich,67.0,Harry Kane,a,Penalty,Bundesliga,Bayern Munich,4003,0.0,3980.0,184.0,23.0,117.0
27888,2024,647,1,1.4318956136703491,65,2025-01-15,FW,Bayern Munich,Hoffenheim,25.0,Harry Kane,h,Penalty,Bundesliga,Bayern Munich,4068,0.0,4028.0,48.0,40.0,23.0
27897,2024,647,0,0.5304296016693115,90,2025-01-18,FW,Bayern Munich,Wolfsburg,,Harry Kane,h,NoGoal,Bundesliga,Bayern Munich,4158,0.0,4028.0,0.0,130.0,40.0
27912,2024,647,1,0.0604978390038013,90,2025-01-25,FW,Freiburg,Bayern Munich,14.0,Harry Kane,a,OpenPlay,Bundesliga,Bayern Munich,4248,0.0,4172.0,144.0,76.0,130.0
27918,2024,647,2,1.1491786241531372,61,2025-02-01,FW,Bayern Munich,Holstein Kiel,45.0,Harry Kane,h,OpenPlay,Bundesliga,Bayern Munich,4309,0.0,4293.0,121.0,16.0,76.0
27918,2024,647,2,1.1491786241531372,61,2025-02-01,FW,Bayern Munich,Holstein Kiel,47.0,Harry Kane,h,OpenPlay,Bundesliga,Bayern Munich,4309,0.0,4295.0,2.0,14.0,76.0
27922,2024,647,2,2.4143266677856445,90,2025-02-07,FW,Bayern Munich,Werder Bremen,55.0,Harry Kane,h,Penalty,Bundesliga,Bayern Munich,4399,0.0,4364.0,69.0,35.0,14.0
27922,2024,647,2,2.4143266677856445,90,2025-02-07,FW,Bayern Munich,Werder Bremen,96.0,Harry Kane,h,Penalty,Bundesliga,Bayern Munich,4399,0.0,4405.0,41.0,0.0,14.0
27931,2024,647,0,0.0399198494851589,90,2025-02-15,FW,Bayer Leverkusen,Bayern Munich,,Harry Kane,a,NoGoal,Bundesliga,Bayern Munich,4489,0.0,4405.0,0.0,84.0,0.0
27940,2024,647,0,0.0849834904074668,20,2025-02-23,Sub,Bayern Munich,Eintracht Frankfurt,,Harry Kane,h,NoGoal,Bundesliga,Bayern Munich,4509,70.0,4405.0,0.0,104.0,84.0
27949,2024,647,0,0.2486100494861602,90,2025-02-28,FW,VfB Stuttgart,Bayern Munich,,Harry Kane,a,NoGoal,Bundesliga,Bayern Munich,4599,0.0,4405.0,0.0,194.0,104.0
27959,2024,647,0,0.0956820100545883,25,2025-03-08,Sub,Bayern Munich,Bochum,,Harry Kane,h,NoGoal,Bundesliga,Bayern Munich,4624,65.0,4405.0,0.0,219.0,194.0
27973,2024,647,0,0.3896838724613189,90,2025-03-15,FW,Union Berlin,Bayern Munich,,Harry Kane,a,NoGoal,Bundesliga,Bayern Munich,4714,0.0,4405.0,0.0,309.0,219.0
27977,2024,647,1,0.7249714732170105,88,2025-03-29,FW,Bayern Munich,St. Pauli,16.0,Harry Kane,h,OpenPlay,Bundesliga,Bayern Munich,4802,0.0,4730.0,325.0,72.0,309.0
27989,2024,647,1,0.7731305360794067,90,2025-04-04,FW,Augsburg,Bayern Munich,59.0,Harry Kane,a,SetPiece,Bundesliga,Bayern Munich,4892,0.0,4861.0,131.0,31.0,72.0
27996,2024,647,0,0.8188067078590393,90,2025-04-12,FW,Bayern Munich,Borussia Dortmund,,Harry Kane,h,NoGoal,Bundesliga,Bayern Munich,4982,0.0,4861.0,0.0,121.0,31.0
28005,2024,647,1,1.2132233381271362,64,2025-04-19,FW,FC Heidenheim,Bayern Munich,11.0,Harry Kane,a,OpenPlay,Bundesliga,Bayern Munich,5046,0.0,4993.0,132.0,53.0,121.0
28014,2024,647,0,0.0911686643958091,90,2025-04-26,FW,Bayern Munich,Mainz 05,,Harry Kane,h,NoGoal,Bundesliga,Bayern Munich,5136,0.0,4993.0,0.0,143.0,53.0
28032,2024,647,1,0.7331494092941284,90,2025-05-10,FW,Bayern Munich,Borussia M.Gladbach,30.0,Harry Kane,h,OpenPlay,Bundesliga,Bayern Munich,5226,0.0,5166.0,173.0,60.0,143.0
28041,2024,647,1,0.868643045425415,28,2025-05-17,Sub,Hoffenheim,Bayern Munich,85.0,Harry Kane,a,OpenPlay,Bundesliga,Bayern Munich,5254,62.0,5249.0,83.0,5.0,60.0
30224,2025,647,3,1.2364026308059692,90,2025-08-22,FW,Bayern Munich,RasenBallsport Leipzig,63.0,Harry Kane,h,OpenPlay,Bundesliga,Bayern Munich,5344,0.0,5317.0,68.0,27.0,5.0
30224,2025,647,3,1.2364026308059692,90,2025-08-22,FW,Bayern Munich,RasenBallsport Leipzig,73.0,Harry Kane,h,OpenPlay,Bundesliga,Bayern Munich,5344,0.0,5327.0,10.0,17.0,5.0
30224,2025,647,3,1.2364026308059692,90,2025-08-22,FW,Bayern Munich,RasenBallsport Leipzig,77.0,Harry Kane,h,OpenPlay,Bundesliga,Bayern Munich,5344,0.0,5331.0,4.0,13.0,5.0
30238,2025,647,0,0.0,90,2025-08-30,FW,Augsburg,Bayern Munich,,Harry Kane,a,NoGoal,Bundesliga,Bayern Munich,5434,0.0,5331.0,0.0,103.0,13.0
30248,2025,647,2,1.1016048192977903,70,2025-09-13,FW,Bayern Munich,Hamburger SV,25.0,Harry Kane,h,Penalty,Bundesliga,Bayern Munich,5504,0.0,5459.0,128.0,45.0,103.0
30248,2025,647,2,1.1016048192977903,70,2025-09-13,FW,Bayern Munich,Hamburger SV,61.0,Harry Kane,h,OpenPlay,Bundesliga,Bayern Munich,5504,0.0,5495.0,36.0,9.0,103.0
30255,2025,647,3,1.715609431266785,90,2025-09-20,AMC,Hoffenheim,Bayern Munich,43.0,Harry Kane,a,FromCorner,Bundesliga,Bayern Munich,5594,0.0,5547.0,52.0,47.0,9.0
30255,2025,647,3,1.715609431266785,90,2025-09-20,AMC,Hoffenheim,Bayern Munich,47.0,Harry Kane,a,Penalty,Bundesliga,Bayern Munich,5594,0.0,5551.0,4.0,43.0,9.0
30255,2025,647,3,1.715609431266785,90,2025-09-20,AMC,Hoffenheim,Bayern Munich,76.0,Harry Kane,a,Penalty,Bundesliga,Bayern Munich,5594,0.0,5580.0,29.0,14.0,9.0
30260,2025,647,2,2.33370304107666,81,2025-09-26,FW,Bayern Munich,Werder Bremen,44.0,Harry Kane,h,Penalty,Bundesliga,Bayern Munich,5675,0.0,5638.0,58.0,37.0,14.0
30260,2025,647,2,2.33370304107666,81,2025-09-26,FW,Bayern Munich,Werder Bremen,64.0,Harry Kane,h,OpenPlay,Bundesliga,Bayern Munich,5675,0.0,5658.0,20.0,17.0,14.0
30272,2025,647,1,0.5035072565078735,88,2025-10-04,FW,Eintracht Frankfurt,Bayern Munich,26.0,Harry Kane,a,OpenPlay,Bundesliga,Bayern Munich,5763,0.0,5701.0,43.0,62.0,17.0
30278,2025,647,1,0.5201213359832764,90,2025-10-18,AMC,Bayern Munich,Borussia Dortmund,21.0,Harry Kane,h,FromCorner,Bundesliga,Bayern Munich,5853,0.0,5784.0,83.0,69.0,62.0
30289,2025,647,0,0.3493456542491913,90,2025-10-25,AMC,Borussia M.Gladbach,Bayern Munich,,Harry Kane,a,NoGoal,Bundesliga,Bayern Munich,5943,0.0,5784.0,0.0,159.0,69.0
30297,2025,647,0,0.1016484349966049,29,2025-11-01,Sub,Bayern Munich,Bayer Leverkusen,,Harry Kane,h,NoGoal,Bundesliga,Bayern Munich,5972,61.0,5784.0,0.0,188.0,159.0
30312,2025,647,1,0.5045903921127319,90,2025-11-08,FW,Union Berlin,Bayern Munich,92.0,Harry Kane,a,OpenPlay,Bundesliga,Bayern Munich,6062,0.0,6064.0,280.0,0.0,188.0
30315,2025,647,1,0.5310621857643127,86,2025-11-22,FW,Bayern Munich,Freiburg,59.0,Harry Kane,h,OpenPlay,Bundesliga,Bayern Munich,6148,0.0,6121.0,57.0,27.0,0.0
30324,2025,647,0,0.2873327136039734,90,2025-11-29,FW,Bayern Munich,St. Pauli,,Harry Kane,h,NoGoal,Bundesliga,Bayern Munich,6238,0.0,6121.0,0.0,117.0,27.0
30332,2025,647,3,1.762033462524414,22,2025-12-06,Sub,VfB Stuttgart,Bayern Munich,65.0,Harry Kane,a,OpenPlay,Bundesliga,Bayern Munich,6260,68.0,6235.0,114.0,25.0,117.0
30332,2025,647,3,1.762033462524414,22,2025-12-06,Sub,VfB Stuttgart,Bayern Munich,81.0,Harry Kane,a,Penalty,Bundesliga,Bayern Munich,6260,68.0,6251.0,16.0,9.0,117.0
30332,2025,647,3,1.762033462524414,22,2025-12-06,Sub,VfB Stuttgart,Bayern Munich,87.0,Harry Kane,a,OpenPlay,Bundesliga,Bayern Munich,6260,68.0,6257.0,6.0,3.0,117.0
30342,2025,647,1,2.3460772037506104,90,2025-12-14,FW,Bayern Munich,Mainz 05,86.0,Harry Kane,h,Penalty,Bundesliga,Bayern Munich,6350,0.0,6346.0,89.0,4.0,3.0
30354,2025,647,1,0.894435703754425,90,2025-12-21,FW,FC Heidenheim,Bayern Munich,91.0,Harry Kane,a,OpenPlay,Bundesliga,Bayern Munich,6440,0.0,6441.0,95.0,0.0,4.0
30360,2025,647,1,0.8170093894004822,80,2026-01-11,FW,Bayern Munich,Wolfsburg,68.0,Harry Kane,h,OpenPlay,Bundesliga,Bayern Munich,6520,0.0,6508.0,67.0,12.0,0.0
30370,2025,647,0,0.3314341604709625,90,2026-01-14,FW,FC Cologne,Bayern Munich,,Harry Kane,a,NoGoal,Bundesliga,Bayern Munich,6610,0.0,6508.0,0.0,102.0,12.0
30382,2025,647,1,1.3191592693328855,90,2026-01-17,FW,RasenBallsport Leipzig,Bayern Munich,66.0,Harry Kane,a,OpenPlay,Bundesliga,Bayern Munich,6700,0.0,6676.0,168.0,24.0,102.0
30387,2025,647,0,0.6297779679298401,90,2026-01-24,FW,Bayern Munich,Augsburg,,Harry Kane,h,NoGoal,Bundesliga,Bayern Munich,6790,0.0,6676.0,0.0,114.0,24.0
30399,2025,647,1,0.6800165176391602,90,2026-01-31,FW,Hamburger SV,Bayern Munich,41.0,Harry Kane,a,OpenPlay,Bundesliga,Bayern Munich,6880,0.0,6831.0,155.0,49.0,114.0
30404,2025,647,2,3.3231937885284424,72,2026-02-08,FW,Bayern Munich,Hoffenheim,19.0,Harry Kane,h,Penalty,Bundesliga,Bayern Munich,6952,0.0,6899.0,68.0,53.0,49.0
30404,2025,647,2,3.3231937885284424,72,2026-02-08,FW,Bayern Munich,Hoffenheim,44.0,Harry Kane,h,Penalty,Bundesliga,Bayern Munich,6952,0.0,6924.0,25.0,28.0,49.0
30421,2025,647,2,0.8541961312294006,90,2026-02-14,FW,Werder Bremen,Bayern Munich,21.0,Harry Kane,a,Penalty,Bundesliga,Bayern Munich,7042,0.0,6973.0,49.0,69.0,28.0
30421,2025,647,2,0.8541961312294006,90,2026-02-14,FW,Werder Bremen,Bayern Munich,24.0,Harry Kane,a,OpenPlay,Bundesliga,Bayern Munich,7042,0.0,6976.0,3.0,66.0,28.0
30422,2025,647,2,1.0474034547805786,90,2026-02-21,FW,Bayern Munich,Eintracht Frankfurt,19.0,Harry Kane,h,FromCorner,Bundesliga,Bayern Munich,7132,0.0,7061.0,85.0,71.0,66.0
30422,2025,647,2,1.0474034547805786,90,2026-02-21,FW,Bayern Munich,Eintracht Frankfurt,67.0,Harry Kane,h,OpenPlay,Bundesliga,Bayern Munich,7132,0.0,7109.0,48.0,23.0,66.0
30434,2025,647,2,1.3378885984420776,90,2026-02-28,FW,Borussia Dortmund,Bayern Munich,53.0,Harry Kane,a,OpenPlay,Bundesliga,Bayern Munich,7222,0.0,7185.0,76.0,37.0,23.0
30434,2025,647,2,1.3378885984420776,90,2026-02-28,FW,Borussia Dortmund,Bayern Munich,69.0,Harry Kane,a,Penalty,Bundesliga,Bayern Munich,7222,0.0,7201.0,16.0,21.0,23.0
30449,2025,647,0,0.0093766627833247,25,2026-03-14,Sub,Bayer Leverkusen,Bayern Munich,,Harry Kane,a,NoGoal,Bundesliga,Bayern Munich,7247,65.0,7201.0,0.0,46.0,21.0
30459,2025,647,1,2.168548822402954,90,2026-03-21,FW,Bayern Munich,Union Berlin,48.0,Harry Kane,h,OpenPlay,Bundesliga,Bayern Munich,7337,0.0,7295.0,94.0,42.0,46.0
30486,2025,647,1,0.6345269680023193,41,2026-04-19,Sub,Bayern Munich,VfB Stuttgart,51.0,Harry Kane,h,FromCorner,Bundesliga,Bayern Munich,7378,49.0,7339.0,44.0,39.0,42.0
30499,2025,647,1,0.4798209071159363,40,2026-04-25,Sub,Mainz 05,Bayern Munich,82.0,Harry Kane,a,OpenPlay,Bundesliga,Bayern Munich,7418,50.0,7410.0,71.0,8.0,39.0
30504,2025,647,0,0.0,41,2026-05-02,Sub,Bayern Munich,FC Heidenheim,,Harry Kane,h,NoGoal,Bundesliga,Bayern Munich,7459,49.0,7410.0,0.0,49.0,8.0
30520,2025,647,0,0.9555792808532716,90,2026-05-09,FW,Wolfsburg,Bayern Munich,,Harry Kane,a,NoGoal,Bundesliga,Bayern Munich,7549,0.0,7410.0,0.0,139.0,49.0
30522,2025,647,3,0.804579496383667,90,2026-05-16,FW,Bayern Munich,FC Cologne,9.0,Harry Kane,h,OpenPlay,Bundesliga,Bayern Munich,7639,0.0,7558.0,148.0,81.0,139.0
30522,2025,647,3,0.804579496383667,90,2026-05-16,FW,Bayern Munich,FC Cologne,12.0,Harry Kane,h,DirectFreekick,Bundesliga,Bayern Munich,7639,0.0,7561.0,3.0,78.0,139.0
30522,2025,647,3,0.804579496383667,90,2026-05-16,FW,Bayern Munich,FC Cologne,68.0,Harry Kane,h,OpenPlay,Bundesliga,Bayern Munich,7639,0.0,7617.0,56.0,22.0,139.0
23068,2023,956,0,0.0968369096517562,90,2023-08-19,FW,Hoffenheim,Freiburg,,Andrej Kramaric,h,NoGoal,Bundesliga,Hoffenheim,90,0.0,,,,
23078,2023,956,1,0.8882655501365662,90,2023-08-26,FWL,FC Heidenheim,Hoffenheim,89.0,Andrej Kramaric,a,Penalty,Bundesliga,Hoffenheim,180,0.0,179.0,,1.0,
23085,2023,956,0,0.1604565382003784,90,2023-09-02,MC,Hoffenheim,Wolfsburg,,Andrej Kramaric,h,NoGoal,Bundesliga,Hoffenheim,270,0.0,179.0,0.0,91.0,1.0
23097,2023,956,1,0.5458848476409912,90,2023-09-16,MC,FC Cologne,Hoffenheim,0.0,Andrej Kramaric,a,OpenPlay,Bundesliga,Hoffenheim,360,0.0,270.0,91.0,90.0,91.0
23106,2023,956,1,0.75777667760849,79,2023-09-23,MC,Union Berlin,Hoffenheim,21.0,Andrej Kramaric,a,Penalty,Bundesliga,Hoffenheim,439,0.0,381.0,111.0,58.0,90.0
23110,2023,956,1,0.8232215046882629,90,2023-09-29,FW,Hoffenheim,Borussia Dortmund,24.0,Andrej Kramaric,h,Penalty,Bundesliga,Hoffenheim,529,0.0,463.0,82.0,66.0,58.0
23152,2023,956,0,0.0348835028707981,10,2023-11-04,Sub,Hoffenheim,Bayer Leverkusen,,Andrej Kramaric,h,NoGoal,Bundesliga,Hoffenheim,539,80.0,463.0,0.0,76.0,66.0
23161,2023,956,0,0.0,18,2023-11-11,Sub,Augsburg,Hoffenheim,,Andrej Kramaric,a,NoGoal,Bundesliga,Hoffenheim,557,72.0,463.0,0.0,94.0,76.0
23170,2023,956,0,0.0,90,2023-11-26,MC,Hoffenheim,Mainz 05,,Andrej Kramaric,h,NoGoal,Bundesliga,Hoffenheim,647,0.0,463.0,0.0,184.0,94.0
23177,2023,956,0,0.083053208887577,30,2023-12-02,Sub,Borussia M.Gladbach,Hoffenheim,,Andrej Kramaric,a,NoGoal,Bundesliga,Hoffenheim,677,60.0,463.0,0.0,214.0,184.0
23187,2023,956,1,0.458161324262619,90,2023-12-08,AMC,Hoffenheim,Bochum,42.0,Andrej Kramaric,h,OpenPlay,Bundesliga,Hoffenheim,767,0.0,719.0,256.0,48.0,214.0
23192,2023,956,0,0.2615934014320373,90,2023-12-16,AMC,RasenBallsport Leipzig,Hoffenheim,,Andrej Kramaric,a,NoGoal,Bundesliga,Hoffenheim,857,0.0,719.0,0.0,138.0,48.0
23205,2023,956,1,0.8762139678001404,75,2023-12-19,FW,Hoffenheim,Darmstadt,13.0,Andrej Kramaric,h,Penalty,Bundesliga,Hoffenheim,932,0.0,870.0,151.0,62.0,138.0
23209,2023,956,0,0.4580672979354858,80,2024-01-12,MC,Bayern Munich,Hoffenheim,,Andrej Kramaric,a,NoGoal,Bundesliga,Hoffenheim,1012,0.0,870.0,0.0,142.0,62.0
23220,2023,956,0,0.5386468768119812,90,2024-01-20,MC,Freiburg,Hoffenheim,,Andrej Kramaric,a,NoGoal,Bundesliga,Hoffenheim,1102,0.0,870.0,0.0,232.0,142.0
23232,2023,956,1,0.9538265466690063,90,2024-01-27,AMC,Hoffenheim,FC Heidenheim,51.0,Andrej Kramaric,h,Penalty,Bundesliga,Hoffenheim,1192,0.0,1153.0,283.0,39.0,232.0
23239,2023,956,0,0.3898799121379852,90,2024-02-04,AMC,Wolfsburg,Hoffenheim,,Andrej Kramaric,a,NoGoal,Bundesliga,Hoffenheim,1282,0.0,1153.0,0.0,129.0,39.0
23247,2023,956,1,0.0778193995356559,20,2024-02-11,Sub,Hoffenheim,FC Cologne,93.0,Andrej Kramaric,h,OpenPlay,Bundesliga,Hoffenheim,1302,73.0,1302.0,149.0,0.0,129.0
23259,2023,956,0,0.1790136396884918,90,2024-02-17,AMC,Hoffenheim,Union Berlin,,Andrej Kramaric,h,NoGoal,Bundesliga,Hoffenheim,1392,0.0,1302.0,0.0,90.0,0.0
23270,2023,956,0,0.0,69,2024-02-25,AMC,Borussia Dortmund,Hoffenheim,,Andrej Kramaric,a,NoGoal,Bundesliga,Hoffenheim,1461,0.0,1302.0,0.0,159.0,90.0
23284,2023,956,0,0.0,75,2024-03-10,AMC,Eintracht Frankfurt,Hoffenheim,,Andrej Kramaric,a,NoGoal,Bundesliga,Hoffenheim,1536,0.0,1302.0,0.0,234.0,159.0
23296,2023,956,0,0.0,20,2024-03-16,Sub,Hoffenheim,VfB Stuttgart,,Andrej Kramaric,h,NoGoal,Bundesliga,Hoffenheim,1556,70.0,1302.0,0.0,254.0,234.0
23301,2023,956,0,0.0465006120502948,61,2024-03-30,MC,Bayer Leverkusen,Hoffenheim,,Andrej Kramaric,a,NoGoal,Bundesliga,Hoffenheim,1617,0.0,1302.0,0.0,315.0,254.0
23314,2023,956,1,0.040139190852642,78,2024-04-07,AMC,Hoffenheim,Augsburg,19.0,Andrej Kramaric,h,OpenPlay,Bundesliga,Hoffenheim,1695,0.0,1636.0,334.0,59.0,315.0
23320,2023,956,0,0.0337945371866226,90,2024-04-13,MC,Mainz 05,Hoffenheim,,Andrej Kramaric,a,NoGoal,Bundesliga,Hoffenheim,1785,0.0,1636.0,0.0,149.0,59.0
23332,2023,956,0,0.391300618648529,86,2024-04-20,MC,Hoffenheim,Borussia M.Gladbach,,Andrej Kramaric,h,NoGoal,Bundesliga,Hoffenheim,1871,0.0,1636.0,0.0,235.0,149.0
23341,2023,956,2,0.9267420172691344,90,2024-04-26,MC,Bochum,Hoffenheim,72.0,Andrej Kramaric,a,OpenPlay,Bundesliga,Hoffenheim,1961,0.0,1943.0,307.0,18.0,235.0
23341,2023,956,2,0.9267420172691344,90,2024-04-26,MC,Bochum,Hoffenheim,83.0,Andrej Kramaric,a,OpenPlay,Bundesliga,Hoffenheim,1961,0.0,1954.0,11.0,7.0,235.0
23349,2023,956,1,0.8670207858085632,90,2024-05-03,MC,Hoffenheim,RasenBallsport Leipzig,89.0,Andrej Kramaric,h,OpenPlay,Bundesliga,Hoffenheim,2051,0.0,2050.0,96.0,1.0,7.0
23361,2023,956,0,0.6467381715774536,90,2024-05-12,AMC,Darmstadt,Hoffenheim,,Andrej Kramaric,a,NoGoal,Bundesliga,Hoffenheim,2141,0.0,2050.0,0.0,91.0,1.0
23367,2023,956,3,1.5410438776016235,90,2024-05-18,AMC,Hoffenheim,Bayern Munich,67.0,Andrej Kramaric,h,OpenPlay,Bundesliga,Hoffenheim,2231,0.0,2208.0,158.0,23.0,91.0
23367,2023,956,3,1.5410438776016235,90,2024-05-18,AMC,Hoffenheim,Bayern Munich,84.0,Andrej Kramaric,h,OpenPlay,Bundesliga,Hoffenheim,2231,0.0,2225.0,17.0,6.0,91.0
23367,2023,956,3,1.5410438776016235,90,2024-05-18,AMC,Hoffenheim,Bayern Munich,86.0,Andrej Kramaric,h,OpenPlay,Bundesliga,Hoffenheim,2231,0.0,2227.0,2.0,4.0,91.0
27744,2024,956,3,1.6995930671691897,90,2024-08-24,AMC,Hoffenheim,Holstein Kiel,5.0,Andrej Kramaric,h,Penalty,Bundesliga,Hoffenheim,2321,0.0,2236.0,9.0,85.0,4.0
27744,2024,956,3,1.6995930671691897,90,2024-08-24,AMC,Hoffenheim,Holstein Kiel,36.0,Andrej Kramaric,h,OpenPlay,Bundesliga,Hoffenheim,2321,0.0,2267.0,31.0,54.0,4.0
27744,2024,956,3,1.6995930671691897,90,2024-08-24,AMC,Hoffenheim,Holstein Kiel,86.0,Andrej Kramaric,h,OpenPlay,Bundesliga,Hoffenheim,2321,0.0,2317.0,50.0,4.0,4.0
27756,2024,956,1,0.6197710037231445,90,2024-08-31,AMC,Eintracht Frankfurt,Hoffenheim,53.0,Andrej Kramaric,a,OpenPlay,Bundesliga,Hoffenheim,2411,0.0,2374.0,57.0,37.0,4.0
27761,2024,956,0,0.1810434758663177,90,2024-09-14,AMC,Hoffenheim,Bayer Leverkusen,,Andrej Kramaric,h,NoGoal,Bundesliga,Hoffenheim,2501,0.0,2374.0,0.0,127.0,37.0
27770,2024,956,0,0.0,90,2024-09-21,MC,Union Berlin,Hoffenheim,,Andrej Kramaric,a,NoGoal,Bundesliga,Hoffenheim,2591,0.0,2374.0,0.0,217.0,127.0
27795,2024,956,0,0.0,77,2024-10-06,AMC,VfB Stuttgart,Hoffenheim,,Andrej Kramaric,a,NoGoal,Bundesliga,Hoffenheim,2668,0.0,2374.0,0.0,294.0,217.0
27799,2024,956,1,1.5362437963485718,90,2024-10-19,AMC,Hoffenheim,Bochum,10.0,Andrej Kramaric,h,OpenPlay,Bundesliga,Hoffenheim,2758,0.0,2678.0,304.0,80.0,294.0
27807,2024,956,0,0.1197303757071495,90,2024-10-27,AMC,FC Heidenheim,Hoffenheim,,Andrej Kramaric,a,NoGoal,Bundesliga,Hoffenheim,2848,0.0,2678.0,0.0,170.0,80.0
27818,2024,956,0,0.1015092656016349,90,2024-11-02,AMC,Hoffenheim,St. Pauli,,Andrej Kramaric,h,NoGoal,Bundesliga,Hoffenheim,2938,0.0,2678.0,0.0,260.0,170.0
27827,2024,956,0,0.0734982565045356,90,2024-11-10,FW,Augsburg,Hoffenheim,,Andrej Kramaric,a,NoGoal,Bundesliga,Hoffenheim,3028,0.0,2678.0,0.0,350.0,260.0
27837,2024,956,0,0.0,82,2024-11-23,AMC,Hoffenheim,RasenBallsport Leipzig,,Andrej Kramaric,h,NoGoal,Bundesliga,Hoffenheim,3110,0.0,2678.0,0.0,432.0,350.0
27847,2024,956,0,0.0,69,2024-12-01,AMC,Mainz 05,Hoffenheim,,Andrej Kramaric,a,NoGoal,Bundesliga,Hoffenheim,3179,0.0,2678.0,0.0,501.0,432.0
27852,2024,956,0,0.2057161182165146,73,2024-12-08,AML,Hoffenheim,Freiburg,,Andrej Kramaric,h,NoGoal,Bundesliga,Hoffenheim,3252,0.0,2678.0,0.0,574.0,501.0
27860,2024,956,0,0.134622722864151,80,2024-12-15,ML,Borussia Dortmund,Hoffenheim,,Andrej Kramaric,a,NoGoal,Bundesliga,Hoffenheim,3332,0.0,2678.0,0.0,654.0,574.0
27872,2024,956,1,1.2989740371704102,90,2024-12-21,ML,Hoffenheim,Borussia M.Gladbach,57.0,Andrej Kramaric,h,Penalty,Bundesliga,Hoffenheim,3422,0.0,3389.0,711.0,33.0,654.0
27879,2024,956,0,0.0099993711337447,90,2025-01-11,AML,Hoffenheim,Wolfsburg,,Andrej Kramaric,h,NoGoal,Bundesliga,Hoffenheim,3512,0.0,3389.0,0.0,123.0,33.0
27888,2024,956,0,0.0585879348218441,90,2025-01-15,AML,Bayern Munich,Hoffenheim,,Andrej Kramaric,a,NoGoal,Bundesliga,Hoffenheim,3602,0.0,3389.0,0.0,213.0,123.0
27903,2024,956,1,0.1599559038877487,90,2025-01-18,AMC,Holstein Kiel,Hoffenheim,45.0,Andrej Kramaric,a,OpenPlay,Bundesliga,Hoffenheim,3692,0.0,3647.0,258.0,45.0,213.0
27906,2024,956,0,0.586500883102417,90,2025-01-26,AMC,Hoffenheim,Eintracht Frankfurt,,Andrej Kramaric,h,NoGoal,Bundesliga,Hoffenheim,3782,0.0,3647.0,0.0,135.0,45.0
27925,2024,956,0,0.3926452696323395,90,2025-02-08,AMC,Hoffenheim,Union Berlin,,Andrej Kramaric,h,NoGoal,Bundesliga,Hoffenheim,3872,0.0,3647.0,0.0,225.0,135.0
27935,2024,956,0,0.5391717553138733,90,2025-02-16,AMC,Werder Bremen,Hoffenheim,,Andrej Kramaric,a,NoGoal,Bundesliga,Hoffenheim,3962,0.0,3647.0,0.0,315.0,225.0
27943,2024,956,0,0.0482125468552112,90,2025-02-23,FW,Hoffenheim,VfB Stuttgart,,Andrej Kramaric,h,NoGoal,Bundesliga,Hoffenheim,4052,0.0,3647.0,0.0,405.0,315.0
27957,2024,956,0,0.1827815771102905,88,2025-03-01,AMC,Bochum,Hoffenheim,,Andrej Kramaric,a,NoGoal,Bundesliga,Hoffenheim,4140,0.0,3647.0,0.0,493.0,405.0
27962,2024,956,0,0.7010997533798218,90,2025-03-09,MC,Hoffenheim,FC Heidenheim,,Andrej Kramaric,h,NoGoal,Bundesliga,Hoffenheim,4230,0.0,3647.0,0.0,583.0,493.0
27975,2024,956,0,0.0,90,2025-03-14,AMC,St. Pauli,Hoffenheim,,Andrej Kramaric,a,NoGoal,Bundesliga,Hoffenheim,4320,0.0,3647.0,0.0,673.0,583.0
27983,2024,956,1,0.8026265501976013,90,2025-03-29,AMC,Hoffenheim,Augsburg,70.0,Andrej Kramaric,h,Penalty,Bundesliga,Hoffenheim,4410,0.0,4390.0,743.0,20.0,673.0
27985,2024,956,0,0.1102239862084388,90,2025-04-05,AMC,RasenBallsport Leipzig,Hoffenheim,,Andrej Kramaric,a,NoGoal,Bundesliga,Hoffenheim,4500,0.0,4390.0,0.0,110.0,20.0
27998,2024,956,2,1.1149390935897827,88,2025-04-12,AMC,Hoffenheim,Mainz 05,3.0,Andrej Kramaric,h,OpenPlay,Bundesliga,Hoffenheim,4588,0.0,4503.0,113.0,85.0,110.0
27998,2024,956,2,1.1149390935897827,88,2025-04-12,AMC,Hoffenheim,Mainz 05,31.0,Andrej Kramaric,h,OpenPlay,Bundesliga,Hoffenheim,4588,0.0,4531.0,28.0,57.0,110.0
28007,2024,956,1,1.2528928518295288,90,2025-04-19,AMC,Freiburg,Hoffenheim,49.0,Andrej Kramaric,a,SetPiece,Bundesliga,Hoffenheim,4678,0.0,4637.0,106.0,41.0,57.0
28016,2024,956,0,0.0977925583720207,90,2025-04-26,AMC,Hoffenheim,Borussia Dortmund,,Andrej Kramaric,h,NoGoal,Bundesliga,Hoffenheim,4768,0.0,4637.0,0.0,131.0,41.0
28027,2024,956,0,0.3090789020061493,90,2025-05-03,AMC,Borussia M.Gladbach,Hoffenheim,,Andrej Kramaric,a,NoGoal,Bundesliga,Hoffenheim,4858,0.0,4637.0,0.0,221.0,131.0
28035,2024,956,0,0.0244793631136417,90,2025-05-09,MC,Wolfsburg,Hoffenheim,,Andrej Kramaric,a,NoGoal,Bundesliga,Hoffenheim,4948,0.0,4637.0,0.0,311.0,221.0
28041,2024,956,0,0.4381652474403381,83,2025-05-17,AMC,Hoffenheim,Bayern Munich,,Andrej Kramaric,h,NoGoal,Bundesliga,Hoffenheim,5031,0.0,4637.0,0.0,394.0,311.0
30226,2025,956,0,0.0341618731617927,90,2025-08-23,MR,Bayer Leverkusen,Hoffenheim,,Andrej Kramaric,a,NoGoal,Bundesliga,Hoffenheim,5121,0.0,4637.0,0.0,484.0,394.0
30234,2025,956,0,0.0347215794026851,62,2025-08-30,MC,Hoffenheim,Eintracht Frankfurt,,Andrej Kramaric,h,NoGoal,Bundesliga,Hoffenheim,5183,0.0,4637.0,0.0,546.0,484.0
30247,2025,956,1,0.75777667760849,69,2025-09-13,MC,Union Berlin,Hoffenheim,45.0,Andrej Kramaric,a,Penalty,Bundesliga,Hoffenheim,5252,0.0,5228.0,591.0,24.0,546.0
30255,2025,956,0,0.0,19,2025-09-20,Sub,Hoffenheim,Bayern Munich,,Andrej Kramaric,h,NoGoal,Bundesliga,Hoffenheim,5271,71.0,5228.0,0.0,43.0,24.0
30266,2025,956,0,0.1885118037462234,80,2025-09-28,AMC,Freiburg,Hoffenheim,,Andrej Kramaric,a,NoGoal,Bundesliga,Hoffenheim,5351,0.0,5228.0,0.0,123.0,43.0
30274,2025,956,0,0.1073888093233108,14,2025-10-03,Sub,Hoffenheim,FC Cologne,,Andrej Kramaric,h,NoGoal,Bundesliga,Hoffenheim,5365,76.0,5228.0,0.0,137.0,123.0
30284,2025,956,1,0.3326310515403747,79,2025-10-19,MR,St. Pauli,Hoffenheim,58.0,Andrej Kramaric,a,OpenPlay,Bundesliga,Hoffenheim,5444,0.0,5423.0,195.0,21.0,137.0
30293,2025,956,1,0.5230453610420227,85,2025-10-25,AMC,Hoffenheim,FC Heidenheim,62.0,Andrej Kramaric,h,OpenPlay,Bundesliga,Hoffenheim,5529,0.0,5506.0,83.0,23.0,21.0
30304,2025,956,0,0.0374337024986743,43,2025-11-02,Sub,Wolfsburg,Hoffenheim,,Andrej Kramaric,a,NoGoal,Bundesliga,Hoffenheim,5572,47.0,5506.0,0.0,66.0,23.0
30310,2025,956,0,0.0309869982302188,70,2025-11-08,AMC,Hoffenheim,RasenBallsport Leipzig,,Andrej Kramaric,h,NoGoal,Bundesliga,Hoffenheim,5642,0.0,5506.0,0.0,136.0,66.0
30319,2025,956,0,0.0479515381157398,62,2025-11-21,AMC,Mainz 05,Hoffenheim,,Andrej Kramaric,a,NoGoal,Bundesliga,Hoffenheim,5704,0.0,5506.0,0.0,198.0,136.0
30329,2025,956,0,0.0210965573787689,29,2025-11-29,Sub,Hoffenheim,Augsburg,,Andrej Kramaric,h,NoGoal,Bundesliga,Hoffenheim,5733,61.0,5506.0,0.0,227.0,198.0
30335,2025,956,0,0.2917386591434479,25,2025-12-07,Sub,Borussia Dortmund,Hoffenheim,,Andrej Kramaric,a,NoGoal,Bundesliga,Hoffenheim,5758,65.0,5506.0,0.0,252.0,227.0
30346,2025,956,0,0.0,69,2025-12-13,FW,Hoffenheim,Hamburger SV,,Andrej Kramaric,h,NoGoal,Bundesliga,Hoffenheim,5827,0.0,5506.0,0.0,321.0,252.0
30357,2025,956,0,0.0,24,2025-12-20,Sub,VfB Stuttgart,Hoffenheim,,Andrej Kramaric,a,NoGoal,Bundesliga,Hoffenheim,5851,66.0,5506.0,0.0,345.0,321.0
30372,2025,956,3,2.6522583961486816,90,2026-01-14,AMC,Hoffenheim,Borussia M.Gladbach,21.0,Andrej Kramaric,h,Penalty,Bundesliga,Hoffenheim,5941,0.0,5872.0,366.0,69.0,345.0
30372,2025,956,3,2.6522583961486816,90,2026-01-14,AMC,Hoffenheim,Borussia M.Gladbach,45.0,Andrej Kramaric,h,OpenPlay,Bundesliga,Hoffenheim,5941,0.0,5896.0,24.0,45.0,345.0
30372,2025,956,3,2.6522583961486816,90,2026-01-14,AMC,Hoffenheim,Borussia M.Gladbach,48.0,Andrej Kramaric,h,OpenPlay,Bundesliga,Hoffenheim,5941,0.0,5899.0,3.0,42.0,345.0
30381,2025,956,0,0.1521477103233337,81,2026-01-17,AMR,Hoffenheim,Bayer Leverkusen,,Andrej Kramaric,h,NoGoal,Bundesliga,Hoffenheim,6022,0.0,5899.0,0.0,123.0,42.0
30389,2025,956,0,0.0653926059603691,71,2026-01-24,AMC,Eintracht Frankfurt,Hoffenheim,,Andrej Kramaric,a,NoGoal,Bundesliga,Hoffenheim,6093,0.0,5899.0,0.0,194.0,123.0
30367,2025,956,0,0.051820907741785,61,2026-01-27,MC,Werder Bremen,Hoffenheim,,Andrej Kramaric,a,NoGoal,Bundesliga,Hoffenheim,6154,0.0,5899.0,0.0,255.0,194.0
30400,2025,956,2,1.2348110675811768,86,2026-01-31,MC,Hoffenheim,Union Berlin,41.0,Andrej Kramaric,h,Penalty,Bundesliga,Hoffenheim,6240,0.0,6195.0,296.0,45.0,255.0
30400,2025,956,2,1.2348110675811768,86,2026-01-31,MC,Hoffenheim,Union Berlin,44.0,Andrej Kramaric,h,OpenPlay,Bundesliga,Hoffenheim,6240,0.0,6198.0,3.0,42.0,255.0
30404,2025,956,1,0.9494912624359132,75,2026-02-08,AMC,Bayern Munich,Hoffenheim,34.0,Andrej Kramaric,a,OpenPlay,Bundesliga,Hoffenheim,6315,0.0,6274.0,76.0,41.0,42.0
30418,2025,956,0,0.2665676176548004,90,2026-02-14,FWR,Hoffenheim,Freiburg,,Andrej Kramaric,h,NoGoal,Bundesliga,Hoffenheim,6405,0.0,6274.0,0.0,131.0,41.0
30423,2025,956,1,0.6075965762138367,90,2026-02-21,FW,FC Cologne,Hoffenheim,59.0,Andrej Kramaric,a,OpenPlay,Bundesliga,Hoffenheim,6495,0.0,6464.0,190.0,31.0,131.0
30437,2025,956,0,0.4057308137416839,78,2026-02-28,FW,Hoffenheim,St. Pauli,,Andrej Kramaric,h,NoGoal,Bundesliga,Hoffenheim,6573,0.0,6464.0,0.0,109.0,31.0
30443,2025,956,0,0.0497722253203392,82,2026-03-07,AMC,FC Heidenheim,Hoffenheim,,Andrej Kramaric,a,NoGoal,Bundesliga,Hoffenheim,6655,0.0,6464.0,0.0,191.0,109.0
30455,2025,956,0,0.6230586171150208,90,2026-03-14,MC,Hoffenheim,Wolfsburg,,Andrej Kramaric,h,NoGoal,Bundesliga,Hoffenheim,6745,0.0,6464.0,0.0,281.0,191.0
30464,2025,956,0,0.0,36,2026-03-20,Sub,RasenBallsport Leipzig,Hoffenheim,,Andrej Kramaric,a,NoGoal,Bundesliga,Hoffenheim,6781,54.0,6464.0,0.0,317.0,281.0
30472,2025,956,0,0.0,26,2026-04-04,Sub,Hoffenheim,Mainz 05,,Andrej Kramaric,h,NoGoal,Bundesliga,Hoffenheim,6807,64.0,6464.0,0.0,343.0,317.0
30476,2025,956,0,0.1923553198575973,75,2026-04-10,AMC,Augsburg,Hoffenheim,,Andrej Kramaric,a,NoGoal,Bundesliga,Hoffenheim,6882,0.0,6464.0,0.0,418.0,343.0
30490,2025,956,2,1.8623392581939695,90,2026-04-18,AMR,Hoffenheim,Borussia Dortmund,41.0,Andrej Kramaric,h,Penalty,Bundesliga,Hoffenheim,6972,0.0,6923.0,459.0,49.0,418.0
30490,2025,956,2,1.8623392581939695,90,2026-04-18,AMR,Hoffenheim,Borussia Dortmund,97.0,Andrej Kramaric,h,Penalty,Bundesliga,Hoffenheim,6972,0.0,6979.0,56.0,0.0,418.0
30497,2025,956,0,0.0,79,2026-04-25,AMC,Hamburger SV,Hoffenheim,,Andrej Kramaric,a,NoGoal,Bundesliga,Hoffenheim,7051,0.0,6979.0,0.0,72.0,0.0
30508,2025,956,2,0.8792552947998047,90,2026-05-02,AMR,Hoffenheim,VfB Stuttgart,7.0,Andrej Kramaric,h,OpenPlay,Bundesliga,Hoffenheim,7141,0.0,7058.0,79.0,83.0,72.0
30508,2025,956,2,0.8792552947998047,90,2026-05-02,AMR,Hoffenheim,VfB Stuttgart,48.0,Andrej Kramaric,h,OpenPlay,Bundesliga,Hoffenheim,7141,0.0,7099.0,41.0,42.0,72.0
30516,2025,956,0,0.1226158291101455,90,2026-05-09,AMR,Hoffenheim,Werder Bremen,,Andrej Kramaric,h,NoGoal,Bundesliga,Hoffenheim,7231,0.0,7099.0,0.0,132.0,42.0
30523,2025,956,0,0.555587112903595,56,2026-05-16,AMR,Borussia M.Gladbach,Hoffenheim,,Andrej Kramaric,a,NoGoal,Bundesliga,Hoffenheim,7287,0.0,7099.0,0.0,188.0,132.0
22690,2023,1235,0,0.2776575088500976,82,2023-08-13,FW,Celta Vigo,Osasuna,,Ante Budimir,a,NoGoal,La_Liga,Osasuna,82,0.0,,,,
22699,2023,1235,0,0.0639568716287612,90,2023-08-19,FW,Osasuna,Athletic Club,,Ante Budimir,h,NoGoal,La_Liga,Osasuna,172,0.0,,,,
22711,2023,1235,0,0.0,12,2023-08-27,Sub,Valencia,Osasuna,,Ante Budimir,a,NoGoal,La_Liga,Osasuna,184,78.0,,,,
22722,2023,1235,0,0.0,26,2023-09-03,Sub,Osasuna,Barcelona,,Ante Budimir,h,NoGoal,La_Liga,Osasuna,210,64.0,,,,
22728,2023,1235,1,0.7575439810752869,81,2023-09-17,FW,Getafe,Osasuna,56.0,Ante Budimir,a,Penalty,La_Liga,Osasuna,291,0.0,266.0,,25.0,
22740,2023,1235,0,0.0746741965413093,87,2023-09-23,FW,Osasuna,Sevilla,,Ante Budimir,h,NoGoal,La_Liga,Osasuna,378,0.0,266.0,0.0,112.0,25.0
22748,2023,1235,0,0.1204719170928001,82,2023-09-28,FW,Osasuna,Atletico Madrid,,Ante Budimir,h,NoGoal,La_Liga,Osasuna,460,0.0,266.0,0.0,194.0,112.0
22761,2023,1235,1,0.6831802725791931,17,2023-10-01,Sub,Alaves,Osasuna,89.0,Ante Budimir,a,OpenPlay,La_Liga,Osasuna,477,73.0,476.0,210.0,1.0,194.0
22772,2023,1235,0,0.0908715426921844,71,2023-10-07,FW,Real Madrid,Osasuna,,Ante Budimir,a,NoGoal,La_Liga,Osasuna,548,0.0,476.0,0.0,72.0,1.0
22783,2023,1235,2,1.356413722038269,81,2023-10-20,FW,Osasuna,Granada,10.0,Ante Budimir,h,OpenPlay,La_Liga,Osasuna,629,0.0,558.0,82.0,71.0,72.0
22783,2023,1235,2,1.356413722038269,81,2023-10-20,FW,Osasuna,Granada,58.0,Ante Budimir,h,Penalty,La_Liga,Osasuna,629,0.0,606.0,48.0,23.0,72.0
22788,2023,1235,0,0.0100659737363457,90,2023-10-29,FW,Real Betis,Osasuna,,Ante Budimir,a,NoGoal,La_Liga,Osasuna,719,0.0,606.0,0.0,113.0,23.0
22802,2023,1235,2,1.161676049232483,90,2023-11-04,FW,Osasuna,Girona,24.0,Ante Budimir,h,OpenPlay,La_Liga,Osasuna,809,0.0,743.0,137.0,66.0,113.0
22802,2023,1235,2,1.161676049232483,90,2023-11-04,FW,Osasuna,Girona,54.0,Ante Budimir,h,OpenPlay,La_Liga,Osasuna,809,0.0,773.0,30.0,36.0,113.0
22813,2023,1235,1,0.9840103983879088,89,2023-11-11,FW,Osasuna,Las Palmas,72.0,Ante Budimir,h,OpenPlay,La_Liga,Osasuna,898,0.0,881.0,108.0,17.0,36.0
22824,2023,1235,0,0.289460688829422,77,2023-11-26,FW,Villarreal,Osasuna,,Ante Budimir,a,NoGoal,La_Liga,Osasuna,975,0.0,881.0,0.0,94.0,17.0
22828,2023,1235,0,0.204286903142929,79,2023-12-02,FW,Osasuna,Real Sociedad,,Ante Budimir,h,NoGoal,La_Liga,Osasuna,1054,0.0,881.0,0.0,173.0,94.0
22837,2023,1235,1,0.7958147525787354,90,2023-12-10,FW,Cadiz,Osasuna,69.0,Ante Budimir,a,Penalty,La_Liga,Osasuna,1144,0.0,1123.0,242.0,21.0,173.0
22848,2023,1235,0,0.7135644555091858,90,2023-12-15,FW,Osasuna,Rayo Vallecano,,Ante Budimir,h,NoGoal,La_Liga,Osasuna,1234,0.0,1123.0,0.0,111.0,21.0
22859,2023,1235,0,0.1078297421336174,90,2023-12-21,FW,Mallorca,Osasuna,,Ante Budimir,a,NoGoal,La_Liga,Osasuna,1324,0.0,1123.0,0.0,201.0,111.0
22867,2023,1235,1,0.587724506855011,77,2024-01-04,FW,Osasuna,Almeria,26.0,Ante Budimir,h,OpenPlay,La_Liga,Osasuna,1401,0.0,1350.0,227.0,51.0,201.0
22892,2023,1235,0,0.4729536473751068,90,2024-01-21,FW,Osasuna,Getafe,,Ante Budimir,h,NoGoal,La_Liga,Osasuna,1491,0.0,1350.0,0.0,141.0,51.0
22902,2023,1235,1,0.8367121815681458,90,2024-01-28,FW,Sevilla,Osasuna,54.0,Ante Budimir,a,FromCorner,La_Liga,Osasuna,1581,0.0,1545.0,195.0,36.0,141.0
22878,2023,1235,0,0.4313963651657104,69,2024-01-31,FW,Barcelona,Osasuna,,Ante Budimir,a,NoGoal,La_Liga,Osasuna,1650,0.0,1545.0,0.0,105.0,36.0
22914,2023,1235,0,0.3912679851055145,90,2024-02-04,FW,Osasuna,Celta Vigo,,Ante Budimir,h,NoGoal,La_Liga,Osasuna,1740,0.0,1545.0,0.0,195.0,105.0
22924,2023,1235,1,0.4104716777801513,77,2024-02-10,FW,Real Sociedad,Osasuna,48.0,Ante Budimir,a,FromCorner,La_Liga,Osasuna,1817,0.0,1788.0,243.0,29.0,195.0
22931,2023,1235,2,0.6203818321228027,90,2024-02-17,FW,Osasuna,Cadiz,62.0,Ante Budimir,h,OpenPlay,La_Liga,Osasuna,1907,0.0,1879.0,91.0,28.0,29.0
22931,2023,1235,2,0.6203818321228027,90,2024-02-17,FW,Osasuna,Cadiz,90.0,Ante Budimir,h,OpenPlay,La_Liga,Osasuna,1907,0.0,1907.0,28.0,0.0,29.0
22942,2023,1235,0,0.0,90,2024-02-25,FW,Las Palmas,Osasuna,,Ante Budimir,a,NoGoal,La_Liga,Osasuna,1997,0.0,1907.0,0.0,90.0,0.0
22954,2023,1235,1,0.8722772002220154,82,2024-03-04,FW,Osasuna,Alaves,75.0,Ante Budimir,h,OpenPlay,La_Liga,Osasuna,2079,0.0,2072.0,165.0,7.0,90.0
22958,2023,1235,0,0.034561812877655,90,2024-03-09,FW,Girona,Osasuna,,Ante Budimir,a,NoGoal,La_Liga,Osasuna,2169,0.0,2072.0,0.0,97.0,7.0
22967,2023,1235,1,0.386775255203247,73,2024-03-16,FW,Osasuna,Real Madrid,6.0,Ante Budimir,h,FromCorner,La_Liga,Osasuna,2242,0.0,2175.0,103.0,67.0,97.0
22975,2023,1235,1,0.5284468531608582,81,2024-03-30,FW,Almeria,Osasuna,8.0,Ante Budimir,a,OpenPlay,La_Liga,Osasuna,2323,0.0,2250.0,75.0,73.0,67.0
22989,2023,1235,0,1.416932463645935,90,2024-04-15,FW,Osasuna,Valencia,,Ante Budimir,h,NoGoal,La_Liga,Osasuna,2413,0.0,2250.0,0.0,163.0,73.0
23046,2023,1235,0,0.0,4,2024-05-19,Sub,Atletico Madrid,Osasuna,,Ante Budimir,a,NoGoal,La_Liga,Osasuna,2417,86.0,2250.0,0.0,167.0,163.0
23059,2023,1235,1,0.5267861485481262,59,2024-05-25,FW,Osasuna,Villarreal,29.0,Ante Budimir,h,OpenPlay,La_Liga,Osasuna,2476,0.0,2446.0,196.0,30.0,167.0
26986,2024,1235,0,0.1853946298360824,90,2024-08-17,FW,Osasuna,Leganes,,Ante Budimir,h,NoGoal,La_Liga,Osasuna,2566,0.0,2446.0,0.0,120.0,30.0
26994,2024,1235,0,0.0231770724058151,82,2024-08-24,FW,Osasuna,Mallorca,,Ante Budimir,h,NoGoal,La_Liga,Osasuna,2648,0.0,2446.0,0.0,202.0,120.0
27010,2024,1235,0,0.0,62,2024-08-29,FW,Girona,Osasuna,,Ante Budimir,a,NoGoal,La_Liga,Osasuna,2710,0.0,2446.0,0.0,264.0,202.0
27018,2024,1235,0,0.1975754350423813,80,2024-09-01,FW,Osasuna,Celta Vigo,,Ante Budimir,h,NoGoal,La_Liga,Osasuna,2790,0.0,2446.0,0.0,344.0,264.0
27030,2024,1235,0,0.0,23,2024-09-16,Sub,Rayo Vallecano,Osasuna,,Ante Budimir,a,NoGoal,La_Liga,Osasuna,2813,67.0,2446.0,0.0,367.0,344.0
27040,2024,1235,1,0.9241170287132264,83,2024-09-21,FW,Osasuna,Las Palmas,38.0,Ante Budimir,h,Penalty,La_Liga,Osasuna,2896,0.0,2851.0,405.0,45.0,367.0
27050,2024,1235,0,0.1094443500041961,25,2024-09-24,Sub,Valencia,Osasuna,,Ante Budimir,a,NoGoal,La_Liga,Osasuna,2921,65.0,2851.0,0.0,70.0,45.0
27056,2024,1235,2,1.299741506576538,79,2024-09-28,FW,Osasuna,Barcelona,17.0,Ante Budimir,h,OpenPlay,La_Liga,Osasuna,3000,0.0,2938.0,87.0,62.0,70.0
27056,2024,1235,2,1.299741506576538,79,2024-09-28,FW,Osasuna,Barcelona,71.0,Ante Budimir,h,Penalty,La_Liga,Osasuna,3000,0.0,2992.0,54.0,8.0,70.0
27062,2024,1235,1,0.1206347197294235,90,2024-10-05,FW,Getafe,Osasuna,59.0,Ante Budimir,a,OpenPlay,La_Liga,Osasuna,3090,0.0,3059.0,67.0,31.0,8.0
27079,2024,1235,0,0.7170449495315552,90,2024-10-19,FW,Osasuna,Real Betis,,Ante Budimir,h,NoGoal,La_Liga,Osasuna,3180,0.0,3059.0,0.0,121.0,31.0
27088,2024,1235,1,0.6926788687705994,90,2024-10-27,FW,Real Sociedad,Osasuna,33.0,Ante Budimir,a,OpenPlay,La_Liga,Osasuna,3270,0.0,3213.0,154.0,57.0,121.0
27096,2024,1235,1,1.8010172843933103,89,2024-11-02,FW,Osasuna,Real Valladolid,18.0,Ante Budimir,h,Penalty,La_Liga,Osasuna,3359,0.0,3288.0,75.0,71.0,57.0
27109,2024,1235,0,0.0,77,2024-11-09,FW,Real Madrid,Osasuna,,Ante Budimir,a,NoGoal,La_Liga,Osasuna,3436,0.0,3288.0,0.0,148.0,71.0
27114,2024,1235,2,1.2122472524642944,90,2024-11-24,FW,Osasuna,Villarreal,7.0,Ante Budimir,h,OpenPlay,La_Liga,Osasuna,3526,0.0,3443.0,155.0,83.0,148.0
27114,2024,1235,2,1.2122472524642944,90,2024-11-24,FW,Osasuna,Villarreal,20.0,Ante Budimir,h,Penalty,La_Liga,Osasuna,3526,0.0,3456.0,13.0,70.0,148.0
27129,2024,1235,1,0.7886264324188232,90,2024-12-02,FW,Sevilla,Osasuna,68.0,Ante Budimir,a,OpenPlay,La_Liga,Osasuna,3616,0.0,3594.0,138.0,22.0,70.0
27141,2024,1235,1,0.9260828495025636,90,2024-12-08,FW,Osasuna,Alaves,53.0,Ante Budimir,h,FromCorner,La_Liga,Osasuna,3706,0.0,3669.0,75.0,37.0,22.0
27150,2024,1235,0,0.0,90,2024-12-14,FW,Espanyol,Osasuna,,Ante Budimir,a,NoGoal,La_Liga,Osasuna,3796,0.0,3669.0,0.0,127.0,37.0
27159,2024,1235,0,0.0,90,2024-12-21,FW,Osasuna,Athletic Club,,Ante Budimir,h,NoGoal,La_Liga,Osasuna,3886,0.0,3669.0,0.0,217.0,127.0
27163,2024,1235,0,0.0,10,2025-01-12,Sub,Atletico Madrid,Osasuna,,Ante Budimir,a,NoGoal,La_Liga,Osasuna,3896,80.0,3669.0,0.0,227.0,217.0
27174,2024,1235,0,0.0377650298178195,90,2025-01-19,FW,Osasuna,Rayo Vallecano,,Ante Budimir,h,NoGoal,La_Liga,Osasuna,3986,0.0,3669.0,0.0,317.0,227.0
27185,2024,1235,0,1.276915431022644,70,2025-01-24,FW,Las Palmas,Osasuna,,Ante Budimir,a,NoGoal,La_Liga,Osasuna,4056,0.0,3669.0,0.0,387.0,317.0
27195,2024,1235,2,0.5153043270111084,88,2025-02-02,FW,Osasuna,Real Sociedad,33.0,Ante Budimir,h,OpenPlay,La_Liga,Osasuna,4144,0.0,4089.0,420.0,55.0,387.0
27195,2024,1235,2,0.5153043270111084,88,2025-02-02,FW,Osasuna,Real Sociedad,73.0,Ante Budimir,h,OpenPlay,La_Liga,Osasuna,4144,0.0,4129.0,40.0,15.0,387.0
27210,2024,1235,0,0.0,90,2025-02-10,FW,Mallorca,Osasuna,,Ante Budimir,a,NoGoal,La_Liga,Osasuna,4234,0.0,4129.0,0.0,105.0,15.0
27220,2024,1235,1,0.9113892316818236,88,2025-02-15,FW,Osasuna,Real Madrid,57.0,Ante Budimir,h,Penalty,La_Liga,Osasuna,4322,0.0,4291.0,162.0,31.0,105.0
27223,2024,1235,0,0.2379409670829773,90,2025-02-21,FW,Celta Vigo,Osasuna,,Ante Budimir,a,NoGoal,La_Liga,Osasuna,4412,0.0,4291.0,0.0,121.0,31.0
27234,2024,1235,1,0.8463333249092102,90,2025-03-02,FW,Osasuna,Valencia,44.0,Ante Budimir,h,Penalty,La_Liga,Osasuna,4502,0.0,4456.0,165.0,46.0,121.0
27258,2024,1235,1,1.377061128616333,90,2025-03-16,FW,Osasuna,Getafe,44.0,Ante Budimir,h,Penalty,La_Liga,Osasuna,4592,0.0,4546.0,90.0,46.0,46.0
27244,2024,1235,0,0.0512057282030582,24,2025-03-27,Sub,Barcelona,Osasuna,,Ante Budimir,a,NoGoal,La_Liga,Osasuna,4616,66.0,4546.0,0.0,70.0,46.0
27269,2024,1235,0,0.0448116771876812,89,2025-03-30,FW,Athletic Club,Osasuna,,Ante Budimir,a,NoGoal,La_Liga,Osasuna,4705,0.0,4546.0,0.0,159.0,70.0
27275,2024,1235,0,0.986670732498169,89,2025-04-07,FW,Leganes,Osasuna,,Ante Budimir,a,NoGoal,La_Liga,Osasuna,4794,0.0,4546.0,0.0,248.0,159.0
27289,2024,1235,1,1.206705927848816,90,2025-04-13,FW,Osasuna,Girona,37.0,Ante Budimir,h,FromCorner,La_Liga,Osasuna,4884,0.0,4831.0,285.0,53.0,248.0
27297,2024,1235,2,1.4261929988861084,90,2025-04-20,FW,Real Valladolid,Osasuna,8.0,Ante Budimir,a,OpenPlay,La_Liga,Osasuna,4974,0.0,4892.0,61.0,82.0,53.0
27297,2024,1235,2,1.4261929988861084,90,2025-04-20,FW,Real Valladolid,Osasuna,59.0,Ante Budimir,a,Penalty,La_Liga,Osasuna,4974,0.0,4943.0,51.0,31.0,53.0
27309,2024,1235,0,0.0939853116869926,90,2025-04-24,FW,Osasuna,Sevilla,,Ante Budimir,h,NoGoal,La_Liga,Osasuna,5064,0.0,4943.0,0.0,121.0,31.0
27319,2024,1235,0,0.022783288732171,80,2025-05-03,FW,Villarreal,Osasuna,,Ante Budimir,a,NoGoal,La_Liga,Osasuna,5144,0.0,4943.0,0.0,201.0,121.0
27325,2024,1235,1,0.9513720870018004,80,2025-05-11,FW,Real Betis,Osasuna,74.0,Ante Budimir,a,OpenPlay,La_Liga,Osasuna,5224,0.0,5218.0,275.0,6.0,201.0
27335,2024,1235,1,0.8071212768554688,89,2025-05-15,FW,Osasuna,Atletico Madrid,81.0,Ante Budimir,h,OpenPlay,La_Liga,Osasuna,5313,0.0,5305.0,87.0,8.0,6.0
27351,2024,1235,1,0.53287672996521,81,2025-05-18,FW,Osasuna,Espanyol,16.0,Ante Budimir,h,OpenPlay,La_Liga,Osasuna,5394,0.0,5329.0,24.0,65.0,8.0
27356,2024,1235,0,0.3452221751213074,90,2025-05-24,FW,Alaves,Osasuna,,Ante Budimir,a,NoGoal,La_Liga,Osasuna,5484,0.0,5329.0,0.0,155.0,65.0
29167,2025,1235,0,0.201043963432312,90,2025-08-19,FW,Real Madrid,Osasuna,,Ante Budimir,a,NoGoal,La_Liga,Osasuna,5574,0.0,5329.0,0.0,245.0,155.0
29172,2025,1235,1,0.2450943738222122,90,2025-08-24,FW,Osasuna,Valencia,8.0,Ante Budimir,h,OpenPlay,La_Liga,Osasuna,5664,0.0,5582.0,253.0,82.0,245.0
29187,2025,1235,0,0.2110197246074676,90,2025-08-31,FW,Espanyol,Osasuna,,Ante Budimir,a,NoGoal,La_Liga,Osasuna,5754,0.0,5582.0,0.0,172.0,82.0
29197,2025,1235,0,0.0,28,2025-09-14,Sub,Osasuna,Rayo Vallecano,,Ante Budimir,h,NoGoal,La_Liga,Osasuna,5782,62.0,5582.0,0.0,200.0,172.0
29207,2025,1235,1,0.7873821258544922,82,2025-09-20,FW,Villarreal,Osasuna,50.0,Ante Budimir,a,Penalty,La_Liga,Osasuna,5864,0.0,5832.0,250.0,32.0,200.0
29214,2025,1235,0,0.0,85,2025-09-25,FW,Osasuna,Elche,,Ante Budimir,h,NoGoal,La_Liga,Osasuna,5949,0.0,5832.0,0.0,117.0,32.0
29221,2025,1235,0,0.1885051131248474,90,2025-09-28,FW,Real Betis,Osasuna,,Ante Budimir,a,NoGoal,La_Liga,Osasuna,6039,0.0,5832.0,0.0,207.0,117.0
29235,2025,1235,0,0.1354033201932907,90,2025-10-03,FW,Osasuna,Getafe,,Ante Budimir,h,NoGoal,La_Liga,Osasuna,6129,0.0,5832.0,0.0,297.0,207.0
29239,2025,1235,0,0.6167601346969604,90,2025-10-18,FW,Atletico Madrid,Osasuna,,Ante Budimir,a,NoGoal,La_Liga,Osasuna,6219,0.0,5832.0,0.0,387.0,297.0
29255,2025,1235,2,1.6892725229263306,90,2025-10-26,FW,Osasuna,Celta Vigo,36.0,Ante Budimir,h,Penalty,La_Liga,Osasuna,6309,0.0,6255.0,423.0,54.0,387.0
29255,2025,1235,2,1.6892725229263306,90,2025-10-26,FW,Osasuna,Celta Vigo,45.0,Ante Budimir,h,FromCorner,La_Liga,Osasuna,6309,0.0,6264.0,9.0,45.0,387.0
29266,2025,1235,0,0.291357934474945,90,2025-11-03,FW,Real Oviedo,Osasuna,,Ante Budimir,a,NoGoal,La_Liga,Osasuna,6399,0.0,6264.0,0.0,135.0,45.0
29282,2025,1235,0,0.0,11,2025-11-22,Sub,Osasuna,Real Sociedad,,Ante Budimir,h,NoGoal,La_Liga,Osasuna,6410,79.0,6264.0,0.0,146.0,135.0
29291,2025,1235,0,0.0,72,2025-11-29,FW,Mallorca,Osasuna,,Ante Budimir,a,NoGoal,La_Liga,Osasuna,6482,0.0,6264.0,0.0,218.0,146.0
29305,2025,1235,0,0.5691348910331726,90,2025-12-08,FW,Osasuna,Levante,,Ante Budimir,h,NoGoal,La_Liga,Osasuna,6572,0.0,6264.0,0.0,308.0,218.0
29310,2025,1235,0,0.1265192925930023,67,2025-12-13,FW,Barcelona,Osasuna,,Ante Budimir,a,NoGoal,La_Liga,Osasuna,6639,0.0,6264.0,0.0,375.0,308.0
29323,2025,1235,2,1.650081753730774,90,2025-12-20,FW,Osasuna,Alaves,71.0,Ante Budimir,h,OpenPlay,La_Liga,Osasuna,6729,0.0,6710.0,446.0,19.0,375.0
29323,2025,1235,2,1.650081753730774,90,2025-12-20,FW,Osasuna,Alaves,80.0,Ante Budimir,h,Penalty,La_Liga,Osasuna,6729,0.0,6719.0,9.0,10.0,375.0
29331,2025,1235,0,0.2829011082649231,77,2026-01-03,FW,Osasuna,Athletic Club,,Ante Budimir,h,NoGoal,La_Liga,Osasuna,6806,0.0,6719.0,0.0,87.0,10.0
29340,2025,1235,0,0.383208304643631,90,2026-01-10,FW,Girona,Osasuna,,Ante Budimir,a,NoGoal,La_Liga,Osasuna,6896,0.0,6719.0,0.0,177.0,87.0
29357,2025,1235,2,0.9749882817268372,90,2026-01-17,FW,Osasuna,Real Oviedo,44.0,Ante Budimir,h,OpenPlay,La_Liga,Osasuna,6986,0.0,6940.0,221.0,46.0,177.0
29357,2025,1235,2,0.9749882817268372,90,2026-01-17,FW,Osasuna,Real Oviedo,74.0,Ante Budimir,h,SetPiece,La_Liga,Osasuna,6986,0.0,6970.0,30.0,16.0,177.0
29366,2025,1235,1,0.6704984903335571,83,2026-01-24,FW,Rayo Vallecano,Osasuna,28.0,Ante Budimir,a,FromCorner,La_Liga,Osasuna,7069,0.0,7014.0,44.0,55.0,16.0
29370,2025,1235,1,0.6631306409835815,81,2026-01-31,FW,Osasuna,Villarreal,46.0,Ante Budimir,h,OpenPlay,La_Liga,Osasuna,7150,0.0,7115.0,101.0,35.0,55.0
29382,2025,1235,1,0.1881743967533111,72,2026-02-06,FW,Celta Vigo,Osasuna,34.0,Ante Budimir,a,OpenPlay,La_Liga,Osasuna,7222,0.0,7184.0,69.0,38.0,35.0
29388,2025,1235,0,0.0605373010039329,74,2026-02-13,FW,Elche,Osasuna,,Ante Budimir,a,NoGoal,La_Liga,Osasuna,7296,0.0,7184.0,0.0,112.0,38.0
29405,2025,1235,1,1.3227442502975464,69,2026-02-21,FW,Osasuna,Real Madrid,37.0,Ante Budimir,h,Penalty,La_Liga,Osasuna,7365,0.0,7333.0,149.0,32.0,112.0
29417,2025,1235,0,0.0714590549468994,90,2026-03-01,FW,Valencia,Osasuna,,Ante Budimir,a,NoGoal,La_Liga,Osasuna,7455,0.0,7333.0,0.0,122.0,32.0
29426,2025,1235,1,0.954403817653656,90,2026-03-07,FW,Osasuna,Mallorca,93.0,Ante Budimir,h,OpenPlay,La_Liga,Osasuna,7545,0.0,7548.0,215.0,0.0,122.0
29437,2025,1235,0,0.0192114580422639,90,2026-03-15,FW,Real Sociedad,Osasuna,,Ante Budimir,a,NoGoal,La_Liga,Osasuna,7635,0.0,7548.0,0.0,87.0,0.0
29447,2025,1235,1,0.2982121706008911,83,2026-03-21,FW,Osasuna,Girona,79.0,Ante Budimir,h,OpenPlay,La_Liga,Osasuna,7718,0.0,7714.0,166.0,4.0,87.0
29448,2025,1235,1,0.7692436575889587,87,2026-04-05,FW,Alaves,Osasuna,79.0,Ante Budimir,a,Penalty,La_Liga,Osasuna,7805,0.0,7797.0,83.0,8.0,4.0
29460,2025,1235,1,1.0963239669799805,85,2026-04-12,FW,Osasuna,Real Betis,39.0,Ante Budimir,h,Penalty,La_Liga,Osasuna,7890,0.0,7844.0,47.0,46.0,8.0
29478,2025,1235,0,1.073630690574646,90,2026-04-21,FW,Athletic Club,Osasuna,,Ante Budimir,a,NoGoal,La_Liga,Osasuna,7980,0.0,7844.0,0.0,136.0,46.0
29476,2025,1235,0,0.958097279071808,90,2026-04-26,FW,Osasuna,Sevilla,,Ante Budimir,h,NoGoal,La_Liga,Osasuna,8070,0.0,7844.0,0.0,226.0,136.0
29488,2025,1235,0,0.4343138337135315,70,2026-05-02,FW,Osasuna,Barcelona,,Ante Budimir,h,NoGoal,La_Liga,Osasuna,8140,0.0,7844.0,0.0,296.0,226.0
29501,2025,1235,1,0.3818532824516296,69,2026-05-08,FW,Levante,Osasuna,10.0,Ante Budimir,a,OpenPlay,La_Liga,Osasuna,8209,0.0,8150.0,306.0,59.0,296.0
29514,2025,1235,0,1.3319296836853027,90,2026-05-12,FW,Osasuna,Atletico Madrid,,Ante Budimir,h,NoGoal,La_Liga,Osasuna,8299,0.0,8150.0,0.0,149.0,59.0
29523,2025,1235,0,0.530464231967926,90,2026-05-17,FW,Osasuna,Espanyol,,Ante Budimir,h,NoGoal,La_Liga,Osasuna,8389,0.0,8150.0,0.0,239.0,149.0
23139,2023,1236,0,0.0,1,2023-10-29,Sub,Bayer Leverkusen,Freiburg,,Patrik Schick,h,NoGoal,Bundesliga,Bayer Leverkusen,1,89.0,,,,
23175,2023,1236,0,0.0404620021581649,8,2023-12-03,Sub,Bayer Leverkusen,Borussia Dortmund,,Patrik Schick,h,NoGoal,Bundesliga,Bayer Leverkusen,9,82.0,,,,
23189,2023,1236,0,0.0880051329731941,13,2023-12-10,Sub,VfB Stuttgart,Bayer Leverkusen,,Patrik Schick,a,NoGoal,Bundesliga,Bayer Leverkusen,22,77.0,,,,
23194,2023,1236,0,0.0401512905955314,18,2023-12-17,Sub,Bayer Leverkusen,Eintracht Frankfurt,,Patrik Schick,h,NoGoal,Bundesliga,Bayer Leverkusen,40,72.0,,,,
23202,2023,1236,3,1.3741368055343628,70,2023-12-20,FW,Bayer Leverkusen,Bochum,29.0,Patrik Schick,h,Penalty,Bundesliga,Bayer Leverkusen,110,0.0,69.0,,41.0,41.0
23202,2023,1236,3,1.3741368055343628,70,2023-12-20,FW,Bayer Leverkusen,Bochum,31.0,Patrik Schick,h,OpenPlay,Bundesliga,Bayer Leverkusen,110,0.0,71.0,2.0,39.0,41.0
23202,2023,1236,3,1.3741368055343628,70,2023-12-20,FW,Bayer Leverkusen,Bochum,45.0,Patrik Schick,h,FromCorner,Bundesliga,Bayer Leverkusen,110,0.0,85.0,14.0,25.0,41.0
23216,2023,1236,0,0.8153061866760254,90,2024-01-13,FW,Augsburg,Bayer Leverkusen,,Patrik Schick,a,NoGoal,Bundesliga,Bayer Leverkusen,200,0.0,85.0,0.0,115.0,25.0
23219,2023,1236,0,0.140492245554924,90,2024-01-20,FW,RasenBallsport Leipzig,Bayer Leverkusen,,Patrik Schick,a,NoGoal,Bundesliga,Bayer Leverkusen,290,0.0,85.0,0.0,205.0,115.0
23229,2023,1236,0,0.6090201139450073,90,2024-01-27,FW,Bayer Leverkusen,Borussia M.Gladbach,,Patrik Schick,h,NoGoal,Bundesliga,Bayer Leverkusen,380,0.0,85.0,0.0,295.0,205.0
23261,2023,1236,0,0.1976512521505355,76,2024-02-17,FW,FC Heidenheim,Bayer Leverkusen,,Patrik Schick,a,NoGoal,Bundesliga,Bayer Leverkusen,456,0.0,85.0,0.0,371.0,295.0
23268,2023,1236,0,0.0,32,2024-02-23,Sub,Bayer Leverkusen,Mainz 05,,Patrik Schick,h,NoGoal,Bundesliga,Bayer Leverkusen,488,58.0,85.0,0.0,403.0,371.0
23276,2023,1236,0,0.105333425104618,68,2024-03-03,FW,FC Cologne,Bayer Leverkusen,,Patrik Schick,a,NoGoal,Bundesliga,Bayer Leverkusen,556,0.0,85.0,0.0,471.0,403.0
23283,2023,1236,0,0.0,77,2024-03-10,FW,Bayer Leverkusen,Wolfsburg,,Patrik Schick,h,NoGoal,Bundesliga,Bayer Leverkusen,633,0.0,85.0,0.0,548.0,471.0
23292,2023,1236,1,0.1768738180398941,77,2024-03-17,FW,Freiburg,Bayer Leverkusen,52.0,Patrik Schick,a,OpenPlay,Bundesliga,Bayer Leverkusen,710,0.0,685.0,600.0,25.0,548.0
23301,2023,1236,1,1.1733365058898926,90,2024-03-30,FW,Bayer Leverkusen,Hoffenheim,90.0,Patrik Schick,h,OpenPlay,Bundesliga,Bayer Leverkusen,800,0.0,800.0,115.0,0.0,25.0
23319,2023,1236,0,0.1176813170313835,25,2024-04-14,Sub,Bayer Leverkusen,Werder Bremen,,Patrik Schick,h,NoGoal,Bundesliga,Bayer Leverkusen,825,65.0,800.0,0.0,25.0,0.0
23326,2023,1236,0,0.0,4,2024-04-21,Sub,Borussia Dortmund,Bayer Leverkusen,,Patrik Schick,a,NoGoal,Bundesliga,Bayer Leverkusen,829,86.0,800.0,0.0,29.0,25.0
23338,2023,1236,0,0.3926794826984405,76,2024-04-27,FW,Bayer Leverkusen,VfB Stuttgart,,Patrik Schick,h,NoGoal,Bundesliga,Bayer Leverkusen,905,0.0,800.0,0.0,105.0,29.0
23346,2023,1236,1,0.494388222694397,62,2024-05-05,FW,Eintracht Frankfurt,Bayer Leverkusen,43.0,Patrik Schick,a,OpenPlay,Bundesliga,Bayer Leverkusen,967,0.0,948.0,148.0,19.0,105.0
23359,2023,1236,1,0.7475411891937256,71,2024-05-12,FW,Bochum,Bayer Leverkusen,40.0,Patrik Schick,a,OpenPlay,Bundesliga,Bayer Leverkusen,1038,0.0,1007.0,59.0,31.0,19.0
23364,2023,1236,0,0.265432208776474,24,2024-05-18,Sub,Bayer Leverkusen,Augsburg,,Patrik Schick,h,NoGoal,Bundesliga,Bayer Leverkusen,1062,66.0,1007.0,0.0,55.0,31.0
27757,2024,1236,0,0.0,6,2024-08-31,Sub,Bayer Leverkusen,RasenBallsport Leipzig,,Patrik Schick,h,NoGoal,Bundesliga,Bayer Leverkusen,1068,84.0,1007.0,0.0,61.0,55.0
27761,2024,1236,0,0.0,1,2024-09-14,Sub,Hoffenheim,Bayer Leverkusen,,Patrik Schick,a,NoGoal,Bundesliga,Bayer Leverkusen,1069,89.0,1007.0,0.0,62.0,61.0
27775,2024,1236,0,0.2210076600313186,73,2024-09-22,FW,Bayer Leverkusen,Wolfsburg,,Patrik Schick,h,NoGoal,Bundesliga,Bayer Leverkusen,1142,0.0,1007.0,0.0,135.0,62.0
27794,2024,1236,0,0.0,15,2024-10-05,Sub,Bayer Leverkusen,Holstein Kiel,,Patrik Schick,h,NoGoal,Bundesliga,Bayer Leverkusen,1157,75.0,1007.0,0.0,150.0,135.0
27796,2024,1236,0,0.5747305750846863,7,2024-10-19,Sub,Bayer Leverkusen,Eintracht Frankfurt,,Patrik Schick,h,NoGoal,Bundesliga,Bayer Leverkusen,1164,83.0,1007.0,0.0,157.0,150.0
27808,2024,1236,0,0.057945966720581,17,2024-10-26,Sub,Werder Bremen,Bayer Leverkusen,,Patrik Schick,a,NoGoal,Bundesliga,Bayer Leverkusen,1181,73.0,1007.0,0.0,174.0,157.0
27814,2024,1236,0,0.0283928718417882,3,2024-11-01,Sub,Bayer Leverkusen,VfB Stuttgart,,Patrik Schick,h,NoGoal,Bundesliga,Bayer Leverkusen,1184,87.0,1007.0,0.0,177.0,174.0
27830,2024,1236,1,0.6244451999664307,79,2024-11-09,FW,Bochum,Bayer Leverkusen,17.0,Patrik Schick,a,OpenPlay,Bundesliga,Bayer Leverkusen,1263,0.0,1201.0,194.0,62.0,177.0
27832,2024,1236,3,1.3237802982330322,90,2024-11-23,FW,Bayer Leverkusen,FC Heidenheim,31.0,Patrik Schick,h,OpenPlay,Bundesliga,Bayer Leverkusen,1353,0.0,1294.0,93.0,59.0,62.0
27832,2024,1236,3,1.3237802982330322,90,2024-11-23,FW,Bayer Leverkusen,FC Heidenheim,51.0,Patrik Schick,h,OpenPlay,Bundesliga,Bayer Leverkusen,1353,0.0,1314.0,20.0,39.0,62.0
27832,2024,1236,3,1.3237802982330322,90,2024-11-23,FW,Bayer Leverkusen,FC Heidenheim,70.0,Patrik Schick,h,OpenPlay,Bundesliga,Bayer Leverkusen,1353,0.0,1333.0,19.0,20.0,62.0
27848,2024,1236,1,0.4887864589691162,90,2024-11-30,FW,Union Berlin,Bayer Leverkusen,70.0,Patrik Schick,a,OpenPlay,Bundesliga,Bayer Leverkusen,1443,0.0,1423.0,90.0,20.0,20.0
27863,2024,1236,0,0.043740801513195,20,2024-12-14,Sub,Augsburg,Bayer Leverkusen,,Patrik Schick,a,NoGoal,Bundesliga,Bayer Leverkusen,1463,70.0,1423.0,0.0,40.0,20.0
27868,2024,1236,4,1.5052402019500732,84,2024-12-21,FW,Bayer Leverkusen,Freiburg,45.0,Patrik Schick,h,OpenPlay,Bundesliga,Bayer Leverkusen,1547,0.0,1508.0,85.0,39.0,40.0
27868,2024,1236,4,1.5052402019500732,84,2024-12-21,FW,Bayer Leverkusen,Freiburg,66.0,Patrik Schick,h,OpenPlay,Bundesliga,Bayer Leverkusen,1547,0.0,1529.0,21.0,18.0,40.0
27868,2024,1236,4,1.5052402019500732,84,2024-12-21,FW,Bayer Leverkusen,Freiburg,73.0,Patrik Schick,h,OpenPlay,Bundesliga,Bayer Leverkusen,1547,0.0,1536.0,7.0,11.0,40.0
27868,2024,1236,4,1.5052402019500732,84,2024-12-21,FW,Bayer Leverkusen,Freiburg,76.0,Patrik Schick,h,FromCorner,Bundesliga,Bayer Leverkusen,1547,0.0,1539.0,3.0,8.0,40.0
27878,2024,1236,2,1.6768240928649902,65,2025-01-10,FW,Borussia Dortmund,Bayer Leverkusen,7.0,Patrik Schick,a,OpenPlay,Bundesliga,Bayer Leverkusen,1612,0.0,1554.0,15.0,58.0,8.0
27878,2024,1236,2,1.6768240928649902,65,2025-01-10,FW,Borussia Dortmund,Bayer Leverkusen,18.0,Patrik Schick,a,OpenPlay,Bundesliga,Bayer Leverkusen,1612,0.0,1565.0,11.0,47.0,8.0
27886,2024,1236,0,0.5656061768531799,65,2025-01-14,FW,Bayer Leverkusen,Mainz 05,,Patrik Schick,h,NoGoal,Bundesliga,Bayer Leverkusen,1677,0.0,1565.0,0.0,112.0,47.0
27895,2024,1236,1,0.778292715549469,90,2025-01-18,FW,Bayer Leverkusen,Borussia M.Gladbach,73.0,Patrik Schick,h,OpenPlay,Bundesliga,Bayer Leverkusen,1767,0.0,1750.0,185.0,17.0,112.0
27904,2024,1236,1,0.4767065644264221,69,2025-01-25,FW,RasenBallsport Leipzig,Bayer Leverkusen,17.0,Patrik Schick,a,OpenPlay,Bundesliga,Bayer Leverkusen,1836,0.0,1784.0,34.0,52.0,17.0
27916,2024,1236,1,0.3833810687065124,40,2025-02-02,Sub,Bayer Leverkusen,Hoffenheim,50.0,Patrik Schick,h,FromCorner,Bundesliga,Bayer Leverkusen,1876,50.0,1836.0,52.0,40.0,52.0
27927,2024,1236,0,0.0,12,2025-02-08,Sub,Wolfsburg,Bayer Leverkusen,,Patrik Schick,a,NoGoal,Bundesliga,Bayer Leverkusen,1888,78.0,1836.0,0.0,52.0,40.0
27931,2024,1236,0,0.0,1,2025-02-15,Sub,Bayer Leverkusen,Bayern Munich,,Patrik Schick,h,NoGoal,Bundesliga,Bayer Leverkusen,1889,89.0,1836.0,0.0,53.0,52.0
27948,2024,1236,1,1.0971286296844482,85,2025-02-22,AMC,Holstein Kiel,Bayer Leverkusen,8.0,Patrik Schick,a,OpenPlay,Bundesliga,Bayer Leverkusen,1974,0.0,1897.0,61.0,77.0,53.0
27951,2024,1236,1,0.5643653273582458,61,2025-03-01,FW,Eintracht Frankfurt,Bayer Leverkusen,32.0,Patrik Schick,a,OpenPlay,Bundesliga,Bayer Leverkusen,2035,0.0,2006.0,109.0,29.0,77.0
27958,2024,1236,0,0.0597769878804683,90,2025-03-08,FW,Bayer Leverkusen,Werder Bremen,,Patrik Schick,h,NoGoal,Bundesliga,Bayer Leverkusen,2125,0.0,2006.0,0.0,119.0,29.0
27967,2024,1236,1,1.0771697759628296,90,2025-03-16,FW,VfB Stuttgart,Bayer Leverkusen,93.0,Patrik Schick,a,OpenPlay,Bundesliga,Bayer Leverkusen,2215,0.0,2218.0,212.0,0.0,119.0
27976,2024,1236,0,0.0365423075854778,72,2025-03-28,FW,Bayer Leverkusen,Bochum,,Patrik Schick,h,NoGoal,Bundesliga,Bayer Leverkusen,2287,0.0,2218.0,0.0,69.0,0.0
27986,2024,1236,0,0.0837899968028068,21,2025-04-05,Sub,FC Heidenheim,Bayer Leverkusen,,Patrik Schick,a,NoGoal,Bundesliga,Bayer Leverkusen,2308,69.0,2218.0,0.0,90.0,69.0
27994,2024,1236,0,0.1644164770841598,90,2025-04-12,FW,Bayer Leverkusen,Union Berlin,,Patrik Schick,h,NoGoal,Bundesliga,Bayer Leverkusen,2398,0.0,2218.0,0.0,180.0,90.0
28011,2024,1236,1,0.5809630155563354,66,2025-04-20,FW,St. Pauli,Bayer Leverkusen,31.0,Patrik Schick,a,SetPiece,Bundesliga,Bayer Leverkusen,2464,0.0,2429.0,211.0,35.0,180.0
28012,2024,1236,1,0.2025373578071594,67,2025-04-26,FW,Bayer Leverkusen,Augsburg,12.0,Patrik Schick,h,OpenPlay,Bundesliga,Bayer Leverkusen,2531,0.0,2476.0,47.0,55.0,35.0
28024,2024,1236,0,0.0,90,2025-05-04,FW,Freiburg,Bayer Leverkusen,,Patrik Schick,a,NoGoal,Bundesliga,Bayer Leverkusen,2621,0.0,2476.0,0.0,145.0,55.0
28030,2024,1236,0,0.0,26,2025-05-11,Sub,Bayer Leverkusen,Borussia Dortmund,,Patrik Schick,h,NoGoal,Bundesliga,Bayer Leverkusen,2647,64.0,2476.0,0.0,171.0,145.0
28045,2024,1236,2,1.192843317985535,90,2025-05-17,FW,Mainz 05,Bayer Leverkusen,48.0,Patrik Schick,a,Penalty,Bundesliga,Bayer Leverkusen,2737,0.0,2695.0,219.0,42.0,171.0
28045,2024,1236,2,1.192843317985535,90,2025-05-17,FW,Mainz 05,Bayer Leverkusen,53.0,Patrik Schick,a,FromCorner,Bundesliga,Bayer Leverkusen,2737,0.0,2700.0,5.0,37.0,171.0
30226,2025,1236,0,0.0,90,2025-08-23,FW,Bayer Leverkusen,Hoffenheim,,Patrik Schick,h,NoGoal,Bundesliga,Bayer Leverkusen,2827,0.0,2700.0,0.0,127.0,37.0
30236,2025,1236,2,1.2118550539016724,90,2025-08-30,FW,Werder Bremen,Bayer Leverkusen,4.0,Patrik Schick,a,OpenPlay,Bundesliga,Bayer Leverkusen,2917,0.0,2831.0,131.0,86.0,127.0
30236,2025,1236,2,1.2118550539016724,90,2025-08-30,FW,Werder Bremen,Bayer Leverkusen,63.0,Patrik Schick,a,Penalty,Bundesliga,Bayer Leverkusen,2917,0.0,2890.0,59.0,27.0,127.0
30242,2025,1236,1,0.8058859705924988,87,2025-09-12,FW,Bayer Leverkusen,Eintracht Frankfurt,48.0,Patrik Schick,h,Penalty,Bundesliga,Bayer Leverkusen,3004,0.0,2965.0,75.0,39.0,27.0
30258,2025,1236,0,1.1045382022857666,79,2025-09-21,FW,Bayer Leverkusen,Borussia M.Gladbach,,Patrik Schick,h,NoGoal,Bundesliga,Bayer Leverkusen,3083,0.0,2965.0,0.0,118.0,39.0
30263,2025,1236,0,0.0,90,2025-09-27,FW,St. Pauli,Bayer Leverkusen,,Patrik Schick,a,NoGoal,Bundesliga,Bayer Leverkusen,3173,0.0,2965.0,0.0,208.0,118.0
30288,2025,1236,0,0.0,10,2025-10-26,Sub,Bayer Leverkusen,Freiburg,,Patrik Schick,h,NoGoal,Bundesliga,Bayer Leverkusen,3183,80.0,2965.0,0.0,218.0,208.0
30297,2025,1236,0,0.1165172308683395,58,2025-11-01,FW,Bayern Munich,Bayer Leverkusen,,Patrik Schick,a,NoGoal,Bundesliga,Bayer Leverkusen,3241,0.0,2965.0,0.0,276.0,218.0
30305,2025,1236,2,1.501560091972351,59,2025-11-08,FW,Bayer Leverkusen,FC Heidenheim,1.0,Patrik Schick,h,OpenPlay,Bundesliga,Bayer Leverkusen,3300,0.0,3242.0,277.0,58.0,276.0
30305,2025,1236,2,1.501560091972351,59,2025-11-08,FW,Bayer Leverkusen,FC Heidenheim,21.0,Patrik Schick,h,OpenPlay,Bundesliga,Bayer Leverkusen,3300,0.0,3262.0,20.0,38.0,276.0
30322,2025,1236,0,0.0,77,2025-11-22,FW,Wolfsburg,Bayer Leverkusen,,Patrik Schick,a,NoGoal,Bundesliga,Bayer Leverkusen,3377,0.0,3262.0,0.0,115.0,38.0
30323,2025,1236,0,0.0524680279195308,65,2025-11-29,FW,Bayer Leverkusen,Borussia Dortmund,,Patrik Schick,h,NoGoal,Bundesliga,Bayer Leverkusen,3442,0.0,3262.0,0.0,180.0,115.0
30334,2025,1236,0,0.7755869030952454,90,2025-12-06,FW,Augsburg,Bayer Leverkusen,,Patrik Schick,a,NoGoal,Bundesliga,Bayer Leverkusen,3532,0.0,3262.0,0.0,270.0,180.0
30356,2025,1236,1,0.895060658454895,79,2025-12-20,FW,RasenBallsport Leipzig,Bayer Leverkusen,43.0,Patrik Schick,a,OpenPlay,Bundesliga,Bayer Leverkusen,3611,0.0,3575.0,313.0,36.0,270.0
30381,2025,1236,0,1.1053016185760498,90,2026-01-17,FW,Hoffenheim,Bayer Leverkusen,,Patrik Schick,a,NoGoal,Bundesliga,Bayer Leverkusen,3701,0.0,3575.0,0.0,126.0,36.0
30386,2025,1236,0,0.2115803807973861,90,2026-01-24,FW,Bayer Leverkusen,Werder Bremen,,Patrik Schick,h,NoGoal,Bundesliga,Bayer Leverkusen,3791,0.0,3575.0,0.0,216.0,126.0
30397,2025,1236,0,0.0,14,2026-01-31,Sub,Eintracht Frankfurt,Bayer Leverkusen,,Patrik Schick,a,NoGoal,Bundesliga,Bayer Leverkusen,3805,76.0,3575.0,0.0,230.0,216.0
30405,2025,1236,0,0.3939509689807892,83,2026-02-07,FW,Borussia M.Gladbach,Bayer Leverkusen,,Patrik Schick,a,NoGoal,Bundesliga,Bayer Leverkusen,3888,0.0,3575.0,0.0,313.0,230.0
30414,2025,1236,1,1.043994426727295,60,2026-02-14,FW,Bayer Leverkusen,St. Pauli,13.0,Patrik Schick,h,OpenPlay,Bundesliga,Bayer Leverkusen,3948,0.0,3901.0,326.0,47.0,313.0
30429,2025,1236,0,0.5348460674285889,26,2026-02-21,Sub,Union Berlin,Bayer Leverkusen,,Patrik Schick,a,NoGoal,Bundesliga,Bayer Leverkusen,3974,64.0,3901.0,0.0,73.0,47.0
30432,2025,1236,0,0.4098130762577057,90,2026-02-28,FW,Bayer Leverkusen,Mainz 05,,Patrik Schick,h,NoGoal,Bundesliga,Bayer Leverkusen,4064,0.0,3901.0,0.0,163.0,73.0
30449,2025,1236,0,0.3974673151969909,65,2026-03-14,FW,Bayer Leverkusen,Bayern Munich,,Patrik Schick,h,NoGoal,Bundesliga,Bayer Leverkusen,4129,0.0,3901.0,0.0,228.0,163.0
30462,2025,1236,2,1.2533447742462158,90,2026-03-21,FW,FC Heidenheim,Bayer Leverkusen,34.0,Patrik Schick,a,OpenPlay,Bundesliga,Bayer Leverkusen,4219,0.0,4163.0,262.0,56.0,228.0
30462,2025,1236,2,1.2533447742462158,90,2026-03-21,FW,FC Heidenheim,Bayer Leverkusen,78.0,Patrik Schick,a,FromCorner,Bundesliga,Bayer Leverkusen,4219,0.0,4207.0,44.0,12.0,228.0
30467,2025,1236,1,0.8933517336845398,38,2026-04-04,Sub,Bayer Leverkusen,Wolfsburg,52.0,Patrik Schick,h,Penalty,Bundesliga,Bayer Leverkusen,4257,52.0,4219.0,12.0,38.0,12.0
30477,2025,1236,0,0.3982486426830292,35,2026-04-11,Sub,Borussia Dortmund,Bayer Leverkusen,,Patrik Schick,a,NoGoal,Bundesliga,Bayer Leverkusen,4292,55.0,4219.0,0.0,73.0,38.0
30485,2025,1236,1,0.4132592380046844,90,2026-04-18,FW,Bayer Leverkusen,Augsburg,11.0,Patrik Schick,h,OpenPlay,Bundesliga,Bayer Leverkusen,4382,0.0,4303.0,84.0,79.0,73.0
30496,2025,1236,2,1.6291743516921997,90,2026-04-25,FW,FC Cologne,Bayer Leverkusen,42.0,Patrik Schick,a,Penalty,Bundesliga,Bayer Leverkusen,4472,0.0,4424.0,121.0,48.0,79.0
30496,2025,1236,2,1.6291743516921997,90,2026-04-25,FW,FC Cologne,Bayer Leverkusen,51.0,Patrik Schick,a,OpenPlay,Bundesliga,Bayer Leverkusen,4472,0.0,4433.0,9.0,39.0,79.0
30503,2025,1236,3,3.2889506816864014,90,2026-05-02,FW,Bayer Leverkusen,RasenBallsport Leipzig,24.0,Patrik Schick,h,OpenPlay,Bundesliga,Bayer Leverkusen,4562,0.0,4496.0,63.0,66.0,39.0
30503,2025,1236,3,3.2889506816864014,90,2026-05-02,FW,Bayer Leverkusen,RasenBallsport Leipzig,75.0,Patrik Schick,h,OpenPlay,Bundesliga,Bayer Leverkusen,4562,0.0,4547.0,51.0,15.0,39.0
30503,2025,1236,3,3.2889506816864014,90,2026-05-02,FW,Bayer Leverkusen,RasenBallsport Leipzig,88.0,Patrik Schick,h,OpenPlay,Bundesliga,Bayer Leverkusen,4562,0.0,4560.0,13.0,2.0,39.0
30519,2025,1236,0,0.0,90,2026-05-09,AMC,VfB Stuttgart,Bayer Leverkusen,,Patrik Schick,a,NoGoal,Bundesliga,Bayer Leverkusen,4652,0.0,4560.0,0.0,92.0,2.0
30521,2025,1236,0,0.98457270860672,90,2026-05-16,FW,Bayer Leverkusen,Hamburger SV,,Patrik Schick,h,NoGoal,Bundesliga,Bayer Leverkusen,4742,0.0,4560.0,0.0,182.0,92.0
22283,2023,1250,0,0.2078766077756881,84,2023-08-13,FWR,Chelsea,Liverpool,,Mohamed Salah,a,NoGoal,EPL,Liverpool,84,0.0,,,,
22288,2023,1250,1,1.8990148305892944,90,2023-08-19,FWR,Liverpool,Bournemouth,35.0,Mohamed Salah,h,SetPiece,EPL,Liverpool,174,0.0,119.0,,55.0,
22304,2023,1250,0,0.157831534743309,90,2023-08-27,FWR,Newcastle United,Liverpool,,Mohamed Salah,a,NoGoal,EPL,Liverpool,264,0.0,119.0,0.0,145.0,55.0
21933,2023,1250,1,0.7862874269485474,90,2023-09-03,FWR,Liverpool,Aston Villa,54.0,Mohamed Salah,h,FromCorner,EPL,Liverpool,354,0.0,318.0,199.0,36.0,145.0
21935,2023,1250,0,0.0696696192026138,90,2023-09-16,FWR,Wolverhampton Wanderers,Liverpool,,Mohamed Salah,a,NoGoal,EPL,Liverpool,444,0.0,318.0,0.0,126.0,36.0
21953,2023,1250,1,1.0021893978118896,90,2023-09-24,FWR,Liverpool,West Ham,15.0,Mohamed Salah,h,Penalty,EPL,Liverpool,534,0.0,459.0,141.0,75.0,126.0
21962,2023,1250,0,0.0226030200719833,81,2023-09-30,FWR,Tottenham,Liverpool,,Mohamed Salah,a,NoGoal,EPL,Liverpool,615,0.0,459.0,0.0,156.0,75.0
21966,2023,1250,2,1.517723560333252,90,2023-10-08,FWR,Brighton,Liverpool,39.0,Mohamed Salah,a,OpenPlay,EPL,Liverpool,705,0.0,654.0,195.0,51.0,156.0
21966,2023,1250,2,1.517723560333252,90,2023-10-08,FWR,Brighton,Liverpool,45.0,Mohamed Salah,a,Penalty,EPL,Liverpool,705,0.0,660.0,6.0,45.0,156.0
21979,2023,1250,2,1.3145946264266968,90,2023-10-21,FWR,Liverpool,Everton,74.0,Mohamed Salah,h,Penalty,EPL,Liverpool,795,0.0,779.0,119.0,16.0,45.0
21979,2023,1250,2,1.3145946264266968,90,2023-10-21,FWR,Liverpool,Everton,96.0,Mohamed Salah,h,OpenPlay,EPL,Liverpool,795,0.0,801.0,22.0,0.0,45.0
21991,2023,1250,1,0.1858124732971191,90,2023-10-29,FWR,Liverpool,Nottingham Forest,76.0,Mohamed Salah,h,OpenPlay,EPL,Liverpool,885,0.0,871.0,70.0,14.0,0.0
21999,2023,1250,0,0.563755989074707,90,2023-11-05,FWR,Luton,Liverpool,,Mohamed Salah,a,NoGoal,EPL,Liverpool,975,0.0,871.0,0.0,104.0,14.0
22011,2023,1250,2,0.9793246984481812,90,2023-11-12,FWR,Liverpool,Brentford,38.0,Mohamed Salah,h,OpenPlay,EPL,Liverpool,1065,0.0,1013.0,142.0,52.0,104.0
22011,2023,1250,2,0.9793246984481812,90,2023-11-12,FWR,Liverpool,Brentford,61.0,Mohamed Salah,h,OpenPlay,EPL,Liverpool,1065,0.0,1036.0,23.0,29.0,104.0
22020,2023,1250,0,0.0,90,2023-11-25,FWR,Manchester City,Liverpool,,Mohamed Salah,a,NoGoal,EPL,Liverpool,1155,0.0,1036.0,0.0,119.0,29.0
22030,2023,1250,0,0.9860442876815796,90,2023-12-03,FWR,Liverpool,Fulham,,Mohamed Salah,h,NoGoal,EPL,Liverpool,1245,0.0,1036.0,0.0,209.0,119.0
22040,2023,1250,0,0.4732013344764709,73,2023-12-06,FWR,Sheffield United,Liverpool,,Mohamed Salah,a,NoGoal,EPL,Liverpool,1318,0.0,1036.0,0.0,282.0,209.0
22047,2023,1250,1,0.2599525153636932,90,2023-12-09,FWR,Crystal Palace,Liverpool,75.0,Mohamed Salah,a,OpenPlay,EPL,Liverpool,1408,0.0,1393.0,357.0,15.0,282.0
22060,2023,1250,0,0.3464138805866241,90,2023-12-17,FWR,Liverpool,Manchester United,,Mohamed Salah,h,NoGoal,EPL,Liverpool,1498,0.0,1393.0,0.0,105.0,15.0
22068,2023,1250,1,0.1957885324954986,90,2023-12-23,FWR,Liverpool,Arsenal,28.0,Mohamed Salah,h,OpenPlay,EPL,Liverpool,1588,0.0,1526.0,133.0,62.0,105.0
22079,2023,1250,0,0.2857094705104828,90,2023-12-26,FWR,Burnley,Liverpool,,Mohamed Salah,a,NoGoal,EPL,Liverpool,1678,0.0,1526.0,0.0,152.0,62.0
22088,2023,1250,2,2.356532096862793,90,2024-01-01,FWR,Liverpool,Newcastle United,48.0,Mohamed Salah,h,OpenPlay,EPL,Liverpool,1768,0.0,1726.0,200.0,42.0,152.0
22088,2023,1250,2,2.356532096862793,90,2024-01-01,FWR,Liverpool,Newcastle United,85.0,Mohamed Salah,h,Penalty,EPL,Liverpool,1768,0.0,1763.0,37.0,5.0,152.0
22135,2023,1250,1,0.7410247921943665,47,2024-02-17,Sub,Brentford,Liverpool,67.0,Mohamed Salah,a,OpenPlay,EPL,Liverpool,1815,43.0,1792.0,29.0,23.0,5.0
22171,2023,1250,0,0.1579761654138565,27,2024-03-10,Sub,Liverpool,Manchester City,,Mohamed Salah,h,NoGoal,EPL,Liverpool,1842,63.0,1792.0,0.0,50.0,23.0
22189,2023,1250,1,1.8018879890441892,90,2024-03-31,FWR,Liverpool,Brighton,64.0,Mohamed Salah,h,OpenPlay,EPL,Liverpool,1932,0.0,1906.0,114.0,26.0,50.0
22203,2023,1250,0,0.1131607890129089,64,2024-04-04,FWR,Liverpool,Sheffield United,,Mohamed Salah,h,NoGoal,EPL,Liverpool,1996,0.0,1906.0,0.0,90.0,26.0
22211,2023,1250,1,1.3314489126205444,90,2024-04-07,FWR,Manchester United,Liverpool,83.0,Mohamed Salah,a,Penalty,EPL,Liverpool,2086,0.0,2079.0,173.0,7.0,90.0
22220,2023,1250,0,0.6287850737571716,90,2024-04-14,FWR,Liverpool,Crystal Palace,,Mohamed Salah,h,NoGoal,EPL,Liverpool,2176,0.0,2079.0,0.0,97.0,7.0
22229,2023,1250,0,0.0,12,2024-04-21,Sub,Fulham,Liverpool,,Mohamed Salah,a,NoGoal,EPL,Liverpool,2188,78.0,2079.0,0.0,109.0,97.0
22179,2023,1250,0,0.4388452768325805,90,2024-04-24,FWR,Everton,Liverpool,,Mohamed Salah,a,NoGoal,EPL,Liverpool,2278,0.0,2079.0,0.0,199.0,109.0
22243,2023,1250,0,0.0,8,2024-04-27,Sub,West Ham,Liverpool,,Mohamed Salah,a,NoGoal,EPL,Liverpool,2286,82.0,2079.0,0.0,207.0,199.0
22251,2023,1250,1,1.5200809240341189,90,2024-05-05,FWR,Liverpool,Tottenham,15.0,Mohamed Salah,h,OpenPlay,EPL,Liverpool,2376,0.0,2301.0,222.0,75.0,207.0
22256,2023,1250,0,0.0624981559813022,90,2024-05-13,FWR,Aston Villa,Liverpool,,Mohamed Salah,a,NoGoal,EPL,Liverpool,2466,0.0,2301.0,0.0,165.0,75.0
22271,2023,1250,0,1.5352404117584229,90,2024-05-19,FWR,Liverpool,Wolverhampton Wanderers,,Mohamed Salah,h,NoGoal,EPL,Liverpool,2556,0.0,2301.0,0.0,255.0,165.0
26603,2024,1250,1,1.0967350006103516,90,2024-08-17,AMR,Ipswich,Liverpool,64.0,Mohamed Salah,a,OpenPlay,EPL,Liverpool,2646,0.0,2620.0,319.0,26.0,255.0
26621,2024,1250,1,0.4332505166530609,85,2024-08-25,AMR,Liverpool,Brentford,69.0,Mohamed Salah,h,OpenPlay,EPL,Liverpool,2731,0.0,2715.0,95.0,16.0,26.0
26631,2024,1250,1,0.5230941772460938,90,2024-09-01,AMR,Manchester United,Liverpool,55.0,Mohamed Salah,a,OpenPlay,EPL,Liverpool,2821,0.0,2786.0,71.0,35.0,16.0
26635,2024,1250,0,0.1405571103096008,90,2024-09-14,AMR,Liverpool,Nottingham Forest,,Mohamed Salah,h,NoGoal,EPL,Liverpool,2911,0.0,2786.0,0.0,125.0,35.0
26645,2024,1250,0,0.4555763602256775,90,2024-09-21,AMR,Liverpool,Bournemouth,,Mohamed Salah,h,NoGoal,EPL,Liverpool,3001,0.0,2786.0,0.0,215.0,125.0
26658,2024,1250,1,1.1548999547958374,90,2024-09-28,AMR,Wolverhampton Wanderers,Liverpool,60.0,Mohamed Salah,a,Penalty,EPL,Liverpool,3091,0.0,3061.0,275.0,30.0,215.0
26662,2024,1250,0,0.3793025314807892,75,2024-10-05,AMR,Crystal Palace,Liverpool,,Mohamed Salah,a,NoGoal,EPL,Liverpool,3166,0.0,3061.0,0.0,105.0,30.0
26679,2024,1250,1,0.7927907109260559,90,2024-10-20,AMR,Liverpool,Chelsea,28.0,Mohamed Salah,h,Penalty,EPL,Liverpool,3256,0.0,3194.0,133.0,62.0,105.0
26691,2024,1250,1,0.6709172129631042,90,2024-10-27,AMR,Arsenal,Liverpool,80.0,Mohamed Salah,a,OpenPlay,EPL,Liverpool,3346,0.0,3336.0,142.0,10.0,62.0
26696,2024,1250,1,0.3979918658733368,90,2024-11-02,AMR,Liverpool,Brighton,71.0,Mohamed Salah,h,OpenPlay,EPL,Liverpool,3436,0.0,3417.0,81.0,19.0,10.0
26707,2024,1250,1,0.7756544947624207,90,2024-11-09,AMR,Liverpool,Aston Villa,83.0,Mohamed Salah,h,OpenPlay,EPL,Liverpool,3526,0.0,3519.0,102.0,7.0,19.0
26721,2024,1250,2,1.6670581102371216,90,2024-11-24,AMR,Southampton,Liverpool,64.0,Mohamed Salah,a,OpenPlay,EPL,Liverpool,3616,0.0,3590.0,71.0,26.0,7.0
26721,2024,1250,2,1.6670581102371216,90,2024-11-24,AMR,Southampton,Liverpool,82.0,Mohamed Salah,a,Penalty,EPL,Liverpool,3616,0.0,3608.0,18.0,8.0,7.0
26726,2024,1250,1,1.178461670875549,87,2024-12-01,AMR,Liverpool,Manchester City,77.0,Mohamed Salah,h,Penalty,EPL,Liverpool,3703,0.0,3693.0,85.0,10.0,8.0
26740,2024,1250,2,0.7634938955307007,90,2024-12-04,AMR,Newcastle United,Liverpool,67.0,Mohamed Salah,a,OpenPlay,EPL,Liverpool,3793,0.0,3770.0,77.0,23.0,10.0
26740,2024,1250,2,0.7634938955307007,90,2024-12-04,AMR,Newcastle United,Liverpool,82.0,Mohamed Salah,a,OpenPlay,EPL,Liverpool,3793,0.0,3785.0,15.0,8.0,10.0
26752,2024,1250,0,0.2346815168857574,90,2024-12-14,FWR,Liverpool,Fulham,,Mohamed Salah,h,NoGoal,EPL,Liverpool,3883,0.0,3785.0,0.0,98.0,8.0
26768,2024,1250,2,2.20344352722168,89,2024-12-22,AMR,Tottenham,Liverpool,53.0,Mohamed Salah,a,OpenPlay,EPL,Liverpool,3972,0.0,3936.0,151.0,36.0,98.0
26768,2024,1250,2,2.20344352722168,89,2024-12-22,AMR,Tottenham,Liverpool,60.0,Mohamed Salah,a,OpenPlay,EPL,Liverpool,3972,0.0,3943.0,7.0,29.0,98.0
26776,2024,1250,1,0.5320258736610413,90,2024-12-26,AMR,Liverpool,Leicester,81.0,Mohamed Salah,h,OpenPlay,EPL,Liverpool,4062,0.0,4053.0,110.0,9.0,29.0
26791,2024,1250,1,1.6821272373199463,90,2024-12-29,AMR,West Ham,Liverpool,43.0,Mohamed Salah,a,OpenPlay,EPL,Liverpool,4152,0.0,4105.0,52.0,47.0,9.0
26797,2024,1250,1,1.0143814086914062,90,2025-01-05,AMR,Liverpool,Manchester United,69.0,Mohamed Salah,h,Penalty,EPL,Liverpool,4242,0.0,4221.0,116.0,21.0,47.0
26807,2024,1250,0,0.3907311856746673,90,2025-01-14,AMR,Nottingham Forest,Liverpool,,Mohamed Salah,a,NoGoal,EPL,Liverpool,4332,0.0,4221.0,0.0,111.0,21.0
26813,2024,1250,0,0.2679798305034637,90,2025-01-18,AMR,Brentford,Liverpool,,Mohamed Salah,a,NoGoal,EPL,Liverpool,4422,0.0,4221.0,0.0,201.0,111.0
26827,2024,1250,1,0.4095203280448913,90,2025-01-25,AMR,Liverpool,Ipswich,34.0,Mohamed Salah,h,OpenPlay,EPL,Liverpool,4512,0.0,4456.0,235.0,56.0,201.0
26832,2024,1250,2,0.8678356409072876,90,2025-02-01,AMR,Bournemouth,Liverpool,29.0,Mohamed Salah,a,Penalty,EPL,Liverpool,4602,0.0,4541.0,85.0,61.0,56.0
26832,2024,1250,2,0.8678356409072876,90,2025-02-01,AMR,Bournemouth,Liverpool,74.0,Mohamed Salah,a,OpenPlay,EPL,Liverpool,4602,0.0,4586.0,45.0,16.0,56.0
26748,2024,1250,1,0.4562369287014007,90,2025-02-12,AMR,Everton,Liverpool,72.0,Mohamed Salah,a,OpenPlay,EPL,Liverpool,4692,0.0,4674.0,88.0,18.0,16.0
26847,2024,1250,1,0.8348486423492432,90,2025-02-16,AMR,Liverpool,Wolverhampton Wanderers,36.0,Mohamed Salah,h,Penalty,EPL,Liverpool,4782,0.0,4728.0,54.0,54.0,18.0
26884,2024,1250,1,0.5733988285064697,90,2025-02-19,AMR,Aston Villa,Liverpool,28.0,Mohamed Salah,a,OpenPlay,EPL,Liverpool,4872,0.0,4810.0,82.0,62.0,54.0
26859,2024,1250,1,0.1141483336687088,90,2025-02-23,AMC,Manchester City,Liverpool,13.0,Mohamed Salah,a,FromCorner,EPL,Liverpool,4962,0.0,4885.0,75.0,77.0,62.0
26870,2024,1250,0,0.2150779068470001,90,2025-02-26,AMR,Liverpool,Newcastle United,,Mohamed Salah,h,NoGoal,EPL,Liverpool,5052,0.0,4885.0,0.0,167.0,77.0
26876,2024,1250,2,2.16149377822876,90,2025-03-08,FWR,Liverpool,Southampton,54.0,Mohamed Salah,h,Penalty,EPL,Liverpool,5142,0.0,5106.0,221.0,36.0,167.0
26876,2024,1250,2,2.16149377822876,90,2025-03-08,FWR,Liverpool,Southampton,87.0,Mohamed Salah,h,Penalty,EPL,Liverpool,5142,0.0,5139.0,33.0,3.0,167.0
26901,2024,1250,0,0.1828452944755554,90,2025-04-02,AMR,Liverpool,Everton,,Mohamed Salah,h,NoGoal,EPL,Liverpool,5232,0.0,5139.0,0.0,93.0,3.0
26906,2024,1250,0,0.2793395519256592,90,2025-04-06,AMR,Fulham,Liverpool,,Mohamed Salah,a,NoGoal,EPL,Liverpool,5322,0.0,5139.0,0.0,183.0,93.0
26916,2024,1250,0,0.0335492342710495,86,2025-04-13,AMR,Liverpool,West Ham,,Mohamed Salah,h,NoGoal,EPL,Liverpool,5408,0.0,5139.0,0.0,269.0,183.0
26928,2024,1250,0,1.965900540351868,90,2025-04-20,AMR,Leicester,Liverpool,,Mohamed Salah,a,NoGoal,EPL,Liverpool,5498,0.0,5139.0,0.0,359.0,269.0
26936,2024,1250,1,0.3334500193595886,90,2025-04-27,AMR,Liverpool,Tottenham,62.0,Mohamed Salah,h,OpenPlay,EPL,Liverpool,5588,0.0,5560.0,421.0,28.0,359.0
26948,2024,1250,0,0.2474177032709121,90,2025-05-04,AMR,Chelsea,Liverpool,,Mohamed Salah,a,NoGoal,EPL,Liverpool,5678,0.0,5560.0,0.0,118.0,28.0
26952,2024,1250,0,0.0,90,2025-05-11,AMR,Liverpool,Arsenal,,Mohamed Salah,h,NoGoal,EPL,Liverpool,5768,0.0,5560.0,0.0,208.0,118.0
26965,2024,1250,0,1.6257779598236084,90,2025-05-19,AMR,Brighton,Liverpool,,Mohamed Salah,a,NoGoal,EPL,Liverpool,5858,0.0,5560.0,0.0,298.0,208.0
26975,2024,1250,1,0.6502726078033447,90,2025-05-25,AMR,Liverpool,Crystal Palace,83.0,Mohamed Salah,h,OpenPlay,EPL,Liverpool,5948,0.0,5941.0,381.0,7.0,298.0
28778,2025,1250,1,0.2949364781379699,90,2025-08-15,AMR,Liverpool,Bournemouth,93.0,Mohamed Salah,h,OpenPlay,EPL,Liverpool,6038,0.0,6041.0,100.0,0.0,7.0
28797,2025,1250,0,0.0,90,2025-08-25,AMR,Newcastle United,Liverpool,,Mohamed Salah,a,NoGoal,EPL,Liverpool,6128,0.0,6041.0,0.0,87.0,0.0
28806,2025,1250,0,0.0757379606366157,90,2025-08-31,AMR,Liverpool,Arsenal,,Mohamed Salah,h,NoGoal,EPL,Liverpool,6218,0.0,6041.0,0.0,177.0,87.0
28816,2025,1250,1,0.7611688375473022,90,2025-09-14,AMR,Burnley,Liverpool,94.0,Mohamed Salah,a,Penalty,EPL,Liverpool,6308,0.0,6312.0,271.0,0.0,177.0
28818,2025,1250,0,0.1933365762233734,90,2025-09-20,AMR,Liverpool,Everton,,Mohamed Salah,h,NoGoal,EPL,Liverpool,6398,0.0,6312.0,0.0,86.0,0.0
28830,2025,1250,0,0.4717245697975158,90,2025-09-27,AMR,Crystal Palace,Liverpool,,Mohamed Salah,a,NoGoal,EPL,Liverpool,6488,0.0,6312.0,0.0,176.0,86.0
28842,2025,1250,0,0.1908721029758453,90,2025-10-04,AMR,Chelsea,Liverpool,,Mohamed Salah,a,NoGoal,EPL,Liverpool,6578,0.0,6312.0,0.0,266.0,176.0
28852,2025,1250,0,0.3492569327354431,89,2025-10-19,AMR,Liverpool,Manchester United,,Mohamed Salah,h,NoGoal,EPL,Liverpool,6667,0.0,6312.0,0.0,355.0,266.0
28861,2025,1250,1,0.6800620555877686,90,2025-10-25,AMR,Brentford,Liverpool,88.0,Mohamed Salah,a,OpenPlay,EPL,Liverpool,6757,0.0,6755.0,443.0,2.0,355.0
28872,2025,1250,1,0.3918712437152862,90,2025-11-01,AMR,Liverpool,Aston Villa,45.0,Mohamed Salah,h,OpenPlay,EPL,Liverpool,6847,0.0,6802.0,47.0,45.0,2.0
28883,2025,1250,0,0.5852469205856323,90,2025-11-09,AMR,Manchester City,Liverpool,,Mohamed Salah,a,NoGoal,EPL,Liverpool,6937,0.0,6802.0,0.0,135.0,45.0
28894,2025,1250,0,0.2085684537887573,90,2025-11-22,FWR,Liverpool,Nottingham Forest,,Mohamed Salah,h,NoGoal,EPL,Liverpool,7027,0.0,6802.0,0.0,225.0,135.0
28914,2025,1250,0,0.0890968665480613,43,2025-12-03,Sub,Liverpool,Sunderland,,Mohamed Salah,h,NoGoal,EPL,Liverpool,7070,47.0,6802.0,0.0,268.0,225.0
28933,2025,1250,0,0.7714912295341492,65,2025-12-13,Sub,Liverpool,Brighton,,Mohamed Salah,h,NoGoal,EPL,Liverpool,7135,25.0,6802.0,0.0,333.0,268.0
28998,2025,1250,0,0.3858192563056946,90,2026-01-24,FW,Bournemouth,Liverpool,,Mohamed Salah,a,NoGoal,EPL,Liverpool,7225,0.0,6802.0,0.0,423.0,333.0
29014,2025,1250,0,0.3603255450725555,89,2026-01-31,AMR,Liverpool,Newcastle United,,Mohamed Salah,h,NoGoal,EPL,Liverpool,7314,0.0,6802.0,0.0,512.0,423.0
29024,2025,1250,0,0.3449459373950958,90,2026-02-08,AMR,Liverpool,Manchester City,,Mohamed Salah,h,NoGoal,EPL,Liverpool,7404,0.0,6802.0,0.0,602.0,512.0
29035,2025,1250,0,0.3596456348896026,90,2026-02-11,AMR,Sunderland,Liverpool,,Mohamed Salah,a,NoGoal,EPL,Liverpool,7494,0.0,6802.0,0.0,692.0,602.0
29044,2025,1250,0,0.0,80,2026-02-22,AMR,Nottingham Forest,Liverpool,,Mohamed Salah,a,NoGoal,EPL,Liverpool,7574,0.0,6802.0,0.0,772.0,692.0
29054,2025,1250,0,0.2705181241035461,90,2026-02-28,AMR,Liverpool,West Ham,,Mohamed Salah,h,NoGoal,EPL,Liverpool,7664,0.0,6802.0,0.0,862.0,772.0
29067,2025,1250,1,0.2958885729312897,90,2026-03-03,AMR,Wolverhampton Wanderers,Liverpool,82.0,Mohamed Salah,a,OpenPlay,EPL,Liverpool,7754,0.0,7746.0,944.0,8.0,862.0
29073,2025,1250,0,0.2868862450122833,24,2026-03-15,Sub,Liverpool,Tottenham,,Mohamed Salah,h,NoGoal,EPL,Liverpool,7778,66.0,7746.0,0.0,32.0,8.0
29097,2025,1250,1,0.7161327600479126,90,2026-04-11,AMR,Liverpool,Fulham,39.0,Mohamed Salah,h,OpenPlay,EPL,Liverpool,7868,0.0,7817.0,71.0,51.0,32.0
29102,2025,1250,1,0.3823606967926025,90,2026-04-19,AMR,Everton,Liverpool,28.0,Mohamed Salah,a,OpenPlay,EPL,Liverpool,7958,0.0,7896.0,79.0,62.0,51.0
29113,2025,1250,0,0.0842586606740951,63,2026-04-25,AMR,Liverpool,Crystal Palace,,Mohamed Salah,h,NoGoal,EPL,Liverpool,8021,0.0,7896.0,0.0,125.0,62.0
29140,2025,1250,0,0.0,13,2026-05-15,Sub,Aston Villa,Liverpool,,Mohamed Salah,a,NoGoal,EPL,Liverpool,8034,77.0,7896.0,0.0,138.0,125.0
22277,2023,1776,1,0.3878659307956695,90,2023-08-12,AMR,Bournemouth,West Ham,50.0,Jarrod Bowen,a,OpenPlay,EPL,West Ham,90,0.0,50.0,,40.0,
22293,2023,1776,0,0.1666590273380279,90,2023-08-20,AMR,West Ham,Chelsea,,Jarrod Bowen,h,NoGoal,EPL,West Ham,180,0.0,50.0,0.0,130.0,40.0
22301,2023,1776,1,0.7520911693572998,90,2023-08-26,MR,Brighton,West Ham,57.0,Jarrod Bowen,a,OpenPlay,EPL,West Ham,270,0.0,237.0,187.0,33.0,130.0
21925,2023,1776,1,0.5454335808753967,90,2023-09-01,AMR,Luton,West Ham,36.0,Jarrod Bowen,a,OpenPlay,EPL,West Ham,360,0.0,306.0,69.0,54.0,33.0
21937,2023,1776,0,0.0,90,2023-09-16,AMR,West Ham,Manchester City,,Jarrod Bowen,h,NoGoal,EPL,West Ham,450,0.0,306.0,0.0,144.0,54.0
21953,2023,1776,1,0.7360193729400635,90,2023-09-24,AMR,Liverpool,West Ham,41.0,Jarrod Bowen,a,OpenPlay,EPL,West Ham,540,0.0,491.0,185.0,49.0,144.0
21960,2023,1776,1,1.2647333145141602,90,2023-09-30,AMR,West Ham,Sheffield United,23.0,Jarrod Bowen,h,OpenPlay,EPL,West Ham,630,0.0,563.0,72.0,67.0,49.0
21973,2023,1776,0,0.0504507198929786,90,2023-10-08,AMR,West Ham,Newcastle United,,Jarrod Bowen,h,NoGoal,EPL,West Ham,720,0.0,563.0,0.0,157.0,67.0
21976,2023,1776,1,0.0735040605068206,90,2023-10-22,AMR,Aston Villa,West Ham,55.0,Jarrod Bowen,a,OpenPlay,EPL,West Ham,810,0.0,775.0,212.0,35.0,157.0
21993,2023,1776,0,0.406733363866806,90,2023-10-29,AMR,West Ham,Everton,,Jarrod Bowen,h,NoGoal,EPL,West Ham,900,0.0,775.0,0.0,125.0,35.0
21995,2023,1776,1,0.6154277324676514,90,2023-11-04,FW,Brentford,West Ham,25.0,Jarrod Bowen,a,OpenPlay,EPL,West Ham,990,0.0,925.0,150.0,65.0,125.0
22013,2023,1776,1,0.4815865457057953,90,2023-11-12,FW,West Ham,Nottingham Forest,64.0,Jarrod Bowen,h,FromCorner,EPL,West Ham,1080,0.0,1054.0,129.0,26.0,65.0
22034,2023,1776,0,0.4575333893299103,90,2023-12-03,FW,West Ham,Crystal Palace,,Jarrod Bowen,h,NoGoal,EPL,West Ham,1170,0.0,1054.0,0.0,116.0,26.0
22041,2023,1776,1,0.4791664481163025,90,2023-12-07,FWR,Tottenham,West Ham,51.0,Jarrod Bowen,a,OpenPlay,EPL,West Ham,1260,0.0,1221.0,167.0,39.0,116.0
22049,2023,1776,0,0.5312139391899109,90,2023-12-10,FW,Fulham,West Ham,,Jarrod Bowen,a,NoGoal,EPL,West Ham,1350,0.0,1221.0,0.0,129.0,39.0
22064,2023,1776,1,0.2701813876628876,90,2023-12-17,FW,West Ham,Wolverhampton Wanderers,73.0,Jarrod Bowen,h,OpenPlay,EPL,West Ham,1440,0.0,1423.0,202.0,17.0,129.0
22072,2023,1776,1,1.0771249532699585,90,2023-12-23,FW,West Ham,Manchester United,71.0,Jarrod Bowen,h,OpenPlay,EPL,West Ham,1530,0.0,1511.0,88.0,19.0,17.0
22076,2023,1776,0,0.0,90,2023-12-28,FW,Arsenal,West Ham,,Jarrod Bowen,a,NoGoal,EPL,West Ham,1620,0.0,1511.0,0.0,109.0,19.0
22093,2023,1776,0,0.0,90,2024-01-02,FW,West Ham,Brighton,,Jarrod Bowen,h,NoGoal,EPL,West Ham,1710,0.0,1511.0,0.0,199.0,109.0
22101,2023,1776,0,0.3508220613002777,90,2024-01-21,FW,Sheffield United,West Ham,,Jarrod Bowen,a,NoGoal,EPL,West Ham,1800,0.0,1511.0,0.0,289.0,199.0
22110,2023,1776,0,0.3813146352767944,90,2024-02-01,FW,West Ham,Bournemouth,,Jarrod Bowen,h,NoGoal,EPL,West Ham,1890,0.0,1511.0,0.0,379.0,289.0
22122,2023,1776,0,0.123721957206726,90,2024-02-04,FW,Manchester United,West Ham,,Jarrod Bowen,a,NoGoal,EPL,West Ham,1980,0.0,1511.0,0.0,469.0,379.0
22133,2023,1776,0,0.0573379658162593,90,2024-02-11,FW,West Ham,Arsenal,,Jarrod Bowen,h,NoGoal,EPL,West Ham,2070,0.0,1511.0,0.0,559.0,469.0
22142,2023,1776,0,0.100714661180973,90,2024-02-17,AMR,Nottingham Forest,West Ham,,Jarrod Bowen,a,NoGoal,EPL,West Ham,2160,0.0,1511.0,0.0,649.0,559.0
22153,2023,1776,3,1.2190885543823242,90,2024-02-26,FW,West Ham,Brentford,4.0,Jarrod Bowen,h,OpenPlay,EPL,West Ham,2250,0.0,2164.0,653.0,86.0,649.0
22153,2023,1776,3,1.2190885543823242,90,2024-02-26,FW,West Ham,Brentford,6.0,Jarrod Bowen,h,OpenPlay,EPL,West Ham,2250,0.0,2166.0,2.0,84.0,649.0
22153,2023,1776,3,1.2190885543823242,90,2024-02-26,FW,West Ham,Brentford,62.0,Jarrod Bowen,h,OpenPlay,EPL,West Ham,2250,0.0,2222.0,56.0,28.0,649.0
22157,2023,1776,0,0.0,90,2024-03-02,FW,Everton,West Ham,,Jarrod Bowen,a,NoGoal,EPL,West Ham,2340,0.0,2222.0,0.0,118.0,28.0
22173,2023,1776,0,0.0924858301877975,90,2024-03-10,FW,West Ham,Burnley,,Jarrod Bowen,h,NoGoal,EPL,West Ham,2430,0.0,2222.0,0.0,208.0,118.0
22183,2023,1776,0,0.0,90,2024-03-17,AMR,West Ham,Aston Villa,,Jarrod Bowen,h,NoGoal,EPL,West Ham,2520,0.0,2222.0,0.0,298.0,208.0
22191,2023,1776,1,0.4920608103275299,90,2024-03-30,AMR,Newcastle United,West Ham,47.0,Jarrod Bowen,a,OpenPlay,EPL,West Ham,2610,0.0,2567.0,345.0,43.0,298.0
22199,2023,1776,0,0.1545791029930114,90,2024-04-02,MR,West Ham,Tottenham,,Jarrod Bowen,h,NoGoal,EPL,West Ham,2700,0.0,2567.0,0.0,133.0,43.0
22214,2023,1776,0,0.0,56,2024-04-06,FW,Wolverhampton Wanderers,West Ham,,Jarrod Bowen,a,NoGoal,EPL,West Ham,2756,0.0,2567.0,0.0,189.0,133.0
22243,2023,1776,1,0.1738520562648773,90,2024-04-27,AMR,West Ham,Liverpool,42.0,Jarrod Bowen,h,FromCorner,EPL,West Ham,2846,0.0,2798.0,231.0,48.0,189.0
22249,2023,1776,0,0.2958299815654754,90,2024-05-05,AMR,Chelsea,West Ham,,Jarrod Bowen,a,NoGoal,EPL,West Ham,2936,0.0,2798.0,0.0,138.0,48.0
22263,2023,1776,0,1.761103868484497,90,2024-05-11,AMR,West Ham,Luton,,Jarrod Bowen,h,NoGoal,EPL,West Ham,3026,0.0,2798.0,0.0,228.0,138.0
26608,2024,1776,0,0.0,76,2024-08-17,MR,West Ham,Aston Villa,,Jarrod Bowen,h,NoGoal,EPL,West Ham,3102,0.0,2798.0,0.0,304.0,228.0
26613,2024,1776,1,0.115634836256504,90,2024-08-24,MR,Crystal Palace,West Ham,71.0,Jarrod Bowen,a,OpenPlay,EPL,West Ham,3192,0.0,3173.0,375.0,19.0,304.0
26628,2024,1776,0,0.0808230489492416,88,2024-08-31,AMR,West Ham,Manchester City,,Jarrod Bowen,h,NoGoal,EPL,West Ham,3280,0.0,3173.0,0.0,107.0,19.0
26634,2024,1776,0,0.3370285332202911,90,2024-09-14,AMR,Fulham,West Ham,,Jarrod Bowen,a,NoGoal,EPL,West Ham,3370,0.0,3173.0,0.0,197.0,107.0
26642,2024,1776,0,0.1211444362998008,90,2024-09-21,FW,West Ham,Chelsea,,Jarrod Bowen,h,NoGoal,EPL,West Ham,3460,0.0,3173.0,0.0,287.0,197.0
26656,2024,1776,0,0.1408017426729202,90,2024-09-28,MR,Brentford,West Ham,,Jarrod Bowen,a,NoGoal,EPL,West Ham,3550,0.0,3173.0,0.0,377.0,287.0
26665,2024,1776,1,0.579461932182312,90,2024-10-05,MR,West Ham,Ipswich,48.0,Jarrod Bowen,h,OpenPlay,EPL,West Ham,3640,0.0,3598.0,425.0,42.0,377.0
26672,2024,1776,0,0.0283768605440855,90,2024-10-19,MR,Tottenham,West Ham,,Jarrod Bowen,a,NoGoal,EPL,West Ham,3730,0.0,3598.0,0.0,132.0,42.0
26690,2024,1776,1,0.8927009105682373,90,2024-10-27,AMR,West Ham,Manchester United,91.0,Jarrod Bowen,h,Penalty,EPL,West Ham,3820,0.0,3821.0,223.0,0.0,132.0
26698,2024,1776,0,0.0188986249268054,90,2024-11-02,FW,Nottingham Forest,West Ham,,Jarrod Bowen,a,NoGoal,EPL,West Ham,3910,0.0,3821.0,0.0,89.0,0.0
26710,2024,1776,0,0.1528606116771698,90,2024-11-09,MR,West Ham,Everton,,Jarrod Bowen,h,NoGoal,EPL,West Ham,4000,0.0,3821.0,0.0,179.0,89.0
26713,2024,1776,0,0.1984738707542419,90,2024-11-25,AMR,Newcastle United,West Ham,,Jarrod Bowen,a,NoGoal,EPL,West Ham,4090,0.0,3821.0,0.0,269.0,179.0
26730,2024,1776,0,0.0322195328772068,90,2024-11-30,AMR,West Ham,Arsenal,,Jarrod Bowen,h,NoGoal,EPL,West Ham,4180,0.0,3821.0,0.0,359.0,269.0
26738,2024,1776,0,0.2622913420200348,90,2024-12-03,AMR,Leicester,West Ham,,Jarrod Bowen,a,NoGoal,EPL,West Ham,4270,0.0,3821.0,0.0,449.0,359.0
26746,2024,1776,1,0.4477247893810272,90,2024-12-09,FW,West Ham,Wolverhampton Wanderers,71.0,Jarrod Bowen,h,SetPiece,EPL,West Ham,4360,0.0,4341.0,520.0,19.0,449.0
26754,2024,1776,0,0.251527726650238,90,2024-12-16,FW,Bournemouth,West Ham,,Jarrod Bowen,a,NoGoal,EPL,West Ham,4450,0.0,4341.0,0.0,109.0,19.0
26767,2024,1776,0,0.4891208112239837,90,2024-12-21,MR,West Ham,Brighton,,Jarrod Bowen,h,NoGoal,EPL,West Ham,4540,0.0,4341.0,0.0,199.0,109.0
26780,2024,1776,1,0.9716762900352478,90,2024-12-26,MR,Southampton,West Ham,58.0,Jarrod Bowen,a,FromCorner,EPL,West Ham,4630,0.0,4598.0,257.0,32.0,199.0
26791,2024,1776,0,0.0338022746145725,63,2024-12-29,FW,West Ham,Liverpool,,Jarrod Bowen,h,NoGoal,EPL,West Ham,4693,0.0,4598.0,0.0,95.0,32.0
26835,2024,1776,1,0.4576659798622131,90,2025-02-03,FW,Chelsea,West Ham,41.0,Jarrod Bowen,a,OpenPlay,EPL,West Ham,4783,0.0,4734.0,136.0,49.0,95.0
26851,2024,1776,0,0.0,90,2025-02-15,AMR,West Ham,Brentford,,Jarrod Bowen,h,NoGoal,EPL,West Ham,4873,0.0,4734.0,0.0,139.0,49.0
26853,2024,1776,1,0.7903981804847717,84,2025-02-22,FW,Arsenal,West Ham,43.0,Jarrod Bowen,a,OpenPlay,EPL,West Ham,4957,0.0,4916.0,182.0,41.0,139.0
26866,2024,1776,0,0.1082421243190765,90,2025-02-27,FW,West Ham,Leicester,,Jarrod Bowen,h,NoGoal,EPL,West Ham,5047,0.0,4916.0,0.0,131.0,41.0
26880,2024,1776,0,0.1836089789867401,90,2025-03-10,FW,West Ham,Newcastle United,,Jarrod Bowen,h,NoGoal,EPL,West Ham,5137,0.0,4916.0,0.0,221.0,131.0
26885,2024,1776,0,0.2426726520061493,90,2025-03-15,FW,Everton,West Ham,,Jarrod Bowen,a,NoGoal,EPL,West Ham,5227,0.0,4916.0,0.0,311.0,221.0
26895,2024,1776,0,0.1505984812974929,90,2025-04-01,AMC,Wolverhampton Wanderers,West Ham,,Jarrod Bowen,a,NoGoal,EPL,West Ham,5317,0.0,4916.0,0.0,401.0,311.0
26911,2024,1776,1,0.3458708226680755,90,2025-04-05,FW,West Ham,Bournemouth,67.0,Jarrod Bowen,h,OpenPlay,EPL,West Ham,5407,0.0,5384.0,468.0,23.0,401.0
26916,2024,1776,0,0.3284119069576263,90,2025-04-13,FW,Liverpool,West Ham,,Jarrod Bowen,a,NoGoal,EPL,West Ham,5497,0.0,5384.0,0.0,113.0,23.0
26931,2024,1776,1,0.2238812446594238,87,2025-04-19,AMR,West Ham,Southampton,46.0,Jarrod Bowen,h,OpenPlay,EPL,West Ham,5584,0.0,5543.0,159.0,41.0,113.0
26934,2024,1776,0,0.0912312120199203,90,2025-04-26,FW,Brighton,West Ham,,Jarrod Bowen,a,NoGoal,EPL,West Ham,5674,0.0,5543.0,0.0,131.0,41.0
26943,2024,1776,1,0.9279707074165344,90,2025-05-04,AMC,West Ham,Tottenham,27.0,Jarrod Bowen,h,OpenPlay,EPL,West Ham,5764,0.0,5701.0,158.0,63.0,131.0
26956,2024,1776,1,0.4728576838970184,75,2025-05-11,FW,Manchester United,West Ham,56.0,Jarrod Bowen,a,OpenPlay,EPL,West Ham,5839,0.0,5820.0,119.0,19.0,63.0
26971,2024,1776,1,0.1657291650772094,90,2025-05-18,FW,West Ham,Nottingham Forest,85.0,Jarrod Bowen,h,OpenPlay,EPL,West Ham,5929,0.0,5924.0,104.0,5.0,19.0
26980,2024,1776,1,0.1723966151475906,90,2025-05-25,FW,Ipswich,West Ham,54.0,Jarrod Bowen,a,OpenPlay,EPL,West Ham,6019,0.0,5983.0,59.0,36.0,5.0
28781,2025,1776,0,0.1971778273582458,90,2025-08-16,FW,Sunderland,West Ham,,Jarrod Bowen,a,NoGoal,EPL,West Ham,6109,0.0,5983.0,0.0,126.0,36.0
28788,2025,1776,0,0.0947368964552879,90,2025-08-22,FW,West Ham,Chelsea,,Jarrod Bowen,h,NoGoal,EPL,West Ham,6199,0.0,5983.0,0.0,216.0,126.0
28804,2025,1776,1,0.0627377703785896,90,2025-08-31,AMR,Nottingham Forest,West Ham,83.0,Jarrod Bowen,a,OpenPlay,EPL,West Ham,6289,0.0,6282.0,299.0,7.0,216.0
28814,2025,1776,0,0.1259527802467346,90,2025-09-13,AMR,West Ham,Tottenham,,Jarrod Bowen,h,NoGoal,EPL,West Ham,6379,0.0,6282.0,0.0,97.0,7.0
28819,2025,1776,1,0.1912515610456466,90,2025-09-20,AMR,West Ham,Crystal Palace,48.0,Jarrod Bowen,h,FromCorner,EPL,West Ham,6469,0.0,6427.0,145.0,42.0,97.0
28837,2025,1776,1,0.1991116553544998,90,2025-09-29,MR,Everton,West Ham,64.0,Jarrod Bowen,a,OpenPlay,EPL,West Ham,6559,0.0,6533.0,106.0,26.0,42.0
28839,2025,1776,0,0.0,90,2025-10-04,MR,Arsenal,West Ham,,Jarrod Bowen,a,NoGoal,EPL,West Ham,6649,0.0,6533.0,0.0,116.0,26.0
28857,2025,1776,0,0.0792552158236503,90,2025-10-20,AMR,West Ham,Brentford,,Jarrod Bowen,h,NoGoal,EPL,West Ham,6739,0.0,6533.0,0.0,206.0,116.0
28864,2025,1776,0,0.0463861003518104,90,2025-10-24,FWL,Leeds,West Ham,,Jarrod Bowen,a,NoGoal,EPL,West Ham,6829,0.0,6533.0,0.0,296.0,206.0
28877,2025,1776,0,0.5139232277870178,90,2025-11-02,MR,West Ham,Newcastle United,,Jarrod Bowen,h,NoGoal,EPL,West Ham,6919,0.0,6533.0,0.0,386.0,296.0
28887,2025,1776,0,0.1478156894445419,90,2025-11-08,FWR,West Ham,Burnley,,Jarrod Bowen,h,NoGoal,EPL,West Ham,7009,0.0,6533.0,0.0,476.0,386.0
28888,2025,1776,0,0.1272437870502472,90,2025-11-22,FWR,Bournemouth,West Ham,,Jarrod Bowen,a,NoGoal,EPL,West Ham,7099,0.0,6533.0,0.0,566.0,476.0
28907,2025,1776,0,0.1584256291389465,90,2025-11-30,AMR,West Ham,Liverpool,,Jarrod Bowen,h,NoGoal,EPL,West Ham,7189,0.0,6533.0,0.0,656.0,566.0
28915,2025,1776,0,0.5752121806144714,90,2025-12-04,AMC,Manchester United,West Ham,,Jarrod Bowen,a,NoGoal,EPL,West Ham,7279,0.0,6533.0,0.0,746.0,656.0
28920,2025,1776,1,0.4844415187835693,90,2025-12-07,FW,Brighton,West Ham,72.0,Jarrod Bowen,a,OpenPlay,EPL,West Ham,7369,0.0,7351.0,818.0,18.0,746.0
28937,2025,1776,1,0.6638897061347961,90,2025-12-14,FW,West Ham,Aston Villa,23.0,Jarrod Bowen,h,OpenPlay,EPL,West Ham,7459,0.0,7392.0,41.0,67.0,18.0
28944,2025,1776,0,0.5439966320991516,90,2025-12-20,FW,Manchester City,West Ham,,Jarrod Bowen,a,NoGoal,EPL,West Ham,7549,0.0,7392.0,0.0,157.0,67.0
28957,2025,1776,0,0.5400765538215637,90,2025-12-27,FW,West Ham,Fulham,,Jarrod Bowen,h,NoGoal,EPL,West Ham,7639,0.0,7392.0,0.0,247.0,157.0
28967,2025,1776,1,0.6351789832115173,90,2025-12-30,AMR,West Ham,Brighton,9.0,Jarrod Bowen,h,OpenPlay,EPL,West Ham,7729,0.0,7648.0,256.0,81.0,247.0
28970,2025,1776,0,0.0591505132615566,90,2026-01-03,AMR,Wolverhampton Wanderers,West Ham,,Jarrod Bowen,a,NoGoal,EPL,West Ham,7819,0.0,7648.0,0.0,171.0,81.0
28987,2025,1776,0,0.2480250000953674,90,2026-01-06,AMR,West Ham,Nottingham Forest,,Jarrod Bowen,h,NoGoal,EPL,West Ham,7909,0.0,7648.0,0.0,261.0,171.0
28996,2025,1776,0,0.0734565258026123,90,2026-01-17,MR,Tottenham,West Ham,,Jarrod Bowen,a,NoGoal,EPL,West Ham,7999,0.0,7648.0,0.0,351.0,261.0
29007,2025,1776,1,0.8333954215049744,90,2026-01-24,MR,West Ham,Sunderland,27.0,Jarrod Bowen,h,Penalty,EPL,West Ham,8089,0.0,8026.0,378.0,63.0,351.0
29009,2025,1776,1,0.4282442629337311,86,2026-01-31,MR,Chelsea,West Ham,6.0,Jarrod Bowen,a,OpenPlay,EPL,West Ham,8175,0.0,8095.0,69.0,80.0,63.0
29021,2025,1776,0,0.0387064069509506,90,2026-02-07,MR,Burnley,West Ham,,Jarrod Bowen,a,NoGoal,EPL,West Ham,8265,0.0,8095.0,0.0,170.0,80.0
29037,2025,1776,0,0.0443412438035011,90,2026-02-10,AMR,West Ham,Manchester United,,Jarrod Bowen,h,NoGoal,EPL,West Ham,8355,0.0,8095.0,0.0,260.0,170.0
29047,2025,1776,0,0.1735232025384903,90,2026-02-21,MR,West Ham,Bournemouth,,Jarrod Bowen,h,NoGoal,EPL,West Ham,8445,0.0,8095.0,0.0,350.0,260.0
29054,2025,1776,0,0.0,90,2026-02-28,MR,Liverpool,West Ham,,Jarrod Bowen,a,NoGoal,EPL,West Ham,8535,0.0,8095.0,0.0,440.0,350.0
29062,2025,1776,0,0.1073947474360466,90,2026-03-04,MR,Fulham,West Ham,,Jarrod Bowen,a,NoGoal,EPL,West Ham,8625,0.0,8095.0,0.0,530.0,440.0
29077,2025,1776,0,0.0,90,2026-03-14,AMC,West Ham,Manchester City,,Jarrod Bowen,h,NoGoal,EPL,West Ham,8715,0.0,8095.0,0.0,620.0,530.0
29079,2025,1776,0,0.1186289116740226,90,2026-03-22,FWR,Aston Villa,West Ham,,Jarrod Bowen,a,NoGoal,EPL,West Ham,8805,0.0,8095.0,0.0,710.0,620.0
29091,2025,1776,0,0.2381116449832916,90,2026-04-10,MR,West Ham,Wolverhampton Wanderers,,Jarrod Bowen,h,NoGoal,EPL,West Ham,8895,0.0,8095.0,0.0,800.0,710.0
29101,2025,1776,0,0.0331833101809024,90,2026-04-20,MR,Crystal Palace,West Ham,,Jarrod Bowen,a,NoGoal,EPL,West Ham,8985,0.0,8095.0,0.0,890.0,800.0
29116,2025,1776,0,0.116979993879795,90,2026-04-25,MR,West Ham,Everton,,Jarrod Bowen,h,NoGoal,EPL,West Ham,9075,0.0,8095.0,0.0,980.0,890.0
29121,2025,1776,0,0.0446686185896396,90,2026-05-02,MR,Brentford,West Ham,,Jarrod Bowen,a,NoGoal,EPL,West Ham,9165,0.0,8095.0,0.0,1070.0,980.0
29137,2025,1776,0,0.0630213767290115,90,2026-05-10,AMC,West Ham,Arsenal,,Jarrod Bowen,h,NoGoal,EPL,West Ham,9255,0.0,8095.0,0.0,1160.0,1070.0
29146,2025,1776,0,0.0524581260979175,90,2026-05-17,AMC,Newcastle United,West Ham,,Jarrod Bowen,a,NoGoal,EPL,West Ham,9345,0.0,8095.0,0.0,1250.0,1160.0
22687,2023,2234,0,0.3579693734645843,79,2023-08-12,FWL,Real Sociedad,Girona,,Mikel Oyarzabal,h,NoGoal,La_Liga,Real Sociedad,79,0.0,,,,
22697,2023,2234,0,0.0,21,2023-08-19,Sub,Real Sociedad,Celta Vigo,,Mikel Oyarzabal,h,NoGoal,La_Liga,Real Sociedad,100,69.0,,,,
22705,2023,2234,0,0.1751399487257003,44,2023-08-25,Sub,Las Palmas,Real Sociedad,,Mikel Oyarzabal,a,NoGoal,La_Liga,Real Sociedad,144,46.0,,,,
22724,2023,2234,0,0.0,83,2023-09-02,FW,Real Sociedad,Granada,,Mikel Oyarzabal,h,NoGoal,La_Liga,Real Sociedad,227,0.0,,,,
22729,2023,2234,0,0.3327889442443847,83,2023-09-17,FW,Real Madrid,Real Sociedad,,Mikel Oyarzabal,a,NoGoal,La_Liga,Real Sociedad,310,0.0,,,,
22743,2023,2234,2,1.2001523971557615,22,2023-09-24,Sub,Real Sociedad,Getafe,60.0,Mikel Oyarzabal,h,Penalty,La_Liga,Real Sociedad,332,68.0,302.0,,30.0,30.0
22743,2023,2234,2,1.2001523971557615,22,2023-09-24,Sub,Real Sociedad,Getafe,87.0,Mikel Oyarzabal,h,OpenPlay,La_Liga,Real Sociedad,332,68.0,329.0,27.0,3.0,30.0
22752,2023,2234,0,0.0,90,2023-09-27,FWR,Valencia,Real Sociedad,,Mikel Oyarzabal,a,NoGoal,La_Liga,Real Sociedad,422,0.0,329.0,0.0,93.0,3.0
22762,2023,2234,1,0.6397347450256348,25,2023-09-30,Sub,Real Sociedad,Athletic Club,65.0,Mikel Oyarzabal,h,OpenPlay,La_Liga,Real Sociedad,447,65.0,422.0,93.0,25.0,93.0
22765,2023,2234,1,0.6835089325904846,90,2023-10-08,FW,Atletico Madrid,Real Sociedad,72.0,Mikel Oyarzabal,a,OpenPlay,La_Liga,Real Sociedad,537,0.0,519.0,97.0,18.0,25.0
22781,2023,2234,0,0.8798768520355225,85,2023-10-21,FW,Real Sociedad,Mallorca,,Mikel Oyarzabal,h,NoGoal,La_Liga,Real Sociedad,622,0.0,519.0,0.0,103.0,18.0
22790,2023,2234,2,1.2430413961410522,90,2023-10-29,FW,Rayo Vallecano,Real Sociedad,40.0,Mikel Oyarzabal,a,OpenPlay,La_Liga,Real Sociedad,712,0.0,662.0,143.0,50.0,103.0
22790,2023,2234,2,1.2430413961410522,90,2023-10-29,FW,Rayo Vallecano,Real Sociedad,65.0,Mikel Oyarzabal,a,Penalty,La_Liga,Real Sociedad,712,0.0,687.0,25.0,25.0,103.0
22800,2023,2234,0,0.2897013127803802,84,2023-11-04,FW,Real Sociedad,Barcelona,,Mikel Oyarzabal,h,NoGoal,La_Liga,Real Sociedad,796,0.0,687.0,0.0,109.0,25.0
22805,2023,2234,1,0.8460488319396973,68,2023-11-11,FW,Almeria,Real Sociedad,61.0,Mikel Oyarzabal,a,FromCorner,La_Liga,Real Sociedad,864,0.0,857.0,170.0,7.0,109.0
22818,2023,2234,0,0.0,13,2023-11-26,Sub,Real Sociedad,Sevilla,,Mikel Oyarzabal,h,NoGoal,La_Liga,Real Sociedad,877,77.0,857.0,0.0,20.0,7.0
22828,2023,2234,0,0.0,11,2023-12-02,Sub,Osasuna,Real Sociedad,,Mikel Oyarzabal,a,NoGoal,La_Liga,Real Sociedad,888,79.0,857.0,0.0,31.0,20.0
22851,2023,2234,0,0.2003631144762039,75,2023-12-17,FWL,Real Sociedad,Real Betis,,Mikel Oyarzabal,h,NoGoal,La_Liga,Real Sociedad,963,0.0,857.0,0.0,106.0,31.0
22858,2023,2234,0,0.0184225924313068,90,2023-12-21,ML,Cadiz,Real Sociedad,,Mikel Oyarzabal,a,NoGoal,La_Liga,Real Sociedad,1053,0.0,857.0,0.0,196.0,106.0
22874,2023,2234,0,0.1408816426992416,90,2024-01-02,FWL,Real Sociedad,Alaves,,Mikel Oyarzabal,h,NoGoal,La_Liga,Real Sociedad,1143,0.0,857.0,0.0,286.0,196.0
22876,2023,2234,1,0.6762083768844604,90,2024-01-13,FW,Athletic Club,Real Sociedad,87.0,Mikel Oyarzabal,a,OpenPlay,La_Liga,Real Sociedad,1233,0.0,1230.0,373.0,3.0,286.0
22885,2023,2234,0,0.0,21,2024-01-20,Sub,Celta Vigo,Real Sociedad,,Mikel Oyarzabal,a,NoGoal,La_Liga,Real Sociedad,1254,69.0,1230.0,0.0,24.0,3.0
22903,2023,2234,0,0.0,26,2024-01-27,Sub,Real Sociedad,Rayo Vallecano,,Mikel Oyarzabal,h,NoGoal,La_Liga,Real Sociedad,1280,64.0,1230.0,0.0,50.0,24.0
22907,2023,2234,0,0.0437499955296516,90,2024-02-03,ML,Girona,Real Sociedad,,Mikel Oyarzabal,a,NoGoal,La_Liga,Real Sociedad,1370,0.0,1230.0,0.0,140.0,50.0
22959,2023,2234,0,0.0,77,2024-03-09,ML,Granada,Real Sociedad,,Mikel Oyarzabal,a,NoGoal,La_Liga,Real Sociedad,1447,0.0,1230.0,0.0,217.0,140.0
22970,2023,2234,0,0.6916559338569641,77,2024-03-15,FW,Real Sociedad,Cadiz,,Mikel Oyarzabal,h,NoGoal,La_Liga,Real Sociedad,1524,0.0,1230.0,0.0,294.0,217.0
22980,2023,2234,0,0.1191261485219001,73,2024-03-31,FW,Alaves,Real Sociedad,,Mikel Oyarzabal,a,NoGoal,La_Liga,Real Sociedad,1597,0.0,1230.0,0.0,367.0,294.0
22991,2023,2234,1,0.6840947270393372,80,2024-04-14,FW,Real Sociedad,Almeria,58.0,Mikel Oyarzabal,h,OpenPlay,La_Liga,Real Sociedad,1677,0.0,1655.0,425.0,22.0,367.0
22998,2023,2234,0,0.0,90,2024-04-21,FW,Getafe,Real Sociedad,,Mikel Oyarzabal,a,NoGoal,La_Liga,Real Sociedad,1767,0.0,1655.0,0.0,112.0,22.0
23014,2023,2234,0,0.1738059371709823,90,2024-04-26,FW,Real Sociedad,Real Madrid,,Mikel Oyarzabal,h,NoGoal,La_Liga,Real Sociedad,1857,0.0,1655.0,0.0,202.0,112.0
23023,2023,2234,0,0.4479430019855499,90,2024-05-04,ML,Real Sociedad,Las Palmas,,Mikel Oyarzabal,h,NoGoal,La_Liga,Real Sociedad,1947,0.0,1655.0,0.0,292.0,202.0
23027,2023,2234,0,0.022570239380002,90,2024-05-13,AMC,Barcelona,Real Sociedad,,Mikel Oyarzabal,a,NoGoal,La_Liga,Real Sociedad,2037,0.0,1655.0,0.0,382.0,292.0
23037,2023,2234,0,0.0,14,2024-05-16,Sub,Real Sociedad,Valencia,,Mikel Oyarzabal,h,NoGoal,La_Liga,Real Sociedad,2051,76.0,1655.0,0.0,396.0,382.0
23048,2023,2234,0,0.2759193480014801,90,2024-05-19,FW,Real Betis,Real Sociedad,,Mikel Oyarzabal,a,NoGoal,La_Liga,Real Sociedad,2141,0.0,1655.0,0.0,486.0,396.0
23061,2023,2234,0,0.0,19,2024-05-25,Sub,Real Sociedad,Atletico Madrid,,Mikel Oyarzabal,h,NoGoal,La_Liga,Real Sociedad,2160,71.0,1655.0,0.0,505.0,486.0
26988,2024,2234,0,0.1823752224445343,84,2024-08-18,FW,Real Sociedad,Rayo Vallecano,,Mikel Oyarzabal,h,NoGoal,La_Liga,Real Sociedad,2244,0.0,1655.0,0.0,589.0,505.0
26997,2024,2234,0,0.0,70,2024-08-24,FW,Espanyol,Real Sociedad,,Mikel Oyarzabal,a,NoGoal,La_Liga,Real Sociedad,2314,0.0,1655.0,0.0,659.0,589.0
27008,2024,2234,0,0.0789244472980499,28,2024-08-28,FW,Real Sociedad,Alaves,,Mikel Oyarzabal,h,NoGoal,La_Liga,Real Sociedad,2342,0.0,1655.0,0.0,687.0,659.0
27045,2024,2234,0,0.0,62,2024-09-17,FW,Mallorca,Real Sociedad,,Mikel Oyarzabal,a,NoGoal,La_Liga,Real Sociedad,2404,0.0,1655.0,0.0,749.0,687.0
27039,2024,2234,0,0.5098938941955566,27,2024-09-21,Sub,Real Valladolid,Real Sociedad,,Mikel Oyarzabal,a,NoGoal,La_Liga,Real Sociedad,2431,63.0,1655.0,0.0,776.0,749.0
27055,2024,2234,0,0.0,62,2024-09-28,FW,Real Sociedad,Valencia,,Mikel Oyarzabal,h,NoGoal,La_Liga,Real Sociedad,2493,0.0,1655.0,0.0,838.0,776.0
27067,2024,2234,0,0.201552003622055,90,2024-10-06,FW,Real Sociedad,Atletico Madrid,,Mikel Oyarzabal,h,NoGoal,La_Liga,Real Sociedad,2583,0.0,1655.0,0.0,928.0,838.0
27076,2024,2234,1,0.533238410949707,81,2024-10-19,MR,Girona,Real Sociedad,43.0,Mikel Oyarzabal,a,OpenPlay,La_Liga,Real Sociedad,2664,0.0,2626.0,971.0,38.0,928.0
27088,2024,2234,0,0.0,74,2024-10-27,MR,Real Sociedad,Osasuna,,Mikel Oyarzabal,h,NoGoal,La_Liga,Real Sociedad,2738,0.0,2626.0,0.0,112.0,38.0
27100,2024,2234,1,0.8567854762077332,82,2024-11-03,FW,Sevilla,Real Sociedad,67.0,Mikel Oyarzabal,a,Penalty,La_Liga,Real Sociedad,2820,0.0,2805.0,179.0,15.0,112.0
27108,2024,2234,0,0.6863511800765991,65,2024-11-10,FW,Real Sociedad,Barcelona,,Mikel Oyarzabal,h,NoGoal,La_Liga,Real Sociedad,2885,0.0,2805.0,0.0,80.0,15.0
27112,2024,2234,0,0.0545354895293712,90,2024-11-24,FW,Athletic Club,Real Sociedad,,Mikel Oyarzabal,a,NoGoal,La_Liga,Real Sociedad,2975,0.0,2805.0,0.0,170.0,80.0
27130,2024,2234,1,0.7432776093482971,76,2024-12-01,FW,Real Sociedad,Real Betis,30.0,Mikel Oyarzabal,h,Penalty,La_Liga,Real Sociedad,3051,0.0,3005.0,200.0,46.0,170.0
27133,2024,2234,1,0.2782236337661743,90,2024-12-08,FW,Leganes,Real Sociedad,91.0,Mikel Oyarzabal,a,OpenPlay,La_Liga,Real Sociedad,3141,0.0,3142.0,137.0,0.0,46.0
27151,2024,2234,0,0.4336431920528412,86,2024-12-15,FW,Real Sociedad,Las Palmas,,Mikel Oyarzabal,h,NoGoal,La_Liga,Real Sociedad,3227,0.0,3142.0,0.0,85.0,0.0
27154,2024,2234,0,0.0758393034338951,65,2024-12-21,FW,Celta Vigo,Real Sociedad,,Mikel Oyarzabal,a,NoGoal,La_Liga,Real Sociedad,3292,0.0,3142.0,0.0,150.0,85.0
27164,2024,2234,0,0.0,83,2025-01-13,FW,Real Sociedad,Villarreal,,Mikel Oyarzabal,h,NoGoal,La_Liga,Real Sociedad,3375,0.0,3142.0,0.0,233.0,150.0
27179,2024,2234,0,0.0,13,2025-01-19,Sub,Valencia,Real Sociedad,,Mikel Oyarzabal,a,NoGoal,La_Liga,Real Sociedad,3388,77.0,3142.0,0.0,246.0,233.0
27188,2024,2234,0,0.4556003510951996,73,2025-01-26,FW,Real Sociedad,Getafe,,Mikel Oyarzabal,h,NoGoal,La_Liga,Real Sociedad,3461,0.0,3142.0,0.0,319.0,246.0
27195,2024,2234,0,0.1209687888622284,80,2025-02-02,FW,Osasuna,Real Sociedad,,Mikel Oyarzabal,a,NoGoal,La_Liga,Real Sociedad,3541,0.0,3142.0,0.0,399.0,319.0
27202,2024,2234,0,0.0,27,2025-02-09,Sub,Real Sociedad,Espanyol,,Mikel Oyarzabal,h,NoGoal,La_Liga,Real Sociedad,3568,63.0,3142.0,0.0,426.0,399.0
27218,2024,2234,0,0.0,62,2025-02-16,FW,Real Betis,Real Sociedad,,Mikel Oyarzabal,a,NoGoal,La_Liga,Real Sociedad,3630,0.0,3142.0,0.0,488.0,426.0
27230,2024,2234,0,0.4550797939300537,21,2025-02-23,Sub,Real Sociedad,Leganes,,Mikel Oyarzabal,h,NoGoal,La_Liga,Real Sociedad,3651,69.0,3142.0,0.0,509.0,488.0
27247,2024,2234,0,0.0,29,2025-03-09,Sub,Real Sociedad,Sevilla,,Mikel Oyarzabal,h,NoGoal,La_Liga,Real Sociedad,3680,61.0,3142.0,0.0,538.0,509.0
27254,2024,2234,0,0.0,26,2025-03-16,Sub,Rayo Vallecano,Real Sociedad,,Mikel Oyarzabal,a,NoGoal,La_Liga,Real Sociedad,3706,64.0,3142.0,0.0,564.0,538.0
27265,2024,2234,1,0.4210706055164337,75,2025-03-29,FW,Real Sociedad,Real Valladolid,22.0,Mikel Oyarzabal,h,OpenPlay,La_Liga,Real Sociedad,3781,0.0,3728.0,586.0,53.0,564.0
27274,2024,2234,1,0.5867406129837036,65,2025-04-06,FW,Las Palmas,Real Sociedad,4.0,Mikel Oyarzabal,a,OpenPlay,La_Liga,Real Sociedad,3846,0.0,3785.0,57.0,61.0,53.0
27290,2024,2234,0,0.0366402566432952,90,2025-04-12,FW,Real Sociedad,Mallorca,,Mikel Oyarzabal,h,NoGoal,La_Liga,Real Sociedad,3936,0.0,3785.0,0.0,151.0,61.0
27298,2024,2234,2,1.630163073539734,90,2025-04-20,FW,Villarreal,Real Sociedad,18.0,Mikel Oyarzabal,a,Penalty,La_Liga,Real Sociedad,4026,0.0,3954.0,169.0,72.0,151.0
27298,2024,2234,2,1.630163073539734,90,2025-04-20,FW,Villarreal,Real Sociedad,48.0,Mikel Oyarzabal,a,OpenPlay,La_Liga,Real Sociedad,4026,0.0,3984.0,30.0,42.0,151.0
27310,2024,2234,0,0.0,90,2025-04-23,FW,Alaves,Real Sociedad,,Mikel Oyarzabal,a,NoGoal,La_Liga,Real Sociedad,4116,0.0,3984.0,0.0,132.0,42.0
27315,2024,2234,0,0.1073942109942436,90,2025-05-04,FW,Real Sociedad,Athletic Club,,Mikel Oyarzabal,h,NoGoal,La_Liga,Real Sociedad,4206,0.0,3984.0,0.0,222.0,132.0
27323,2024,2234,0,0.0,48,2025-05-10,FW,Atletico Madrid,Real Sociedad,,Mikel Oyarzabal,a,NoGoal,La_Liga,Real Sociedad,4254,0.0,3984.0,0.0,270.0,222.0
27337,2024,2234,0,0.7367060780525208,89,2025-05-13,FW,Real Sociedad,Celta Vigo,,Mikel Oyarzabal,h,NoGoal,La_Liga,Real Sociedad,4343,0.0,3984.0,0.0,359.0,270.0
27347,2024,2234,1,1.1114181280136108,90,2025-05-18,FW,Real Sociedad,Girona,19.0,Mikel Oyarzabal,h,Penalty,La_Liga,Real Sociedad,4433,0.0,4362.0,378.0,71.0,359.0
27355,2024,2234,0,0.0,18,2025-05-24,Sub,Real Madrid,Real Sociedad,,Mikel Oyarzabal,a,NoGoal,La_Liga,Real Sociedad,4451,72.0,4362.0,0.0,89.0,71.0
29162,2025,2234,0,0.0759744867682457,90,2025-08-16,FW,Valencia,Real Sociedad,,Mikel Oyarzabal,a,NoGoal,La_Liga,Real Sociedad,4541,0.0,4362.0,0.0,179.0,89.0
29174,2025,2234,0,0.0872052982449531,76,2025-08-24,FW,Real Sociedad,Espanyol,,Mikel Oyarzabal,h,NoGoal,La_Liga,Real Sociedad,4617,0.0,4362.0,0.0,255.0,179.0
29182,2025,2234,0,0.3183938264846802,84,2025-08-30,FW,Real Oviedo,Real Sociedad,,Mikel Oyarzabal,a,NoGoal,La_Liga,Real Sociedad,4701,0.0,4362.0,0.0,339.0,255.0
29195,2025,2234,1,1.5698987245559692,90,2025-09-13,FW,Real Sociedad,Real Madrid,55.0,Mikel Oyarzabal,h,Penalty,La_Liga,Real Sociedad,4791,0.0,4756.0,394.0,35.0,339.0
29200,2025,2234,0,0.0569976679980754,90,2025-09-19,FW,Real Betis,Real Sociedad,,Mikel Oyarzabal,a,NoGoal,La_Liga,Real Sociedad,4881,0.0,4756.0,0.0,125.0,35.0
29215,2025,2234,1,0.9183008074760436,90,2025-09-24,FW,Real Sociedad,Mallorca,48.0,Mikel Oyarzabal,h,OpenPlay,La_Liga,Real Sociedad,4971,0.0,4929.0,173.0,42.0,125.0
29220,2025,2234,0,0.2413280606269836,90,2025-09-28,FW,Barcelona,Real Sociedad,,Mikel Oyarzabal,a,NoGoal,La_Liga,Real Sociedad,5061,0.0,4929.0,0.0,132.0,42.0
29237,2025,2234,0,0.5142067074775696,90,2025-10-05,FW,Real Sociedad,Rayo Vallecano,,Mikel Oyarzabal,h,NoGoal,La_Liga,Real Sociedad,5151,0.0,4929.0,0.0,222.0,132.0
29241,2025,2234,0,0.6222377419471741,90,2025-10-19,FW,Celta Vigo,Real Sociedad,,Mikel Oyarzabal,a,NoGoal,La_Liga,Real Sociedad,5241,0.0,4929.0,0.0,312.0,222.0
29250,2025,2234,2,0.8120537400245667,90,2025-10-24,FW,Real Sociedad,Sevilla,18.0,Mikel Oyarzabal,h,Penalty,La_Liga,Real Sociedad,5331,0.0,5259.0,330.0,72.0,312.0
29250,2025,2234,2,0.8120537400245667,90,2025-10-24,FW,Real Sociedad,Sevilla,35.0,Mikel Oyarzabal,h,OpenPlay,La_Liga,Real Sociedad,5331,0.0,5276.0,17.0,55.0,312.0
29264,2025,2234,0,0.055953674018383,90,2025-11-01,FW,Real Sociedad,Athletic Club,,Mikel Oyarzabal,h,NoGoal,La_Liga,Real Sociedad,5421,0.0,5276.0,0.0,145.0,55.0
29270,2025,2234,1,0.859919548034668,90,2025-11-07,FW,Elche,Real Sociedad,88.0,Mikel Oyarzabal,a,Penalty,La_Liga,Real Sociedad,5511,0.0,5509.0,233.0,2.0,145.0
29282,2025,2234,0,0.6683984398841858,90,2025-11-22,FW,Osasuna,Real Sociedad,,Mikel Oyarzabal,a,NoGoal,La_Liga,Real Sociedad,5601,0.0,5509.0,0.0,92.0,2.0
29321,2025,2234,0,0.5584788918495178,90,2025-12-20,FW,Levante,Real Sociedad,,Mikel Oyarzabal,a,NoGoal,La_Liga,Real Sociedad,5691,0.0,5509.0,0.0,182.0,92.0
29332,2025,2234,0,0.1987487524747848,90,2026-01-04,FW,Real Sociedad,Atletico Madrid,,Mikel Oyarzabal,h,NoGoal,La_Liga,Real Sociedad,5781,0.0,5509.0,0.0,272.0,182.0
29339,2025,2234,0,0.4588142931461334,90,2026-01-09,FW,Getafe,Real Sociedad,,Mikel Oyarzabal,a,NoGoal,La_Liga,Real Sociedad,5871,0.0,5509.0,0.0,362.0,272.0
29350,2025,2234,1,0.9761120080947876,90,2026-01-18,FW,Real Sociedad,Barcelona,31.0,Mikel Oyarzabal,h,OpenPlay,La_Liga,Real Sociedad,5961,0.0,5902.0,393.0,59.0,362.0
29362,2025,2234,2,0.1374213397502899,90,2026-01-25,FW,Real Sociedad,Celta Vigo,16.0,Mikel Oyarzabal,h,OpenPlay,La_Liga,Real Sociedad,6051,0.0,5977.0,75.0,74.0,59.0
29362,2025,2234,2,0.1374213397502899,90,2026-01-25,FW,Real Sociedad,Celta Vigo,74.0,Mikel Oyarzabal,h,OpenPlay,La_Liga,Real Sociedad,6051,0.0,6035.0,58.0,16.0,59.0
29376,2025,2234,0,0.8789012432098389,80,2026-02-01,FW,Athletic Club,Real Sociedad,,Mikel Oyarzabal,a,NoGoal,La_Liga,Real Sociedad,6131,0.0,6035.0,0.0,96.0,16.0
29383,2025,2234,1,0.4641709327697754,86,2026-02-07,FW,Real Sociedad,Elche,36.0,Mikel Oyarzabal,h,OpenPlay,La_Liga,Real Sociedad,6217,0.0,6167.0,132.0,50.0,96.0
29391,2025,2234,1,0.8240871429443359,64,2026-02-14,FW,Real Madrid,Real Sociedad,20.0,Mikel Oyarzabal,a,Penalty,La_Liga,Real Sociedad,6281,0.0,6237.0,70.0,44.0,50.0
29407,2025,2234,0,0.0205712839961051,90,2026-02-21,FW,Real Sociedad,Real Oviedo,,Mikel Oyarzabal,h,NoGoal,La_Liga,Real Sociedad,6371,0.0,6237.0,0.0,134.0,44.0
29411,2025,2234,0,0.0,85,2026-02-28,FW,Mallorca,Real Sociedad,,Mikel Oyarzabal,a,NoGoal,La_Liga,Real Sociedad,6456,0.0,6237.0,0.0,219.0,134.0
29419,2025,2234,1,0.1068188846111297,28,2026-03-07,Sub,Atletico Madrid,Real Sociedad,67.0,Mikel Oyarzabal,a,OpenPlay,La_Liga,Real Sociedad,6484,62.0,6461.0,224.0,23.0,219.0
29437,2025,2234,1,1.9016398191452024,90,2026-03-15,FW,Real Sociedad,Osasuna,23.0,Mikel Oyarzabal,h,Penalty,La_Liga,Real Sociedad,6574,0.0,6507.0,46.0,67.0,23.0
29438,2025,2234,0,0.308989405632019,87,2026-03-20,FW,Villarreal,Real Sociedad,,Mikel Oyarzabal,a,NoGoal,La_Liga,Real Sociedad,6661,0.0,6507.0,0.0,154.0,67.0
29457,2025,2234,0,0.2191233783960342,90,2026-04-04,FW,Real Sociedad,Levante,,Mikel Oyarzabal,h,NoGoal,La_Liga,Real Sociedad,6751,0.0,6507.0,0.0,244.0,154.0
29487,2025,2234,0,0.0,29,2026-04-22,Sub,Real Sociedad,Getafe,,Mikel Oyarzabal,h,NoGoal,La_Liga,Real Sociedad,6780,61.0,6507.0,0.0,273.0,244.0
29475,2025,2234,2,1.2805030345916748,90,2026-04-26,FW,Rayo Vallecano,Real Sociedad,21.0,Mikel Oyarzabal,a,OpenPlay,La_Liga,Real Sociedad,6870,0.0,6801.0,294.0,69.0,273.0
29475,2025,2234,2,1.2805030345916748,90,2026-04-26,FW,Rayo Vallecano,Real Sociedad,75.0,Mikel Oyarzabal,a,Penalty,La_Liga,Real Sociedad,6870,0.0,6855.0,54.0,15.0,273.0
29490,2025,2234,0,0.0,90,2026-05-04,FW,Sevilla,Real Sociedad,,Mikel Oyarzabal,a,NoGoal,La_Liga,Real Sociedad,6960,0.0,6855.0,0.0,105.0,15.0
29504,2025,2234,1,0.8625175952911377,90,2026-05-09,FW,Real Sociedad,Real Betis,90.0,Mikel Oyarzabal,h,Penalty,La_Liga,Real Sociedad,7050,0.0,7050.0,195.0,0.0,105.0
29512,2025,2234,0,0.0,90,2026-05-14,FW,Girona,Real Sociedad,,Mikel Oyarzabal,a,NoGoal,La_Liga,Real Sociedad,7140,0.0,7050.0,0.0,90.0,0.0
29521,2025,2234,0,0.0304677132517099,28,2026-05-17,Sub,Real Sociedad,Valencia,,Mikel Oyarzabal,h,NoGoal,La_Liga,Real Sociedad,7168,62.0,7050.0,0.0,118.0,90.0
23380,2023,3226,0,0.2034805119037628,35,2023-08-19,Sub,Toulouse,Paris Saint Germain,,Ousmane Dembélé,a,NoGoal,Ligue_1,Paris Saint Germain,35,55.0,,,,
23389,2023,3226,0,0.1827204376459121,84,2023-08-26,FWR,Paris Saint Germain,Lens,,Ousmane Dembélé,h,NoGoal,Ligue_1,Paris Saint Germain,119,0.0,,,,
23401,2023,3226,0,0.7749921679496765,77,2023-09-03,FWR,Lyon,Paris Saint Germain,,Ousmane Dembélé,a,NoGoal,Ligue_1,Paris Saint Germain,196,0.0,,,,
23407,2023,3226,0,0.5150959491729736,69,2023-09-15,FWR,Paris Saint Germain,Nice,,Ousmane Dembélé,h,NoGoal,Ligue_1,Paris Saint Germain,265,0.0,,,,
23416,2023,3226,0,0.0936514735221862,72,2023-09-24,FWR,Paris Saint Germain,Marseille,,Ousmane Dembélé,h,NoGoal,Ligue_1,Paris Saint Germain,337,0.0,,,,
23431,2023,3226,0,0.5790628790855408,90,2023-09-30,FWR,Clermont Foot,Paris Saint Germain,,Ousmane Dembélé,a,NoGoal,Ligue_1,Paris Saint Germain,427,0.0,,,,
23435,2023,3226,0,0.0,77,2023-10-08,FWR,Rennes,Paris Saint Germain,,Ousmane Dembélé,a,NoGoal,Ligue_1,Paris Saint Germain,504,0.0,,,,
23443,2023,3226,0,0.0,22,2023-10-21,Sub,Paris Saint Germain,Strasbourg,,Ousmane Dembélé,h,NoGoal,Ligue_1,Paris Saint Germain,526,68.0,,,,
23460,2023,3226,0,0.040493082255125,25,2023-10-29,Sub,Brest,Paris Saint Germain,,Ousmane Dembélé,a,NoGoal,Ligue_1,Paris Saint Germain,551,65.0,,,,
23461,2023,3226,0,0.3564799427986145,90,2023-11-03,AMC,Paris Saint Germain,Montpellier,,Ousmane Dembélé,h,NoGoal,Ligue_1,Paris Saint Germain,641,0.0,,,,
23473,2023,3226,0,0.0354959964752197,75,2023-11-11,AMC,Reims,Paris Saint Germain,,Ousmane Dembélé,a,NoGoal,Ligue_1,Paris Saint Germain,716,0.0,,,,
23479,2023,3226,1,0.0834831446409225,76,2023-11-24,FWR,Paris Saint Germain,Monaco,69.0,Ousmane Dembélé,h,OpenPlay,Ligue_1,Paris Saint Germain,792,0.0,785.0,,7.0,
23495,2023,3226,0,0.6983861327171326,79,2023-12-03,FWR,Le Havre,Paris Saint Germain,,Ousmane Dembélé,a,NoGoal,Ligue_1,Paris Saint Germain,871,0.0,785.0,0.0,86.0,7.0
23497,2023,3226,0,0.2413506954908371,22,2023-12-09,Sub,Paris Saint Germain,Nantes,,Ousmane Dembélé,h,NoGoal,Ligue_1,Paris Saint Germain,893,68.0,785.0,0.0,108.0,86.0
23510,2023,3226,0,0.1229300424456596,82,2023-12-17,AMC,Lille,Paris Saint Germain,,Ousmane Dembélé,a,NoGoal,Ligue_1,Paris Saint Germain,975,0.0,785.0,0.0,190.0,108.0
23528,2023,3226,0,0.0,90,2024-01-14,FWR,Lens,Paris Saint Germain,,Ousmane Dembélé,a,NoGoal,Ligue_1,Paris Saint Germain,1065,0.0,785.0,0.0,280.0,190.0
23533,2023,3226,0,0.0,20,2024-01-28,Sub,Paris Saint Germain,Brest,,Ousmane Dembélé,h,NoGoal,Ligue_1,Paris Saint Germain,1085,70.0,785.0,0.0,300.0,280.0
23551,2023,3226,0,0.0803132802248001,65,2024-02-10,MR,Paris Saint Germain,Lille,,Ousmane Dembélé,h,NoGoal,Ligue_1,Paris Saint Germain,1150,0.0,785.0,0.0,365.0,300.0
23566,2023,3226,0,0.0,26,2024-02-17,Sub,Nantes,Paris Saint Germain,,Ousmane Dembélé,a,NoGoal,Ligue_1,Paris Saint Germain,1176,64.0,785.0,0.0,391.0,365.0
23569,2023,3226,0,0.1066415682435035,72,2024-02-25,FWR,Paris Saint Germain,Rennes,,Ousmane Dembélé,h,NoGoal,Ligue_1,Paris Saint Germain,1248,0.0,785.0,0.0,463.0,391.0
23580,2023,3226,0,0.0,27,2024-03-01,Sub,Monaco,Paris Saint Germain,,Ousmane Dembélé,a,NoGoal,Ligue_1,Paris Saint Germain,1275,63.0,785.0,0.0,490.0,463.0
23587,2023,3226,0,0.0,14,2024-03-10,Sub,Paris Saint Germain,Reims,,Ousmane Dembélé,h,NoGoal,Ligue_1,Paris Saint Germain,1289,76.0,785.0,0.0,504.0,490.0
23606,2023,3226,0,0.439848393201828,67,2024-03-31,AMC,Marseille,Paris Saint Germain,,Ousmane Dembélé,a,NoGoal,Ligue_1,Paris Saint Germain,1356,0.0,785.0,0.0,571.0,504.0
23624,2023,3226,2,0.7624865174293518,90,2024-04-24,FWR,Lorient,Paris Saint Germain,18.0,Ousmane Dembélé,a,OpenPlay,Ligue_1,Paris Saint Germain,1446,0.0,1374.0,589.0,72.0,571.0
23624,2023,3226,2,0.7624865174293518,90,2024-04-24,FWR,Lorient,Paris Saint Germain,59.0,Ousmane Dembélé,a,OpenPlay,Ligue_1,Paris Saint Germain,1446,0.0,1415.0,41.0,31.0,571.0
23641,2023,3226,0,0.081253096461296,49,2024-04-27,AMR,Paris Saint Germain,Le Havre,,Ousmane Dembélé,h,NoGoal,Ligue_1,Paris Saint Germain,1495,0.0,1415.0,0.0,80.0,31.0
23659,2023,3226,0,0.0693663358688354,27,2024-05-12,Sub,Paris Saint Germain,Toulouse,,Ousmane Dembélé,h,NoGoal,Ligue_1,Paris Saint Germain,1522,63.0,1415.0,0.0,107.0,80.0
28048,2024,3226,1,0.4379231035709381,14,2024-08-16,Sub,Le Havre,Paris Saint Germain,84.0,Ousmane Dembélé,a,OpenPlay,Ligue_1,Paris Saint Germain,1536,76.0,1530.0,115.0,6.0,107.0
28057,2024,3226,0,0.235619232058525,65,2024-08-23,FWR,Paris Saint Germain,Montpellier,,Ousmane Dembélé,h,NoGoal,Ligue_1,Paris Saint Germain,1601,0.0,1530.0,0.0,71.0,6.0
28074,2024,3226,0,0.8351607918739319,78,2024-09-01,FWR,Lille,Paris Saint Germain,,Ousmane Dembélé,a,NoGoal,Ligue_1,Paris Saint Germain,1679,0.0,1530.0,0.0,149.0,71.0
28079,2024,3226,2,0.9888315200805664,82,2024-09-14,FWR,Paris Saint Germain,Brest,41.0,Ousmane Dembélé,h,OpenPlay,Ligue_1,Paris Saint Germain,1761,0.0,1720.0,190.0,41.0,149.0
28079,2024,3226,2,0.9888315200805664,82,2024-09-14,FWR,Paris Saint Germain,Brest,73.0,Ousmane Dembélé,h,OpenPlay,Ligue_1,Paris Saint Germain,1761,0.0,1752.0,32.0,9.0,149.0
28086,2024,3226,1,0.8789276480674744,22,2024-09-21,Sub,Reims,Paris Saint Germain,67.0,Ousmane Dembélé,a,OpenPlay,Ligue_1,Paris Saint Germain,1783,68.0,1760.0,8.0,23.0,9.0
28094,2024,3226,0,0.2847890257835388,83,2024-09-27,FWR,Paris Saint Germain,Rennes,,Ousmane Dembélé,h,NoGoal,Ligue_1,Paris Saint Germain,1866,0.0,1760.0,0.0,106.0,23.0
28104,2024,3226,0,0.2047286182641983,90,2024-10-06,FWR,Nice,Paris Saint Germain,,Ousmane Dembélé,a,NoGoal,Ligue_1,Paris Saint Germain,1956,0.0,1760.0,0.0,196.0,106.0
28127,2024,3226,0,0.682129979133606,90,2024-10-27,FW,Marseille,Paris Saint Germain,,Ousmane Dembélé,a,NoGoal,Ligue_1,Paris Saint Germain,2046,0.0,1760.0,0.0,286.0,196.0
28130,2024,3226,1,0.929488480091095,66,2024-11-02,FWR,Paris Saint Germain,Lens,3.0,Ousmane Dembélé,h,OpenPlay,Ligue_1,Paris Saint Germain,2112,0.0,2049.0,289.0,63.0,286.0
28142,2024,3226,0,0.1097744703292846,20,2024-11-09,Sub,Angers,Paris Saint Germain,,Ousmane Dembélé,a,NoGoal,Ligue_1,Paris Saint Germain,2132,70.0,2049.0,0.0,83.0,63.0
28147,2024,3226,0,0.0859890878200531,74,2024-11-22,AMR,Paris Saint Germain,Toulouse,,Ousmane Dembélé,h,NoGoal,Ligue_1,Paris Saint Germain,2206,0.0,2049.0,0.0,157.0,83.0
28161,2024,3226,0,0.028189955279231,15,2024-11-30,Sub,Paris Saint Germain,Nantes,,Ousmane Dembélé,h,NoGoal,Ligue_1,Paris Saint Germain,2221,75.0,2049.0,0.0,172.0,157.0
28166,2024,3226,0,0.4002665579319,27,2024-12-06,Sub,Auxerre,Paris Saint Germain,,Ousmane Dembélé,a,NoGoal,Ligue_1,Paris Saint Germain,2248,63.0,2049.0,0.0,199.0,172.0
28182,2024,3226,1,0.2484608888626098,90,2024-12-15,FW,Paris Saint Germain,Lyon,7.0,Ousmane Dembélé,h,OpenPlay,Ligue_1,Paris Saint Germain,2338,0.0,2255.0,206.0,83.0,199.0
28183,2024,3226,2,1.0348390340805054,90,2024-12-18,FWR,Monaco,Paris Saint Germain,63.0,Ousmane Dembélé,a,OpenPlay,Ligue_1,Paris Saint Germain,2428,0.0,2401.0,146.0,27.0,83.0
28183,2024,3226,2,1.0348390340805054,90,2024-12-18,FWR,Monaco,Paris Saint Germain,96.0,Ousmane Dembélé,a,OpenPlay,Ligue_1,Paris Saint Germain,2428,0.0,2434.0,33.0,0.0,83.0
28199,2024,3226,2,1.5732152462005615,90,2025-01-12,FWR,Paris Saint Germain,Saint-Etienne,12.0,Ousmane Dembélé,h,OpenPlay,Ligue_1,Paris Saint Germain,2518,0.0,2440.0,6.0,78.0,0.0
28199,2024,3226,2,1.5732152462005615,90,2025-01-12,FWR,Paris Saint Germain,Saint-Etienne,22.0,Ousmane Dembélé,h,Penalty,Ligue_1,Paris Saint Germain,2518,0.0,2450.0,10.0,68.0,0.0
28216,2024,3226,1,0.1685271859169006,61,2025-01-25,FWR,Paris Saint Germain,Reims,46.0,Ousmane Dembélé,h,OpenPlay,Ligue_1,Paris Saint Germain,2579,0.0,2564.0,114.0,15.0,68.0
28220,2024,3226,3,1.4773067235946655,69,2025-02-01,FW,Brest,Paris Saint Germain,28.0,Ousmane Dembélé,a,OpenPlay,Ligue_1,Paris Saint Germain,2648,0.0,2607.0,43.0,41.0,15.0
28220,2024,3226,3,1.4773067235946655,69,2025-02-01,FW,Brest,Paris Saint Germain,56.0,Ousmane Dembélé,a,OpenPlay,Ligue_1,Paris Saint Germain,2648,0.0,2635.0,28.0,13.0,15.0
28220,2024,3226,3,1.4773067235946655,69,2025-02-01,FW,Brest,Paris Saint Germain,61.0,Ousmane Dembélé,a,OpenPlay,Ligue_1,Paris Saint Germain,2648,0.0,2640.0,5.0,8.0,15.0
28233,2024,3226,2,1.4297760725021362,90,2025-02-07,FW,Paris Saint Germain,Monaco,56.0,Ousmane Dembélé,h,OpenPlay,Ligue_1,Paris Saint Germain,2738,0.0,2704.0,64.0,34.0,8.0
28233,2024,3226,2,1.4297760725021362,90,2025-02-07,FW,Paris Saint Germain,Monaco,89.0,Ousmane Dembélé,h,OpenPlay,Ligue_1,Paris Saint Germain,2738,0.0,2737.0,33.0,1.0,8.0
28237,2024,3226,0,0.0,25,2025-02-15,Sub,Toulouse,Paris Saint Germain,,Ousmane Dembélé,a,NoGoal,Ligue_1,Paris Saint Germain,2763,65.0,2737.0,0.0,26.0,1.0
28254,2024,3226,1,1.421070575714111,77,2025-02-23,FW,Lyon,Paris Saint Germain,58.0,Ousmane Dembélé,a,OpenPlay,Ligue_1,Paris Saint Germain,2840,0.0,2821.0,84.0,19.0,26.0
28255,2024,3226,1,0.740206241607666,66,2025-03-01,FWR,Paris Saint Germain,Lille,27.0,Ousmane Dembélé,h,OpenPlay,Ligue_1,Paris Saint Germain,2906,0.0,2867.0,46.0,39.0,19.0
28271,2024,3226,2,1.1928603649139404,24,2025-03-08,Sub,Rennes,Paris Saint Germain,90.0,Ousmane Dembélé,a,OpenPlay,Ligue_1,Paris Saint Germain,2930,66.0,2930.0,63.0,0.0,39.0
28271,2024,3226,2,1.1928603649139404,24,2025-03-08,Sub,Rennes,Paris Saint Germain,93.0,Ousmane Dembélé,a,OpenPlay,Ligue_1,Paris Saint Germain,2930,69.0,2930.0,0.0,0.0,39.0
28273,2024,3226,1,0.6697168946266174,81,2025-03-16,FW,Paris Saint Germain,Marseille,16.0,Ousmane Dembélé,h,OpenPlay,Ligue_1,Paris Saint Germain,3011,0.0,2946.0,16.0,65.0,0.0
28287,2024,3226,0,0.1070358902215957,22,2025-03-29,Sub,Saint-Etienne,Paris Saint Germain,,Ousmane Dembélé,a,NoGoal,Ligue_1,Paris Saint Germain,3033,68.0,2946.0,0.0,87.0,65.0
28297,2024,3226,0,0.0718464031815528,26,2025-04-05,Sub,Paris Saint Germain,Angers,,Ousmane Dembélé,h,NoGoal,Ligue_1,Paris Saint Germain,3059,64.0,2946.0,0.0,113.0,87.0
28303,2024,3226,0,0.0889144986867904,64,2025-04-22,FW,Nantes,Paris Saint Germain,,Ousmane Dembélé,a,NoGoal,Ligue_1,Paris Saint Germain,3123,0.0,2946.0,0.0,177.0,113.0
28324,2024,3226,0,1.0250869989395142,71,2025-04-25,FW,Paris Saint Germain,Nice,,Ousmane Dembélé,h,NoGoal,Ligue_1,Paris Saint Germain,3194,0.0,2946.0,0.0,248.0,177.0
28351,2024,3226,0,1.1846356391906738,75,2025-05-17,FW,Paris Saint Germain,Auxerre,,Ousmane Dembélé,h,NoGoal,Ligue_1,Paris Saint Germain,3269,0.0,2946.0,0.0,323.0,248.0
29546,2025,3226,0,0.0721989497542381,25,2025-08-17,Sub,Nantes,Paris Saint Germain,,Ousmane Dembélé,a,NoGoal,Ligue_1,Paris Saint Germain,3294,65.0,2946.0,0.0,348.0,323.0
29547,2025,3226,0,0.8235049843788147,85,2025-08-22,FW,Paris Saint Germain,Angers,,Ousmane Dembélé,h,NoGoal,Ligue_1,Paris Saint Germain,3379,0.0,2946.0,0.0,433.0,348.0
29559,2025,3226,2,1.6085758209228516,78,2025-08-30,FW,Toulouse,Paris Saint Germain,30.0,Ousmane Dembélé,a,Penalty,Ligue_1,Paris Saint Germain,3457,0.0,3409.0,463.0,48.0,433.0
29559,2025,3226,2,1.6085758209228516,78,2025-08-30,FW,Toulouse,Paris Saint Germain,50.0,Ousmane Dembélé,a,Penalty,Ligue_1,Paris Saint Germain,3457,0.0,3429.0,20.0,28.0,433.0
29613,2025,3226,0,0.1011529564857482,21,2025-10-25,Sub,Brest,Paris Saint Germain,,Ousmane Dembélé,a,NoGoal,Ligue_1,Paris Saint Germain,3478,69.0,3429.0,0.0,49.0,28.0
29621,2025,3226,0,0.0,63,2025-10-29,FW,Lorient,Paris Saint Germain,,Ousmane Dembélé,a,NoGoal,Ligue_1,Paris Saint Germain,3541,0.0,3429.0,0.0,112.0,49.0
29634,2025,3226,0,0.1210813596844673,17,2025-11-01,Sub,Paris Saint Germain,Nice,,Ousmane Dembélé,h,NoGoal,Ligue_1,Paris Saint Germain,3558,73.0,3429.0,0.0,129.0,112.0
29661,2025,3226,0,0.0,23,2025-11-29,Sub,Monaco,Paris Saint Germain,,Ousmane Dembélé,a,NoGoal,Ligue_1,Paris Saint Germain,3581,67.0,3429.0,0.0,152.0,129.0
29671,2025,3226,0,0.0887434929609298,24,2025-12-06,Sub,Paris Saint Germain,Rennes,,Ousmane Dembélé,h,NoGoal,Ligue_1,Paris Saint Germain,3605,66.0,3429.0,0.0,176.0,152.0
29689,2025,3226,1,0.0849407464265823,73,2026-01-04,FW,Paris Saint Germain,Paris FC,52.0,Ousmane Dembélé,h,OpenPlay,Ligue_1,Paris Saint Germain,3678,0.0,3657.0,228.0,21.0,176.0
29696,2025,3226,2,0.1806106865406036,77,2026-01-16,FW,Paris Saint Germain,Lille,12.0,Ousmane Dembélé,h,OpenPlay,Ligue_1,Paris Saint Germain,3755,0.0,3690.0,33.0,65.0,21.0
29696,2025,3226,2,0.1806106865406036,77,2026-01-16,FW,Paris Saint Germain,Lille,63.0,Ousmane Dembélé,h,OpenPlay,Ligue_1,Paris Saint Germain,3755,0.0,3741.0,51.0,14.0,21.0
29700,2025,3226,0,0.0419537536799907,27,2026-01-23,Sub,Auxerre,Paris Saint Germain,,Ousmane Dembélé,a,NoGoal,Ligue_1,Paris Saint Germain,3782,63.0,3741.0,0.0,41.0,14.0
29716,2025,3226,0,0.0465816222131252,26,2026-02-01,Sub,Strasbourg,Paris Saint Germain,,Ousmane Dembélé,a,NoGoal,Ligue_1,Paris Saint Germain,3808,64.0,3741.0,0.0,67.0,41.0
29726,2025,3226,2,0.7202823162078857,78,2026-02-08,FW,Paris Saint Germain,Marseille,11.0,Ousmane Dembélé,h,OpenPlay,Ligue_1,Paris Saint Germain,3886,0.0,3819.0,78.0,67.0,67.0
29726,2025,3226,2,0.7202823162078857,78,2026-02-08,FW,Paris Saint Germain,Marseille,36.0,Ousmane Dembélé,h,OpenPlay,Ligue_1,Paris Saint Germain,3886,0.0,3844.0,25.0,42.0,67.0
29735,2025,3226,1,0.7373088598251343,76,2026-02-13,FW,Rennes,Paris Saint Germain,70.0,Ousmane Dembélé,a,OpenPlay,Ligue_1,Paris Saint Germain,3962,0.0,3956.0,112.0,6.0,42.0
29761,2025,3226,0,0.0990850627422332,24,2026-03-06,Sub,Paris Saint Germain,Monaco,,Ousmane Dembélé,h,NoGoal,Ligue_1,Paris Saint Germain,3986,66.0,3956.0,0.0,30.0,6.0
29777,2025,3226,0,0.1792870908975601,23,2026-03-21,Sub,Nice,Paris Saint Germain,,Ousmane Dembélé,a,NoGoal,Ligue_1,Paris Saint Germain,4009,67.0,3956.0,0.0,53.0,30.0
29788,2025,3226,2,1.0452014207839966,90,2026-04-03,FW,Paris Saint Germain,Toulouse,22.0,Ousmane Dembélé,h,OpenPlay,Ligue_1,Paris Saint Germain,4099,0.0,4031.0,75.0,68.0,53.0
29788,2025,3226,2,1.0452014207839966,90,2026-04-03,FW,Paris Saint Germain,Toulouse,32.0,Ousmane Dembélé,h,FromCorner,Ligue_1,Paris Saint Germain,4099,0.0,4041.0,10.0,58.0,53.0
29806,2025,3226,0,0.1674077957868576,25,2026-04-19,Sub,Paris Saint Germain,Lyon,,Ousmane Dembélé,h,NoGoal,Ligue_1,Paris Saint Germain,4124,65.0,4041.0,0.0,83.0,58.0
29769,2025,3226,0,0.3411693871021271,68,2026-04-22,FW,Paris Saint Germain,Nantes,,Ousmane Dembélé,h,NoGoal,Ligue_1,Paris Saint Germain,4192,0.0,4041.0,0.0,151.0,83.0
29832,2025,3226,0,0.0,23,2026-05-10,Sub,Paris Saint Germain,Brest,,Ousmane Dembélé,h,NoGoal,Ligue_1,Paris Saint Germain,4215,67.0,4041.0,0.0,174.0,151.0
29792,2025,3226,0,0.1458153128623962,78,2026-05-13,FW,Lens,Paris Saint Germain,,Ousmane Dembélé,a,NoGoal,Ligue_1,Paris Saint Germain,4293,0.0,4041.0,0.0,252.0,174.0
29842,2025,3226,0,0.0,26,2026-05-17,FW,Paris FC,Paris Saint Germain,,Ousmane Dembélé,a,NoGoal,Ligue_1,Paris Saint Germain,4319,0.0,4041.0,0.0,278.0,252.0
23373,2023,3277,0,0.4556546807289123,90,2023-08-13,FW,Strasbourg,Lyon,,Alexandre Lacazette,a,NoGoal,Ligue_1,Lyon,90,0.0,,,,
23384,2023,3277,1,0.1691752225160598,83,2023-08-19,FW,Lyon,Montpellier,68.0,Alexandre Lacazette,h,OpenPlay,Ligue_1,Lyon,173,0.0,158.0,,15.0,
23412,2023,3277,0,0.0625162869691848,90,2023-09-17,FW,Lyon,Le Havre,,Alexandre Lacazette,h,NoGoal,Ligue_1,Lyon,263,0.0,158.0,0.0,105.0,15.0
23424,2023,3277,0,0.0813604965806007,79,2023-09-23,FW,Brest,Lyon,,Alexandre Lacazette,a,NoGoal,Ligue_1,Lyon,342,0.0,158.0,0.0,184.0,105.0
23437,2023,3277,2,1.0716066360473633,90,2023-10-08,FW,Lyon,Lorient,21.0,Alexandre Lacazette,h,OpenPlay,Ligue_1,Lyon,432,0.0,363.0,205.0,69.0,184.0
23437,2023,3277,2,1.0716066360473633,90,2023-10-08,FW,Lyon,Lorient,40.0,Alexandre Lacazette,h,Penalty,Ligue_1,Lyon,432,0.0,382.0,19.0,50.0,184.0
23448,2023,3277,0,0.4057714939117431,90,2023-10-22,FW,Lyon,Clermont Foot,,Alexandre Lacazette,h,NoGoal,Ligue_1,Lyon,522,0.0,382.0,0.0,140.0,50.0
23467,2023,3277,0,0.3397380411624908,90,2023-11-05,FW,Lyon,Metz,,Alexandre Lacazette,h,NoGoal,Ligue_1,Lyon,612,0.0,382.0,0.0,230.0,140.0
23470,2023,3277,0,0.0,43,2023-11-12,Sub,Rennes,Lyon,,Alexandre Lacazette,a,NoGoal,Ligue_1,Lyon,655,47.0,382.0,0.0,273.0,230.0
23483,2023,3277,0,0.0236214343458414,48,2023-11-26,FW,Lyon,Lille,,Alexandre Lacazette,h,NoGoal,Ligue_1,Lyon,703,0.0,382.0,0.0,321.0,273.0
23493,2023,3277,0,0.3112270534038543,90,2023-12-02,FW,Lens,Lyon,,Alexandre Lacazette,a,NoGoal,Ligue_1,Lyon,793,0.0,382.0,0.0,411.0,321.0
23453,2023,3277,0,0.014404909685254,90,2023-12-06,FW,Marseille,Lyon,,Alexandre Lacazette,a,NoGoal,Ligue_1,Lyon,883,0.0,382.0,0.0,501.0,411.0
23501,2023,3277,3,2.2281744480133057,90,2023-12-10,FW,Lyon,Toulouse,24.0,Alexandre Lacazette,h,FromCorner,Ligue_1,Lyon,973,0.0,907.0,525.0,66.0,501.0
23501,2023,3277,3,2.2281744480133057,90,2023-12-10,FW,Lyon,Toulouse,28.0,Alexandre Lacazette,h,SetPiece,Ligue_1,Lyon,973,0.0,911.0,4.0,62.0,501.0
23501,2023,3277,3,2.2281744480133057,90,2023-12-10,FW,Lyon,Toulouse,79.0,Alexandre Lacazette,h,SetPiece,Ligue_1,Lyon,973,0.0,962.0,51.0,11.0,501.0
23509,2023,3277,0,0.0176624916493892,83,2023-12-15,FW,Monaco,Lyon,,Alexandre Lacazette,a,NoGoal,Ligue_1,Lyon,1056,0.0,962.0,0.0,94.0,11.0
23518,2023,3277,1,1.4415191411972046,88,2023-12-20,FW,Lyon,Nantes,48.0,Alexandre Lacazette,h,OpenPlay,Ligue_1,Lyon,1144,0.0,1104.0,142.0,40.0,94.0
23530,2023,3277,1,0.5747321248054504,90,2024-01-14,FW,Le Havre,Lyon,53.0,Alexandre Lacazette,a,OpenPlay,Ligue_1,Lyon,1234,0.0,1197.0,93.0,37.0,40.0
23537,2023,3277,1,0.1154201179742813,90,2024-01-26,FW,Lyon,Rennes,77.0,Alexandre Lacazette,h,OpenPlay,Ligue_1,Lyon,1324,0.0,1311.0,114.0,13.0,37.0
23546,2023,3277,1,1.721207857131958,88,2024-02-04,FW,Lyon,Marseille,36.0,Alexandre Lacazette,h,OpenPlay,Ligue_1,Lyon,1412,0.0,1360.0,49.0,52.0,13.0
23556,2023,3277,1,0.0772677585482597,90,2024-02-11,FW,Montpellier,Lyon,73.0,Alexandre Lacazette,a,OpenPlay,Ligue_1,Lyon,1502,0.0,1485.0,125.0,17.0,52.0
23564,2023,3277,0,0.0,90,2024-02-16,FW,Lyon,Nice,,Alexandre Lacazette,h,NoGoal,Ligue_1,Lyon,1592,0.0,1485.0,0.0,107.0,17.0
23570,2023,3277,1,0.3862195014953613,90,2024-02-23,FW,Metz,Lyon,45.0,Alexandre Lacazette,a,OpenPlay,Ligue_1,Lyon,1682,0.0,1637.0,152.0,45.0,107.0
23597,2023,3277,1,0.1264036893844604,48,2024-03-15,FW,Toulouse,Lyon,32.0,Alexandre Lacazette,a,OpenPlay,Ligue_1,Lyon,1730,0.0,1714.0,77.0,16.0,45.0
23609,2023,3277,0,0.070548690855503,63,2024-03-30,FW,Lyon,Reims,,Alexandre Lacazette,h,NoGoal,Ligue_1,Lyon,1793,0.0,1714.0,0.0,79.0,16.0
23620,2023,3277,1,1.1416282653808594,89,2024-04-07,FW,Nantes,Lyon,74.0,Alexandre Lacazette,a,OpenPlay,Ligue_1,Lyon,1882,0.0,1867.0,153.0,15.0,79.0
23628,2023,3277,1,0.1078492850065231,90,2024-04-14,FW,Lyon,Brest,69.0,Alexandre Lacazette,h,FromCorner,Ligue_1,Lyon,1972,0.0,1951.0,84.0,21.0,15.0
23632,2023,3277,0,0.0615227818489074,72,2024-04-21,FW,Paris Saint Germain,Lyon,,Alexandre Lacazette,a,NoGoal,Ligue_1,Lyon,2044,0.0,1951.0,0.0,93.0,21.0
23646,2023,3277,1,1.1802765130996704,90,2024-04-28,FW,Lyon,Monaco,21.0,Alexandre Lacazette,h,OpenPlay,Ligue_1,Lyon,2134,0.0,2065.0,114.0,69.0,93.0
23652,2023,3277,1,0.9065868854522704,90,2024-05-06,FW,Lille,Lyon,87.0,Alexandre Lacazette,a,OpenPlay,Ligue_1,Lyon,2224,0.0,2221.0,156.0,3.0,69.0
23664,2023,3277,0,0.0,14,2024-05-12,Sub,Clermont Foot,Lyon,,Alexandre Lacazette,a,NoGoal,Ligue_1,Lyon,2238,76.0,2221.0,0.0,17.0,3.0
23671,2023,3277,2,1.2227929830551147,90,2024-05-19,FW,Lyon,Strasbourg,38.0,Alexandre Lacazette,h,OpenPlay,Ligue_1,Lyon,2328,0.0,2276.0,55.0,52.0,17.0
23671,2023,3277,2,1.2227929830551147,90,2024-05-19,FW,Lyon,Strasbourg,95.0,Alexandre Lacazette,h,Penalty,Ligue_1,Lyon,2328,0.0,2333.0,57.0,0.0,17.0
28058,2024,3277,0,0.0,90,2024-08-24,FW,Lyon,Monaco,,Alexandre Lacazette,h,NoGoal,Ligue_1,Lyon,2418,0.0,2333.0,0.0,85.0,0.0
28066,2024,3277,0,0.6285406351089478,90,2024-08-30,FW,Lyon,Strasbourg,,Alexandre Lacazette,h,NoGoal,Ligue_1,Lyon,2508,0.0,2333.0,0.0,175.0,85.0
28078,2024,3277,0,0.2581226229667663,90,2024-09-15,FW,Lens,Lyon,,Alexandre Lacazette,a,NoGoal,Ligue_1,Lyon,2598,0.0,2333.0,0.0,265.0,175.0
28084,2024,3277,0,1.2212435007095337,74,2024-09-22,FW,Lyon,Marseille,,Alexandre Lacazette,h,NoGoal,Ligue_1,Lyon,2672,0.0,2333.0,0.0,339.0,265.0
28099,2024,3277,0,0.0,19,2024-09-29,Sub,Toulouse,Lyon,,Alexandre Lacazette,a,NoGoal,Ligue_1,Lyon,2691,71.0,2333.0,0.0,358.0,339.0
28102,2024,3277,0,0.1134506464004516,85,2024-10-06,FW,Lyon,Nantes,,Alexandre Lacazette,h,NoGoal,Ligue_1,Lyon,2776,0.0,2333.0,0.0,443.0,358.0
28115,2024,3277,1,0.7111353278160095,76,2024-10-20,FW,Le Havre,Lyon,70.0,Alexandre Lacazette,a,OpenPlay,Ligue_1,Lyon,2852,0.0,2846.0,513.0,6.0,443.0
28126,2024,3277,0,0.0471811965107917,6,2024-10-27,Sub,Lyon,Auxerre,,Alexandre Lacazette,h,NoGoal,Ligue_1,Lyon,2858,84.0,2846.0,0.0,12.0,6.0
28136,2024,3277,0,0.7039555907249451,87,2024-11-01,FW,Lille,Lyon,,Alexandre Lacazette,a,NoGoal,Ligue_1,Lyon,2945,0.0,2846.0,0.0,99.0,12.0
28145,2024,3277,1,0.7979046106338501,87,2024-11-10,FW,Lyon,Saint-Etienne,28.0,Alexandre Lacazette,h,FromCorner,Ligue_1,Lyon,3032,0.0,2973.0,127.0,59.0,99.0
28155,2024,3277,0,0.4799235165119171,90,2024-11-23,FW,Reims,Lyon,,Alexandre Lacazette,a,NoGoal,Ligue_1,Lyon,3122,0.0,2973.0,0.0,149.0,59.0
28163,2024,3277,3,2.273300170898437,78,2024-12-01,FW,Lyon,Nice,3.0,Alexandre Lacazette,h,OpenPlay,Ligue_1,Lyon,3200,0.0,3125.0,152.0,75.0,149.0
28163,2024,3277,3,2.273300170898437,78,2024-12-01,FW,Lyon,Nice,40.0,Alexandre Lacazette,h,OpenPlay,Ligue_1,Lyon,3200,0.0,3162.0,37.0,38.0,149.0
28163,2024,3277,3,2.273300170898437,78,2024-12-01,FW,Lyon,Nice,68.0,Alexandre Lacazette,h,Penalty,Ligue_1,Lyon,3200,0.0,3190.0,28.0,10.0,149.0
28168,2024,3277,0,0.3053655326366424,71,2024-12-07,FW,Angers,Lyon,,Alexandre Lacazette,a,NoGoal,Ligue_1,Lyon,3271,0.0,3190.0,0.0,81.0,10.0
28182,2024,3277,0,0.0,19,2024-12-15,Sub,Paris Saint Germain,Lyon,,Alexandre Lacazette,a,NoGoal,Ligue_1,Lyon,3290,71.0,3190.0,0.0,100.0,81.0
28184,2024,3277,0,0.5107077360153198,90,2025-01-04,FW,Lyon,Montpellier,,Alexandre Lacazette,h,NoGoal,Ligue_1,Lyon,3380,0.0,3190.0,0.0,190.0,100.0
28198,2024,3277,0,0.6100200414657593,82,2025-01-11,FW,Brest,Lyon,,Alexandre Lacazette,a,NoGoal,Ligue_1,Lyon,3462,0.0,3190.0,0.0,272.0,190.0
28218,2024,3277,0,0.5729870796203613,67,2025-01-26,FW,Nantes,Lyon,,Alexandre Lacazette,a,NoGoal,Ligue_1,Lyon,3529,0.0,3190.0,0.0,339.0,272.0
28219,2024,3277,1,0.7600951194763184,80,2025-02-02,FW,Marseille,Lyon,71.0,Alexandre Lacazette,a,Penalty,Ligue_1,Lyon,3609,0.0,3600.0,410.0,9.0,339.0
28239,2024,3277,1,0.5153498649597168,18,2025-02-16,Sub,Montpellier,Lyon,72.0,Alexandre Lacazette,a,OpenPlay,Ligue_1,Lyon,3627,72.0,3609.0,9.0,18.0,9.0
28254,2024,3277,0,0.0,24,2025-02-23,Sub,Lyon,Paris Saint Germain,,Alexandre Lacazette,h,NoGoal,Ligue_1,Lyon,3651,66.0,3609.0,0.0,42.0,18.0
28257,2024,3277,2,1.0618000030517578,87,2025-03-02,FW,Lyon,Brest,23.0,Alexandre Lacazette,h,OpenPlay,Ligue_1,Lyon,3738,0.0,3674.0,65.0,64.0,42.0
28257,2024,3277,2,1.0618000030517578,87,2025-03-02,FW,Lyon,Brest,81.0,Alexandre Lacazette,h,OpenPlay,Ligue_1,Lyon,3738,0.0,3732.0,58.0,6.0,42.0
28268,2024,3277,0,0.0,77,2025-03-09,FW,Nice,Lyon,,Alexandre Lacazette,a,NoGoal,Ligue_1,Lyon,3815,0.0,3732.0,0.0,83.0,6.0
28277,2024,3277,1,0.9292840957641602,90,2025-03-16,FW,Lyon,Le Havre,21.0,Alexandre Lacazette,h,Penalty,Ligue_1,Lyon,3905,0.0,3836.0,104.0,69.0,83.0
28285,2024,3277,0,0.0,11,2025-03-28,Sub,Strasbourg,Lyon,,Alexandre Lacazette,a,NoGoal,Ligue_1,Lyon,3916,79.0,3836.0,0.0,80.0,69.0
28295,2024,3277,1,0.8307221531867981,75,2025-04-05,FW,Lyon,Lille,37.0,Alexandre Lacazette,h,Penalty,Ligue_1,Lyon,3991,0.0,3953.0,117.0,38.0,80.0
28302,2024,3277,1,1.8741639852523804,90,2025-04-13,FW,Auxerre,Lyon,83.0,Alexandre Lacazette,a,OpenPlay,Ligue_1,Lyon,4081,0.0,4074.0,121.0,7.0,38.0
28309,2024,3277,0,0.1067243292927742,90,2025-04-20,FW,Saint-Etienne,Lyon,,Alexandre Lacazette,a,NoGoal,Ligue_1,Lyon,4171,0.0,4074.0,0.0,97.0,7.0
28326,2024,3277,1,0.2466645836830139,79,2025-04-26,FW,Lyon,Rennes,38.0,Alexandre Lacazette,h,OpenPlay,Ligue_1,Lyon,4250,0.0,4209.0,135.0,41.0,97.0
28344,2024,3277,0,0.1159468963742256,90,2025-05-10,FW,Monaco,Lyon,,Alexandre Lacazette,a,NoGoal,Ligue_1,Lyon,4340,0.0,4209.0,0.0,131.0,41.0
28348,2024,3277,2,2.3309547901153564,80,2025-05-17,FW,Lyon,Angers,54.0,Alexandre Lacazette,h,Penalty,Ligue_1,Lyon,4420,0.0,4394.0,185.0,26.0,131.0
28348,2024,3277,2,2.3309547901153564,80,2025-05-17,FW,Lyon,Angers,71.0,Alexandre Lacazette,h,OpenPlay,Ligue_1,Lyon,4420,0.0,4411.0,17.0,9.0,131.0
23380,2023,3423,1,0.8950599431991577,35,2023-08-19,Sub,Toulouse,Paris Saint Germain,61.0,Kylian Mbappe-Lottin,a,Penalty,Ligue_1,Paris Saint Germain,35,55.0,6.0,,29.0,
23389,2023,3423,2,0.8042024374008179,90,2023-08-26,FWL,Paris Saint Germain,Lens,51.0,Kylian Mbappe-Lottin,h,OpenPlay,Ligue_1,Paris Saint Germain,125,0.0,86.0,80.0,39.0,29.0
23389,2023,3423,2,0.8042024374008179,90,2023-08-26,FWL,Paris Saint Germain,Lens,89.0,Kylian Mbappe-Lottin,h,OpenPlay,Ligue_1,Paris Saint Germain,125,0.0,124.0,38.0,1.0,29.0
23401,2023,3423,2,1.8060482740402224,90,2023-09-03,FWL,Lyon,Paris Saint Germain,3.0,Kylian Mbappe-Lottin,a,Penalty,Ligue_1,Paris Saint Germain,215,0.0,128.0,4.0,87.0,1.0
23401,2023,3423,2,1.8060482740402224,90,2023-09-03,FWL,Lyon,Paris Saint Germain,46.0,Kylian Mbappe-Lottin,a,OpenPlay,Ligue_1,Paris Saint Germain,215,0.0,171.0,43.0,44.0,1.0
23407,2023,3423,2,0.3013375997543335,90,2023-09-15,FWL,Paris Saint Germain,Nice,28.0,Kylian Mbappe-Lottin,h,OpenPlay,Ligue_1,Paris Saint Germain,305,0.0,243.0,72.0,62.0,44.0
23407,2023,3423,2,0.3013375997543335,90,2023-09-15,FWL,Paris Saint Germain,Nice,86.0,Kylian Mbappe-Lottin,h,OpenPlay,Ligue_1,Paris Saint Germain,305,0.0,301.0,58.0,4.0,44.0
23416,2023,3423,0,0.0957891196012497,31,2023-09-24,FWL,Paris Saint Germain,Marseille,,Kylian Mbappe-Lottin,h,NoGoal,Ligue_1,Paris Saint Germain,336,0.0,301.0,0.0,35.0,4.0
23431,2023,3423,0,0.7947143316268921,90,2023-09-30,FWL,Clermont Foot,Paris Saint Germain,,Kylian Mbappe-Lottin,a,NoGoal,Ligue_1,Paris Saint Germain,426,0.0,301.0,0.0,125.0,35.0
23435,2023,3423,0,1.4465755224227903,90,2023-10-08,FWL,Rennes,Paris Saint Germain,,Kylian Mbappe-Lottin,a,NoGoal,Ligue_1,Paris Saint Germain,516,0.0,301.0,0.0,215.0,125.0
23443,2023,3423,1,1.1598398685455322,90,2023-10-21,FW,Paris Saint Germain,Strasbourg,9.0,Kylian Mbappe-Lottin,h,Penalty,Ligue_1,Paris Saint Germain,606,0.0,525.0,224.0,81.0,215.0
23460,2023,3423,2,1.5732797384262085,90,2023-10-29,FW,Brest,Paris Saint Germain,27.0,Kylian Mbappe-Lottin,a,OpenPlay,Ligue_1,Paris Saint Germain,696,0.0,633.0,108.0,63.0,81.0
23460,2023,3423,2,1.5732797384262085,90,2023-10-29,FW,Brest,Paris Saint Germain,88.0,Kylian Mbappe-Lottin,a,SetPiece,Ligue_1,Paris Saint Germain,696,0.0,694.0,61.0,2.0,81.0
23461,2023,3423,0,0.1833554357290268,90,2023-11-03,FW,Paris Saint Germain,Montpellier,,Kylian Mbappe-Lottin,h,NoGoal,Ligue_1,Paris Saint Germain,786,0.0,694.0,0.0,92.0,2.0
23473,2023,3423,3,1.9519468545913696,90,2023-11-11,AMC,Reims,Paris Saint Germain,2.0,Kylian Mbappe-Lottin,a,OpenPlay,Ligue_1,Paris Saint Germain,876,0.0,788.0,94.0,88.0,92.0
23473,2023,3423,3,1.9519468545913696,90,2023-11-11,AMC,Reims,Paris Saint Germain,58.0,Kylian Mbappe-Lottin,a,OpenPlay,Ligue_1,Paris Saint Germain,876,0.0,844.0,56.0,32.0,92.0
23473,2023,3423,3,1.9519468545913696,90,2023-11-11,AMC,Reims,Paris Saint Germain,81.0,Kylian Mbappe-Lottin,a,OpenPlay,Ligue_1,Paris Saint Germain,876,0.0,867.0,23.0,9.0,92.0
23479,2023,3423,1,1.3157607316970823,90,2023-11-24,FWL,Paris Saint Germain,Monaco,38.0,Kylian Mbappe-Lottin,h,Penalty,Ligue_1,Paris Saint Germain,966,0.0,914.0,47.0,52.0,9.0
23495,2023,3423,1,0.961807370185852,90,2023-12-03,FW,Le Havre,Paris Saint Germain,22.0,Kylian Mbappe-Lottin,a,OpenPlay,Ligue_1,Paris Saint Germain,1056,0.0,988.0,74.0,68.0,52.0
23497,2023,3423,0,0.2974102795124054,90,2023-12-09,FW,Paris Saint Germain,Nantes,,Kylian Mbappe-Lottin,h,NoGoal,Ligue_1,Paris Saint Germain,1146,0.0,988.0,0.0,158.0,68.0
23510,2023,3423,1,1.0417295694351196,90,2023-12-17,FW,Lille,Paris Saint Germain,65.0,Kylian Mbappe-Lottin,a,Penalty,Ligue_1,Paris Saint Germain,1236,0.0,1211.0,223.0,25.0,158.0
23515,2023,3423,2,0.982714295387268,90,2023-12-20,FW,Paris Saint Germain,Metz,59.0,Kylian Mbappe-Lottin,h,OpenPlay,Ligue_1,Paris Saint Germain,1326,0.0,1295.0,84.0,31.0,25.0
23515,2023,3423,2,0.982714295387268,90,2023-12-20,FW,Paris Saint Germain,Metz,82.0,Kylian Mbappe-Lottin,h,OpenPlay,Ligue_1,Paris Saint Germain,1326,0.0,1318.0,23.0,8.0,25.0
23528,2023,3423,1,0.7816550731658936,90,2024-01-14,FW,Lens,Paris Saint Germain,88.0,Kylian Mbappe-Lottin,a,OpenPlay,Ligue_1,Paris Saint Germain,1416,0.0,1414.0,96.0,2.0,8.0
23533,2023,3423,0,0.3394375443458557,90,2024-01-28,FW,Paris Saint Germain,Brest,,Kylian Mbappe-Lottin,h,NoGoal,Ligue_1,Paris Saint Germain,1506,0.0,1414.0,0.0,92.0,2.0
23542,2023,3423,1,1.091614007949829,90,2024-02-02,FW,Strasbourg,Paris Saint Germain,30.0,Kylian Mbappe-Lottin,a,OpenPlay,Ligue_1,Paris Saint Germain,1596,0.0,1536.0,122.0,60.0,92.0
23566,2023,3423,1,0.8810560703277588,25,2024-02-17,Sub,Nantes,Paris Saint Germain,77.0,Kylian Mbappe-Lottin,a,Penalty,Ligue_1,Paris Saint Germain,1621,65.0,1608.0,72.0,13.0,60.0
23569,2023,3423,0,0.1569142341613769,66,2024-02-25,FW,Paris Saint Germain,Rennes,,Kylian Mbappe-Lottin,h,NoGoal,Ligue_1,Paris Saint Germain,1687,0.0,1608.0,0.0,79.0,13.0
23580,2023,3423,0,0.0239363405853509,50,2024-03-01,FWL,Monaco,Paris Saint Germain,,Kylian Mbappe-Lottin,a,NoGoal,Ligue_1,Paris Saint Germain,1737,0.0,1608.0,0.0,129.0,79.0
23587,2023,3423,0,0.1170039623975753,14,2024-03-10,Sub,Paris Saint Germain,Reims,,Kylian Mbappe-Lottin,h,NoGoal,Ligue_1,Paris Saint Germain,1751,76.0,1608.0,0.0,143.0,129.0
23603,2023,3423,3,0.4960063099861145,90,2024-03-17,FWL,Montpellier,Paris Saint Germain,21.0,Kylian Mbappe-Lottin,a,OpenPlay,Ligue_1,Paris Saint Germain,1841,0.0,1772.0,164.0,69.0,143.0
23603,2023,3423,3,0.4960063099861145,90,2024-03-17,FWL,Montpellier,Paris Saint Germain,49.0,Kylian Mbappe-Lottin,a,OpenPlay,Ligue_1,Paris Saint Germain,1841,0.0,1800.0,28.0,41.0,143.0
23603,2023,3423,3,0.4960063099861145,90,2024-03-17,FWL,Montpellier,Paris Saint Germain,62.0,Kylian Mbappe-Lottin,a,SetPiece,Ligue_1,Paris Saint Germain,1841,0.0,1813.0,13.0,28.0,143.0
23606,2023,3423,0,0.0,67,2024-03-31,FW,Marseille,Paris Saint Germain,,Kylian Mbappe-Lottin,a,NoGoal,Ligue_1,Paris Saint Germain,1908,0.0,1813.0,0.0,95.0,28.0
23614,2023,3423,0,0.5257443189620972,15,2024-04-06,Sub,Paris Saint Germain,Clermont Foot,,Kylian Mbappe-Lottin,h,NoGoal,Ligue_1,Paris Saint Germain,1923,75.0,1813.0,0.0,110.0,95.0
23624,2023,3423,2,0.7271597385406494,90,2024-04-24,FWL,Lorient,Paris Saint Germain,21.0,Kylian Mbappe-Lottin,a,OpenPlay,Ligue_1,Paris Saint Germain,2013,0.0,1944.0,131.0,69.0,110.0
23624,2023,3423,2,0.7271597385406494,90,2024-04-24,FWL,Lorient,Paris Saint Germain,89.0,Kylian Mbappe-Lottin,a,OpenPlay,Ligue_1,Paris Saint Germain,2013,0.0,2012.0,68.0,1.0,110.0
23641,2023,3423,0,0.0177906118333339,41,2024-04-27,Sub,Paris Saint Germain,Le Havre,,Kylian Mbappe-Lottin,h,NoGoal,Ligue_1,Paris Saint Germain,2054,49.0,2012.0,0.0,42.0,1.0
23659,2023,3423,1,0.5349519848823547,90,2024-05-12,FW,Paris Saint Germain,Toulouse,7.0,Kylian Mbappe-Lottin,h,OpenPlay,Ligue_1,Paris Saint Germain,2144,0.0,2061.0,49.0,83.0,42.0
26989,2024,3423,0,0.2654423117637634,90,2024-08-18,FW,Mallorca,Real Madrid,,Kylian Mbappe-Lottin,a,NoGoal,La_Liga,Real Madrid,2234,0.0,2061.0,0.0,173.0,83.0
26998,2024,3423,0,1.073331356048584,90,2024-08-25,FW,Real Madrid,Real Valladolid,,Kylian Mbappe-Lottin,h,NoGoal,La_Liga,Real Madrid,2324,0.0,2061.0,0.0,263.0,173.0
27011,2024,3423,0,0.7554198503494263,90,2024-08-29,FW,Las Palmas,Real Madrid,,Kylian Mbappe-Lottin,a,NoGoal,La_Liga,Real Madrid,2414,0.0,2061.0,0.0,353.0,263.0
27021,2024,3423,2,1.6032792329788208,87,2024-09-01,FW,Real Madrid,Real Betis,66.0,Kylian Mbappe-Lottin,h,OpenPlay,La_Liga,Real Madrid,2501,0.0,2480.0,419.0,21.0,353.0
27021,2024,3423,2,1.6032792329788208,87,2024-09-01,FW,Real Madrid,Real Betis,75.0,Kylian Mbappe-Lottin,h,Penalty,La_Liga,Real Madrid,2501,0.0,2489.0,9.0,12.0,353.0
27031,2024,3423,1,0.8317681550979614,90,2024-09-14,FW,Real Sociedad,Real Madrid,74.0,Kylian Mbappe-Lottin,a,Penalty,La_Liga,Real Madrid,2591,0.0,2575.0,86.0,16.0,12.0
27041,2024,3423,1,1.9825726747512815,90,2024-09-21,FW,Real Madrid,Espanyol,89.0,Kylian Mbappe-Lottin,h,Penalty,La_Liga,Real Madrid,2681,0.0,2680.0,105.0,1.0,16.0
27051,2024,3423,1,0.4452016055583954,82,2024-09-24,FW,Real Madrid,Alaves,39.0,Kylian Mbappe-Lottin,h,OpenPlay,La_Liga,Real Madrid,2763,0.0,2720.0,40.0,43.0,1.0
27063,2024,3423,0,0.1191532909870147,73,2024-10-05,FW,Real Madrid,Villarreal,,Kylian Mbappe-Lottin,h,NoGoal,La_Liga,Real Madrid,2836,0.0,2720.0,0.0,116.0,43.0
27075,2024,3423,1,0.0998861566185951,83,2024-10-19,FW,Celta Vigo,Real Madrid,19.0,Kylian Mbappe-Lottin,a,OpenPlay,La_Liga,Real Madrid,2919,0.0,2855.0,135.0,64.0,116.0
27085,2024,3423,0,0.5992578864097595,90,2024-10-26,FW,Real Madrid,Barcelona,,Kylian Mbappe-Lottin,h,NoGoal,La_Liga,Real Madrid,3009,0.0,2855.0,0.0,154.0,64.0
27109,2024,3423,0,0.4004534482955932,90,2024-11-09,FW,Real Madrid,Osasuna,,Kylian Mbappe-Lottin,h,NoGoal,La_Liga,Real Madrid,3099,0.0,2855.0,0.0,244.0,154.0
27116,2024,3423,1,1.0613553524017334,84,2024-11-24,FW,Leganes,Real Madrid,42.0,Kylian Mbappe-Lottin,a,OpenPlay,La_Liga,Real Madrid,3183,0.0,3141.0,286.0,42.0,244.0
27127,2024,3423,1,1.5841703414916992,90,2024-12-01,FWL,Real Madrid,Getafe,37.0,Kylian Mbappe-Lottin,h,OpenPlay,La_Liga,Real Madrid,3273,0.0,3220.0,79.0,53.0,42.0
27162,2024,3423,0,1.172120213508606,90,2024-12-04,FW,Athletic Club,Real Madrid,,Kylian Mbappe-Lottin,a,NoGoal,La_Liga,Real Madrid,3363,0.0,3220.0,0.0,143.0,53.0
27137,2024,3423,1,0.4473365545272827,82,2024-12-07,FW,Girona,Real Madrid,61.0,Kylian Mbappe-Lottin,a,OpenPlay,La_Liga,Real Madrid,3445,0.0,3424.0,204.0,21.0,143.0
27157,2024,3423,1,0.7339074611663818,90,2024-12-22,FW,Real Madrid,Sevilla,9.0,Kylian Mbappe-Lottin,h,OpenPlay,La_Liga,Real Madrid,3535,0.0,3454.0,30.0,81.0,21.0
27099,2024,3423,0,0.0,90,2025-01-03,FW,Valencia,Real Madrid,,Kylian Mbappe-Lottin,a,NoGoal,La_Liga,Real Madrid,3625,0.0,3454.0,0.0,171.0,81.0
27180,2024,3423,2,1.3569984436035156,90,2025-01-19,FW,Real Madrid,Las Palmas,17.0,Kylian Mbappe-Lottin,h,Penalty,La_Liga,Real Madrid,3715,0.0,3642.0,188.0,73.0,171.0
27180,2024,3423,2,1.3569984436035156,90,2025-01-19,FW,Real Madrid,Las Palmas,35.0,Kylian Mbappe-Lottin,h,OpenPlay,La_Liga,Real Madrid,3715,0.0,3660.0,18.0,55.0,171.0
27190,2024,3423,3,1.3755370378494265,90,2025-01-25,FW,Real Valladolid,Real Madrid,29.0,Kylian Mbappe-Lottin,a,OpenPlay,La_Liga,Real Madrid,3805,0.0,3744.0,84.0,61.0,55.0
27190,2024,3423,3,1.3755370378494265,90,2025-01-25,FW,Real Valladolid,Real Madrid,56.0,Kylian Mbappe-Lottin,a,OpenPlay,La_Liga,Real Madrid,3805,0.0,3771.0,27.0,34.0,55.0
27190,2024,3423,3,1.3755370378494265,90,2025-01-25,FW,Real Valladolid,Real Madrid,90.0,Kylian Mbappe-Lottin,a,Penalty,La_Liga,Real Madrid,3805,0.0,3805.0,34.0,0.0,55.0
27201,2024,3423,0,0.420115977525711,90,2025-02-01,FW,Espanyol,Real Madrid,,Kylian Mbappe-Lottin,a,NoGoal,La_Liga,Real Madrid,3895,0.0,3805.0,0.0,90.0,0.0
27205,2024,3423,1,0.8800011873245239,90,2025-02-08,FW,Real Madrid,Atletico Madrid,49.0,Kylian Mbappe-Lottin,h,OpenPlay,La_Liga,Real Madrid,3985,0.0,3944.0,139.0,41.0,90.0
27220,2024,3423,1,1.3050987720489502,90,2025-02-15,FW,Osasuna,Real Madrid,14.0,Kylian Mbappe-Lottin,a,OpenPlay,La_Liga,Real Madrid,4075,0.0,3999.0,55.0,76.0,41.0
27228,2024,3423,0,1.0252070426940918,90,2025-02-23,FW,Real Madrid,Girona,,Kylian Mbappe-Lottin,h,NoGoal,La_Liga,Real Madrid,4165,0.0,3999.0,0.0,166.0,76.0
27233,2024,3423,0,0.0,77,2025-03-01,FW,Real Betis,Real Madrid,,Kylian Mbappe-Lottin,a,NoGoal,La_Liga,Real Madrid,4242,0.0,3999.0,0.0,243.0,166.0
27251,2024,3423,1,0.8507775068283081,83,2025-03-09,FW,Real Madrid,Rayo Vallecano,29.0,Kylian Mbappe-Lottin,h,OpenPlay,La_Liga,Real Madrid,4325,0.0,4271.0,272.0,54.0,243.0
27259,2024,3423,2,0.641564130783081,90,2025-03-15,FW,Villarreal,Real Madrid,16.0,Kylian Mbappe-Lottin,a,OpenPlay,La_Liga,Real Madrid,4415,0.0,4341.0,70.0,74.0,54.0
27259,2024,3423,2,0.641564130783081,90,2025-03-15,FW,Villarreal,Real Madrid,22.0,Kylian Mbappe-Lottin,a,OpenPlay,La_Liga,Real Madrid,4415,0.0,4347.0,6.0,68.0,54.0
27268,2024,3423,2,1.599558711051941,90,2025-03-29,FW,Real Madrid,Leganes,31.0,Kylian Mbappe-Lottin,h,Penalty,La_Liga,Real Madrid,4505,0.0,4446.0,99.0,59.0,68.0
27268,2024,3423,2,1.599558711051941,90,2025-03-29,FW,Real Madrid,Leganes,75.0,Kylian Mbappe-Lottin,h,DirectFreekick,La_Liga,Real Madrid,4505,0.0,4490.0,44.0,15.0,68.0
27273,2024,3423,0,0.3636460304260254,90,2025-04-05,FW,Real Madrid,Valencia,,Kylian Mbappe-Lottin,h,NoGoal,La_Liga,Real Madrid,4595,0.0,4490.0,0.0,105.0,15.0
27287,2024,3423,0,0.0,37,2025-04-13,FW,Alaves,Real Madrid,,Kylian Mbappe-Lottin,a,NoGoal,La_Liga,Real Madrid,4632,0.0,4490.0,0.0,142.0,105.0
27317,2024,3423,2,0.7982617020606995,90,2025-05-04,FW,Real Madrid,Celta Vigo,38.0,Kylian Mbappe-Lottin,h,OpenPlay,La_Liga,Real Madrid,4722,0.0,4670.0,180.0,52.0,142.0
27317,2024,3423,2,0.7982617020606995,90,2025-05-04,FW,Real Madrid,Celta Vigo,47.0,Kylian Mbappe-Lottin,h,OpenPlay,La_Liga,Real Madrid,4722,0.0,4679.0,9.0,43.0,142.0
27324,2024,3423,3,2.089407205581665,90,2025-05-11,FW,Barcelona,Real Madrid,4.0,Kylian Mbappe-Lottin,a,Penalty,La_Liga,Real Madrid,4812,0.0,4726.0,47.0,86.0,43.0
27324,2024,3423,3,2.089407205581665,90,2025-05-11,FW,Barcelona,Real Madrid,13.0,Kylian Mbappe-Lottin,a,OpenPlay,La_Liga,Real Madrid,4812,0.0,4735.0,9.0,77.0,43.0
27324,2024,3423,3,2.089407205581665,90,2025-05-11,FW,Barcelona,Real Madrid,69.0,Kylian Mbappe-Lottin,a,OpenPlay,La_Liga,Real Madrid,4812,0.0,4791.0,56.0,21.0,43.0
27339,2024,3423,1,1.0593914985656738,90,2025-05-14,FW,Real Madrid,Mallorca,67.0,Kylian Mbappe-Lottin,h,OpenPlay,La_Liga,Real Madrid,4902,0.0,4879.0,88.0,23.0,21.0
27348,2024,3423,1,0.6185939908027649,90,2025-05-18,FW,Sevilla,Real Madrid,74.0,Kylian Mbappe-Lottin,a,OpenPlay,La_Liga,Real Madrid,4992,0.0,4976.0,97.0,16.0,23.0
27355,2024,3423,2,2.576820373535156,90,2025-05-24,FW,Real Madrid,Real Sociedad,37.0,Kylian Mbappe-Lottin,h,SetPiece,La_Liga,Real Madrid,5082,0.0,5029.0,53.0,53.0,16.0
27355,2024,3423,2,2.576820373535156,90,2025-05-24,FW,Real Madrid,Real Sociedad,82.0,Kylian Mbappe-Lottin,h,OpenPlay,La_Liga,Real Madrid,5082,0.0,5074.0,45.0,8.0,16.0
29167,2025,3423,1,0.9966684579849244,90,2025-08-19,FW,Real Madrid,Osasuna,50.0,Kylian Mbappe-Lottin,h,Penalty,La_Liga,Real Madrid,5172,0.0,5132.0,58.0,40.0,8.0
29175,2025,3423,2,0.6862600445747375,89,2025-08-24,FW,Real Oviedo,Real Madrid,36.0,Kylian Mbappe-Lottin,a,OpenPlay,La_Liga,Real Madrid,5261,0.0,5208.0,76.0,53.0,40.0
29175,2025,3423,2,0.6862600445747375,89,2025-08-24,FW,Real Oviedo,Real Madrid,82.0,Kylian Mbappe-Lottin,a,OpenPlay,La_Liga,Real Madrid,5261,0.0,5254.0,46.0,7.0,40.0
29184,2025,3423,0,0.7364838719367981,90,2025-08-30,FW,Real Madrid,Mallorca,,Kylian Mbappe-Lottin,h,NoGoal,La_Liga,Real Madrid,5351,0.0,5254.0,0.0,97.0,7.0
29195,2025,3423,1,1.2062236070632937,90,2025-09-13,FW,Real Sociedad,Real Madrid,11.0,Kylian Mbappe-Lottin,a,OpenPlay,La_Liga,Real Madrid,5441,0.0,5362.0,108.0,79.0,97.0
29206,2025,3423,1,1.3846076726913452,90,2025-09-20,FW,Real Madrid,Espanyol,46.0,Kylian Mbappe-Lottin,h,OpenPlay,La_Liga,Real Madrid,5531,0.0,5487.0,125.0,44.0,79.0
29210,2025,3423,2,1.516300916671753,83,2025-09-23,FW,Levante,Real Madrid,63.0,Kylian Mbappe-Lottin,a,Penalty,La_Liga,Real Madrid,5614,0.0,5594.0,107.0,20.0,44.0
29210,2025,3423,2,1.516300916671753,83,2025-09-23,FW,Levante,Real Madrid,65.0,Kylian Mbappe-Lottin,a,OpenPlay,La_Liga,Real Madrid,5614,0.0,5596.0,2.0,18.0,44.0
29219,2025,3423,1,0.3286557793617248,90,2025-09-27,FW,Atletico Madrid,Real Madrid,24.0,Kylian Mbappe-Lottin,a,OpenPlay,La_Liga,Real Madrid,5704,0.0,5638.0,42.0,66.0,18.0
29231,2025,3423,1,0.5462391376495361,84,2025-10-04,FW,Real Madrid,Villarreal,80.0,Kylian Mbappe-Lottin,h,OpenPlay,La_Liga,Real Madrid,5788,0.0,5784.0,146.0,4.0,66.0
29242,2025,3423,1,1.0012600421905518,90,2025-10-19,FW,Getafe,Real Madrid,79.0,Kylian Mbappe-Lottin,a,OpenPlay,La_Liga,Real Madrid,5878,0.0,5867.0,83.0,11.0,4.0
29254,2025,3423,1,1.299508571624756,90,2025-10-26,FW,Real Madrid,Barcelona,21.0,Kylian Mbappe-Lottin,h,OpenPlay,La_Liga,Real Madrid,5968,0.0,5899.0,32.0,69.0,11.0
29263,2025,3423,2,1.4035956859588623,85,2025-11-01,FW,Real Madrid,Valencia,18.0,Kylian Mbappe-Lottin,h,Penalty,La_Liga,Real Madrid,6053,0.0,5986.0,87.0,67.0,69.0
29263,2025,3423,2,1.4035956859588623,85,2025-11-01,FW,Real Madrid,Valencia,30.0,Kylian Mbappe-Lottin,h,OpenPlay,La_Liga,Real Madrid,6053,0.0,5998.0,12.0,55.0,69.0
29272,2025,3423,0,0.0295799858868122,90,2025-11-09,FW,Rayo Vallecano,Real Madrid,,Kylian Mbappe-Lottin,a,NoGoal,La_Liga,Real Madrid,6143,0.0,5998.0,0.0,145.0,55.0
29280,2025,3423,0,0.9200555682182312,90,2025-11-23,FW,Elche,Real Madrid,,Kylian Mbappe-Lottin,a,NoGoal,La_Liga,Real Madrid,6233,0.0,5998.0,0.0,235.0,145.0
29290,2025,3423,1,0.9951971173286438,90,2025-11-30,FW,Girona,Real Madrid,66.0,Kylian Mbappe-Lottin,a,Penalty,La_Liga,Real Madrid,6323,0.0,6299.0,301.0,24.0,235.0
29338,2025,3423,2,0.4926506280899048,80,2025-12-03,FW,Athletic Club,Real Madrid,6.0,Kylian Mbappe-Lottin,a,OpenPlay,La_Liga,Real Madrid,6403,0.0,6329.0,30.0,74.0,24.0
29338,2025,3423,2,0.4926506280899048,80,2025-12-03,FW,Athletic Club,Real Madrid,58.0,Kylian Mbappe-Lottin,a,OpenPlay,La_Liga,Real Madrid,6403,0.0,6381.0,52.0,22.0,24.0
29303,2025,3423,0,0.4516689777374267,90,2025-12-07,FW,Real Madrid,Celta Vigo,,Kylian Mbappe-Lottin,h,NoGoal,La_Liga,Real Madrid,6493,0.0,6381.0,0.0,112.0,22.0
29308,2025,3423,1,0.3031314313411712,90,2025-12-14,FW,Alaves,Real Madrid,23.0,Kylian Mbappe-Lottin,a,OpenPlay,La_Liga,Real Madrid,6583,0.0,6516.0,135.0,67.0,112.0
29322,2025,3423,1,2.5369153022766118,90,2025-12-20,FW,Real Madrid,Sevilla,85.0,Kylian Mbappe-Lottin,h,Penalty,La_Liga,Real Madrid,6673,0.0,6668.0,152.0,5.0,67.0
29351,2025,3423,1,1.2330243587493896,90,2026-01-17,FW,Real Madrid,Levante,57.0,Kylian Mbappe-Lottin,h,Penalty,La_Liga,Real Madrid,6763,0.0,6730.0,62.0,33.0,5.0
29367,2025,3423,2,1.0803842544555664,90,2026-01-24,FW,Villarreal,Real Madrid,46.0,Kylian Mbappe-Lottin,a,OpenPlay,La_Liga,Real Madrid,6853,0.0,6809.0,79.0,44.0,33.0
29367,2025,3423,2,1.0803842544555664,90,2026-01-24,FW,Villarreal,Real Madrid,93.0,Kylian Mbappe-Lottin,a,Penalty,La_Liga,Real Madrid,6853,0.0,6856.0,47.0,0.0,33.0
29377,2025,3423,1,1.3550794124603271,90,2026-02-01,FW,Real Madrid,Rayo Vallecano,99.0,Kylian Mbappe-Lottin,h,Penalty,La_Liga,Real Madrid,6943,0.0,6952.0,96.0,0.0,0.0
29387,2025,3423,1,0.633184015750885,90,2026-02-08,FW,Valencia,Real Madrid,90.0,Kylian Mbappe-Lottin,a,OpenPlay,La_Liga,Real Madrid,7033,0.0,7033.0,81.0,0.0,0.0
29405,2025,3423,0,0.51113361120224,90,2026-02-21,FW,Osasuna,Real Madrid,,Kylian Mbappe-Lottin,a,NoGoal,La_Liga,Real Madrid,7123,0.0,7033.0,0.0,90.0,0.0
29446,2025,3423,0,0.0,25,2026-03-22,Sub,Real Madrid,Atletico Madrid,,Kylian Mbappe-Lottin,h,NoGoal,La_Liga,Real Madrid,7148,65.0,7033.0,0.0,115.0,90.0
29452,2025,3423,0,0.8413193225860596,90,2026-04-04,FW,Mallorca,Real Madrid,,Kylian Mbappe-Lottin,a,NoGoal,La_Liga,Real Madrid,7238,0.0,7033.0,0.0,205.0,115.0
29462,2025,3423,0,0.6164717078208923,90,2026-04-10,FW,Real Madrid,Girona,,Kylian Mbappe-Lottin,h,NoGoal,La_Liga,Real Madrid,7328,0.0,7033.0,0.0,295.0,205.0
29483,2025,3423,1,0.4800330400466919,90,2026-04-21,FW,Real Madrid,Alaves,29.0,Kylian Mbappe-Lottin,h,OpenPlay,La_Liga,Real Madrid,7418,0.0,7357.0,324.0,61.0,295.0
29474,2025,3423,0,0.1809808164834976,86,2026-04-24,FW,Real Betis,Real Madrid,,Kylian Mbappe-Lottin,a,NoGoal,La_Liga,Real Madrid,7504,0.0,7357.0,0.0,147.0,61.0
29517,2025,3423,0,0.2708925604820251,21,2026-05-14,Sub,Real Madrid,Real Oviedo,,Kylian Mbappe-Lottin,h,NoGoal,La_Liga,Real Madrid,7525,69.0,7357.0,0.0,168.0,147.0
29524,2025,3423,0,1.0013504028320312,90,2026-05-17,FW,Sevilla,Real Madrid,,Kylian Mbappe-Lottin,a,NoGoal,La_Liga,Real Madrid,7615,0.0,7357.0,0.0,258.0,168.0
23070,2023,3738,2,0.8607519268989563,89,2023-08-19,FW,VfB Stuttgart,Bochum,17.0,Serhou Guirassy,h,OpenPlay,Bundesliga,VfB Stuttgart,89,0.0,17.0,,72.0,72.0
23070,2023,3738,2,0.8607519268989563,89,2023-08-19,FW,VfB Stuttgart,Bochum,76.0,Serhou Guirassy,h,OpenPlay,Bundesliga,VfB Stuttgart,89,0.0,76.0,59.0,13.0,72.0
23074,2023,3738,1,1.0382205247879028,90,2023-08-25,FW,RasenBallsport Leipzig,VfB Stuttgart,34.0,Serhou Guirassy,a,OpenPlay,Bundesliga,VfB Stuttgart,179,0.0,123.0,47.0,56.0,13.0
23088,2023,3738,2,0.7326924800872803,83,2023-09-02,FW,VfB Stuttgart,Freiburg,16.0,Serhou Guirassy,h,OpenPlay,Bundesliga,VfB Stuttgart,262,0.0,195.0,72.0,67.0,56.0
23088,2023,3738,2,0.7326924800872803,83,2023-09-02,FW,VfB Stuttgart,Freiburg,18.0,Serhou Guirassy,h,OpenPlay,Bundesliga,VfB Stuttgart,262,0.0,197.0,2.0,65.0,56.0
23096,2023,3738,3,0.9962249398231506,90,2023-09-16,FW,Mainz 05,VfB Stuttgart,55.0,Serhou Guirassy,a,OpenPlay,Bundesliga,VfB Stuttgart,352,0.0,317.0,120.0,35.0,65.0
23096,2023,3738,3,0.9962249398231506,90,2023-09-16,FW,Mainz 05,VfB Stuttgart,83.0,Serhou Guirassy,a,OpenPlay,Bundesliga,VfB Stuttgart,352,0.0,345.0,28.0,7.0,65.0
23096,2023,3738,3,0.9962249398231506,90,2023-09-16,FW,Mainz 05,VfB Stuttgart,96.0,Serhou Guirassy,a,OpenPlay,Bundesliga,VfB Stuttgart,352,0.0,358.0,13.0,0.0,65.0
23101,2023,3738,2,1.565294623374939,90,2023-09-22,FW,VfB Stuttgart,Darmstadt,31.0,Serhou Guirassy,h,OpenPlay,Bundesliga,VfB Stuttgart,442,0.0,383.0,25.0,59.0,0.0
23101,2023,3738,2,1.565294623374939,90,2023-09-22,FW,VfB Stuttgart,Darmstadt,91.0,Serhou Guirassy,h,OpenPlay,Bundesliga,VfB Stuttgart,442,0.0,443.0,60.0,0.0,0.0
23115,2023,3738,0,0.2575770914554596,90,2023-09-30,FW,FC Cologne,VfB Stuttgart,,Serhou Guirassy,a,NoGoal,Bundesliga,VfB Stuttgart,532,0.0,443.0,0.0,89.0,0.0
23123,2023,3738,3,2.5309865474700928,90,2023-10-07,FW,VfB Stuttgart,Wolfsburg,66.0,Serhou Guirassy,h,Penalty,Bundesliga,VfB Stuttgart,622,0.0,598.0,155.0,24.0,89.0
23123,2023,3738,3,2.5309865474700928,90,2023-10-07,FW,VfB Stuttgart,Wolfsburg,77.0,Serhou Guirassy,h,OpenPlay,Bundesliga,VfB Stuttgart,622,0.0,609.0,11.0,13.0,89.0
23123,2023,3738,3,2.5309865474700928,90,2023-10-07,FW,VfB Stuttgart,Wolfsburg,81.0,Serhou Guirassy,h,OpenPlay,Bundesliga,VfB Stuttgart,622,0.0,613.0,4.0,9.0,89.0
23129,2023,3738,1,0.3754783570766449,29,2023-10-21,FW,Union Berlin,VfB Stuttgart,15.0,Serhou Guirassy,a,OpenPlay,Bundesliga,VfB Stuttgart,651,0.0,637.0,24.0,14.0,9.0
23162,2023,3738,1,0.75777667760849,18,2023-11-11,Sub,VfB Stuttgart,Borussia Dortmund,82.0,Serhou Guirassy,h,Penalty,Bundesliga,VfB Stuttgart,669,72.0,661.0,24.0,8.0,14.0
23167,2023,3738,0,0.4788881838321686,27,2023-11-25,Sub,Eintracht Frankfurt,VfB Stuttgart,,Serhou Guirassy,a,NoGoal,Bundesliga,VfB Stuttgart,696,63.0,661.0,0.0,35.0,8.0
23180,2023,3738,1,1.8057661056518557,90,2023-12-02,FW,VfB Stuttgart,Werder Bremen,74.0,Serhou Guirassy,h,Penalty,Bundesliga,VfB Stuttgart,786,0.0,770.0,109.0,16.0,35.0
23189,2023,3738,0,0.4087805449962616,90,2023-12-10,FW,VfB Stuttgart,Bayer Leverkusen,,Serhou Guirassy,h,NoGoal,Bundesliga,VfB Stuttgart,876,0.0,770.0,0.0,106.0,16.0
23191,2023,3738,0,0.0849144607782363,90,2023-12-17,FW,Bayern Munich,VfB Stuttgart,,Serhou Guirassy,a,NoGoal,Bundesliga,VfB Stuttgart,966,0.0,770.0,0.0,196.0,106.0
23207,2023,3738,1,0.8715636134147644,90,2023-12-20,FW,VfB Stuttgart,Augsburg,45.0,Serhou Guirassy,h,OpenPlay,Bundesliga,VfB Stuttgart,1056,0.0,1011.0,241.0,45.0,196.0
23253,2023,3738,0,0.0750455483794212,13,2024-02-11,Sub,VfB Stuttgart,Mainz 05,,Serhou Guirassy,h,NoGoal,Bundesliga,VfB Stuttgart,1069,77.0,1011.0,0.0,58.0,45.0
23262,2023,3738,1,0.7249943017959595,88,2024-02-17,FW,Darmstadt,VfB Stuttgart,13.0,Serhou Guirassy,a,FromCorner,Bundesliga,VfB Stuttgart,1157,0.0,1082.0,71.0,75.0,58.0
23263,2023,3738,0,0.4626447856426239,90,2024-02-24,FW,VfB Stuttgart,FC Cologne,,Serhou Guirassy,h,NoGoal,Bundesliga,VfB Stuttgart,1247,0.0,1082.0,0.0,165.0,75.0
23274,2023,3738,2,0.8800443410873413,88,2024-03-02,FW,Wolfsburg,VfB Stuttgart,13.0,Serhou Guirassy,a,OpenPlay,Bundesliga,VfB Stuttgart,1335,0.0,1260.0,178.0,75.0,165.0
23274,2023,3738,2,0.8800443410873413,88,2024-03-02,FW,Wolfsburg,VfB Stuttgart,53.0,Serhou Guirassy,a,Penalty,Bundesliga,VfB Stuttgart,1335,0.0,1300.0,40.0,35.0,165.0
23289,2023,3738,1,0.3303201496601105,90,2024-03-08,FW,VfB Stuttgart,Union Berlin,18.0,Serhou Guirassy,h,OpenPlay,Bundesliga,VfB Stuttgart,1425,0.0,1353.0,53.0,72.0,35.0
23296,2023,3738,1,0.7561659216880798,87,2024-03-16,FW,Hoffenheim,VfB Stuttgart,45.0,Serhou Guirassy,a,OpenPlay,Bundesliga,VfB Stuttgart,1512,0.0,1470.0,117.0,42.0,72.0
23307,2023,3738,1,1.3457045555114746,90,2024-03-31,FW,VfB Stuttgart,FC Heidenheim,40.0,Serhou Guirassy,h,OpenPlay,Bundesliga,VfB Stuttgart,1602,0.0,1552.0,82.0,50.0,42.0
23308,2023,3738,1,1.46998131275177,90,2024-04-06,FW,Borussia Dortmund,VfB Stuttgart,63.0,Serhou Guirassy,a,OpenPlay,Bundesliga,VfB Stuttgart,1692,0.0,1665.0,113.0,27.0,50.0
23324,2023,3738,1,0.4795809984207153,90,2024-04-13,FW,VfB Stuttgart,Eintracht Frankfurt,10.0,Serhou Guirassy,h,OpenPlay,Bundesliga,VfB Stuttgart,1782,0.0,1702.0,37.0,80.0,27.0
23333,2023,3738,0,0.8119474649429321,90,2024-04-21,FW,Werder Bremen,VfB Stuttgart,,Serhou Guirassy,a,NoGoal,Bundesliga,VfB Stuttgart,1872,0.0,1702.0,0.0,170.0,80.0
23338,2023,3738,0,1.7772057056427002,90,2024-04-27,FW,Bayer Leverkusen,VfB Stuttgart,,Serhou Guirassy,a,NoGoal,Bundesliga,VfB Stuttgart,1962,0.0,1702.0,0.0,260.0,170.0
23351,2023,3738,0,0.5371163487434387,90,2024-05-04,FW,VfB Stuttgart,Bayern Munich,,Serhou Guirassy,h,NoGoal,Bundesliga,VfB Stuttgart,2052,0.0,1702.0,0.0,350.0,260.0
23360,2023,3738,1,0.2942586243152618,90,2024-05-10,FW,Augsburg,VfB Stuttgart,47.0,Serhou Guirassy,a,OpenPlay,Bundesliga,VfB Stuttgart,2142,0.0,2099.0,397.0,43.0,350.0
23369,2023,3738,2,0.8021734952926636,86,2024-05-18,FW,VfB Stuttgart,Borussia M.Gladbach,22.0,Serhou Guirassy,h,OpenPlay,Bundesliga,VfB Stuttgart,2228,0.0,2164.0,65.0,64.0,43.0
23369,2023,3738,2,0.8021734952926636,86,2024-05-18,FW,VfB Stuttgart,Borussia M.Gladbach,30.0,Serhou Guirassy,h,OpenPlay,Bundesliga,VfB Stuttgart,2228,0.0,2172.0,8.0,56.0,43.0
27760,2024,3738,0,1.2674593925476074,74,2024-09-13,FW,Borussia Dortmund,FC Heidenheim,,Serhou Guirassy,h,NoGoal,Bundesliga,Borussia Dortmund,2302,0.0,2172.0,0.0,130.0,56.0
27776,2024,3738,1,0.3442648649215698,90,2024-09-22,FW,VfB Stuttgart,Borussia Dortmund,74.0,Serhou Guirassy,a,OpenPlay,Bundesliga,Borussia Dortmund,2392,0.0,2376.0,204.0,16.0,130.0
27778,2024,3738,2,2.054466485977173,90,2024-09-27,FW,Borussia Dortmund,Bochum,43.0,Serhou Guirassy,h,OpenPlay,Bundesliga,Borussia Dortmund,2482,0.0,2435.0,59.0,47.0,16.0
27778,2024,3738,2,2.054466485977173,90,2024-09-27,FW,Borussia Dortmund,Bochum,74.0,Serhou Guirassy,h,OpenPlay,Bundesliga,Borussia Dortmund,2482,0.0,2466.0,31.0,16.0,16.0
27791,2024,3738,0,0.1296614557504654,90,2024-10-05,FW,Union Berlin,Borussia Dortmund,,Serhou Guirassy,a,NoGoal,Bundesliga,Borussia Dortmund,2572,0.0,2466.0,0.0,106.0,16.0
27798,2024,3738,1,1.7126765251159668,90,2024-10-18,FW,Borussia Dortmund,St. Pauli,82.0,Serhou Guirassy,h,OpenPlay,Bundesliga,Borussia Dortmund,2662,0.0,2654.0,188.0,8.0,106.0
27809,2024,3738,0,0.0650555565953254,90,2024-10-26,FW,Augsburg,Borussia Dortmund,,Serhou Guirassy,a,NoGoal,Bundesliga,Borussia Dortmund,2752,0.0,2654.0,0.0,98.0,8.0
27816,2024,3738,1,0.4187035262584686,90,2024-11-02,FW,Borussia Dortmund,RasenBallsport Leipzig,63.0,Serhou Guirassy,h,OpenPlay,Bundesliga,Borussia Dortmund,2842,0.0,2815.0,161.0,27.0,98.0
27828,2024,3738,1,0.75777667760849,90,2024-11-09,FW,Mainz 05,Borussia Dortmund,39.0,Serhou Guirassy,a,Penalty,Bundesliga,Borussia Dortmund,2932,0.0,2881.0,66.0,51.0,27.0
27842,2024,3738,0,0.1469829827547073,90,2024-11-30,FW,Borussia Dortmund,Bayern Munich,,Serhou Guirassy,h,NoGoal,Bundesliga,Borussia Dortmund,3022,0.0,2881.0,0.0,141.0,51.0
27854,2024,3738,0,0.2597720324993133,90,2024-12-07,FW,Borussia M.Gladbach,Borussia Dortmund,,Serhou Guirassy,a,NoGoal,Bundesliga,Borussia Dortmund,3112,0.0,2881.0,0.0,231.0,141.0
27860,2024,3738,0,0.1203299611806869,90,2024-12-15,FW,Borussia Dortmund,Hoffenheim,,Serhou Guirassy,h,NoGoal,Bundesliga,Borussia Dortmund,3202,0.0,2881.0,0.0,321.0,231.0
27874,2024,3738,0,0.4358324408531189,90,2024-12-22,FW,Wolfsburg,Borussia Dortmund,,Serhou Guirassy,a,NoGoal,Bundesliga,Borussia Dortmund,3292,0.0,2881.0,0.0,411.0,321.0
27878,2024,3738,1,0.8584502935409546,90,2025-01-10,FW,Borussia Dortmund,Bayer Leverkusen,78.0,Serhou Guirassy,h,Penalty,Bundesliga,Borussia Dortmund,3382,0.0,3370.0,489.0,12.0,411.0
27894,2024,3738,0,0.1827866584062576,90,2025-01-14,FW,Holstein Kiel,Borussia Dortmund,,Serhou Guirassy,a,NoGoal,Bundesliga,Borussia Dortmund,3472,0.0,3370.0,0.0,102.0,12.0
27898,2024,3738,0,0.2598020732402801,90,2025-01-17,FW,Eintracht Frankfurt,Borussia Dortmund,,Serhou Guirassy,a,NoGoal,Bundesliga,Borussia Dortmund,3562,0.0,3370.0,0.0,192.0,102.0
27905,2024,3738,1,0.926964282989502,90,2025-01-25,FW,Borussia Dortmund,Werder Bremen,27.0,Serhou Guirassy,h,OpenPlay,Bundesliga,Borussia Dortmund,3652,0.0,3589.0,219.0,63.0,192.0
27920,2024,3738,1,1.1390339136123655,90,2025-02-01,FW,FC Heidenheim,Borussia Dortmund,32.0,Serhou Guirassy,a,FromCorner,Bundesliga,Borussia Dortmund,3742,0.0,3684.0,95.0,58.0,63.0
27924,2024,3738,0,0.0780449882149696,90,2025-02-08,FW,Borussia Dortmund,VfB Stuttgart,,Serhou Guirassy,h,NoGoal,Bundesliga,Borussia Dortmund,3832,0.0,3684.0,0.0,148.0,58.0
27938,2024,3738,0,1.48835027217865,90,2025-02-15,FW,Bochum,Borussia Dortmund,,Serhou Guirassy,a,NoGoal,Bundesliga,Borussia Dortmund,3922,0.0,3684.0,0.0,238.0,148.0
27942,2024,3738,4,3.121956348419189,86,2025-02-22,FW,Borussia Dortmund,Union Berlin,39.0,Serhou Guirassy,h,OpenPlay,Bundesliga,Borussia Dortmund,4008,0.0,3961.0,277.0,47.0,238.0
27942,2024,3738,4,3.121956348419189,86,2025-02-22,FW,Borussia Dortmund,Union Berlin,74.0,Serhou Guirassy,h,OpenPlay,Bundesliga,Borussia Dortmund,4008,0.0,3996.0,35.0,12.0,238.0
27942,2024,3738,4,3.121956348419189,86,2025-02-22,FW,Borussia Dortmund,Union Berlin,79.0,Serhou Guirassy,h,OpenPlay,Bundesliga,Borussia Dortmund,4008,0.0,4001.0,5.0,7.0,238.0
27942,2024,3738,4,3.121956348419189,86,2025-02-22,FW,Borussia Dortmund,Union Berlin,82.0,Serhou Guirassy,h,OpenPlay,Bundesliga,Borussia Dortmund,4008,0.0,4004.0,3.0,4.0,238.0
27956,2024,3738,1,1.392090916633606,90,2025-03-01,FW,St. Pauli,Borussia Dortmund,49.0,Serhou Guirassy,a,OpenPlay,Bundesliga,Borussia Dortmund,4098,0.0,4057.0,53.0,41.0,4.0
27960,2024,3738,0,0.616634726524353,90,2025-03-08,FW,Borussia Dortmund,Augsburg,,Serhou Guirassy,h,NoGoal,Bundesliga,Borussia Dortmund,4188,0.0,4057.0,0.0,131.0,41.0
27968,2024,3738,0,1.0819709300994873,90,2025-03-15,FW,RasenBallsport Leipzig,Borussia Dortmund,,Serhou Guirassy,a,NoGoal,Bundesliga,Borussia Dortmund,4278,0.0,4057.0,0.0,221.0,131.0
27988,2024,3738,1,1.3027714490890503,25,2025-04-05,Sub,Freiburg,Borussia Dortmund,67.0,Serhou Guirassy,a,OpenPlay,Bundesliga,Borussia Dortmund,4303,65.0,4280.0,223.0,23.0,221.0
27996,2024,3738,0,0.1075508296489715,90,2025-04-12,FW,Bayern Munich,Borussia Dortmund,,Serhou Guirassy,a,NoGoal,Bundesliga,Borussia Dortmund,4393,0.0,4280.0,0.0,113.0,23.0
28004,2024,3738,1,0.2051624357700348,90,2025-04-20,FW,Borussia Dortmund,Borussia M.Gladbach,40.0,Serhou Guirassy,h,OpenPlay,Bundesliga,Borussia Dortmund,4483,0.0,4433.0,153.0,50.0,113.0
28016,2024,3738,1,1.4033453464508057,90,2025-04-26,FW,Hoffenheim,Borussia Dortmund,19.0,Serhou Guirassy,a,OpenPlay,Bundesliga,Borussia Dortmund,4573,0.0,4502.0,69.0,71.0,50.0
28022,2024,3738,2,1.0670714378356934,85,2025-05-03,FW,Borussia Dortmund,Wolfsburg,2.0,Serhou Guirassy,h,OpenPlay,Bundesliga,Borussia Dortmund,4658,0.0,4575.0,73.0,83.0,71.0
28022,2024,3738,2,1.0670714378356934,85,2025-05-03,FW,Borussia Dortmund,Wolfsburg,58.0,Serhou Guirassy,h,OpenPlay,Bundesliga,Borussia Dortmund,4658,0.0,4631.0,56.0,27.0,71.0
28030,2024,3738,1,0.1560180187225341,90,2025-05-11,FW,Bayer Leverkusen,Borussia Dortmund,76.0,Serhou Guirassy,a,OpenPlay,Bundesliga,Borussia Dortmund,4748,0.0,4734.0,103.0,14.0,27.0
28040,2024,3738,1,1.5740406513214111,88,2025-05-17,FW,Borussia Dortmund,Holstein Kiel,2.0,Serhou Guirassy,h,Penalty,Bundesliga,Borussia Dortmund,4836,0.0,4750.0,16.0,86.0,14.0
30230,2025,3738,1,1.2781102657318115,90,2025-08-23,FW,St. Pauli,Borussia Dortmund,33.0,Serhou Guirassy,a,OpenPlay,Bundesliga,Borussia Dortmund,4926,0.0,4869.0,119.0,57.0,86.0
30240,2025,3738,2,1.653812289237976,90,2025-08-31,FW,Borussia Dortmund,Union Berlin,43.0,Serhou Guirassy,h,OpenPlay,Bundesliga,Borussia Dortmund,5016,0.0,4969.0,100.0,47.0,57.0
30240,2025,3738,2,1.653812289237976,90,2025-08-31,FW,Borussia Dortmund,Union Berlin,57.0,Serhou Guirassy,h,OpenPlay,Bundesliga,Borussia Dortmund,5016,0.0,4983.0,14.0,33.0,57.0
30244,2025,3738,1,1.4231998920440674,90,2025-09-13,FW,FC Heidenheim,Borussia Dortmund,32.0,Serhou Guirassy,a,OpenPlay,Bundesliga,Borussia Dortmund,5106,0.0,5048.0,65.0,58.0,33.0
30259,2025,3738,0,0.0893797427415847,90,2025-09-21,FW,Borussia Dortmund,Wolfsburg,,Serhou Guirassy,h,NoGoal,Bundesliga,Borussia Dortmund,5196,0.0,5048.0,0.0,148.0,58.0
30271,2025,3738,0,0.0816744863986969,84,2025-10-04,FW,Borussia Dortmund,RasenBallsport Leipzig,,Serhou Guirassy,h,NoGoal,Bundesliga,Borussia Dortmund,5280,0.0,5048.0,0.0,232.0,148.0
30278,2025,3738,0,0.0683896914124488,85,2025-10-18,FW,Bayern Munich,Borussia Dortmund,,Serhou Guirassy,a,NoGoal,Bundesliga,Borussia Dortmund,5365,0.0,5048.0,0.0,317.0,232.0
30290,2025,3738,0,0.5742940902709961,90,2025-10-25,FW,Borussia Dortmund,FC Cologne,,Serhou Guirassy,h,NoGoal,Bundesliga,Borussia Dortmund,5455,0.0,5048.0,0.0,407.0,317.0
30296,2025,3738,1,0.4912946820259094,90,2025-10-31,FW,Augsburg,Borussia Dortmund,36.0,Serhou Guirassy,a,OpenPlay,Bundesliga,Borussia Dortmund,5545,0.0,5491.0,443.0,54.0,407.0
30309,2025,3738,0,0.2577072381973266,90,2025-11-08,FW,Hamburger SV,Borussia Dortmund,,Serhou Guirassy,a,NoGoal,Bundesliga,Borussia Dortmund,5635,0.0,5491.0,0.0,144.0,54.0
30316,2025,3738,0,0.1302152425050735,90,2025-11-22,FW,Borussia Dortmund,VfB Stuttgart,,Serhou Guirassy,h,NoGoal,Bundesliga,Borussia Dortmund,5725,0.0,5491.0,0.0,234.0,144.0
30323,2025,3738,0,0.3531595766544342,63,2025-11-29,FW,Bayer Leverkusen,Borussia Dortmund,,Serhou Guirassy,a,NoGoal,Bundesliga,Borussia Dortmund,5788,0.0,5491.0,0.0,297.0,234.0
30335,2025,3738,0,0.3222016394138336,90,2025-12-07,FW,Borussia Dortmund,Hoffenheim,,Serhou Guirassy,h,NoGoal,Bundesliga,Borussia Dortmund,5878,0.0,5491.0,0.0,387.0,297.0
30345,2025,3738,0,0.672185480594635,80,2025-12-14,FW,Freiburg,Borussia Dortmund,,Serhou Guirassy,a,NoGoal,Bundesliga,Borussia Dortmund,5958,0.0,5491.0,0.0,467.0,387.0
30351,2025,3738,0,0.1021766364574432,84,2025-12-19,FW,Borussia Dortmund,Borussia M.Gladbach,,Serhou Guirassy,h,NoGoal,Bundesliga,Borussia Dortmund,6042,0.0,5491.0,0.0,551.0,467.0
30362,2025,3738,0,0.0345546901226043,68,2026-01-09,FW,Eintracht Frankfurt,Borussia Dortmund,,Serhou Guirassy,a,NoGoal,Bundesliga,Borussia Dortmund,6110,0.0,5491.0,0.0,619.0,551.0
30369,2025,3738,1,0.5227438807487488,22,2026-01-13,Sub,Borussia Dortmund,Werder Bremen,82.0,Serhou Guirassy,h,OpenPlay,Bundesliga,Borussia Dortmund,6132,68.0,6124.0,633.0,8.0,619.0
30378,2025,3738,0,0.0380477793514728,16,2026-01-17,Sub,Borussia Dortmund,St. Pauli,,Serhou Guirassy,h,NoGoal,Bundesliga,Borussia Dortmund,6148,74.0,6124.0,0.0,24.0,8.0
30394,2025,3738,0,0.4030627608299255,90,2026-01-24,FW,Union Berlin,Borussia Dortmund,,Serhou Guirassy,a,NoGoal,Bundesliga,Borussia Dortmund,6238,0.0,6124.0,0.0,114.0,24.0
30396,2025,3738,2,2.535625457763672,90,2026-02-01,FW,Borussia Dortmund,FC Heidenheim,67.0,Serhou Guirassy,h,Penalty,Bundesliga,Borussia Dortmund,6328,0.0,6305.0,181.0,23.0,114.0
30396,2025,3738,2,2.535625457763672,90,2026-02-01,FW,Borussia Dortmund,FC Heidenheim,68.0,Serhou Guirassy,h,OpenPlay,Bundesliga,Borussia Dortmund,6328,0.0,6306.0,1.0,22.0,114.0
30412,2025,3738,1,0.5451740622520447,90,2026-02-07,FW,Wolfsburg,Borussia Dortmund,86.0,Serhou Guirassy,a,OpenPlay,Bundesliga,Borussia Dortmund,6418,0.0,6414.0,108.0,4.0,22.0
30415,2025,3738,2,0.8639556169509888,79,2026-02-13,FW,Borussia Dortmund,Mainz 05,9.0,Serhou Guirassy,h,SetPiece,Bundesliga,Borussia Dortmund,6497,0.0,6427.0,13.0,70.0,4.0
30415,2025,3738,2,0.8639556169509888,79,2026-02-13,FW,Borussia Dortmund,Mainz 05,41.0,Serhou Guirassy,h,FromCorner,Bundesliga,Borussia Dortmund,6497,0.0,6459.0,32.0,38.0,4.0
30427,2025,3738,0,0.0,73,2026-02-21,FW,RasenBallsport Leipzig,Borussia Dortmund,,Serhou Guirassy,a,NoGoal,Bundesliga,Borussia Dortmund,6570,0.0,6459.0,0.0,111.0,38.0
30434,2025,3738,0,0.1300757527351379,16,2026-02-28,Sub,Borussia Dortmund,Bayern Munich,,Serhou Guirassy,h,NoGoal,Bundesliga,Borussia Dortmund,6586,74.0,6459.0,0.0,127.0,111.0
30441,2025,3738,1,0.8907711505889893,67,2026-03-07,FW,FC Cologne,Borussia Dortmund,15.0,Serhou Guirassy,a,FromCorner,Bundesliga,Borussia Dortmund,6653,0.0,6601.0,142.0,52.0,127.0
30451,2025,3738,0,0.6260088682174683,1,2026-03-14,Sub,Borussia Dortmund,Augsburg,,Serhou Guirassy,h,NoGoal,Bundesliga,Borussia Dortmund,6654,89.0,6601.0,0.0,53.0,52.0
30460,2025,3738,1,1.6394295692443848,41,2026-03-21,Sub,Borussia Dortmund,Hamburger SV,77.0,Serhou Guirassy,h,OpenPlay,Bundesliga,Borussia Dortmund,6695,49.0,6682.0,81.0,13.0,53.0
30473,2025,3738,0,0.0,66,2026-04-04,FW,VfB Stuttgart,Borussia Dortmund,,Serhou Guirassy,a,NoGoal,Bundesliga,Borussia Dortmund,6761,0.0,6682.0,0.0,79.0,13.0
30477,2025,3738,0,0.4737255871295929,90,2026-04-11,FW,Borussia Dortmund,Bayer Leverkusen,,Serhou Guirassy,h,NoGoal,Bundesliga,Borussia Dortmund,6851,0.0,6682.0,0.0,169.0,79.0
30490,2025,3738,1,0.0355187207460403,24,2026-04-18,Sub,Hoffenheim,Borussia Dortmund,86.0,Serhou Guirassy,a,OpenPlay,Bundesliga,Borussia Dortmund,6875,66.0,6871.0,189.0,4.0,169.0
30495,2025,3738,1,1.0224930047988892,86,2026-04-26,FW,Borussia Dortmund,Freiburg,13.0,Serhou Guirassy,h,OpenPlay,Bundesliga,Borussia Dortmund,6961,0.0,6888.0,17.0,73.0,4.0
30505,2025,3738,0,0.0,77,2026-05-03,FW,Borussia M.Gladbach,Borussia Dortmund,,Serhou Guirassy,a,NoGoal,Bundesliga,Borussia Dortmund,7038,0.0,6888.0,0.0,150.0,73.0
30513,2025,3738,1,0.3432260751724243,81,2026-05-08,FW,Borussia Dortmund,Eintracht Frankfurt,41.0,Serhou Guirassy,h,OpenPlay,Bundesliga,Borussia Dortmund,7119,0.0,7079.0,191.0,40.0,150.0
30529,2025,3738,1,2.3089678287506104,83,2026-05-16,FW,Werder Bremen,Borussia Dortmund,58.0,Serhou Guirassy,a,OpenPlay,Bundesliga,Borussia Dortmund,7202,0.0,7177.0,98.0,25.0,40.0
22276,2023,4456,0,0.0,1,2023-08-12,Sub,Arsenal,Nottingham Forest,,Chris Wood,a,NoGoal,EPL,Nottingham Forest,1,89.0,,,,
22285,2023,4456,1,0.1108355447649955,4,2023-08-18,Sub,Nottingham Forest,Sheffield United,88.0,Chris Wood,h,OpenPlay,EPL,Nottingham Forest,5,86.0,3.0,,2.0,
22300,2023,4456,0,0.0,6,2023-08-26,Sub,Manchester United,Nottingham Forest,,Chris Wood,a,NoGoal,EPL,Nottingham Forest,11,84.0,3.0,0.0,8.0,2.0
21930,2023,4456,0,0.0,20,2023-09-02,Sub,Chelsea,Nottingham Forest,,Chris Wood,a,NoGoal,EPL,Nottingham Forest,31,70.0,3.0,0.0,28.0,8.0
21944,2023,4456,0,0.0,1,2023-09-18,Sub,Nottingham Forest,Burnley,,Chris Wood,h,NoGoal,EPL,Nottingham Forest,32,89.0,3.0,0.0,29.0,28.0
21946,2023,4456,0,0.0,10,2023-09-23,Sub,Manchester City,Nottingham Forest,,Chris Wood,a,NoGoal,EPL,Nottingham Forest,42,80.0,3.0,0.0,39.0,29.0
21963,2023,4456,0,0.3710960149765014,7,2023-10-01,Sub,Nottingham Forest,Brentford,,Chris Wood,h,NoGoal,EPL,Nottingham Forest,49,83.0,3.0,0.0,46.0,39.0
21968,2023,4456,0,0.0,79,2023-10-07,FW,Crystal Palace,Nottingham Forest,,Chris Wood,a,NoGoal,EPL,Nottingham Forest,128,0.0,3.0,0.0,125.0,46.0
21982,2023,4456,2,1.93721616268158,90,2023-10-21,FW,Nottingham Forest,Luton,47.0,Chris Wood,h,OpenPlay,EPL,Nottingham Forest,218,0.0,175.0,172.0,43.0,125.0
21982,2023,4456,2,1.93721616268158,90,2023-10-21,FW,Nottingham Forest,Luton,75.0,Chris Wood,h,OpenPlay,EPL,Nottingham Forest,218,0.0,203.0,28.0,15.0,125.0
22013,2023,4456,0,0.0,11,2023-11-12,Sub,West Ham,Nottingham Forest,,Chris Wood,a,NoGoal,EPL,Nottingham Forest,229,79.0,203.0,0.0,26.0,15.0
22022,2023,4456,0,0.1522313505411148,70,2023-11-25,FW,Nottingham Forest,Brighton,,Chris Wood,h,NoGoal,EPL,Nottingham Forest,299,0.0,203.0,0.0,96.0,26.0
22033,2023,4456,0,0.0,90,2023-12-02,FW,Nottingham Forest,Everton,,Chris Wood,h,NoGoal,EPL,Nottingham Forest,389,0.0,203.0,0.0,186.0,96.0
22038,2023,4456,0,0.0840417444705963,28,2023-12-06,Sub,Fulham,Nottingham Forest,,Chris Wood,a,NoGoal,EPL,Nottingham Forest,417,62.0,203.0,0.0,214.0,186.0
22054,2023,4456,0,0.0,1,2023-12-09,Sub,Wolverhampton Wanderers,Nottingham Forest,,Chris Wood,a,NoGoal,EPL,Nottingham Forest,418,89.0,203.0,0.0,215.0,214.0
22063,2023,4456,0,0.0,18,2023-12-15,Sub,Nottingham Forest,Tottenham,,Chris Wood,h,NoGoal,EPL,Nottingham Forest,436,72.0,203.0,0.0,233.0,215.0
22070,2023,4456,1,0.2028566002845764,90,2023-12-23,FW,Nottingham Forest,Bournemouth,73.0,Chris Wood,h,FromCorner,EPL,Nottingham Forest,526,0.0,509.0,306.0,17.0,233.0
22083,2023,4456,3,2.169308662414551,90,2023-12-26,FW,Newcastle United,Nottingham Forest,45.0,Chris Wood,a,OpenPlay,EPL,Nottingham Forest,616,0.0,571.0,62.0,45.0,17.0
22083,2023,4456,3,2.169308662414551,90,2023-12-26,FW,Newcastle United,Nottingham Forest,52.0,Chris Wood,a,OpenPlay,EPL,Nottingham Forest,616,0.0,578.0,7.0,38.0,17.0
22083,2023,4456,3,2.169308662414551,90,2023-12-26,FW,Newcastle United,Nottingham Forest,59.0,Chris Wood,a,OpenPlay,EPL,Nottingham Forest,616,0.0,585.0,7.0,31.0,17.0
22091,2023,4456,0,0.0356165617704391,90,2023-12-30,FW,Nottingham Forest,Manchester United,,Chris Wood,h,NoGoal,EPL,Nottingham Forest,706,0.0,585.0,0.0,121.0,31.0
22104,2023,4456,1,0.3405039608478546,90,2024-01-20,FW,Brentford,Nottingham Forest,64.0,Chris Wood,a,OpenPlay,EPL,Nottingham Forest,796,0.0,770.0,185.0,26.0,121.0
22108,2023,4456,0,0.0355732850730419,49,2024-01-30,FW,Nottingham Forest,Arsenal,,Chris Wood,h,NoGoal,EPL,Nottingham Forest,845,0.0,770.0,0.0,75.0,26.0
22168,2023,4456,0,0.0571505837142467,90,2024-03-10,FW,Brighton,Nottingham Forest,,Chris Wood,a,NoGoal,EPL,Nottingham Forest,935,0.0,770.0,0.0,165.0,75.0
22181,2023,4456,1,0.4560912251472473,78,2024-03-16,FW,Luton,Nottingham Forest,33.0,Chris Wood,a,OpenPlay,EPL,Nottingham Forest,1013,0.0,968.0,198.0,45.0,165.0
22192,2023,4456,1,0.5059872269630432,90,2024-03-30,FW,Nottingham Forest,Crystal Palace,60.0,Chris Wood,h,OpenPlay,EPL,Nottingham Forest,1103,0.0,1073.0,105.0,30.0,45.0
22198,2023,4456,1,0.0242133028805255,90,2024-04-02,FW,Nottingham Forest,Fulham,18.0,Chris Wood,h,OpenPlay,EPL,Nottingham Forest,1193,0.0,1121.0,48.0,72.0,30.0
22213,2023,4456,1,1.6798491477966309,71,2024-04-07,FW,Tottenham,Nottingham Forest,26.0,Chris Wood,a,OpenPlay,EPL,Nottingham Forest,1264,0.0,1219.0,98.0,45.0,72.0
22223,2023,4456,0,0.0,90,2024-04-13,FW,Nottingham Forest,Wolverhampton Wanderers,,Chris Wood,h,NoGoal,EPL,Nottingham Forest,1354,0.0,1219.0,0.0,135.0,45.0
22228,2023,4456,0,0.7687434554100037,90,2024-04-21,FW,Everton,Nottingham Forest,,Chris Wood,a,NoGoal,EPL,Nottingham Forest,1444,0.0,1219.0,0.0,225.0,135.0
22242,2023,4456,0,1.154483437538147,90,2024-04-28,FW,Nottingham Forest,Manchester City,,Chris Wood,h,NoGoal,EPL,Nottingham Forest,1534,0.0,1219.0,0.0,315.0,225.0
22254,2023,4456,0,0.8363785743713379,90,2024-05-04,FW,Sheffield United,Nottingham Forest,,Chris Wood,a,NoGoal,EPL,Nottingham Forest,1624,0.0,1219.0,0.0,405.0,315.0
22261,2023,4456,0,1.3079551458358765,90,2024-05-11,FW,Nottingham Forest,Chelsea,,Chris Wood,h,NoGoal,EPL,Nottingham Forest,1714,0.0,1219.0,0.0,495.0,405.0
22268,2023,4456,2,1.1341400146484375,83,2024-05-19,FW,Burnley,Nottingham Forest,1.0,Chris Wood,a,OpenPlay,EPL,Nottingham Forest,1797,0.0,1715.0,496.0,82.0,495.0
22268,2023,4456,2,1.1341400146484375,83,2024-05-19,FW,Burnley,Nottingham Forest,13.0,Chris Wood,a,OpenPlay,EPL,Nottingham Forest,1797,0.0,1727.0,12.0,70.0,495.0
26607,2024,4456,1,0.5572144389152527,83,2024-08-17,FW,Nottingham Forest,Bournemouth,22.0,Chris Wood,h,OpenPlay,EPL,Nottingham Forest,1880,0.0,1819.0,92.0,61.0,70.0
26616,2024,4456,0,0.5129415392875671,77,2024-08-24,FW,Southampton,Nottingham Forest,,Chris Wood,a,NoGoal,EPL,Nottingham Forest,1957,0.0,1819.0,0.0,138.0,61.0
26627,2024,4456,1,0.8261536955833435,90,2024-08-31,FW,Nottingham Forest,Wolverhampton Wanderers,9.0,Chris Wood,h,FromCorner,EPL,Nottingham Forest,2047,0.0,1966.0,147.0,81.0,138.0
26635,2024,4456,0,0.3199350535869598,84,2024-09-14,FW,Liverpool,Nottingham Forest,,Chris Wood,a,NoGoal,EPL,Nottingham Forest,2131,0.0,1966.0,0.0,165.0,81.0
26650,2024,4456,1,0.7611688375473022,76,2024-09-22,FW,Brighton,Nottingham Forest,12.0,Chris Wood,a,Penalty,EPL,Nottingham Forest,2207,0.0,2143.0,177.0,64.0,165.0
26653,2024,4456,0,0.0,90,2024-09-28,FW,Nottingham Forest,Fulham,,Chris Wood,h,NoGoal,EPL,Nottingham Forest,2297,0.0,2143.0,0.0,154.0,64.0
26668,2024,4456,1,0.4478428065776825,83,2024-10-06,FW,Chelsea,Nottingham Forest,48.0,Chris Wood,a,SetPiece,EPL,Nottingham Forest,2380,0.0,2345.0,202.0,35.0,154.0
26677,2024,4456,1,0.8878478407859802,86,2024-10-21,FW,Nottingham Forest,Crystal Palace,64.0,Chris Wood,h,OpenPlay,EPL,Nottingham Forest,2466,0.0,2444.0,99.0,22.0,35.0
26682,2024,4456,2,0.5328080058097839,83,2024-10-25,FW,Leicester,Nottingham Forest,46.0,Chris Wood,a,OpenPlay,EPL,Nottingham Forest,2549,0.0,2512.0,68.0,37.0,22.0
26682,2024,4456,2,0.5328080058097839,83,2024-10-25,FW,Leicester,Nottingham Forest,59.0,Chris Wood,a,OpenPlay,EPL,Nottingham Forest,2549,0.0,2525.0,13.0,24.0,22.0
26698,2024,4456,1,0.5649663209915161,83,2024-11-02,FW,Nottingham Forest,West Ham,26.0,Chris Wood,h,OpenPlay,EPL,Nottingham Forest,2632,0.0,2575.0,50.0,57.0,24.0
26704,2024,4456,0,0.0,90,2024-11-10,FW,Nottingham Forest,Newcastle United,,Chris Wood,h,NoGoal,EPL,Nottingham Forest,2722,0.0,2575.0,0.0,147.0,57.0
26714,2024,4456,0,0.0,22,2024-11-23,Sub,Arsenal,Nottingham Forest,,Chris Wood,a,NoGoal,EPL,Nottingham Forest,2744,68.0,2575.0,0.0,169.0,147.0
26728,2024,4456,1,0.7611688375473022,90,2024-11-30,FW,Nottingham Forest,Ipswich,48.0,Chris Wood,h,Penalty,EPL,Nottingham Forest,2834,0.0,2792.0,217.0,42.0,169.0
26739,2024,4456,0,0.3403015732765198,63,2024-12-04,FW,Manchester City,Nottingham Forest,,Chris Wood,a,NoGoal,EPL,Nottingham Forest,2897,0.0,2792.0,0.0,105.0,42.0
26744,2024,4456,1,0.1967976838350296,80,2024-12-07,FW,Manchester United,Nottingham Forest,53.0,Chris Wood,a,OpenPlay,EPL,Nottingham Forest,2977,0.0,2950.0,158.0,27.0,105.0
26761,2024,4456,0,0.1068258360028266,90,2024-12-14,FW,Nottingham Forest,Aston Villa,,Chris Wood,h,NoGoal,EPL,Nottingham Forest,3067,0.0,2950.0,0.0,117.0,27.0
26766,2024,4456,0,0.4677290022373199,90,2024-12-21,FW,Brentford,Nottingham Forest,,Chris Wood,a,NoGoal,EPL,Nottingham Forest,3157,0.0,2950.0,0.0,207.0,117.0
26779,2024,4456,0,0.0,88,2024-12-26,FW,Nottingham Forest,Tottenham,,Chris Wood,h,NoGoal,EPL,Nottingham Forest,3245,0.0,2950.0,0.0,295.0,207.0
26785,2024,4456,1,0.4845535159111023,78,2024-12-29,FW,Everton,Nottingham Forest,14.0,Chris Wood,a,OpenPlay,EPL,Nottingham Forest,3323,0.0,3259.0,309.0,64.0,295.0
26801,2024,4456,1,0.5796034336090088,90,2025-01-06,FW,Wolverhampton Wanderers,Nottingham Forest,43.0,Chris Wood,a,OpenPlay,EPL,Nottingham Forest,3413,0.0,3366.0,107.0,47.0,64.0
26807,2024,4456,1,0.3316420614719391,90,2025-01-14,FW,Nottingham Forest,Liverpool,7.0,Chris Wood,h,OpenPlay,EPL,Nottingham Forest,3503,0.0,3420.0,54.0,83.0,47.0
26820,2024,4456,1,0.9846945405006408,86,2025-01-19,FW,Nottingham Forest,Southampton,40.0,Chris Wood,h,OpenPlay,EPL,Nottingham Forest,3589,0.0,3543.0,123.0,46.0,83.0
26822,2024,4456,0,0.0,90,2025-01-25,FW,Bournemouth,Nottingham Forest,,Chris Wood,a,NoGoal,EPL,Nottingham Forest,3679,0.0,3543.0,0.0,136.0,46.0
26840,2024,4456,3,2.2696306705474854,86,2025-02-01,FW,Nottingham Forest,Brighton,31.0,Chris Wood,h,OpenPlay,EPL,Nottingham Forest,3765,0.0,3710.0,167.0,55.0,136.0
26840,2024,4456,3,2.2696306705474854,86,2025-02-01,FW,Nottingham Forest,Brighton,63.0,Chris Wood,h,OpenPlay,EPL,Nottingham Forest,3765,0.0,3742.0,32.0,23.0,136.0
26840,2024,4456,3,2.2696306705474854,86,2025-02-01,FW,Nottingham Forest,Brighton,68.0,Chris Wood,h,Penalty,EPL,Nottingham Forest,3765,0.0,3747.0,5.0,18.0,136.0
26845,2024,4456,1,0.0801525563001632,90,2025-02-15,FW,Fulham,Nottingham Forest,36.0,Chris Wood,a,OpenPlay,EPL,Nottingham Forest,3855,0.0,3801.0,54.0,54.0,18.0
26860,2024,4456,0,0.0145134553313255,90,2025-02-23,FW,Newcastle United,Nottingham Forest,,Chris Wood,a,NoGoal,EPL,Nottingham Forest,3945,0.0,3801.0,0.0,144.0,54.0
26864,2024,4456,0,0.2887190282344818,86,2025-02-26,FW,Nottingham Forest,Arsenal,,Chris Wood,h,NoGoal,EPL,Nottingham Forest,4031,0.0,3801.0,0.0,230.0,144.0
26878,2024,4456,0,0.1585457026958465,89,2025-03-08,FW,Nottingham Forest,Manchester City,,Chris Wood,h,NoGoal,EPL,Nottingham Forest,4120,0.0,3801.0,0.0,319.0,230.0
26887,2024,4456,0,0.1381195187568664,82,2025-03-15,FW,Ipswich,Nottingham Forest,,Chris Wood,a,NoGoal,EPL,Nottingham Forest,4202,0.0,3801.0,0.0,401.0,319.0
26920,2024,4456,0,0.0,90,2025-04-12,FW,Nottingham Forest,Everton,,Chris Wood,h,NoGoal,EPL,Nottingham Forest,4292,0.0,3801.0,0.0,491.0,401.0
26930,2024,4456,1,0.3729251325130462,79,2025-04-21,FW,Tottenham,Nottingham Forest,15.0,Chris Wood,a,SetPiece,EPL,Nottingham Forest,4371,0.0,4307.0,506.0,64.0,491.0
26939,2024,4456,0,0.0993489325046539,90,2025-05-01,FW,Nottingham Forest,Brentford,,Chris Wood,h,NoGoal,EPL,Nottingham Forest,4461,0.0,4307.0,0.0,154.0,64.0
26949,2024,4456,0,0.1759487986564636,90,2025-05-05,FW,Crystal Palace,Nottingham Forest,,Chris Wood,a,NoGoal,EPL,Nottingham Forest,4551,0.0,4307.0,0.0,244.0,154.0
26958,2024,4456,1,0.9696245193481444,90,2025-05-11,FW,Nottingham Forest,Leicester,55.0,Chris Wood,h,OpenPlay,EPL,Nottingham Forest,4641,0.0,4606.0,299.0,35.0,244.0
26971,2024,4456,0,0.2671287655830383,90,2025-05-18,FW,West Ham,Nottingham Forest,,Chris Wood,a,NoGoal,EPL,Nottingham Forest,4731,0.0,4606.0,0.0,125.0,35.0
26972,2024,4456,0,1.1398029327392578,90,2025-05-25,FW,Nottingham Forest,Chelsea,,Chris Wood,h,NoGoal,EPL,Nottingham Forest,4821,0.0,4606.0,0.0,215.0,125.0
28785,2025,4456,2,0.4506379067897796,83,2025-08-17,FW,Nottingham Forest,Brentford,5.0,Chris Wood,h,FromCorner,EPL,Nottingham Forest,4904,0.0,4826.0,220.0,78.0,215.0
28785,2025,4456,2,0.4506379067897796,83,2025-08-17,FW,Nottingham Forest,Brentford,46.0,Chris Wood,h,OpenPlay,EPL,Nottingham Forest,4904,0.0,4867.0,41.0,37.0,215.0
28794,2025,4456,0,0.1759985089302063,89,2025-08-24,FW,Crystal Palace,Nottingham Forest,,Chris Wood,a,NoGoal,EPL,Nottingham Forest,4993,0.0,4867.0,0.0,126.0,37.0
28804,2025,4456,0,0.4202507734298706,74,2025-08-31,FW,Nottingham Forest,West Ham,,Chris Wood,h,NoGoal,EPL,Nottingham Forest,5067,0.0,4867.0,0.0,200.0,126.0
28808,2025,4456,0,0.092880979180336,67,2025-09-13,FW,Arsenal,Nottingham Forest,,Chris Wood,a,NoGoal,EPL,Nottingham Forest,5134,0.0,4867.0,0.0,267.0,200.0
28822,2025,4456,0,0.2330259680747985,76,2025-09-20,FW,Burnley,Nottingham Forest,,Chris Wood,a,NoGoal,EPL,Nottingham Forest,5210,0.0,4867.0,0.0,343.0,267.0
28834,2025,4456,0,0.6945046186447144,90,2025-09-27,FW,Nottingham Forest,Sunderland,,Chris Wood,h,NoGoal,EPL,Nottingham Forest,5300,0.0,4867.0,0.0,433.0,343.0
28846,2025,4456,0,0.0,66,2025-10-05,FW,Newcastle United,Nottingham Forest,,Chris Wood,a,NoGoal,EPL,Nottingham Forest,5366,0.0,4867.0,0.0,499.0,433.0
28854,2025,4456,0,0.0,15,2025-10-18,Sub,Nottingham Forest,Chelsea,,Chris Wood,h,NoGoal,EPL,Nottingham Forest,5381,75.0,4867.0,0.0,514.0,499.0
29089,2025,4456,0,0.1272228807210922,22,2026-04-12,Sub,Nottingham Forest,Aston Villa,,Chris Wood,h,NoGoal,EPL,Nottingham Forest,5403,68.0,4867.0,0.0,536.0,514.0
29106,2025,4456,0,0.1168502941727638,79,2026-04-19,FW,Nottingham Forest,Burnley,,Chris Wood,h,NoGoal,EPL,Nottingham Forest,5482,0.0,4867.0,0.0,615.0,536.0
29115,2025,4456,1,0.4364215433597564,90,2026-04-24,FW,Sunderland,Nottingham Forest,30.0,Chris Wood,a,OpenPlay,EPL,Nottingham Forest,5572,0.0,5512.0,645.0,60.0,615.0
29122,2025,4456,0,0.0,10,2026-05-04,Sub,Chelsea,Nottingham Forest,,Chris Wood,a,NoGoal,EPL,Nottingham Forest,5582,80.0,5512.0,0.0,70.0,60.0
29134,2025,4456,0,0.0,15,2026-05-10,Sub,Nottingham Forest,Newcastle United,,Chris Wood,h,NoGoal,EPL,Nottingham Forest,5597,75.0,5512.0,0.0,85.0,70.0
29145,2025,4456,0,0.0681507512927055,71,2026-05-17,FW,Manchester United,Nottingham Forest,,Chris Wood,a,NoGoal,EPL,Nottingham Forest,5668,0.0,5512.0,0.0,156.0,85.0
22281,2023,5232,2,1.1635656356811523,79,2023-08-12,FW,Newcastle United,Aston Villa,15.0,Alexander Isak,h,SetPiece,EPL,Newcastle United,79,0.0,15.0,,64.0,64.0
22281,2023,5232,2,1.1635656356811523,79,2023-08-12,FW,Newcastle United,Aston Villa,57.0,Alexander Isak,h,OpenPlay,EPL,Newcastle United,79,0.0,57.0,42.0,22.0,64.0
22291,2023,5232,0,0.0,69,2023-08-19,FW,Manchester City,Newcastle United,,Alexander Isak,a,NoGoal,EPL,Newcastle United,148,0.0,57.0,0.0,91.0,22.0
22304,2023,5232,0,0.1497417390346527,76,2023-08-27,FW,Newcastle United,Liverpool,,Alexander Isak,h,NoGoal,EPL,Newcastle United,224,0.0,57.0,0.0,167.0,91.0
21931,2023,5232,0,0.3589129149913788,76,2023-09-02,FW,Brighton,Newcastle United,,Alexander Isak,a,NoGoal,EPL,Newcastle United,300,0.0,57.0,0.0,243.0,167.0
21954,2023,5232,1,0.6541728377342224,14,2023-09-24,Sub,Sheffield United,Newcastle United,86.0,Alexander Isak,a,OpenPlay,EPL,Newcastle United,314,76.0,310.0,253.0,4.0,243.0
21958,2023,5232,1,1.994840741157532,90,2023-09-30,FW,Newcastle United,Burnley,75.0,Alexander Isak,h,Penalty,EPL,Newcastle United,404,0.0,389.0,79.0,15.0,4.0
21973,2023,5232,2,1.756605625152588,88,2023-10-08,FW,West Ham,Newcastle United,56.0,Alexander Isak,a,SetPiece,EPL,Newcastle United,492,0.0,460.0,71.0,32.0,15.0
21973,2023,5232,2,1.756605625152588,88,2023-10-08,FW,West Ham,Newcastle United,61.0,Alexander Isak,a,OpenPlay,EPL,Newcastle United,492,0.0,465.0,5.0,27.0,15.0
21981,2023,5232,0,0.0,15,2023-10-21,Sub,Newcastle United,Crystal Palace,,Alexander Isak,h,NoGoal,EPL,Newcastle United,507,75.0,465.0,0.0,42.0,27.0
22021,2023,5232,1,0.4409152269363403,84,2023-11-25,FW,Newcastle United,Chelsea,12.0,Alexander Isak,h,OpenPlay,EPL,Newcastle United,591,0.0,519.0,54.0,72.0,42.0
22032,2023,5232,0,0.5486689209938049,90,2023-12-02,FW,Newcastle United,Manchester United,,Alexander Isak,h,NoGoal,EPL,Newcastle United,681,0.0,519.0,0.0,162.0,72.0
22037,2023,5232,0,0.1774371862411499,90,2023-12-07,FW,Everton,Newcastle United,,Alexander Isak,a,NoGoal,EPL,Newcastle United,771,0.0,519.0,0.0,252.0,162.0
22053,2023,5232,0,0.6196804046630859,67,2023-12-10,FW,Tottenham,Newcastle United,,Alexander Isak,a,NoGoal,EPL,Newcastle United,838,0.0,519.0,0.0,319.0,252.0
22069,2023,5232,0,0.0,53,2023-12-23,Sub,Luton,Newcastle United,,Alexander Isak,a,NoGoal,EPL,Newcastle United,891,37.0,519.0,0.0,372.0,319.0
22083,2023,5232,1,1.6310093402862549,90,2023-12-26,FW,Newcastle United,Nottingham Forest,22.0,Alexander Isak,h,Penalty,EPL,Newcastle United,981,0.0,913.0,394.0,68.0,372.0
22088,2023,5232,1,0.3190677165985107,90,2024-01-01,FW,Liverpool,Newcastle United,53.0,Alexander Isak,a,OpenPlay,EPL,Newcastle United,1071,0.0,1034.0,121.0,37.0,68.0
22100,2023,5232,1,0.7736020088195801,90,2024-01-13,FW,Newcastle United,Manchester City,34.0,Alexander Isak,h,OpenPlay,EPL,Newcastle United,1161,0.0,1105.0,71.0,56.0,37.0
22105,2023,5232,0,0.0495815351605415,42,2024-01-30,FW,Aston Villa,Newcastle United,,Alexander Isak,a,NoGoal,EPL,Newcastle United,1203,0.0,1105.0,0.0,98.0,56.0
22146,2023,5232,0,0.0659809187054634,67,2024-02-24,FW,Arsenal,Newcastle United,,Alexander Isak,a,NoGoal,EPL,Newcastle United,1270,0.0,1105.0,0.0,165.0,98.0
22161,2023,5232,1,0.8639760613441467,73,2024-03-02,FW,Newcastle United,Wolverhampton Wanderers,13.0,Alexander Isak,h,OpenPlay,EPL,Newcastle United,1343,0.0,1283.0,178.0,60.0,165.0
22169,2023,5232,1,0.0810044631361961,90,2024-03-11,FW,Chelsea,Newcastle United,42.0,Alexander Isak,a,OpenPlay,EPL,Newcastle United,1433,0.0,1385.0,102.0,48.0,60.0
22191,2023,5232,2,1.7333167791366575,90,2024-03-30,FW,Newcastle United,West Ham,5.0,Alexander Isak,h,Penalty,EPL,Newcastle United,1523,0.0,1438.0,53.0,85.0,48.0
22191,2023,5232,2,1.7333167791366575,90,2024-03-30,FW,Newcastle United,West Ham,76.0,Alexander Isak,h,Penalty,EPL,Newcastle United,1523,0.0,1509.0,71.0,14.0,48.0
22202,2023,5232,1,1.218941569328308,90,2024-04-02,FW,Newcastle United,Everton,14.0,Alexander Isak,h,OpenPlay,EPL,Newcastle United,1613,0.0,1537.0,28.0,76.0,14.0
22209,2023,5232,0,0.3562236726284027,90,2024-04-06,FW,Fulham,Newcastle United,,Alexander Isak,a,NoGoal,EPL,Newcastle United,1703,0.0,1537.0,0.0,166.0,76.0
22222,2023,5232,2,1.606985330581665,90,2024-04-13,FW,Newcastle United,Tottenham,29.0,Alexander Isak,h,OpenPlay,EPL,Newcastle United,1793,0.0,1732.0,195.0,61.0,166.0
22222,2023,5232,2,1.606985330581665,90,2024-04-13,FW,Newcastle United,Tottenham,50.0,Alexander Isak,h,OpenPlay,EPL,Newcastle United,1793,0.0,1753.0,21.0,40.0,166.0
22178,2023,5232,0,0.0630653128027916,90,2024-04-24,FW,Crystal Palace,Newcastle United,,Alexander Isak,a,NoGoal,EPL,Newcastle United,1883,0.0,1753.0,0.0,130.0,40.0
22240,2023,5232,2,1.2169287204742432,90,2024-04-27,FW,Newcastle United,Sheffield United,25.0,Alexander Isak,h,OpenPlay,EPL,Newcastle United,1973,0.0,1908.0,155.0,65.0,130.0
22240,2023,5232,2,1.2169287204742432,90,2024-04-27,FW,Newcastle United,Sheffield United,60.0,Alexander Isak,h,Penalty,EPL,Newcastle United,1973,0.0,1943.0,35.0,30.0,130.0
22248,2023,5232,1,1.9042134284973145,83,2024-05-04,FW,Burnley,Newcastle United,54.0,Alexander Isak,a,OpenPlay,EPL,Newcastle United,2056,0.0,2027.0,84.0,29.0,30.0
22260,2023,5232,0,0.2665153443813324,73,2024-05-11,FW,Newcastle United,Brighton,,Alexander Isak,h,NoGoal,EPL,Newcastle United,2129,0.0,2027.0,0.0,102.0,29.0
22231,2023,5232,0,0.6163881421089172,90,2024-05-15,FW,Manchester United,Newcastle United,,Alexander Isak,a,NoGoal,EPL,Newcastle United,2219,0.0,2027.0,0.0,192.0,102.0
22266,2023,5232,1,1.442924737930298,86,2024-05-19,FW,Brentford,Newcastle United,37.0,Alexander Isak,a,OpenPlay,EPL,Newcastle United,2305,0.0,2256.0,229.0,49.0,192.0
26606,2024,5232,0,0.0,90,2024-08-17,FW,Newcastle United,Southampton,,Alexander Isak,h,NoGoal,EPL,Newcastle United,2395,0.0,2256.0,0.0,139.0,49.0
26620,2024,5232,0,0.2675584852695465,90,2024-08-25,FW,Bournemouth,Newcastle United,,Alexander Isak,a,NoGoal,EPL,Newcastle United,2485,0.0,2256.0,0.0,229.0,139.0
26629,2024,5232,1,0.8938138484954834,90,2024-09-01,FW,Newcastle United,Tottenham,77.0,Alexander Isak,h,OpenPlay,EPL,Newcastle United,2575,0.0,2562.0,306.0,13.0,229.0
26641,2024,5232,0,0.0557463392615318,48,2024-09-15,FW,Wolverhampton Wanderers,Newcastle United,,Alexander Isak,a,NoGoal,EPL,Newcastle United,2623,0.0,2562.0,0.0,61.0,13.0
26646,2024,5232,0,0.0477876253426075,90,2024-09-21,FW,Fulham,Newcastle United,,Alexander Isak,a,NoGoal,EPL,Newcastle United,2713,0.0,2562.0,0.0,151.0,61.0
26676,2024,5232,0,0.690917432308197,90,2024-10-19,FW,Newcastle United,Brighton,,Alexander Isak,h,NoGoal,EPL,Newcastle United,2803,0.0,2562.0,0.0,241.0,151.0
26688,2024,5232,1,1.2620419263839722,90,2024-10-27,FW,Chelsea,Newcastle United,31.0,Alexander Isak,a,OpenPlay,EPL,Newcastle United,2893,0.0,2834.0,272.0,59.0,241.0
26694,2024,5232,1,0.4076469242572784,90,2024-11-02,FW,Newcastle United,Arsenal,11.0,Alexander Isak,h,OpenPlay,EPL,Newcastle United,2983,0.0,2904.0,70.0,79.0,59.0
26704,2024,5232,1,1.1034207344055176,90,2024-11-10,FW,Nottingham Forest,Newcastle United,53.0,Alexander Isak,a,FromCorner,EPL,Newcastle United,3073,0.0,3036.0,132.0,37.0,79.0
26713,2024,5232,0,0.570539653301239,90,2024-11-25,FW,Newcastle United,West Ham,,Alexander Isak,h,NoGoal,EPL,Newcastle United,3163,0.0,3036.0,0.0,127.0,37.0
26725,2024,5232,0,0.0,21,2024-11-30,FW,Crystal Palace,Newcastle United,,Alexander Isak,a,NoGoal,EPL,Newcastle United,3184,0.0,3036.0,0.0,148.0,127.0
26740,2024,5232,1,0.111349917948246,90,2024-12-04,FW,Newcastle United,Liverpool,34.0,Alexander Isak,h,OpenPlay,EPL,Newcastle United,3274,0.0,3218.0,182.0,56.0,148.0
26743,2024,5232,1,0.3927043080329895,90,2024-12-07,FW,Brentford,Newcastle United,10.0,Alexander Isak,a,OpenPlay,EPL,Newcastle United,3364,0.0,3284.0,66.0,80.0,56.0
26760,2024,5232,1,1.5200936794281006,76,2024-12-14,FW,Newcastle United,Leicester,49.0,Alexander Isak,h,OpenPlay,EPL,Newcastle United,3440,0.0,3413.0,129.0,27.0,80.0
26771,2024,5232,3,1.7526570558547974,78,2024-12-21,FW,Ipswich,Newcastle United,0.0,Alexander Isak,a,OpenPlay,EPL,Newcastle United,3518,0.0,3440.0,27.0,78.0,27.0
26771,2024,5232,3,1.7526570558547974,78,2024-12-21,FW,Ipswich,Newcastle United,46.0,Alexander Isak,a,OpenPlay,EPL,Newcastle United,3518,0.0,3486.0,46.0,32.0,27.0
26771,2024,5232,3,1.7526570558547974,78,2024-12-21,FW,Ipswich,Newcastle United,53.0,Alexander Isak,a,OpenPlay,EPL,Newcastle United,3518,0.0,3493.0,7.0,25.0,27.0
26778,2024,5232,1,0.9319126605987548,90,2024-12-26,FW,Newcastle United,Aston Villa,58.0,Alexander Isak,h,OpenPlay,EPL,Newcastle United,3608,0.0,3576.0,83.0,32.0,25.0
26789,2024,5232,1,0.8954700827598572,90,2024-12-30,FW,Manchester United,Newcastle United,3.0,Alexander Isak,a,OpenPlay,EPL,Newcastle United,3698,0.0,3611.0,35.0,87.0,32.0
26800,2024,5232,1,1.2004860639572144,90,2025-01-04,FW,Tottenham,Newcastle United,37.0,Alexander Isak,a,OpenPlay,EPL,Newcastle United,3788,0.0,3735.0,124.0,53.0,87.0
26810,2024,5232,2,0.5633530020713806,81,2025-01-15,FW,Newcastle United,Wolverhampton Wanderers,33.0,Alexander Isak,h,OpenPlay,EPL,Newcastle United,3869,0.0,3821.0,86.0,48.0,53.0
26810,2024,5232,2,0.5633530020713806,81,2025-01-15,FW,Newcastle United,Wolverhampton Wanderers,56.0,Alexander Isak,h,OpenPlay,EPL,Newcastle United,3869,0.0,3844.0,23.0,25.0,53.0
26819,2024,5232,0,0.0549581125378608,90,2025-01-18,FW,Newcastle United,Bournemouth,,Alexander Isak,h,NoGoal,EPL,Newcastle United,3959,0.0,3844.0,0.0,115.0,25.0
26829,2024,5232,2,1.3075416088104248,83,2025-01-25,FW,Southampton,Newcastle United,25.0,Alexander Isak,a,Penalty,EPL,Newcastle United,4042,0.0,3984.0,140.0,58.0,115.0
26829,2024,5232,2,1.3075416088104248,83,2025-01-25,FW,Southampton,Newcastle United,29.0,Alexander Isak,a,OpenPlay,EPL,Newcastle United,4042,0.0,3988.0,4.0,54.0,115.0
26839,2024,5232,0,0.0466865003108978,90,2025-02-01,FW,Newcastle United,Fulham,,Alexander Isak,h,NoGoal,EPL,Newcastle United,4132,0.0,3988.0,0.0,144.0,54.0
26848,2024,5232,0,0.0520705543458461,90,2025-02-15,FW,Manchester City,Newcastle United,,Alexander Isak,a,NoGoal,EPL,Newcastle United,4222,0.0,3988.0,0.0,234.0,144.0
26860,2024,5232,2,0.9803308248519896,90,2025-02-23,FW,Newcastle United,Nottingham Forest,32.0,Alexander Isak,h,Penalty,EPL,Newcastle United,4312,0.0,4254.0,266.0,58.0,234.0
26860,2024,5232,2,0.9803308248519896,90,2025-02-23,FW,Newcastle United,Nottingham Forest,33.0,Alexander Isak,h,OpenPlay,EPL,Newcastle United,4312,0.0,4255.0,1.0,57.0,234.0
26880,2024,5232,0,0.5995025634765625,81,2025-03-10,FW,West Ham,Newcastle United,,Alexander Isak,a,NoGoal,EPL,Newcastle United,4393,0.0,4255.0,0.0,138.0,57.0
26899,2024,5232,1,1.170169711112976,69,2025-04-02,FW,Newcastle United,Brentford,46.0,Alexander Isak,h,OpenPlay,EPL,Newcastle United,4462,0.0,4439.0,184.0,23.0,138.0
26908,2024,5232,0,0.2362685948610305,74,2025-04-07,FW,Leicester,Newcastle United,,Alexander Isak,a,NoGoal,EPL,Newcastle United,4536,0.0,4439.0,0.0,97.0,23.0
26918,2024,5232,0,0.6066283583641052,80,2025-04-13,FW,Newcastle United,Manchester United,,Alexander Isak,h,NoGoal,EPL,Newcastle United,4616,0.0,4439.0,0.0,177.0,97.0
26890,2024,5232,1,1.5496398210525513,80,2025-04-16,FW,Newcastle United,Crystal Palace,57.0,Alexander Isak,h,OpenPlay,EPL,Newcastle United,4696,0.0,4673.0,234.0,23.0,177.0
26922,2024,5232,0,0.0555803962051868,79,2025-04-19,FW,Aston Villa,Newcastle United,,Alexander Isak,a,NoGoal,EPL,Newcastle United,4775,0.0,4673.0,0.0,102.0,23.0
26938,2024,5232,1,1.7343649864196775,82,2025-04-26,FW,Newcastle United,Ipswich,48.0,Alexander Isak,h,Penalty,EPL,Newcastle United,4857,0.0,4823.0,150.0,34.0,102.0
26944,2024,5232,1,0.879696249961853,90,2025-05-04,FW,Brighton,Newcastle United,88.0,Alexander Isak,a,Penalty,EPL,Newcastle United,4947,0.0,4945.0,122.0,2.0,34.0
26957,2024,5232,0,0.3114967346191406,90,2025-05-11,FW,Newcastle United,Chelsea,,Alexander Isak,h,NoGoal,EPL,Newcastle United,5037,0.0,4945.0,0.0,92.0,2.0
26973,2024,5232,0,0.1045533120632171,90,2025-05-25,FW,Newcastle United,Everton,,Alexander Isak,h,NoGoal,EPL,Newcastle United,5127,0.0,4945.0,0.0,182.0,92.0
28818,2025,5232,0,0.0,22,2025-09-20,Sub,Liverpool,Everton,,Alexander Isak,h,NoGoal,EPL,Liverpool,5149,68.0,4945.0,0.0,204.0,182.0
28830,2025,5232,0,0.8741022348403931,90,2025-09-27,FW,Crystal Palace,Liverpool,,Alexander Isak,a,NoGoal,EPL,Liverpool,5239,0.0,4945.0,0.0,294.0,204.0
28842,2025,5232,0,0.2302405536174774,76,2025-10-04,FW,Chelsea,Liverpool,,Alexander Isak,a,NoGoal,EPL,Liverpool,5315,0.0,4945.0,0.0,370.0,294.0
28852,2025,5232,0,0.296209305524826,76,2025-10-19,FW,Liverpool,Manchester United,,Alexander Isak,h,NoGoal,EPL,Liverpool,5391,0.0,4945.0,0.0,446.0,370.0
28894,2025,5232,0,0.0969669669866561,73,2025-11-22,FW,Liverpool,Nottingham Forest,,Alexander Isak,h,NoGoal,EPL,Liverpool,5464,0.0,4945.0,0.0,519.0,446.0
28907,2025,5232,1,0.7643506526947021,69,2025-11-30,FW,West Ham,Liverpool,59.0,Alexander Isak,a,OpenPlay,EPL,Liverpool,5533,0.0,5523.0,578.0,10.0,519.0
28914,2025,5232,0,0.1001300886273384,87,2025-12-03,FW,Liverpool,Sunderland,,Alexander Isak,h,NoGoal,EPL,Liverpool,5620,0.0,5523.0,0.0,97.0,10.0
28923,2025,5232,0,0.0183945056051015,3,2025-12-06,Sub,Leeds,Liverpool,,Alexander Isak,a,NoGoal,EPL,Liverpool,5623,87.0,5523.0,0.0,100.0,97.0
28933,2025,5232,0,0.0,9,2025-12-13,Sub,Liverpool,Brighton,,Alexander Isak,h,NoGoal,EPL,Liverpool,5632,81.0,5523.0,0.0,109.0,100.0
28946,2025,5232,1,0.3871943950653076,14,2025-12-20,Sub,Tottenham,Liverpool,55.0,Alexander Isak,a,OpenPlay,EPL,Liverpool,5646,76.0,5611.0,88.0,35.0,109.0
29097,2025,5232,0,0.0,19,2026-04-11,Sub,Liverpool,Fulham,,Alexander Isak,h,NoGoal,EPL,Liverpool,5665,71.0,5611.0,0.0,54.0,35.0
29102,2025,5232,0,0.1008435413241386,74,2026-04-19,FW,Everton,Liverpool,,Alexander Isak,a,NoGoal,EPL,Liverpool,5739,0.0,5611.0,0.0,128.0,54.0
29113,2025,5232,1,0.3768761157989502,83,2026-04-25,FW,Liverpool,Crystal Palace,34.0,Alexander Isak,h,OpenPlay,EPL,Liverpool,5822,0.0,5773.0,162.0,49.0,128.0
29132,2025,5232,0,0.0,22,2026-05-09,Sub,Liverpool,Chelsea,,Alexander Isak,h,NoGoal,EPL,Liverpool,5844,68.0,5773.0,0.0,71.0,49.0
22310,2023,5556,0,0.2473119646310806,65,2023-08-20,FW,Sassuolo,Atalanta,,Ademola Lookman,a,NoGoal,Serie_A,Atalanta,65,0.0,,,,
22315,2023,5556,0,0.0,52,2023-08-26,FW,Frosinone,Atalanta,,Ademola Lookman,a,NoGoal,Serie_A,Atalanta,117,0.0,,,,
22329,2023,5556,0,0.0550227127969265,7,2023-09-02,Sub,Atalanta,Monza,,Ademola Lookman,h,NoGoal,Serie_A,Atalanta,124,83.0,,,,
22341,2023,5556,1,0.3229349553585052,63,2023-09-17,FW,Fiorentina,Atalanta,52.0,Ademola Lookman,a,OpenPlay,Serie_A,Atalanta,187,0.0,176.0,,11.0,
22345,2023,5556,1,0.979613721370697,69,2023-09-24,FWL,Atalanta,Cagliari,32.0,Ademola Lookman,h,OpenPlay,Serie_A,Atalanta,256,0.0,219.0,43.0,37.0,11.0
22362,2023,5556,0,0.0,47,2023-09-27,AMC,Verona,Atalanta,,Ademola Lookman,a,NoGoal,Serie_A,Atalanta,303,0.0,219.0,0.0,84.0,37.0
22365,2023,5556,0,0.0387759767472744,66,2023-10-01,AMC,Atalanta,Juventus,,Ademola Lookman,h,NoGoal,Serie_A,Atalanta,369,0.0,219.0,0.0,150.0,84.0
22382,2023,5556,0,0.0,27,2023-10-08,Sub,Lazio,Atalanta,,Ademola Lookman,a,NoGoal,Serie_A,Atalanta,396,63.0,219.0,0.0,177.0,150.0
22385,2023,5556,1,1.3578945398330688,79,2023-10-22,FWL,Atalanta,Genoa,67.0,Ademola Lookman,h,OpenPlay,Serie_A,Atalanta,475,0.0,463.0,244.0,12.0,177.0
22400,2023,5556,0,0.0686448067426681,77,2023-10-30,FW,Empoli,Atalanta,,Ademola Lookman,a,NoGoal,Serie_A,Atalanta,552,0.0,463.0,0.0,89.0,12.0
22405,2023,5556,0,0.2942829132080078,86,2023-11-04,AMC,Atalanta,Inter,,Ademola Lookman,h,NoGoal,Serie_A,Atalanta,638,0.0,463.0,0.0,175.0,89.0
22419,2023,5556,0,0.1213606670498848,42,2023-11-12,Sub,Udinese,Atalanta,,Ademola Lookman,a,NoGoal,Serie_A,Atalanta,680,48.0,463.0,0.0,217.0,175.0
22426,2023,5556,1,0.163755178451538,87,2023-11-25,FW,Atalanta,Napoli,52.0,Ademola Lookman,h,OpenPlay,Serie_A,Atalanta,767,0.0,732.0,269.0,35.0,217.0
22436,2023,5556,0,0.0,47,2023-12-04,AMC,Torino,Atalanta,,Ademola Lookman,a,NoGoal,Serie_A,Atalanta,814,0.0,732.0,0.0,82.0,35.0
22445,2023,5556,2,1.8934649229049685,85,2023-12-09,FW,Atalanta,AC Milan,37.0,Ademola Lookman,h,OpenPlay,Serie_A,Atalanta,899,0.0,851.0,119.0,48.0,82.0
22445,2023,5556,2,1.8934649229049685,85,2023-12-09,FW,Atalanta,AC Milan,54.0,Ademola Lookman,h,OpenPlay,Serie_A,Atalanta,899,0.0,868.0,17.0,31.0,82.0
22455,2023,5556,0,0.555565357208252,88,2023-12-18,FW,Atalanta,Salernitana,,Ademola Lookman,h,NoGoal,Serie_A,Atalanta,987,0.0,868.0,0.0,119.0,31.0
22469,2023,5556,0,0.7369644641876221,74,2023-12-23,FW,Bologna,Atalanta,,Ademola Lookman,a,NoGoal,Serie_A,Atalanta,1061,0.0,868.0,0.0,193.0,119.0
22475,2023,5556,1,0.1378811299800872,90,2023-12-30,FW,Atalanta,Lecce,57.0,Ademola Lookman,h,OpenPlay,Serie_A,Atalanta,1151,0.0,1118.0,250.0,33.0,193.0
22560,2023,5556,0,0.0,41,2024-02-25,Sub,AC Milan,Atalanta,,Ademola Lookman,a,NoGoal,Serie_A,Atalanta,1192,49.0,1118.0,0.0,74.0,33.0
22507,2023,5556,0,0.0,30,2024-02-28,Sub,Inter,Atalanta,,Ademola Lookman,a,NoGoal,Serie_A,Atalanta,1222,60.0,1118.0,0.0,104.0,74.0
22565,2023,5556,1,0.8122324347496033,90,2024-03-03,FW,Atalanta,Bologna,27.0,Ademola Lookman,h,OpenPlay,Serie_A,Atalanta,1312,0.0,1249.0,131.0,63.0,104.0
22578,2023,5556,0,0.1028211936354637,33,2024-03-10,Sub,Juventus,Atalanta,,Ademola Lookman,a,NoGoal,Serie_A,Atalanta,1345,57.0,1249.0,0.0,96.0,63.0
22598,2023,5556,0,0.0945305898785591,27,2024-03-30,Sub,Napoli,Atalanta,,Ademola Lookman,a,NoGoal,Serie_A,Atalanta,1372,63.0,1249.0,0.0,123.0,96.0
22613,2023,5556,0,0.1257709413766861,90,2024-04-07,FW,Cagliari,Atalanta,,Ademola Lookman,a,NoGoal,Serie_A,Atalanta,1462,0.0,1249.0,0.0,213.0,123.0
22624,2023,5556,0,0.0,26,2024-04-15,Sub,Atalanta,Verona,,Ademola Lookman,h,NoGoal,Serie_A,Atalanta,1488,64.0,1249.0,0.0,239.0,213.0
22629,2023,5556,0,0.1514439433813095,90,2024-04-21,AMC,Monza,Atalanta,,Ademola Lookman,a,NoGoal,Serie_A,Atalanta,1578,0.0,1249.0,0.0,329.0,239.0
22644,2023,5556,1,0.2450717836618423,87,2024-04-28,AMC,Atalanta,Empoli,50.0,Ademola Lookman,h,OpenPlay,Serie_A,Atalanta,1665,0.0,1628.0,379.0,37.0,329.0
22647,2023,5556,0,0.8888282179832458,87,2024-05-06,AMC,Salernitana,Atalanta,,Ademola Lookman,a,NoGoal,Serie_A,Atalanta,1752,0.0,1628.0,0.0,124.0,37.0
22655,2023,5556,0,0.1402357816696167,31,2024-05-12,Sub,Atalanta,Roma,,Ademola Lookman,h,NoGoal,Serie_A,Atalanta,1783,59.0,1628.0,0.0,155.0,124.0
22675,2023,5556,1,0.8920742869377136,90,2024-05-26,AMC,Atalanta,Torino,42.0,Ademola Lookman,h,OpenPlay,Serie_A,Atalanta,1873,0.0,1825.0,197.0,48.0,155.0
22585,2023,5556,1,0.5944961905479431,57,2024-06-02,FW,Atalanta,Fiorentina,11.0,Ademola Lookman,h,OpenPlay,Serie_A,Atalanta,1930,0.0,1884.0,59.0,46.0,48.0
27393,2024,5556,1,0.6780523061752319,90,2024-09-15,AMC,Atalanta,Fiorentina,45.0,Ademola Lookman,h,OpenPlay,Serie_A,Atalanta,2020,0.0,1975.0,91.0,45.0,46.0
27402,2024,5556,1,0.7612988352775574,35,2024-09-24,Sub,Atalanta,Como,98.0,Ademola Lookman,h,Penalty,Serie_A,Atalanta,2055,63.0,2055.0,80.0,0.0,45.0
27412,2024,5556,0,0.5395554900169373,90,2024-09-28,FW,Bologna,Atalanta,,Ademola Lookman,a,NoGoal,Serie_A,Atalanta,2145,0.0,2055.0,0.0,90.0,0.0
27422,2024,5556,0,0.4383605420589447,69,2024-10-05,AMC,Atalanta,Genoa,,Ademola Lookman,h,NoGoal,Serie_A,Atalanta,2214,0.0,2055.0,0.0,159.0,90.0
27433,2024,5556,0,0.0381127223372459,47,2024-10-20,AMC,Venezia,Atalanta,,Ademola Lookman,a,NoGoal,Serie_A,Atalanta,2261,0.0,2055.0,0.0,206.0,159.0
27443,2024,5556,2,1.4781694412231443,57,2024-10-26,AMC,Atalanta,Verona,28.0,Ademola Lookman,h,OpenPlay,Serie_A,Atalanta,2318,0.0,2289.0,234.0,29.0,206.0
27443,2024,5556,2,1.4781694412231443,57,2024-10-26,AMC,Atalanta,Verona,33.0,Ademola Lookman,h,OpenPlay,Serie_A,Atalanta,2318,0.0,2294.0,5.0,24.0,206.0
27452,2024,5556,0,0.0654423162341117,48,2024-10-30,AMC,Atalanta,Monza,,Ademola Lookman,h,NoGoal,Serie_A,Atalanta,2366,0.0,2294.0,0.0,72.0,24.0
27464,2024,5556,2,0.464508593082428,77,2024-11-03,FW,Napoli,Atalanta,9.0,Ademola Lookman,a,OpenPlay,Serie_A,Atalanta,2443,0.0,2375.0,81.0,68.0,72.0
27464,2024,5556,2,0.464508593082428,77,2024-11-03,FW,Napoli,Atalanta,30.0,Ademola Lookman,a,OpenPlay,Serie_A,Atalanta,2443,0.0,2396.0,21.0,47.0,72.0
27481,2024,5556,0,0.2387444674968719,90,2024-11-10,AMC,Atalanta,Udinese,,Ademola Lookman,h,NoGoal,Serie_A,Atalanta,2533,0.0,2396.0,0.0,137.0,47.0
27491,2024,5556,1,0.8216598629951477,82,2024-11-23,FW,Parma Calcio 1913,Atalanta,74.0,Ademola Lookman,a,OpenPlay,Serie_A,Atalanta,2615,0.0,2607.0,211.0,8.0,137.0
27493,2024,5556,0,0.0,64,2024-12-02,AMC,Roma,Atalanta,,Ademola Lookman,a,NoGoal,Serie_A,Atalanta,2679,0.0,2607.0,0.0,72.0,8.0
27502,2024,5556,1,0.4851285517215729,90,2024-12-06,FW,Atalanta,AC Milan,86.0,Ademola Lookman,h,FromCorner,Serie_A,Atalanta,2769,0.0,2765.0,158.0,4.0,72.0
27517,2024,5556,0,0.4020697176456451,42,2024-12-14,Sub,Cagliari,Atalanta,,Ademola Lookman,a,NoGoal,Serie_A,Atalanta,2811,48.0,2765.0,0.0,46.0,4.0
27525,2024,5556,1,0.5737940073013306,72,2024-12-22,AMC,Atalanta,Empoli,45.0,Ademola Lookman,h,OpenPlay,Serie_A,Atalanta,2883,0.0,2856.0,91.0,27.0,46.0
27535,2024,5556,0,1.3505500555038452,90,2024-12-28,FW,Lazio,Atalanta,,Ademola Lookman,a,NoGoal,Serie_A,Atalanta,2973,0.0,2856.0,0.0,117.0,27.0
27561,2024,5556,0,0.0,65,2025-01-11,FW,Udinese,Atalanta,,Ademola Lookman,a,NoGoal,Serie_A,Atalanta,3038,0.0,2856.0,0.0,182.0,117.0
27542,2024,5556,0,0.6512797474861145,82,2025-01-14,FW,Atalanta,Juventus,,Ademola Lookman,h,NoGoal,Serie_A,Atalanta,3120,0.0,2856.0,0.0,264.0,182.0
27562,2024,5556,1,0.1221910417079925,78,2025-01-18,FW,Atalanta,Napoli,54.0,Ademola Lookman,h,OpenPlay,Serie_A,Atalanta,3198,0.0,3174.0,318.0,24.0,264.0
27581,2024,5556,0,0.0,81,2025-01-25,AMC,Como,Atalanta,,Ademola Lookman,a,NoGoal,Serie_A,Atalanta,3279,0.0,3174.0,0.0,105.0,24.0
27612,2024,5556,2,1.0730286836624146,79,2025-02-23,AMC,Empoli,Atalanta,42.0,Ademola Lookman,a,OpenPlay,Serie_A,Atalanta,3358,0.0,3321.0,147.0,37.0,105.0
27612,2024,5556,2,1.0730286836624146,79,2025-02-23,AMC,Empoli,Atalanta,54.0,Ademola Lookman,a,OpenPlay,Serie_A,Atalanta,3358,0.0,3333.0,12.0,25.0,105.0
27622,2024,5556,0,0.7628094553947449,90,2025-03-01,AMC,Atalanta,Venezia,,Ademola Lookman,h,NoGoal,Serie_A,Atalanta,3448,0.0,3333.0,0.0,115.0,25.0
27637,2024,5556,1,1.2544047832489014,82,2025-03-09,FWL,Juventus,Atalanta,76.0,Ademola Lookman,a,OpenPlay,Serie_A,Atalanta,3530,0.0,3524.0,191.0,6.0,115.0
27643,2024,5556,0,0.13477323949337,84,2025-03-16,FW,Atalanta,Inter,,Ademola Lookman,h,NoGoal,Serie_A,Atalanta,3614,0.0,3524.0,0.0,90.0,6.0
27661,2024,5556,0,0.1431002467870712,56,2025-03-30,FW,Fiorentina,Atalanta,,Ademola Lookman,a,NoGoal,Serie_A,Atalanta,3670,0.0,3524.0,0.0,146.0,90.0
27664,2024,5556,0,0.0,77,2025-04-06,AMC,Atalanta,Lazio,,Ademola Lookman,h,NoGoal,Serie_A,Atalanta,3747,0.0,3524.0,0.0,223.0,146.0
27674,2024,5556,0,0.0,85,2025-04-13,AMC,Atalanta,Bologna,,Ademola Lookman,h,NoGoal,Serie_A,Atalanta,3832,0.0,3524.0,0.0,308.0,223.0
27686,2024,5556,0,0.3511671125888824,90,2025-04-20,AMC,AC Milan,Atalanta,,Ademola Lookman,a,NoGoal,Serie_A,Atalanta,3922,0.0,3524.0,0.0,398.0,308.0
27693,2024,5556,0,0.0762409567832946,90,2025-04-27,AMC,Atalanta,Lecce,,Ademola Lookman,h,NoGoal,Serie_A,Atalanta,4012,0.0,3524.0,0.0,488.0,398.0
27708,2024,5556,1,0.4674641788005829,82,2025-05-04,AMC,Monza,Atalanta,46.0,Ademola Lookman,a,OpenPlay,Serie_A,Atalanta,4094,0.0,4058.0,534.0,36.0,488.0
27712,2024,5556,1,0.2845814228057861,89,2025-05-12,AMC,Atalanta,Roma,8.0,Ademola Lookman,h,OpenPlay,Serie_A,Atalanta,4183,0.0,4102.0,44.0,81.0,36.0
27733,2024,5556,0,0.1522170007228851,42,2025-05-25,Sub,Atalanta,Parma Calcio 1913,,Ademola Lookman,h,NoGoal,Serie_A,Atalanta,4225,48.0,4102.0,0.0,123.0,81.0
29874,2025,5556,0,0.0,1,2025-09-21,Sub,Torino,Atalanta,,Ademola Lookman,a,NoGoal,Serie_A,Atalanta,4226,89.0,4102.0,0.0,124.0,123.0
29894,2025,5556,0,0.8941013216972351,74,2025-10-04,FW,Atalanta,Como,,Ademola Lookman,h,NoGoal,Serie_A,Atalanta,4300,0.0,4102.0,0.0,198.0,124.0
29904,2025,5556,0,0.6593297719955444,84,2025-10-19,FW,Atalanta,Lazio,,Ademola Lookman,h,NoGoal,Serie_A,Atalanta,4384,0.0,4102.0,0.0,282.0,198.0
29916,2025,5556,0,0.2567671835422516,90,2025-10-25,FWL,Cremonese,Atalanta,,Ademola Lookman,a,NoGoal,Serie_A,Atalanta,4474,0.0,4102.0,0.0,372.0,282.0
29924,2025,5556,1,0.084663450717926,90,2025-10-28,FW,Atalanta,AC Milan,34.0,Ademola Lookman,h,OpenPlay,Serie_A,Atalanta,4564,0.0,4508.0,406.0,56.0,372.0
29942,2025,5556,0,0.0,30,2025-11-01,Sub,Udinese,Atalanta,,Ademola Lookman,a,NoGoal,Serie_A,Atalanta,4594,60.0,4508.0,0.0,86.0,56.0
29944,2025,5556,0,0.1660277396440506,83,2025-11-09,AMC,Atalanta,Sassuolo,,Ademola Lookman,h,NoGoal,Serie_A,Atalanta,4677,0.0,4508.0,0.0,169.0,86.0
29960,2025,5556,0,0.0999652445316314,83,2025-11-22,FW,Napoli,Atalanta,,Ademola Lookman,a,NoGoal,Serie_A,Atalanta,4760,0.0,4508.0,0.0,252.0,169.0
29964,2025,5556,1,0.6278046369552612,78,2025-11-30,AMC,Atalanta,Fiorentina,50.0,Ademola Lookman,h,FromCorner,Serie_A,Atalanta,4838,0.0,4810.0,302.0,28.0,252.0
29983,2025,5556,0,0.1380386352539062,90,2025-12-06,AMC,Verona,Atalanta,,Ademola Lookman,a,NoGoal,Serie_A,Atalanta,4928,0.0,4810.0,0.0,118.0,28.0
29984,2025,5556,0,0.8062239289283752,90,2025-12-13,AMC,Atalanta,Cagliari,,Ademola Lookman,h,NoGoal,Serie_A,Atalanta,5018,0.0,4810.0,0.0,208.0,118.0
30054,2025,5556,0,0.120099201798439,10,2026-01-25,Sub,Atalanta,Parma Calcio 1913,,Ademola Lookman,h,NoGoal,Serie_A,Atalanta,5028,80.0,4810.0,0.0,218.0,208.0
29380,2025,5556,0,0.078051783144474,71,2026-02-08,FW,Atletico Madrid,Real Betis,,Ademola Lookman,h,NoGoal,La_Liga,Atletico Madrid,5099,0.0,4810.0,0.0,289.0,218.0
29394,2025,5556,0,0.0,23,2026-02-15,Sub,Rayo Vallecano,Atletico Madrid,,Ademola Lookman,a,NoGoal,La_Liga,Atletico Madrid,5122,67.0,4810.0,0.0,312.0,289.0
29400,2025,5556,1,0.868431568145752,63,2026-02-21,FWL,Atletico Madrid,Espanyol,57.0,Ademola Lookman,h,FromCorner,La_Liga,Atletico Madrid,5185,0.0,5179.0,369.0,6.0,312.0
29414,2025,5556,0,0.038294818252325,47,2026-02-28,FW,Real Oviedo,Atletico Madrid,,Ademola Lookman,a,NoGoal,La_Liga,Atletico Madrid,5232,0.0,5179.0,0.0,53.0,6.0
29419,2025,5556,0,0.4797611832618713,59,2026-03-07,FW,Atletico Madrid,Real Sociedad,,Ademola Lookman,h,NoGoal,La_Liga,Atletico Madrid,5291,0.0,5179.0,0.0,112.0,53.0
29429,2025,5556,0,0.0453840233385562,22,2026-03-14,Sub,Atletico Madrid,Getafe,,Ademola Lookman,h,NoGoal,La_Liga,Atletico Madrid,5313,68.0,5179.0,0.0,134.0,112.0
29446,2025,5556,1,0.610366702079773,58,2026-03-22,ML,Real Madrid,Atletico Madrid,32.0,Ademola Lookman,a,OpenPlay,La_Liga,Atletico Madrid,5371,0.0,5345.0,166.0,26.0,134.0
29463,2025,5556,0,0.0835442319512367,14,2026-04-11,Sub,Sevilla,Atletico Madrid,,Ademola Lookman,a,NoGoal,La_Liga,Atletico Madrid,5385,76.0,5345.0,0.0,40.0,26.0
29499,2025,5556,0,0.6836461424827576,61,2026-05-09,ML,Atletico Madrid,Celta Vigo,,Ademola Lookman,h,NoGoal,La_Liga,Atletico Madrid,5446,0.0,5345.0,0.0,101.0,40.0
29514,2025,5556,1,0.7432776093482971,90,2026-05-12,FW,Osasuna,Atletico Madrid,14.0,Ademola Lookman,a,Penalty,La_Liga,Atletico Madrid,5536,0.0,5460.0,115.0,76.0,101.0
29520,2025,5556,1,0.8318977355957031,64,2026-05-17,FW,Atletico Madrid,Girona,20.0,Ademola Lookman,h,OpenPlay,La_Liga,Atletico Madrid,5600,0.0,5556.0,96.0,44.0,76.0
22298,2023,5735,0,0.0,18,2023-08-26,Sub,Brentford,Crystal Palace,,Jean-Philippe Mateta,a,NoGoal,EPL,Crystal Palace,18,72.0,,,,
21932,2023,5735,0,0.0,16,2023-09-03,Sub,Crystal Palace,Wolverhampton Wanderers,,Jean-Philippe Mateta,h,NoGoal,EPL,Crystal Palace,34,74.0,,,,
21938,2023,5735,0,0.0,66,2023-09-16,Sub,Aston Villa,Crystal Palace,,Jean-Philippe Mateta,a,NoGoal,EPL,Crystal Palace,100,24.0,,,,
21948,2023,5735,0,0.1214886978268623,16,2023-09-23,Sub,Crystal Palace,Fulham,,Jean-Philippe Mateta,h,NoGoal,EPL,Crystal Palace,116,74.0,,,,
21957,2023,5735,0,0.0,90,2023-09-30,FW,Manchester United,Crystal Palace,,Jean-Philippe Mateta,a,NoGoal,EPL,Crystal Palace,206,0.0,,,,
21968,2023,5735,0,0.3448927104473114,90,2023-10-07,FW,Crystal Palace,Nottingham Forest,,Jean-Philippe Mateta,h,NoGoal,EPL,Crystal Palace,296,0.0,,,,
21981,2023,5735,0,0.1095514670014381,66,2023-10-21,FW,Newcastle United,Crystal Palace,,Jean-Philippe Mateta,a,NoGoal,EPL,Crystal Palace,362,0.0,,,,
21990,2023,5735,0,0.0,9,2023-10-27,Sub,Crystal Palace,Tottenham,,Jean-Philippe Mateta,h,NoGoal,EPL,Crystal Palace,371,81.0,,,,
22010,2023,5735,0,0.0,2,2023-11-11,Sub,Crystal Palace,Everton,,Jean-Philippe Mateta,h,NoGoal,EPL,Crystal Palace,373,88.0,,,,
22019,2023,5735,0,0.0733593851327896,8,2023-11-25,Sub,Luton,Crystal Palace,,Jean-Philippe Mateta,a,NoGoal,EPL,Crystal Palace,381,82.0,,,,
22034,2023,5735,0,0.0,2,2023-12-03,Sub,West Ham,Crystal Palace,,Jean-Philippe Mateta,a,NoGoal,EPL,Crystal Palace,383,88.0,,,,
22043,2023,5735,0,0.0,1,2023-12-06,Sub,Crystal Palace,Bournemouth,,Jean-Philippe Mateta,h,NoGoal,EPL,Crystal Palace,384,89.0,,,,
22047,2023,5735,1,0.8246567845344543,39,2023-12-09,Sub,Crystal Palace,Liverpool,56.0,Jean-Philippe Mateta,h,Penalty,EPL,Crystal Palace,423,51.0,389.0,,34.0,
22061,2023,5735,1,0.742124617099762,90,2023-12-16,FW,Manchester City,Crystal Palace,75.0,Jean-Philippe Mateta,a,OpenPlay,EPL,Crystal Palace,513,0.0,498.0,109.0,15.0,34.0
22066,2023,5735,0,0.2832252979278564,90,2023-12-21,FW,Crystal Palace,Brighton,,Jean-Philippe Mateta,h,NoGoal,EPL,Crystal Palace,603,0.0,498.0,0.0,105.0,15.0
22080,2023,5735,0,0.0705499053001403,90,2023-12-27,FW,Chelsea,Crystal Palace,,Jean-Philippe Mateta,a,NoGoal,EPL,Crystal Palace,693,0.0,498.0,0.0,195.0,105.0
22086,2023,5735,0,0.0,90,2023-12-30,FW,Crystal Palace,Brentford,,Jean-Philippe Mateta,h,NoGoal,EPL,Crystal Palace,783,0.0,498.0,0.0,285.0,195.0
22103,2023,5735,0,0.0,90,2024-01-20,FW,Arsenal,Crystal Palace,,Jean-Philippe Mateta,a,NoGoal,EPL,Crystal Palace,873,0.0,498.0,0.0,375.0,285.0
22112,2023,5735,0,0.1229150965809822,90,2024-01-30,FW,Crystal Palace,Sheffield United,,Jean-Philippe Mateta,h,NoGoal,EPL,Crystal Palace,963,0.0,498.0,0.0,465.0,375.0
22118,2023,5735,1,0.0633406788110733,86,2024-02-03,FW,Brighton,Crystal Palace,70.0,Jean-Philippe Mateta,a,OpenPlay,EPL,Crystal Palace,1049,0.0,1033.0,535.0,16.0,465.0
22126,2023,5735,0,0.1789461374282837,90,2024-02-12,FW,Crystal Palace,Chelsea,,Jean-Philippe Mateta,h,NoGoal,EPL,Crystal Palace,1139,0.0,1033.0,0.0,106.0,16.0
22137,2023,5735,0,0.0817666426301002,90,2024-02-19,FW,Everton,Crystal Palace,,Jean-Philippe Mateta,a,NoGoal,EPL,Crystal Palace,1229,0.0,1033.0,0.0,196.0,106.0
22150,2023,5735,1,0.8411361575126648,90,2024-02-24,FW,Crystal Palace,Burnley,78.0,Jean-Philippe Mateta,h,Penalty,EPL,Crystal Palace,1319,0.0,1307.0,274.0,12.0,196.0
22164,2023,5735,0,0.0798523426055908,90,2024-03-02,FW,Tottenham,Crystal Palace,,Jean-Philippe Mateta,a,NoGoal,EPL,Crystal Palace,1409,0.0,1307.0,0.0,102.0,12.0
22170,2023,5735,1,1.4918270111083984,85,2024-03-09,FW,Crystal Palace,Luton,10.0,Jean-Philippe Mateta,h,OpenPlay,EPL,Crystal Palace,1494,0.0,1419.0,112.0,75.0,102.0
22192,2023,5735,1,0.2173014134168625,90,2024-03-30,FW,Nottingham Forest,Crystal Palace,10.0,Jean-Philippe Mateta,a,OpenPlay,EPL,Crystal Palace,1584,0.0,1504.0,85.0,80.0,75.0
22195,2023,5735,0,0.0968092605471611,90,2024-04-02,FW,Bournemouth,Crystal Palace,,Jean-Philippe Mateta,a,NoGoal,EPL,Crystal Palace,1674,0.0,1504.0,0.0,170.0,80.0
22207,2023,5735,1,0.4820446968078613,78,2024-04-06,FW,Crystal Palace,Manchester City,3.0,Jean-Philippe Mateta,h,OpenPlay,EPL,Crystal Palace,1752,0.0,1677.0,173.0,75.0,170.0
22220,2023,5735,0,1.4434185028076172,90,2024-04-14,FW,Liverpool,Crystal Palace,,Jean-Philippe Mateta,a,NoGoal,EPL,Crystal Palace,1842,0.0,1677.0,0.0,165.0,75.0
22227,2023,5735,2,1.1982065439224243,75,2024-04-21,FW,Crystal Palace,West Ham,30.0,Jean-Philippe Mateta,h,OpenPlay,EPL,Crystal Palace,1917,0.0,1872.0,195.0,45.0,165.0
22227,2023,5735,2,1.1982065439224243,75,2024-04-21,FW,Crystal Palace,West Ham,63.0,Jean-Philippe Mateta,h,OpenPlay,EPL,Crystal Palace,1917,0.0,1905.0,33.0,12.0,165.0
22178,2023,5735,2,0.7828618884086609,90,2024-04-24,FW,Crystal Palace,Newcastle United,54.0,Jean-Philippe Mateta,h,OpenPlay,EPL,Crystal Palace,2007,0.0,1971.0,66.0,36.0,12.0
22178,2023,5735,2,0.7828618884086609,90,2024-04-24,FW,Crystal Palace,Newcastle United,87.0,Jean-Philippe Mateta,h,OpenPlay,EPL,Crystal Palace,2007,0.0,2004.0,33.0,3.0,12.0
22238,2023,5735,0,0.3284110426902771,71,2024-04-27,FW,Fulham,Crystal Palace,,Jean-Philippe Mateta,a,NoGoal,EPL,Crystal Palace,2078,0.0,2004.0,0.0,74.0,3.0
22250,2023,5735,1,0.3435188829898834,71,2024-05-06,FW,Crystal Palace,Manchester United,39.0,Jean-Philippe Mateta,h,OpenPlay,EPL,Crystal Palace,2149,0.0,2117.0,113.0,32.0,74.0
22264,2023,5735,1,0.6407343149185181,74,2024-05-11,FW,Wolverhampton Wanderers,Crystal Palace,27.0,Jean-Philippe Mateta,a,OpenPlay,EPL,Crystal Palace,2223,0.0,2176.0,59.0,47.0,32.0
22270,2023,5735,3,1.327584147453308,80,2024-05-19,FW,Crystal Palace,Aston Villa,8.0,Jean-Philippe Mateta,h,OpenPlay,EPL,Crystal Palace,2303,0.0,2231.0,55.0,72.0,47.0
22270,2023,5735,3,1.327584147453308,80,2024-05-19,FW,Crystal Palace,Aston Villa,38.0,Jean-Philippe Mateta,h,OpenPlay,EPL,Crystal Palace,2303,0.0,2261.0,30.0,42.0,47.0
22270,2023,5735,3,1.327584147453308,80,2024-05-19,FW,Crystal Palace,Aston Villa,62.0,Jean-Philippe Mateta,h,OpenPlay,EPL,Crystal Palace,2303,0.0,2285.0,24.0,18.0,47.0
26609,2024,5735,0,0.0,49,2024-08-18,FW,Brentford,Crystal Palace,,Jean-Philippe Mateta,a,NoGoal,EPL,Crystal Palace,2352,0.0,2285.0,0.0,67.0,18.0
26613,2024,5735,0,0.3185902833938598,90,2024-08-24,FW,Crystal Palace,West Ham,,Jean-Philippe Mateta,h,NoGoal,EPL,Crystal Palace,2442,0.0,2285.0,0.0,157.0,67.0
26630,2024,5735,0,0.0353318527340889,72,2024-09-01,FW,Chelsea,Crystal Palace,,Jean-Philippe Mateta,a,NoGoal,EPL,Crystal Palace,2514,0.0,2285.0,0.0,229.0,157.0
26636,2024,5735,2,1.4573906660079956,90,2024-09-14,FW,Crystal Palace,Leicester,46.0,Jean-Philippe Mateta,h,OpenPlay,EPL,Crystal Palace,2604,0.0,2560.0,275.0,44.0,229.0
26636,2024,5735,2,1.4573906660079956,90,2024-09-14,FW,Crystal Palace,Leicester,91.0,Jean-Philippe Mateta,h,Penalty,EPL,Crystal Palace,2604,0.0,2605.0,45.0,0.0,229.0
26649,2024,5735,0,0.0,46,2024-09-21,FW,Crystal Palace,Manchester United,,Jean-Philippe Mateta,h,NoGoal,EPL,Crystal Palace,2650,0.0,2605.0,0.0,45.0,0.0
26654,2024,5735,0,0.0129672121256589,90,2024-09-28,FW,Everton,Crystal Palace,,Jean-Philippe Mateta,a,NoGoal,EPL,Crystal Palace,2740,0.0,2605.0,0.0,135.0,45.0
26662,2024,5735,0,0.0,28,2024-10-05,Sub,Crystal Palace,Liverpool,,Jean-Philippe Mateta,h,NoGoal,EPL,Crystal Palace,2768,62.0,2605.0,0.0,163.0,135.0
26677,2024,5735,0,0.098717913031578,22,2024-10-21,Sub,Nottingham Forest,Crystal Palace,,Jean-Philippe Mateta,a,NoGoal,EPL,Crystal Palace,2790,68.0,2605.0,0.0,185.0,163.0
26689,2024,5735,1,0.4644821584224701,90,2024-10-27,FW,Crystal Palace,Tottenham,30.0,Jean-Philippe Mateta,h,OpenPlay,EPL,Crystal Palace,2880,0.0,2820.0,215.0,60.0,185.0
26701,2024,5735,0,0.4915193319320678,90,2024-11-02,FW,Wolverhampton Wanderers,Crystal Palace,,Jean-Philippe Mateta,a,NoGoal,EPL,Crystal Palace,2970,0.0,2820.0,0.0,150.0,60.0
26706,2024,5735,0,1.298546314239502,90,2024-11-09,FW,Crystal Palace,Fulham,,Jean-Philippe Mateta,h,NoGoal,EPL,Crystal Palace,3060,0.0,2820.0,0.0,240.0,150.0
26716,2024,5735,0,0.1010721772909164,90,2024-11-23,FW,Aston Villa,Crystal Palace,,Jean-Philippe Mateta,a,NoGoal,EPL,Crystal Palace,3150,0.0,2820.0,0.0,330.0,240.0
26725,2024,5735,0,0.5041001439094543,90,2024-11-30,FW,Crystal Palace,Newcastle United,,Jean-Philippe Mateta,h,NoGoal,EPL,Crystal Palace,3240,0.0,2820.0,0.0,420.0,330.0
26737,2024,5735,1,0.8033056259155273,90,2024-12-03,FW,Ipswich,Crystal Palace,58.0,Jean-Philippe Mateta,a,OpenPlay,EPL,Crystal Palace,3330,0.0,3298.0,478.0,32.0,420.0
26747,2024,5735,0,0.0272183362394571,90,2024-12-07,FW,Crystal Palace,Manchester City,,Jean-Philippe Mateta,h,NoGoal,EPL,Crystal Palace,3420,0.0,3298.0,0.0,122.0,32.0
26756,2024,5735,0,0.0198090635240077,64,2024-12-15,FW,Brighton,Crystal Palace,,Jean-Philippe Mateta,a,NoGoal,EPL,Crystal Palace,3484,0.0,3298.0,0.0,186.0,122.0
26765,2024,5735,0,0.5190421342849731,86,2024-12-21,FW,Crystal Palace,Arsenal,,Jean-Philippe Mateta,h,NoGoal,EPL,Crystal Palace,3570,0.0,3298.0,0.0,272.0,186.0
26772,2024,5735,0,0.0305118113756179,83,2024-12-26,FW,Bournemouth,Crystal Palace,,Jean-Philippe Mateta,a,NoGoal,EPL,Crystal Palace,3653,0.0,3298.0,0.0,355.0,272.0
26784,2024,5735,0,0.5651429891586304,90,2024-12-29,FW,Crystal Palace,Southampton,,Jean-Philippe Mateta,h,NoGoal,EPL,Crystal Palace,3743,0.0,3298.0,0.0,445.0,355.0
26795,2024,5735,1,0.6140850186347961,90,2025-01-04,FW,Crystal Palace,Chelsea,81.0,Jean-Philippe Mateta,h,OpenPlay,EPL,Crystal Palace,3833,0.0,3824.0,526.0,9.0,445.0
26806,2024,5735,1,1.2029281854629517,83,2025-01-15,FW,Leicester,Crystal Palace,51.0,Jean-Philippe Mateta,a,OpenPlay,EPL,Crystal Palace,3916,0.0,3884.0,60.0,32.0,9.0
26821,2024,5735,2,0.9958908557891846,90,2025-01-18,FW,West Ham,Crystal Palace,47.0,Jean-Philippe Mateta,a,OpenPlay,EPL,Crystal Palace,4006,0.0,3963.0,79.0,43.0,32.0
26821,2024,5735,2,0.9958908557891846,90,2025-01-18,FW,West Ham,Crystal Palace,88.0,Jean-Philippe Mateta,a,Penalty,EPL,Crystal Palace,4006,0.0,4004.0,41.0,2.0,32.0
26825,2024,5735,0,0.0687495097517967,90,2025-01-26,FW,Crystal Palace,Brentford,,Jean-Philippe Mateta,h,NoGoal,EPL,Crystal Palace,4096,0.0,4004.0,0.0,92.0,2.0
26838,2024,5735,2,1.814703702926636,90,2025-02-02,FW,Manchester United,Crystal Palace,63.0,Jean-Philippe Mateta,a,SetPiece,EPL,Crystal Palace,4186,0.0,4159.0,155.0,27.0,92.0
26838,2024,5735,2,1.814703702926636,90,2025-02-02,FW,Manchester United,Crystal Palace,88.0,Jean-Philippe Mateta,a,OpenPlay,EPL,Crystal Palace,4186,0.0,4184.0,25.0,2.0,92.0
26844,2024,5735,1,0.8998072147369385,90,2025-02-15,FW,Crystal Palace,Everton,46.0,Jean-Philippe Mateta,h,FromCorner,EPL,Crystal Palace,4276,0.0,4232.0,48.0,44.0,2.0
26856,2024,5735,0,0.5037171840667725,90,2025-02-22,FW,Fulham,Crystal Palace,,Jean-Philippe Mateta,a,NoGoal,EPL,Crystal Palace,4366,0.0,4232.0,0.0,134.0,44.0
26868,2024,5735,1,0.4144410789012909,90,2025-02-25,FW,Crystal Palace,Aston Villa,58.0,Jean-Philippe Mateta,h,OpenPlay,EPL,Crystal Palace,4456,0.0,4424.0,192.0,32.0,134.0
26900,2024,5735,0,0.102713331580162,60,2025-04-02,FW,Southampton,Crystal Palace,,Jean-Philippe Mateta,a,NoGoal,EPL,Crystal Palace,4516,0.0,4424.0,0.0,92.0,32.0
26904,2024,5735,1,0.0501228794455528,69,2025-04-05,FW,Crystal Palace,Brighton,2.0,Jean-Philippe Mateta,h,OpenPlay,EPL,Crystal Palace,4585,0.0,4518.0,94.0,67.0,92.0
26917,2024,5735,0,0.0,49,2025-04-12,FW,Manchester City,Crystal Palace,,Jean-Philippe Mateta,a,NoGoal,EPL,Crystal Palace,4634,0.0,4518.0,0.0,116.0,67.0
26890,2024,5735,0,0.6186978816986084,64,2025-04-16,FW,Newcastle United,Crystal Palace,,Jean-Philippe Mateta,a,NoGoal,EPL,Crystal Palace,4698,0.0,4518.0,0.0,180.0,116.0
26924,2024,5735,0,0.0706400275230407,77,2025-04-19,FW,Crystal Palace,Bournemouth,,Jean-Philippe Mateta,h,NoGoal,EPL,Crystal Palace,4775,0.0,4518.0,0.0,257.0,180.0
26933,2024,5735,1,0.0161067675799131,8,2025-04-23,Sub,Arsenal,Crystal Palace,82.0,Jean-Philippe Mateta,a,OpenPlay,EPL,Crystal Palace,4783,82.0,4775.0,257.0,8.0,257.0
26949,2024,5735,0,0.0494398586452007,77,2025-05-05,FW,Crystal Palace,Nottingham Forest,,Jean-Philippe Mateta,h,NoGoal,EPL,Crystal Palace,4860,0.0,4775.0,0.0,85.0,8.0
26960,2024,5735,0,0.8518876433372498,64,2025-05-11,FW,Tottenham,Crystal Palace,,Jean-Philippe Mateta,a,NoGoal,EPL,Crystal Palace,4924,0.0,4775.0,0.0,149.0,85.0
26967,2024,5735,0,0.12697833776474,6,2025-05-20,Sub,Crystal Palace,Wolverhampton Wanderers,,Jean-Philippe Mateta,h,NoGoal,EPL,Crystal Palace,4930,84.0,4775.0,0.0,155.0,149.0
26975,2024,5735,0,0.6839668154716492,63,2025-05-25,FW,Liverpool,Crystal Palace,,Jean-Philippe Mateta,a,NoGoal,EPL,Crystal Palace,4993,0.0,4775.0,0.0,218.0,155.0
28784,2025,5735,0,0.3277154862880707,90,2025-08-17,FW,Chelsea,Crystal Palace,,Jean-Philippe Mateta,a,NoGoal,EPL,Crystal Palace,5083,0.0,4775.0,0.0,308.0,218.0
28794,2025,5735,0,0.1443927437067031,89,2025-08-24,FW,Crystal Palace,Nottingham Forest,,Jean-Philippe Mateta,h,NoGoal,EPL,Crystal Palace,5172,0.0,4775.0,0.0,397.0,308.0
28807,2025,5735,1,0.7611688375473022,89,2025-08-31,FW,Aston Villa,Crystal Palace,20.0,Jean-Philippe Mateta,a,Penalty,EPL,Crystal Palace,5261,0.0,5192.0,417.0,69.0,397.0
28811,2025,5735,0,0.6710294485092163,90,2025-09-13,FW,Crystal Palace,Sunderland,,Jean-Philippe Mateta,h,NoGoal,EPL,Crystal Palace,5351,0.0,5192.0,0.0,159.0,69.0
28819,2025,5735,1,0.7027384638786316,90,2025-09-20,FW,West Ham,Crystal Palace,36.0,Jean-Philippe Mateta,a,FromCorner,EPL,Crystal Palace,5441,0.0,5387.0,195.0,54.0,159.0
28830,2025,5735,0,0.908105969429016,90,2025-09-27,FW,Crystal Palace,Liverpool,,Jean-Philippe Mateta,h,NoGoal,EPL,Crystal Palace,5531,0.0,5387.0,0.0,144.0,54.0
28843,2025,5735,0,0.8352959156036377,71,2025-10-05,FW,Everton,Crystal Palace,,Jean-Philippe Mateta,a,NoGoal,EPL,Crystal Palace,5602,0.0,5387.0,0.0,215.0,144.0
28850,2025,5735,3,3.839592218399048,90,2025-10-18,FW,Crystal Palace,Bournemouth,63.0,Jean-Philippe Mateta,h,OpenPlay,EPL,Crystal Palace,5692,0.0,5665.0,278.0,27.0,215.0
28850,2025,5735,3,3.839592218399048,90,2025-10-18,FW,Crystal Palace,Bournemouth,68.0,Jean-Philippe Mateta,h,OpenPlay,EPL,Crystal Palace,5692,0.0,5670.0,5.0,22.0,215.0
28850,2025,5735,3,3.839592218399048,90,2025-10-18,FW,Crystal Palace,Bournemouth,96.0,Jean-Philippe Mateta,h,Penalty,EPL,Crystal Palace,5692,0.0,5698.0,28.0,0.0,215.0
28859,2025,5735,0,0.1398800760507583,90,2025-10-26,FW,Arsenal,Crystal Palace,,Jean-Philippe Mateta,a,NoGoal,EPL,Crystal Palace,5782,0.0,5698.0,0.0,84.0,0.0
28870,2025,5735,1,0.1000314280390739,90,2025-11-01,FW,Crystal Palace,Brentford,29.0,Jean-Philippe Mateta,h,SetPiece,EPL,Crystal Palace,5872,0.0,5811.0,113.0,61.0,84.0
28881,2025,5735,0,0.0825244337320327,90,2025-11-09,FW,Crystal Palace,Brighton,,Jean-Philippe Mateta,h,NoGoal,EPL,Crystal Palace,5962,0.0,5811.0,0.0,151.0,61.0
28897,2025,5735,0,0.464297354221344,61,2025-11-22,FW,Wolverhampton Wanderers,Crystal Palace,,Jean-Philippe Mateta,a,NoGoal,EPL,Crystal Palace,6023,0.0,5811.0,0.0,212.0,151.0
28901,2025,5735,1,1.164567470550537,90,2025-11-30,FW,Crystal Palace,Manchester United,35.0,Jean-Philippe Mateta,h,Penalty,EPL,Crystal Palace,6113,0.0,6058.0,247.0,55.0,212.0
28911,2025,5735,0,0.5364004969596863,66,2025-12-03,FW,Burnley,Crystal Palace,,Jean-Philippe Mateta,a,NoGoal,EPL,Crystal Palace,6179,0.0,6058.0,0.0,121.0,55.0
28922,2025,5735,0,0.1593557596206665,68,2025-12-07,FW,Fulham,Crystal Palace,,Jean-Philippe Mateta,a,NoGoal,EPL,Crystal Palace,6247,0.0,6058.0,0.0,189.0,121.0
28932,2025,5735,0,0.2319566756486892,66,2025-12-14,FW,Crystal Palace,Manchester City,,Jean-Philippe Mateta,h,NoGoal,EPL,Crystal Palace,6313,0.0,6058.0,0.0,255.0,189.0
28943,2025,5735,0,0.0734769627451896,81,2025-12-20,FW,Leeds,Crystal Palace,,Jean-Philippe Mateta,a,NoGoal,EPL,Crystal Palace,6394,0.0,6058.0,0.0,336.0,255.0
28952,2025,5735,0,0.1949727088212967,90,2025-12-28,FW,Crystal Palace,Tottenham,,Jean-Philippe Mateta,h,NoGoal,EPL,Crystal Palace,6484,0.0,6058.0,0.0,426.0,336.0
28962,2025,5735,1,0.5287830829620361,90,2026-01-01,FW,Crystal Palace,Fulham,38.0,Jean-Philippe Mateta,h,OpenPlay,EPL,Crystal Palace,6574,0.0,6522.0,464.0,52.0,426.0
28968,2025,5735,0,0.1410597413778305,90,2026-01-04,FW,Newcastle United,Crystal Palace,,Jean-Philippe Mateta,a,NoGoal,EPL,Crystal Palace,6664,0.0,6522.0,0.0,142.0,52.0
28983,2025,5735,0,0.0,90,2026-01-07,FW,Crystal Palace,Aston Villa,,Jean-Philippe Mateta,h,NoGoal,EPL,Crystal Palace,6754,0.0,6522.0,0.0,232.0,142.0
28995,2025,5735,0,0.4734224081039428,90,2026-01-17,FW,Sunderland,Crystal Palace,,Jean-Philippe Mateta,a,NoGoal,EPL,Crystal Palace,6844,0.0,6522.0,0.0,322.0,232.0
29002,2025,5735,0,0.4226678311824798,87,2026-01-25,FW,Crystal Palace,Chelsea,,Jean-Philippe Mateta,h,NoGoal,EPL,Crystal Palace,6931,0.0,6522.0,0.0,409.0,322.0
29072,2025,5735,0,0.056467730551958,24,2026-03-15,Sub,Crystal Palace,Leeds,,Jean-Philippe Mateta,h,NoGoal,EPL,Crystal Palace,6955,66.0,6522.0,0.0,433.0,409.0
29096,2025,5735,2,1.1559611558914185,22,2026-04-12,Sub,Crystal Palace,Newcastle United,79.0,Jean-Philippe Mateta,h,OpenPlay,EPL,Crystal Palace,6977,68.0,6966.0,444.0,11.0,433.0
29096,2025,5735,2,1.1559611558914185,22,2026-04-12,Sub,Crystal Palace,Newcastle United,93.0,Jean-Philippe Mateta,h,Penalty,EPL,Crystal Palace,6977,71.0,6977.0,11.0,0.0,433.0
29101,2025,5735,0,0.0,27,2026-04-20,Sub,Crystal Palace,West Ham,,Jean-Philippe Mateta,h,NoGoal,EPL,Crystal Palace,7004,63.0,6977.0,0.0,27.0,0.0
29113,2025,5735,0,0.5415294766426086,74,2026-04-25,FW,Liverpool,Crystal Palace,,Jean-Philippe Mateta,a,NoGoal,EPL,Crystal Palace,7078,0.0,6977.0,0.0,101.0,27.0
29118,2025,5735,0,0.0847751572728157,21,2026-05-03,Sub,Bournemouth,Crystal Palace,,Jean-Philippe Mateta,a,NoGoal,EPL,Crystal Palace,7099,69.0,6977.0,0.0,122.0,101.0
29130,2025,5735,1,0.8133533000946045,24,2026-05-10,Sub,Crystal Palace,Everton,76.0,Jean-Philippe Mateta,h,OpenPlay,EPL,Crystal Palace,7123,66.0,7109.0,132.0,14.0,122.0
29084,2025,5735,0,0.0,60,2026-05-13,FW,Manchester City,Crystal Palace,,Jean-Philippe Mateta,a,NoGoal,EPL,Crystal Palace,7183,0.0,7109.0,0.0,74.0,14.0
29141,2025,5735,0,0.0,25,2026-05-17,Sub,Brentford,Crystal Palace,,Jean-Philippe Mateta,a,NoGoal,EPL,Crystal Palace,7208,65.0,7109.0,0.0,99.0,74.0
22307,2023,5992,0,0.1240279003977775,70,2023-08-19,FW,Inter,Monza,,Marcus Thuram,h,NoGoal,Serie_A,Inter,70,0.0,,,,
22324,2023,5992,0,0.0,80,2023-08-28,FW,Cagliari,Inter,,Marcus Thuram,a,NoGoal,Serie_A,Inter,150,0.0,,,,
22332,2023,5992,1,2.361969470977783,75,2023-09-03,FW,Inter,Fiorentina,23.0,Marcus Thuram,h,OpenPlay,Serie_A,Inter,225,0.0,173.0,,52.0,
22336,2023,5992,1,0.2640517652034759,66,2023-09-16,FW,Inter,AC Milan,37.0,Marcus Thuram,h,OpenPlay,Serie_A,Inter,291,0.0,262.0,89.0,29.0,52.0
22347,2023,5992,0,0.2309953421354293,81,2023-09-24,FW,Empoli,Inter,,Marcus Thuram,a,NoGoal,Serie_A,Inter,372,0.0,262.0,0.0,110.0,29.0
22358,2023,5992,0,0.3643682301044464,72,2023-09-27,FW,Inter,Sassuolo,,Marcus Thuram,h,NoGoal,Serie_A,Inter,444,0.0,262.0,0.0,182.0,110.0
22372,2023,5992,0,0.0946220085024833,90,2023-09-30,FW,Salernitana,Inter,,Marcus Thuram,a,NoGoal,Serie_A,Inter,534,0.0,262.0,0.0,272.0,182.0
22383,2023,5992,0,0.0,56,2023-10-07,FW,Inter,Bologna,,Marcus Thuram,h,NoGoal,Serie_A,Inter,590,0.0,262.0,0.0,328.0,272.0
22390,2023,5992,1,0.299026221036911,90,2023-10-21,FW,Torino,Inter,58.0,Marcus Thuram,a,OpenPlay,Serie_A,Inter,680,0.0,648.0,386.0,32.0,328.0
22397,2023,5992,1,1.7075921297073364,90,2023-10-29,FW,Inter,Roma,80.0,Marcus Thuram,h,OpenPlay,Serie_A,Inter,770,0.0,760.0,112.0,10.0,32.0
22405,2023,5992,0,0.0,90,2023-11-04,FW,Atalanta,Inter,,Marcus Thuram,a,NoGoal,Serie_A,Inter,860,0.0,760.0,0.0,100.0,10.0
22424,2023,5992,0,0.7245485186576843,72,2023-11-12,FW,Inter,Frosinone,,Marcus Thuram,h,NoGoal,Serie_A,Inter,932,0.0,760.0,0.0,172.0,100.0
22432,2023,5992,0,0.2042621225118637,90,2023-11-26,FW,Juventus,Inter,,Marcus Thuram,a,NoGoal,Serie_A,Inter,1022,0.0,760.0,0.0,262.0,172.0
22442,2023,5992,1,0.9178646802902222,89,2023-12-03,FW,Napoli,Inter,84.0,Marcus Thuram,a,OpenPlay,Serie_A,Inter,1111,0.0,1106.0,346.0,5.0,262.0
22450,2023,5992,1,1.098627686500549,57,2023-12-09,FW,Inter,Udinese,43.0,Marcus Thuram,h,OpenPlay,Serie_A,Inter,1168,0.0,1154.0,48.0,14.0,5.0
22463,2023,5992,1,0.4638959169387817,81,2023-12-17,FW,Lazio,Inter,65.0,Marcus Thuram,a,OpenPlay,Serie_A,Inter,1249,0.0,1233.0,79.0,16.0,14.0
22467,2023,5992,0,0.7281871438026428,86,2023-12-23,FW,Inter,Lecce,,Marcus Thuram,h,NoGoal,Serie_A,Inter,1335,0.0,1233.0,0.0,102.0,16.0
22478,2023,5992,0,0.1744282841682434,90,2023-12-29,FW,Genoa,Inter,,Marcus Thuram,a,NoGoal,Serie_A,Inter,1425,0.0,1233.0,0.0,192.0,102.0
22491,2023,5992,0,0.0629296153783798,74,2024-01-06,FW,Inter,Verona,,Marcus Thuram,h,NoGoal,Serie_A,Inter,1499,0.0,1233.0,0.0,266.0,192.0
22504,2023,5992,1,1.2489092350006104,90,2024-01-13,FW,Monza,Inter,87.0,Marcus Thuram,a,OpenPlay,Serie_A,Inter,1589,0.0,1586.0,353.0,3.0,266.0
22522,2023,5992,0,0.0,63,2024-01-28,FW,Fiorentina,Inter,,Marcus Thuram,a,NoGoal,Serie_A,Inter,1652,0.0,1586.0,0.0,66.0,3.0
22532,2023,5992,0,0.1205729469656944,78,2024-02-04,FW,Inter,Juventus,,Marcus Thuram,h,NoGoal,Serie_A,Inter,1730,0.0,1586.0,0.0,144.0,66.0
22544,2023,5992,1,0.5157331824302673,90,2024-02-10,FW,Roma,Inter,48.0,Marcus Thuram,a,OpenPlay,Serie_A,Inter,1820,0.0,1778.0,192.0,42.0,144.0
22550,2023,5992,1,1.5069316625595093,61,2024-02-16,FW,Inter,Salernitana,16.0,Marcus Thuram,h,OpenPlay,Serie_A,Inter,1881,0.0,1836.0,58.0,45.0,42.0
22572,2023,5992,0,0.0,23,2024-03-04,Sub,Inter,Genoa,,Marcus Thuram,h,NoGoal,Serie_A,Inter,1904,67.0,1836.0,0.0,68.0,45.0
22575,2023,5992,0,0.0,67,2024-03-09,FW,Bologna,Inter,,Marcus Thuram,a,NoGoal,Serie_A,Inter,1971,0.0,1836.0,0.0,135.0,68.0
22587,2023,5992,0,0.3083230853080749,90,2024-03-17,FW,Inter,Napoli,,Marcus Thuram,h,NoGoal,Serie_A,Inter,2061,0.0,1836.0,0.0,225.0,135.0
22599,2023,5992,0,0.0764621943235397,90,2024-04-01,FW,Inter,Empoli,,Marcus Thuram,h,NoGoal,Serie_A,Inter,2151,0.0,1836.0,0.0,315.0,225.0
22607,2023,5992,0,0.0469646416604518,84,2024-04-08,FW,Udinese,Inter,,Marcus Thuram,a,NoGoal,Serie_A,Inter,2235,0.0,1836.0,0.0,399.0,315.0
22616,2023,5992,1,0.6301441788673401,90,2024-04-14,FW,Inter,Cagliari,11.0,Marcus Thuram,h,OpenPlay,Serie_A,Inter,2325,0.0,2246.0,410.0,79.0,399.0
22633,2023,5992,1,0.1613739728927612,90,2024-04-22,FW,AC Milan,Inter,48.0,Marcus Thuram,a,OpenPlay,Serie_A,Inter,2415,0.0,2373.0,127.0,42.0,79.0
22641,2023,5992,0,0.0819348469376564,65,2024-04-28,FW,Inter,Torino,,Marcus Thuram,h,NoGoal,Serie_A,Inter,2480,0.0,2373.0,0.0,107.0,42.0
22657,2023,5992,1,0.4146448671817779,90,2024-05-10,FW,Frosinone,Inter,83.0,Marcus Thuram,a,OpenPlay,Serie_A,Inter,2570,0.0,2563.0,190.0,7.0,107.0
22667,2023,5992,0,0.4646712839603424,90,2024-05-19,FW,Inter,Lazio,,Marcus Thuram,h,NoGoal,Serie_A,Inter,2660,0.0,2563.0,0.0,97.0,7.0
22679,2023,5992,0,0.0910462588071823,90,2024-05-26,FW,Verona,Inter,,Marcus Thuram,a,NoGoal,Serie_A,Inter,2750,0.0,2563.0,0.0,187.0,97.0
27362,2024,5992,2,0.8025020360946655,90,2024-08-17,FW,Genoa,Inter,29.0,Marcus Thuram,a,OpenPlay,Serie_A,Inter,2840,0.0,2779.0,216.0,61.0,187.0
27362,2024,5992,2,0.8025020360946655,90,2024-08-17,FW,Genoa,Inter,81.0,Marcus Thuram,a,OpenPlay,Serie_A,Inter,2840,0.0,2831.0,52.0,9.0,187.0
27375,2024,5992,0,0.382841944694519,78,2024-08-24,FW,Inter,Lecce,,Marcus Thuram,h,NoGoal,Serie_A,Inter,2918,0.0,2831.0,0.0,87.0,9.0
27383,2024,5992,2,1.2468665838241575,82,2024-08-30,FW,Inter,Atalanta,46.0,Marcus Thuram,h,OpenPlay,Serie_A,Inter,3000,0.0,2964.0,133.0,36.0,87.0
27383,2024,5992,2,1.2468665838241575,82,2024-08-30,FW,Inter,Atalanta,55.0,Marcus Thuram,h,FromCorner,Serie_A,Inter,3000,0.0,2973.0,9.0,27.0,87.0
27399,2024,5992,0,0.1226447746157646,74,2024-09-15,FW,Monza,Inter,,Marcus Thuram,a,NoGoal,Serie_A,Inter,3074,0.0,2973.0,0.0,101.0,27.0
27406,2024,5992,0,0.3885316252708435,90,2024-09-22,FW,Inter,AC Milan,,Marcus Thuram,h,NoGoal,Serie_A,Inter,3164,0.0,2973.0,0.0,191.0,101.0
27413,2024,5992,0,0.303030401468277,79,2024-09-28,FW,Udinese,Inter,,Marcus Thuram,a,NoGoal,Serie_A,Inter,3243,0.0,2973.0,0.0,270.0,191.0
27428,2024,5992,3,1.1600375175476074,70,2024-10-05,FW,Inter,Torino,24.0,Marcus Thuram,h,OpenPlay,Serie_A,Inter,3313,0.0,3267.0,294.0,46.0,270.0
27428,2024,5992,3,1.1600375175476074,70,2024-10-05,FW,Inter,Torino,34.0,Marcus Thuram,h,OpenPlay,Serie_A,Inter,3313,0.0,3277.0,10.0,36.0,270.0
27428,2024,5992,3,1.1600375175476074,70,2024-10-05,FW,Inter,Torino,59.0,Marcus Thuram,h,OpenPlay,Serie_A,Inter,3313,0.0,3302.0,25.0,11.0,270.0
27441,2024,5992,0,0.2925484478473663,90,2024-10-20,FW,Roma,Inter,,Marcus Thuram,a,NoGoal,Serie_A,Inter,3403,0.0,3302.0,0.0,101.0,11.0
27444,2024,5992,0,0.2120458781719207,89,2024-10-27,FW,Inter,Juventus,,Marcus Thuram,h,NoGoal,Serie_A,Inter,3492,0.0,3302.0,0.0,190.0,101.0
27455,2024,5992,0,0.2213131636381149,78,2024-10-30,FW,Empoli,Inter,,Marcus Thuram,a,NoGoal,Serie_A,Inter,3570,0.0,3302.0,0.0,268.0,190.0
27463,2024,5992,0,1.0327388048171997,90,2024-11-03,FW,Inter,Venezia,,Marcus Thuram,h,NoGoal,Serie_A,Inter,3660,0.0,3302.0,0.0,358.0,268.0
27473,2024,5992,0,0.0,83,2024-11-10,FW,Inter,Napoli,,Marcus Thuram,h,NoGoal,Serie_A,Inter,3743,0.0,3302.0,0.0,441.0,358.0
27485,2024,5992,2,1.0056387186050415,63,2024-11-23,FW,Verona,Inter,21.0,Marcus Thuram,a,OpenPlay,Serie_A,Inter,3806,0.0,3764.0,462.0,42.0,441.0
27485,2024,5992,2,1.0056387186050415,63,2024-11-23,FW,Verona,Inter,24.0,Marcus Thuram,a,OpenPlay,Serie_A,Inter,3806,0.0,3767.0,3.0,39.0,441.0
27507,2024,5992,1,0.7672242522239685,71,2024-12-06,FW,Inter,Parma Calcio 1913,65.0,Marcus Thuram,h,FromCorner,Serie_A,Inter,3877,0.0,3871.0,104.0,6.0,39.0
27515,2024,5992,1,0.1062369868159294,90,2024-12-16,FW,Lazio,Inter,89.0,Marcus Thuram,a,OpenPlay,Serie_A,Inter,3967,0.0,3966.0,95.0,1.0,6.0
27531,2024,5992,1,0.3368031978607178,90,2024-12-23,FW,Inter,Como,91.0,Marcus Thuram,h,OpenPlay,Serie_A,Inter,4057,0.0,4058.0,92.0,0.0,1.0
27534,2024,5992,0,0.0165756996721029,82,2024-12-28,FW,Cagliari,Inter,,Marcus Thuram,a,NoGoal,Serie_A,Inter,4139,0.0,4058.0,0.0,81.0,0.0
27557,2024,5992,0,0.0,26,2025-01-12,Sub,Venezia,Inter,,Marcus Thuram,a,NoGoal,Serie_A,Inter,4165,64.0,4058.0,0.0,107.0,81.0
27546,2024,5992,0,0.1277650743722915,90,2025-01-15,FW,Inter,Bologna,,Marcus Thuram,h,NoGoal,Serie_A,Inter,4255,0.0,4058.0,0.0,197.0,107.0
27567,2024,5992,1,0.4827944636344909,19,2025-01-19,Sub,Inter,Empoli,88.0,Marcus Thuram,h,OpenPlay,Serie_A,Inter,4274,71.0,4272.0,214.0,2.0,197.0
27575,2024,5992,0,0.5060613751411438,90,2025-01-26,FW,Lecce,Inter,,Marcus Thuram,a,NoGoal,Serie_A,Inter,4364,0.0,4272.0,0.0,92.0,2.0
27588,2024,5992,0,0.0937519520521164,90,2025-02-02,FW,AC Milan,Inter,,Marcus Thuram,a,NoGoal,Serie_A,Inter,4454,0.0,4272.0,0.0,182.0,92.0
27497,2024,5992,0,0.0913488641381263,90,2025-02-06,FW,Fiorentina,Inter,,Marcus Thuram,a,NoGoal,Serie_A,Inter,4544,0.0,4272.0,0.0,272.0,182.0
27596,2024,5992,0,0.039016630500555,27,2025-02-10,FW,Inter,Fiorentina,,Marcus Thuram,h,NoGoal,Serie_A,Inter,4571,0.0,4272.0,0.0,299.0,272.0
27610,2024,5992,0,0.3609111905097961,28,2025-02-16,Sub,Juventus,Inter,,Marcus Thuram,a,NoGoal,Serie_A,Inter,4599,62.0,4272.0,0.0,327.0,299.0
27629,2024,5992,0,0.1042849645018577,69,2025-03-01,FW,Napoli,Inter,,Marcus Thuram,a,NoGoal,Serie_A,Inter,4668,0.0,4272.0,0.0,396.0,327.0
27636,2024,5992,0,0.7326664328575134,17,2025-03-08,Sub,Inter,Monza,,Marcus Thuram,h,NoGoal,Serie_A,Inter,4685,73.0,4272.0,0.0,413.0,396.0
27643,2024,5992,0,0.4519079625606537,90,2025-03-16,FW,Atalanta,Inter,,Marcus Thuram,a,NoGoal,Serie_A,Inter,4775,0.0,4272.0,0.0,503.0,413.0
27655,2024,5992,0,0.0743416622281074,90,2025-03-30,FW,Inter,Udinese,,Marcus Thuram,h,NoGoal,Serie_A,Inter,4865,0.0,4272.0,0.0,593.0,503.0
27670,2024,5992,1,0.584690272808075,90,2025-04-05,FW,Parma Calcio 1913,Inter,44.0,Marcus Thuram,a,OpenPlay,Serie_A,Inter,4955,0.0,4909.0,637.0,46.0,593.0
27678,2024,5992,0,0.0,21,2025-04-12,Sub,Inter,Cagliari,,Marcus Thuram,h,NoGoal,Serie_A,Inter,4976,69.0,4909.0,0.0,67.0,46.0
27726,2024,5992,0,0.0761513337492942,90,2025-05-18,FW,Inter,Lazio,,Marcus Thuram,h,NoGoal,Serie_A,Inter,5066,0.0,4909.0,0.0,157.0,67.0
29853,2025,5992,2,0.8938024640083313,68,2025-08-25,FW,Inter,Torino,35.0,Marcus Thuram,h,OpenPlay,Serie_A,Inter,5134,0.0,5101.0,192.0,33.0,157.0
29853,2025,5992,2,0.8938024640083313,68,2025-08-25,FW,Inter,Torino,61.0,Marcus Thuram,h,OpenPlay,Serie_A,Inter,5134,0.0,5127.0,26.0,7.0,157.0
29862,2025,5992,0,0.195931538939476,90,2025-08-31,FW,Inter,Udinese,,Marcus Thuram,h,NoGoal,Serie_A,Inter,5224,0.0,5127.0,0.0,97.0,7.0
29865,2025,5992,1,0.5199572443962097,90,2025-09-13,FW,Juventus,Inter,75.0,Marcus Thuram,a,FromCorner,Serie_A,Inter,5314,0.0,5299.0,172.0,15.0,97.0
29880,2025,5992,0,0.3145604729652405,65,2025-09-21,FW,Inter,Sassuolo,,Marcus Thuram,h,NoGoal,Serie_A,Inter,5379,0.0,5299.0,0.0,80.0,15.0
29884,2025,5992,0,0.7475818395614624,67,2025-09-27,FW,Cagliari,Inter,,Marcus Thuram,a,NoGoal,Serie_A,Inter,5446,0.0,5299.0,0.0,147.0,80.0
29948,2025,5992,0,0.0,17,2025-11-09,Sub,Inter,Lazio,,Marcus Thuram,h,NoGoal,Serie_A,Inter,5463,73.0,5299.0,0.0,164.0,147.0
29958,2025,5992,0,0.129595085978508,90,2025-11-23,FW,Inter,AC Milan,,Marcus Thuram,h,NoGoal,Serie_A,Inter,5553,0.0,5299.0,0.0,254.0,164.0
29972,2025,5992,0,0.1684239357709884,67,2025-11-30,FW,Pisa,Inter,,Marcus Thuram,a,NoGoal,Serie_A,Inter,5620,0.0,5299.0,0.0,321.0,254.0
29976,2025,5992,1,0.5848133563995361,79,2025-12-06,FW,Inter,Como,58.0,Marcus Thuram,h,FromCorner,Serie_A,Inter,5699,0.0,5678.0,379.0,21.0,321.0
29987,2025,5992,0,0.1106346473097801,14,2025-12-14,Sub,Genoa,Inter,,Marcus Thuram,a,NoGoal,Serie_A,Inter,5713,76.0,5678.0,0.0,35.0,21.0
30013,2025,5992,0,0.0274081043899059,65,2025-12-28,FW,Atalanta,Inter,,Marcus Thuram,a,NoGoal,Serie_A,Inter,5778,0.0,5678.0,0.0,100.0,35.0
30019,2025,5992,1,1.113210678100586,84,2026-01-04,FW,Inter,Bologna,73.0,Marcus Thuram,h,FromCorner,Serie_A,Inter,5862,0.0,5851.0,173.0,11.0,100.0
30030,2025,5992,1,0.4107730984687805,10,2026-01-07,Sub,Parma Calcio 1913,Inter,97.0,Marcus Thuram,a,OpenPlay,Serie_A,Inter,5872,87.0,5872.0,21.0,0.0,11.0
30038,2025,5992,0,0.2801961004734039,85,2026-01-11,FW,Inter,Napoli,,Marcus Thuram,h,NoGoal,Serie_A,Inter,5957,0.0,5872.0,0.0,85.0,0.0
29998,2025,5992,0,0.2225120067596435,90,2026-01-14,FW,Inter,Lecce,,Marcus Thuram,h,NoGoal,Serie_A,Inter,6047,0.0,5872.0,0.0,175.0,85.0
30058,2025,5992,0,0.6665183901786804,25,2026-01-23,Sub,Inter,Pisa,,Marcus Thuram,h,NoGoal,Serie_A,Inter,6072,65.0,5872.0,0.0,200.0,175.0
30067,2025,5992,0,0.2756690382957458,29,2026-02-01,Sub,Cremonese,Inter,,Marcus Thuram,a,NoGoal,Serie_A,Inter,6101,61.0,5872.0,0.0,229.0,200.0
30075,2025,5992,1,0.5390987396240234,78,2026-02-08,FW,Sassuolo,Inter,27.0,Marcus Thuram,a,OpenPlay,Serie_A,Inter,6179,0.0,6128.0,256.0,51.0,229.0
30087,2025,5992,0,0.1028716042637825,88,2026-02-14,FW,Inter,Juventus,,Marcus Thuram,h,NoGoal,Serie_A,Inter,6267,0.0,6128.0,0.0,139.0,51.0
30100,2025,5992,0,0.7551260590553284,71,2026-02-21,FW,Lecce,Inter,,Marcus Thuram,a,NoGoal,Serie_A,Inter,6338,0.0,6128.0,0.0,210.0,139.0
30105,2025,5992,0,0.0644082799553871,60,2026-02-28,FW,Inter,Genoa,,Marcus Thuram,h,NoGoal,Serie_A,Inter,6398,0.0,6128.0,0.0,270.0,210.0
30126,2025,5992,0,0.7094870209693909,90,2026-03-14,FW,Inter,Atalanta,,Marcus Thuram,h,NoGoal,Serie_A,Inter,6488,0.0,6128.0,0.0,360.0,270.0
30138,2025,5992,0,0.0727564990520477,69,2026-03-22,FW,Fiorentina,Inter,,Marcus Thuram,a,NoGoal,Serie_A,Inter,6557,0.0,6128.0,0.0,429.0,360.0
30145,2025,5992,1,0.0911271423101425,69,2026-04-05,FW,Inter,Roma,54.0,Marcus Thuram,h,FromCorner,Serie_A,Inter,6626,0.0,6611.0,483.0,15.0,429.0
30157,2025,5992,2,0.1544169634580612,90,2026-04-12,FW,Como,Inter,45.0,Marcus Thuram,a,OpenPlay,Serie_A,Inter,6716,0.0,6671.0,60.0,45.0,15.0
30157,2025,5992,2,0.1544169634580612,90,2026-04-12,FW,Como,Inter,48.0,Marcus Thuram,a,OpenPlay,Serie_A,Inter,6716,0.0,6674.0,3.0,42.0,15.0
30164,2025,5992,1,0.925558865070343,78,2026-04-17,FW,Inter,Cagliari,51.0,Marcus Thuram,h,OpenPlay,Serie_A,Inter,6794,0.0,6767.0,93.0,27.0,42.0
30182,2025,5992,1,0.8050507307052612,90,2026-04-26,FW,Torino,Inter,22.0,Marcus Thuram,a,OpenPlay,Serie_A,Inter,6884,0.0,6816.0,49.0,68.0,27.0
30188,2025,5992,1,0.530198335647583,69,2026-05-03,FW,Inter,Parma Calcio 1913,45.0,Marcus Thuram,h,OpenPlay,Serie_A,Inter,6953,0.0,6929.0,113.0,24.0,68.0
30198,2025,5992,0,0.4837998449802398,46,2026-05-09,FW,Lazio,Inter,,Marcus Thuram,a,NoGoal,Serie_A,Inter,6999,0.0,6929.0,0.0,70.0,24.0
22275,2023,6055,0,0.266010969877243,90,2023-08-11,AML,Burnley,Manchester City,,Phil Foden,a,NoGoal,EPL,Manchester City,90,0.0,,,,
22291,2023,6055,0,0.2726038098335266,90,2023-08-19,AMR,Manchester City,Newcastle United,,Phil Foden,h,NoGoal,EPL,Manchester City,180,0.0,,,,
22303,2023,6055,0,0.0365148112177848,1,2023-08-27,Sub,Sheffield United,Manchester City,,Phil Foden,a,NoGoal,EPL,Manchester City,181,89.0,,,,
21927,2023,6055,0,0.0,90,2023-09-02,AML,Manchester City,Fulham,,Phil Foden,h,NoGoal,EPL,Manchester City,271,0.0,,,,
21937,2023,6055,0,0.1567997634410858,69,2023-09-16,AMR,West Ham,Manchester City,,Phil Foden,a,NoGoal,EPL,Manchester City,340,0.0,,,,
21946,2023,6055,1,0.069134309887886,90,2023-09-23,AMR,Manchester City,Nottingham Forest,6.0,Phil Foden,h,OpenPlay,EPL,Manchester City,430,0.0,346.0,,84.0,
21961,2023,6055,0,0.0656590014696121,90,2023-09-30,AMR,Wolverhampton Wanderers,Manchester City,,Phil Foden,a,NoGoal,EPL,Manchester City,520,0.0,346.0,0.0,174.0,84.0
21965,2023,6055,0,0.0,90,2023-10-08,FWL,Arsenal,Manchester City,,Phil Foden,a,NoGoal,EPL,Manchester City,610,0.0,346.0,0.0,264.0,174.0
21980,2023,6055,0,0.0800867900252342,90,2023-10-21,AMR,Manchester City,Brighton,,Phil Foden,h,NoGoal,EPL,Manchester City,700,0.0,346.0,0.0,354.0,264.0
21992,2023,6055,1,1.7047890424728394,90,2023-10-29,AMR,Manchester United,Manchester City,79.0,Phil Foden,a,OpenPlay,EPL,Manchester City,790,0.0,779.0,433.0,11.0,354.0
22000,2023,6055,1,0.2108765840530395,40,2023-11-04,Sub,Manchester City,Bournemouth,63.0,Phil Foden,h,OpenPlay,EPL,Manchester City,830,50.0,803.0,24.0,27.0,11.0
22009,2023,6055,0,0.177167072892189,90,2023-11-12,AMR,Chelsea,Manchester City,,Phil Foden,a,NoGoal,EPL,Manchester City,920,0.0,803.0,0.0,117.0,27.0
22020,2023,6055,0,0.1790360510349273,90,2023-11-25,AMR,Manchester City,Liverpool,,Phil Foden,h,NoGoal,EPL,Manchester City,1010,0.0,803.0,0.0,207.0,117.0
22031,2023,6055,1,0.6323339939117432,76,2023-12-03,AMR,Manchester City,Tottenham,30.0,Phil Foden,h,OpenPlay,EPL,Manchester City,1086,0.0,1040.0,237.0,46.0,207.0
22035,2023,6055,0,0.0,75,2023-12-06,AML,Aston Villa,Manchester City,,Phil Foden,a,NoGoal,EPL,Manchester City,1161,0.0,1040.0,0.0,121.0,46.0
22050,2023,6055,0,0.2676717936992645,90,2023-12-10,AMC,Luton,Manchester City,,Phil Foden,a,NoGoal,EPL,Manchester City,1251,0.0,1040.0,0.0,211.0,121.0
22061,2023,6055,0,0.0143770929425954,90,2023-12-16,AMC,Manchester City,Crystal Palace,,Phil Foden,h,NoGoal,EPL,Manchester City,1341,0.0,1040.0,0.0,301.0,211.0
22081,2023,6055,1,0.3714402019977569,90,2023-12-27,AMC,Everton,Manchester City,52.0,Phil Foden,a,FromCorner,EPL,Manchester City,1431,0.0,1393.0,353.0,38.0,301.0
22090,2023,6055,0,0.2142169624567031,90,2023-12-30,AMC,Manchester City,Sheffield United,,Phil Foden,h,NoGoal,EPL,Manchester City,1521,0.0,1393.0,0.0,128.0,38.0
22100,2023,6055,0,0.2865028381347656,90,2024-01-13,AMR,Newcastle United,Manchester City,,Phil Foden,a,NoGoal,EPL,Manchester City,1611,0.0,1393.0,0.0,218.0,128.0
22114,2023,6055,0,0.0964866355061531,79,2024-01-31,AMR,Manchester City,Burnley,,Phil Foden,h,NoGoal,EPL,Manchester City,1690,0.0,1393.0,0.0,297.0,218.0
22117,2023,6055,3,0.930674374103546,90,2024-02-05,ML,Brentford,Manchester City,47.0,Phil Foden,a,OpenPlay,EPL,Manchester City,1780,0.0,1737.0,344.0,43.0,297.0
22117,2023,6055,3,0.930674374103546,90,2024-02-05,ML,Brentford,Manchester City,52.0,Phil Foden,a,OpenPlay,EPL,Manchester City,1780,0.0,1742.0,5.0,38.0,297.0
22117,2023,6055,3,0.930674374103546,90,2024-02-05,ML,Brentford,Manchester City,69.0,Phil Foden,a,OpenPlay,EPL,Manchester City,1780,0.0,1759.0,17.0,21.0,297.0
22130,2023,6055,0,0.2013325691223144,90,2024-02-10,MR,Manchester City,Everton,,Phil Foden,h,NoGoal,EPL,Manchester City,1870,0.0,1759.0,0.0,111.0,21.0
22140,2023,6055,0,0.1511987298727035,90,2024-02-17,MR,Manchester City,Chelsea,,Phil Foden,h,NoGoal,EPL,Manchester City,1960,0.0,1759.0,0.0,201.0,111.0
22074,2023,6055,0,0.5882660150527954,90,2024-02-20,AMR,Manchester City,Brentford,,Phil Foden,h,NoGoal,EPL,Manchester City,2050,0.0,1759.0,0.0,291.0,201.0
22145,2023,6055,1,0.7975240349769592,90,2024-02-24,AMC,Bournemouth,Manchester City,23.0,Phil Foden,a,OpenPlay,EPL,Manchester City,2140,0.0,2073.0,314.0,67.0,291.0
22160,2023,6055,2,0.8528774976730347,90,2024-03-03,AMR,Manchester City,Manchester United,55.0,Phil Foden,h,OpenPlay,EPL,Manchester City,2230,0.0,2195.0,122.0,35.0,67.0
22160,2023,6055,2,0.8528774976730347,90,2024-03-03,AMR,Manchester City,Manchester United,79.0,Phil Foden,h,OpenPlay,EPL,Manchester City,2230,0.0,2219.0,24.0,11.0,67.0
22171,2023,6055,0,0.3728307485580444,90,2024-03-10,AMR,Liverpool,Manchester City,,Phil Foden,a,NoGoal,EPL,Manchester City,2320,0.0,2219.0,0.0,101.0,11.0
22190,2023,6055,0,0.0225829593837261,63,2024-03-31,ML,Manchester City,Arsenal,,Phil Foden,h,NoGoal,EPL,Manchester City,2383,0.0,2219.0,0.0,164.0,101.0
22204,2023,6055,3,0.5630214810371399,85,2024-04-03,AMC,Manchester City,Aston Villa,45.0,Phil Foden,h,DirectFreekick,EPL,Manchester City,2468,0.0,2428.0,209.0,40.0,164.0
22204,2023,6055,3,0.5630214810371399,85,2024-04-03,AMC,Manchester City,Aston Villa,61.0,Phil Foden,h,OpenPlay,EPL,Manchester City,2468,0.0,2444.0,16.0,24.0,164.0
22204,2023,6055,3,0.5630214810371399,85,2024-04-03,AMC,Manchester City,Aston Villa,68.0,Phil Foden,h,OpenPlay,EPL,Manchester City,2468,0.0,2451.0,7.0,17.0,164.0
22176,2023,6055,2,0.5350288152694702,75,2024-04-25,ML,Brighton,Manchester City,25.0,Phil Foden,a,DirectFreekick,EPL,Manchester City,2543,0.0,2493.0,42.0,50.0,17.0
22176,2023,6055,2,0.5350288152694702,75,2024-04-25,ML,Brighton,Manchester City,33.0,Phil Foden,a,OpenPlay,EPL,Manchester City,2543,0.0,2501.0,8.0,42.0,17.0
22253,2023,6055,0,0.3277131617069244,87,2024-05-04,AML,Manchester City,Wolverhampton Wanderers,,Phil Foden,h,NoGoal,EPL,Manchester City,2630,0.0,2501.0,0.0,129.0,42.0
22258,2023,6055,1,0.135245531797409,85,2024-05-11,AML,Fulham,Manchester City,58.0,Phil Foden,a,OpenPlay,EPL,Manchester City,2715,0.0,2688.0,187.0,27.0,129.0
22233,2023,6055,0,0.4280816316604614,90,2024-05-14,AML,Tottenham,Manchester City,,Phil Foden,a,NoGoal,EPL,Manchester City,2805,0.0,2688.0,0.0,117.0,27.0
22273,2023,6055,2,0.2998977303504944,90,2024-05-19,MC,Manchester City,West Ham,1.0,Phil Foden,h,OpenPlay,EPL,Manchester City,2895,0.0,2806.0,118.0,89.0,117.0
22273,2023,6055,2,0.2998977303504944,90,2024-05-19,MC,Manchester City,West Ham,17.0,Phil Foden,h,OpenPlay,EPL,Manchester City,2895,0.0,2822.0,16.0,73.0,117.0
26610,2024,6055,0,0.0,38,2024-08-18,Sub,Chelsea,Manchester City,,Phil Foden,a,NoGoal,EPL,Manchester City,2933,52.0,2822.0,0.0,111.0,73.0
26651,2024,6055,0,0.0946770906448364,11,2024-09-22,Sub,Manchester City,Arsenal,,Phil Foden,h,NoGoal,EPL,Manchester City,2944,79.0,2822.0,0.0,122.0,111.0
26652,2024,6055,0,0.1188350841403007,23,2024-09-28,Sub,Newcastle United,Manchester City,,Phil Foden,a,NoGoal,EPL,Manchester City,2967,67.0,2822.0,0.0,145.0,122.0
26664,2024,6055,0,0.0609546229243278,79,2024-10-05,MC,Manchester City,Fulham,,Phil Foden,h,NoGoal,EPL,Manchester City,3046,0.0,2822.0,0.0,224.0,145.0
26681,2024,6055,0,0.0229978989809751,22,2024-10-20,Sub,Wolverhampton Wanderers,Manchester City,,Phil Foden,a,NoGoal,EPL,Manchester City,3068,68.0,2822.0,0.0,246.0,224.0
26683,2024,6055,0,0.2510980069637298,90,2024-10-26,MC,Manchester City,Southampton,,Phil Foden,h,NoGoal,EPL,Manchester City,3158,0.0,2822.0,0.0,336.0,246.0
26692,2024,6055,0,0.2364155948162078,90,2024-11-02,MR,Bournemouth,Manchester City,,Phil Foden,a,NoGoal,EPL,Manchester City,3248,0.0,2822.0,0.0,426.0,336.0
26703,2024,6055,0,0.1605133861303329,90,2024-11-09,MC,Brighton,Manchester City,,Phil Foden,a,NoGoal,EPL,Manchester City,3338,0.0,2822.0,0.0,516.0,426.0
26720,2024,6055,0,0.3124813139438629,90,2024-11-23,FWR,Manchester City,Tottenham,,Phil Foden,h,NoGoal,EPL,Manchester City,3428,0.0,2822.0,0.0,606.0,516.0
26726,2024,6055,0,0.0,82,2024-12-01,AMC,Liverpool,Manchester City,,Phil Foden,a,NoGoal,EPL,Manchester City,3510,0.0,2822.0,0.0,688.0,606.0
26753,2024,6055,0,0.2137268036603927,90,2024-12-15,MC,Manchester City,Manchester United,,Phil Foden,h,NoGoal,EPL,Manchester City,3600,0.0,2822.0,0.0,778.0,688.0
26762,2024,6055,1,0.4998302161693573,90,2024-12-21,AMC,Aston Villa,Manchester City,92.0,Phil Foden,a,OpenPlay,EPL,Manchester City,3690,0.0,3692.0,870.0,0.0,778.0
26777,2024,6055,0,0.1353082060813903,90,2024-12-26,MC,Manchester City,Everton,,Phil Foden,h,NoGoal,EPL,Manchester City,3780,0.0,3692.0,0.0,88.0,0.0
26788,2024,6055,0,0.0193140320479869,67,2024-12-29,MR,Leicester,Manchester City,,Phil Foden,a,NoGoal,EPL,Manchester City,3847,0.0,3692.0,0.0,155.0,88.0
26798,2024,6055,1,0.5607715249061584,90,2025-01-04,MR,Manchester City,West Ham,57.0,Phil Foden,h,OpenPlay,EPL,Manchester City,3937,0.0,3904.0,212.0,33.0,155.0
26803,2024,6055,2,0.8024159669876099,88,2025-01-14,AMR,Brentford,Manchester City,65.0,Phil Foden,a,OpenPlay,EPL,Manchester City,4025,0.0,4002.0,98.0,23.0,33.0
26803,2024,6055,2,0.8024159669876099,88,2025-01-14,AMR,Brentford,Manchester City,77.0,Phil Foden,a,OpenPlay,EPL,Manchester City,4025,0.0,4014.0,12.0,11.0,33.0
26816,2024,6055,2,1.3247860670089722,64,2025-01-19,AMR,Ipswich,Manchester City,26.0,Phil Foden,a,OpenPlay,EPL,Manchester City,4089,0.0,4051.0,37.0,38.0,11.0
26816,2024,6055,2,1.3247860670089722,64,2025-01-19,AMR,Ipswich,Manchester City,41.0,Phil Foden,a,OpenPlay,EPL,Manchester City,4089,0.0,4066.0,15.0,23.0,11.0
26828,2024,6055,1,0.5831443071365356,90,2025-01-25,FWR,Manchester City,Chelsea,86.0,Phil Foden,h,OpenPlay,EPL,Manchester City,4179,0.0,4175.0,109.0,4.0,23.0
26833,2024,6055,0,0.0,73,2025-02-02,AMR,Arsenal,Manchester City,,Phil Foden,a,NoGoal,EPL,Manchester City,4252,0.0,4175.0,0.0,77.0,4.0
26848,2024,6055,0,0.0258473623543977,77,2025-02-15,AMC,Manchester City,Newcastle United,,Phil Foden,h,NoGoal,EPL,Manchester City,4329,0.0,4175.0,0.0,154.0,77.0
26859,2024,6055,0,0.1028029322624206,90,2025-02-23,FW,Manchester City,Liverpool,,Phil Foden,h,NoGoal,EPL,Manchester City,4419,0.0,4175.0,0.0,244.0,154.0
26865,2024,6055,0,0.0,15,2025-02-26,Sub,Tottenham,Manchester City,,Phil Foden,a,NoGoal,EPL,Manchester City,4434,75.0,4175.0,0.0,259.0,244.0
26878,2024,6055,0,0.1265127211809158,71,2025-03-08,MC,Nottingham Forest,Manchester City,,Phil Foden,a,NoGoal,EPL,Manchester City,4505,0.0,4175.0,0.0,330.0,259.0
26889,2024,6055,0,0.0,10,2025-03-15,Sub,Manchester City,Brighton,,Phil Foden,h,NoGoal,EPL,Manchester City,4515,80.0,4175.0,0.0,340.0,330.0
26909,2024,6055,0,0.4603517651557922,60,2025-04-06,FW,Manchester United,Manchester City,,Phil Foden,a,NoGoal,EPL,Manchester City,4575,0.0,4175.0,0.0,400.0,340.0
26942,2024,6055,0,0.0,5,2025-05-02,Sub,Manchester City,Wolverhampton Wanderers,,Phil Foden,h,NoGoal,EPL,Manchester City,4580,85.0,4175.0,0.0,405.0,400.0
26959,2024,6055,0,0.07129967212677,78,2025-05-10,AML,Southampton,Manchester City,,Phil Foden,a,NoGoal,EPL,Manchester City,4658,0.0,4175.0,0.0,483.0,405.0
26981,2024,6055,0,0.0,7,2025-05-25,Sub,Fulham,Manchester City,,Phil Foden,a,NoGoal,EPL,Manchester City,4665,83.0,4175.0,0.0,490.0,483.0
28789,2025,6055,0,0.1251886337995529,8,2025-08-23,Sub,Manchester City,Tottenham,,Phil Foden,h,NoGoal,EPL,Manchester City,4673,82.0,4175.0,0.0,498.0,490.0
28817,2025,6055,1,0.1798187792301178,90,2025-09-14,MC,Manchester City,Manchester United,17.0,Phil Foden,h,OpenPlay,EPL,Manchester City,4763,0.0,4690.0,515.0,73.0,498.0
28827,2025,6055,0,0.0,73,2025-09-21,MR,Arsenal,Manchester City,,Phil Foden,a,NoGoal,EPL,Manchester City,4836,0.0,4690.0,0.0,146.0,73.0
28833,2025,6055,0,0.0,90,2025-09-27,MC,Manchester City,Burnley,,Phil Foden,h,NoGoal,EPL,Manchester City,4926,0.0,4690.0,0.0,236.0,146.0
28841,2025,6055,0,0.3221515417098999,90,2025-10-05,MC,Brentford,Manchester City,,Phil Foden,a,NoGoal,EPL,Manchester City,5016,0.0,4690.0,0.0,326.0,236.0
28853,2025,6055,0,0.038069374859333,90,2025-10-18,MC,Manchester City,Everton,,Phil Foden,h,NoGoal,EPL,Manchester City,5106,0.0,4690.0,0.0,416.0,326.0
28860,2025,6055,0,0.1516963094472885,90,2025-10-26,MC,Aston Villa,Manchester City,,Phil Foden,a,NoGoal,EPL,Manchester City,5196,0.0,4690.0,0.0,506.0,416.0
28873,2025,6055,0,0.0680122226476669,90,2025-11-02,MC,Manchester City,Bournemouth,,Phil Foden,h,NoGoal,EPL,Manchester City,5286,0.0,4690.0,0.0,596.0,506.0
28883,2025,6055,0,0.0902590155601501,90,2025-11-09,MC,Manchester City,Liverpool,,Phil Foden,h,NoGoal,EPL,Manchester City,5376,0.0,4690.0,0.0,686.0,596.0
28896,2025,6055,0,0.7165831327438354,89,2025-11-22,MC,Newcastle United,Manchester City,,Phil Foden,a,NoGoal,EPL,Manchester City,5465,0.0,4690.0,0.0,775.0,686.0
28903,2025,6055,2,1.0422013998031616,90,2025-11-29,MC,Manchester City,Leeds,0.0,Phil Foden,h,OpenPlay,EPL,Manchester City,5555,0.0,5465.0,775.0,90.0,775.0
28903,2025,6055,2,1.0422013998031616,90,2025-11-29,MC,Manchester City,Leeds,90.0,Phil Foden,h,OpenPlay,EPL,Manchester City,5555,0.0,5555.0,90.0,0.0,775.0
28912,2025,6055,2,0.571794867515564,90,2025-12-02,FWR,Fulham,Manchester City,43.0,Phil Foden,a,FromCorner,EPL,Manchester City,5645,0.0,5598.0,43.0,47.0,0.0
28912,2025,6055,2,0.571794867515564,90,2025-12-02,FWR,Fulham,Manchester City,47.0,Phil Foden,a,OpenPlay,EPL,Manchester City,5645,0.0,5602.0,4.0,43.0,0.0
28924,2025,6055,1,0.8863785266876221,72,2025-12-06,MC,Manchester City,Sunderland,64.0,Phil Foden,h,OpenPlay,EPL,Manchester City,5717,0.0,5709.0,107.0,8.0,43.0
28932,2025,6055,1,0.150507852435112,90,2025-12-14,AMC,Crystal Palace,Manchester City,68.0,Phil Foden,a,OpenPlay,EPL,Manchester City,5807,0.0,5785.0,76.0,22.0,8.0
28944,2025,6055,0,0.132156029343605,90,2025-12-20,AMC,Manchester City,West Ham,,Phil Foden,h,NoGoal,EPL,Manchester City,5897,0.0,5785.0,0.0,112.0,22.0
28955,2025,6055,0,0.4433760643005371,90,2025-12-27,AMC,Nottingham Forest,Manchester City,,Phil Foden,a,NoGoal,EPL,Manchester City,5987,0.0,5785.0,0.0,202.0,112.0
28966,2025,6055,0,0.2014711052179336,90,2026-01-01,MC,Sunderland,Manchester City,,Phil Foden,a,NoGoal,EPL,Manchester City,6077,0.0,5785.0,0.0,292.0,202.0
28977,2025,6055,0,0.2837742567062378,90,2026-01-04,MC,Manchester City,Chelsea,,Phil Foden,h,NoGoal,EPL,Manchester City,6167,0.0,5785.0,0.0,382.0,292.0
28985,2025,6055,0,0.0,77,2026-01-07,MC,Manchester City,Brighton,,Phil Foden,h,NoGoal,EPL,Manchester City,6244,0.0,5785.0,0.0,459.0,382.0
28993,2025,6055,0,0.0,48,2026-01-17,MC,Manchester United,Manchester City,,Phil Foden,a,NoGoal,EPL,Manchester City,6292,0.0,5785.0,0.0,507.0,459.0
29005,2025,6055,0,0.0,25,2026-01-24,Sub,Manchester City,Wolverhampton Wanderers,,Phil Foden,h,NoGoal,EPL,Manchester City,6317,65.0,5785.0,0.0,532.0,507.0
29016,2025,6055,0,0.0,1,2026-02-01,Sub,Tottenham,Manchester City,,Phil Foden,a,NoGoal,EPL,Manchester City,6318,89.0,5785.0,0.0,533.0,532.0
29033,2025,6055,0,0.3164654672145843,73,2026-02-11,FWR,Manchester City,Fulham,,Phil Foden,h,NoGoal,EPL,Manchester City,6391,0.0,5785.0,0.0,606.0,533.0
29043,2025,6055,0,0.3339998722076416,1,2026-02-21,Sub,Manchester City,Newcastle United,,Phil Foden,h,NoGoal,EPL,Manchester City,6392,89.0,5785.0,0.0,607.0,606.0
29064,2025,6055,0,0.03197468444705,81,2026-03-04,MC,Manchester City,Nottingham Forest,,Phil Foden,h,NoGoal,EPL,Manchester City,6473,0.0,5785.0,0.0,688.0,607.0
29077,2025,6055,0,0.0,13,2026-03-14,Sub,West Ham,Manchester City,,Phil Foden,a,NoGoal,EPL,Manchester City,6486,77.0,5785.0,0.0,701.0,688.0
29095,2025,6055,0,0.0,13,2026-04-12,Sub,Chelsea,Manchester City,,Phil Foden,a,NoGoal,EPL,Manchester City,6499,77.0,5785.0,0.0,714.0,701.0
29104,2025,6055,0,0.0,4,2026-04-19,Sub,Manchester City,Arsenal,,Phil Foden,h,NoGoal,EPL,Manchester City,6503,86.0,5785.0,0.0,718.0,714.0
29123,2025,6055,0,0.013782475143671,13,2026-05-04,Sub,Everton,Manchester City,,Phil Foden,a,NoGoal,EPL,Manchester City,6516,77.0,5785.0,0.0,731.0,718.0
29133,2025,6055,0,0.5789383053779602,28,2026-05-09,Sub,Manchester City,Brentford,,Phil Foden,h,NoGoal,EPL,Manchester City,6544,62.0,5785.0,0.0,759.0,731.0
29084,2025,6055,0,0.009982131421566,82,2026-05-13,DMC,Manchester City,Crystal Palace,,Phil Foden,h,NoGoal,EPL,Manchester City,6626,0.0,5785.0,0.0,841.0,759.0
29138,2025,6055,0,0.0,32,2026-05-19,Sub,Bournemouth,Manchester City,,Phil Foden,a,NoGoal,EPL,Manchester City,6658,58.0,5785.0,0.0,873.0,841.0
22314,2023,6160,0,0.0141764478757977,40,2023-08-21,Sub,Bologna,AC Milan,,Riccardo Orsolini,h,NoGoal,Serie_A,Bologna,40,50.0,,,,
22320,2023,6160,0,0.0,63,2023-08-27,AMR,Juventus,Bologna,,Riccardo Orsolini,a,NoGoal,Serie_A,Bologna,103,0.0,,,,
22328,2023,6160,0,0.7612589001655579,21,2023-09-02,Sub,Bologna,Cagliari,,Riccardo Orsolini,h,NoGoal,Serie_A,Bologna,124,69.0,,,,
22344,2023,6160,0,0.0351458378136158,27,2023-09-18,Sub,Verona,Bologna,,Riccardo Orsolini,a,NoGoal,Serie_A,Bologna,151,63.0,,,,
22346,2023,6160,0,0.0,6,2023-09-24,Sub,Bologna,Napoli,,Riccardo Orsolini,h,NoGoal,Serie_A,Bologna,157,84.0,,,,
22363,2023,6160,0,0.3411551713943481,62,2023-09-28,AMR,Monza,Bologna,,Riccardo Orsolini,a,NoGoal,Serie_A,Bologna,219,0.0,,,,
22366,2023,6160,3,1.554766297340393,90,2023-10-01,AMR,Bologna,Empoli,20.0,Riccardo Orsolini,h,OpenPlay,Serie_A,Bologna,309,0.0,239.0,,70.0,70.0
22366,2023,6160,3,1.554766297340393,90,2023-10-01,AMR,Bologna,Empoli,65.0,Riccardo Orsolini,h,OpenPlay,Serie_A,Bologna,309,0.0,284.0,45.0,25.0,70.0
22366,2023,6160,3,1.554766297340393,90,2023-10-01,AMR,Bologna,Empoli,91.0,Riccardo Orsolini,h,OpenPlay,Serie_A,Bologna,309,0.0,310.0,26.0,0.0,70.0
22383,2023,6160,1,0.7612988352775574,84,2023-10-07,AMR,Inter,Bologna,18.0,Riccardo Orsolini,a,Penalty,Serie_A,Bologna,393,0.0,327.0,17.0,66.0,0.0
22386,2023,6160,0,0.2660965323448181,75,2023-10-22,AMR,Bologna,Frosinone,,Riccardo Orsolini,h,NoGoal,Serie_A,Bologna,468,0.0,327.0,0.0,141.0,66.0
22401,2023,6160,0,0.2993877232074737,90,2023-10-28,AMR,Sassuolo,Bologna,,Riccardo Orsolini,a,NoGoal,Serie_A,Bologna,558,0.0,327.0,0.0,231.0,141.0
22406,2023,6160,0,0.1004660874605178,90,2023-11-03,AMR,Bologna,Lazio,,Riccardo Orsolini,h,NoGoal,Serie_A,Bologna,648,0.0,327.0,0.0,321.0,231.0
22420,2023,6160,0,0.013531464152038,75,2023-11-12,AMR,Fiorentina,Bologna,,Riccardo Orsolini,a,NoGoal,Serie_A,Bologna,723,0.0,327.0,0.0,396.0,321.0
22469,2023,6160,0,0.0,13,2023-12-23,Sub,Bologna,Atalanta,,Riccardo Orsolini,h,NoGoal,Serie_A,Bologna,736,77.0,327.0,0.0,409.0,396.0
22482,2023,6160,0,0.051585666835308,30,2023-12-30,Sub,Udinese,Bologna,,Riccardo Orsolini,a,NoGoal,Serie_A,Bologna,766,60.0,327.0,0.0,439.0,409.0
22485,2023,6160,0,0.0476747378706932,90,2024-01-05,AMR,Bologna,Genoa,,Riccardo Orsolini,h,NoGoal,Serie_A,Bologna,856,0.0,327.0,0.0,529.0,439.0
22502,2023,6160,1,0.3249456882476806,90,2024-01-14,AMR,Cagliari,Bologna,23.0,Riccardo Orsolini,a,OpenPlay,Serie_A,Bologna,946,0.0,879.0,552.0,67.0,529.0
22518,2023,6160,1,0.7612988352775574,5,2024-01-27,Sub,AC Milan,Bologna,91.0,Riccardo Orsolini,a,Penalty,Serie_A,Bologna,951,86.0,951.0,72.0,0.0,67.0
22528,2023,6160,0,0.131891667842865,31,2024-02-03,Sub,Bologna,Sassuolo,,Riccardo Orsolini,h,NoGoal,Serie_A,Bologna,982,59.0,951.0,0.0,31.0,0.0
22535,2023,6160,2,0.2436179667711258,61,2024-02-11,MR,Bologna,Lecce,26.0,Riccardo Orsolini,h,OpenPlay,Serie_A,Bologna,1043,0.0,1008.0,57.0,35.0,31.0
22535,2023,6160,2,0.2436179667711258,61,2024-02-11,MR,Bologna,Lecce,48.0,Riccardo Orsolini,h,OpenPlay,Serie_A,Bologna,1043,0.0,1030.0,22.0,13.0,31.0
22505,2023,6160,1,0.315698891878128,84,2024-02-14,MR,Bologna,Fiorentina,11.0,Riccardo Orsolini,h,OpenPlay,Serie_A,Bologna,1127,0.0,1054.0,24.0,73.0,13.0
22549,2023,6160,0,0.1184671372175216,88,2024-02-18,MR,Lazio,Bologna,,Riccardo Orsolini,a,NoGoal,Serie_A,Bologna,1215,0.0,1054.0,0.0,161.0,73.0
22555,2023,6160,0,0.2752068042755127,82,2024-02-23,AMR,Bologna,Verona,,Riccardo Orsolini,h,NoGoal,Serie_A,Bologna,1297,0.0,1054.0,0.0,243.0,161.0
22565,2023,6160,0,0.0488963276147842,46,2024-03-03,MR,Atalanta,Bologna,,Riccardo Orsolini,a,NoGoal,Serie_A,Bologna,1343,0.0,1054.0,0.0,289.0,243.0
22575,2023,6160,0,0.0848247557878494,10,2024-03-09,Sub,Bologna,Inter,,Riccardo Orsolini,h,NoGoal,Serie_A,Bologna,1353,80.0,1054.0,0.0,299.0,289.0
22591,2023,6160,0,0.4434817135334015,33,2024-03-15,Sub,Empoli,Bologna,,Riccardo Orsolini,a,NoGoal,Serie_A,Bologna,1386,57.0,1054.0,0.0,332.0,299.0
22596,2023,6160,1,0.1740887612104416,66,2024-04-01,MR,Bologna,Salernitana,13.0,Riccardo Orsolini,h,OpenPlay,Serie_A,Bologna,1452,0.0,1399.0,345.0,53.0,332.0
22614,2023,6160,0,0.0186946801841259,78,2024-04-07,MR,Frosinone,Bologna,,Riccardo Orsolini,a,NoGoal,Serie_A,Bologna,1530,0.0,1399.0,0.0,131.0,53.0
22622,2023,6160,0,1.0678929090499878,90,2024-04-13,MR,Bologna,Monza,,Riccardo Orsolini,h,NoGoal,Serie_A,Bologna,1620,0.0,1399.0,0.0,221.0,131.0
22642,2023,6160,0,0.0552694536745548,40,2024-04-28,Sub,Bologna,Udinese,,Riccardo Orsolini,h,NoGoal,Serie_A,Bologna,1660,50.0,1399.0,0.0,261.0,221.0
22648,2023,6160,0,0.0,19,2024-05-03,Sub,Torino,Bologna,,Riccardo Orsolini,a,NoGoal,Serie_A,Bologna,1679,71.0,1399.0,0.0,280.0,261.0
22662,2023,6160,0,0.081154815852642,33,2024-05-11,Sub,Napoli,Bologna,,Riccardo Orsolini,a,NoGoal,Serie_A,Bologna,1712,57.0,1399.0,0.0,313.0,280.0
22665,2023,6160,0,0.0,20,2024-05-20,Sub,Bologna,Juventus,,Riccardo Orsolini,h,NoGoal,Serie_A,Bologna,1732,70.0,1399.0,0.0,333.0,313.0
22683,2023,6160,0,0.0146756460890173,63,2024-05-24,AMR,Genoa,Bologna,,Riccardo Orsolini,a,NoGoal,Serie_A,Bologna,1795,0.0,1399.0,0.0,396.0,333.0
27367,2024,6160,1,1.4944602251052856,80,2024-08-18,AMR,Bologna,Udinese,56.0,Riccardo Orsolini,h,Penalty,Serie_A,Bologna,1875,0.0,1851.0,452.0,24.0,396.0
27378,2024,6160,0,0.0263565573841333,68,2024-08-25,FWR,Napoli,Bologna,,Riccardo Orsolini,a,NoGoal,Serie_A,Bologna,1943,0.0,1851.0,0.0,92.0,24.0
27385,2024,6160,0,0.4099131226539612,87,2024-08-31,FWR,Bologna,Empoli,,Riccardo Orsolini,h,NoGoal,Serie_A,Bologna,2030,0.0,1851.0,0.0,179.0,92.0
27397,2024,6160,0,0.1794029772281646,67,2024-09-14,MR,Como,Bologna,,Riccardo Orsolini,a,NoGoal,Serie_A,Bologna,2097,0.0,1851.0,0.0,246.0,179.0
27412,2024,6160,0,0.048356644809246,57,2024-09-28,FWR,Bologna,Atalanta,,Riccardo Orsolini,h,NoGoal,Serie_A,Bologna,2154,0.0,1851.0,0.0,303.0,246.0
27424,2024,6160,0,0.0712969154119491,46,2024-10-06,FWR,Bologna,Parma Calcio 1913,,Riccardo Orsolini,h,NoGoal,Serie_A,Bologna,2200,0.0,1851.0,0.0,349.0,303.0
27434,2024,6160,1,0.7470682263374329,90,2024-10-19,AMR,Genoa,Bologna,36.0,Riccardo Orsolini,a,OpenPlay,Serie_A,Bologna,2290,0.0,2236.0,385.0,54.0,349.0
27453,2024,6160,1,0.5299974679946899,90,2024-10-29,AMR,Cagliari,Bologna,34.0,Riccardo Orsolini,a,OpenPlay,Serie_A,Bologna,2380,0.0,2324.0,88.0,56.0,54.0
27467,2024,6160,1,0.3847724199295044,90,2024-11-02,AMR,Bologna,Lecce,84.0,Riccardo Orsolini,h,OpenPlay,Serie_A,Bologna,2470,0.0,2464.0,140.0,6.0,56.0
27476,2024,6160,1,0.3998736143112182,86,2024-11-10,AMR,Roma,Bologna,65.0,Riccardo Orsolini,a,OpenPlay,Serie_A,Bologna,2556,0.0,2535.0,71.0,21.0,6.0
27486,2024,6160,0,0.0264530293643474,47,2024-11-24,AMR,Lazio,Bologna,,Riccardo Orsolini,a,NoGoal,Serie_A,Bologna,2603,0.0,2535.0,0.0,68.0,21.0
27494,2024,6160,1,0.7948709726333618,25,2024-11-30,Sub,Bologna,Venezia,68.0,Riccardo Orsolini,h,Penalty,Serie_A,Bologna,2628,65.0,2606.0,71.0,22.0,68.0
27527,2024,6160,0,0.0,39,2024-12-21,Sub,Torino,Bologna,,Riccardo Orsolini,a,NoGoal,Serie_A,Bologna,2667,51.0,2606.0,0.0,61.0,22.0
27532,2024,6160,0,0.0,1,2024-12-30,Sub,Bologna,Verona,,Riccardo Orsolini,h,NoGoal,Serie_A,Bologna,2668,89.0,2606.0,0.0,62.0,61.0
27554,2024,6160,0,0.2290094494819641,21,2025-01-12,Sub,Bologna,Roma,,Riccardo Orsolini,h,NoGoal,Serie_A,Bologna,2689,69.0,2606.0,0.0,83.0,62.0
27546,2024,6160,0,0.0924305841326713,90,2025-01-15,AMR,Inter,Bologna,,Riccardo Orsolini,a,NoGoal,Serie_A,Bologna,2779,0.0,2606.0,0.0,173.0,83.0
27571,2024,6160,1,0.3975757360458374,90,2025-01-18,AMR,Bologna,Monza,68.0,Riccardo Orsolini,h,OpenPlay,Serie_A,Bologna,2869,0.0,2847.0,241.0,22.0,173.0
27616,2024,6160,0,0.0814798772335052,22,2025-02-22,Sub,Parma Calcio 1913,Bologna,,Riccardo Orsolini,a,NoGoal,Serie_A,Bologna,2891,68.0,2847.0,0.0,44.0,22.0
27623,2024,6160,2,1.7095239162445068,89,2025-03-02,AMR,Bologna,Cagliari,47.0,Riccardo Orsolini,h,Penalty,Serie_A,Bologna,2980,0.0,2938.0,91.0,42.0,44.0
27623,2024,6160,2,1.7095239162445068,89,2025-03-02,AMR,Bologna,Cagliari,55.0,Riccardo Orsolini,h,OpenPlay,Serie_A,Bologna,2980,0.0,2946.0,8.0,34.0,44.0
27635,2024,6160,0,0.0323116406798362,60,2025-03-09,AMR,Verona,Bologna,,Riccardo Orsolini,a,NoGoal,Serie_A,Bologna,3040,0.0,2946.0,0.0,94.0,34.0
27645,2024,6160,1,0.4855628609657287,74,2025-03-16,AMR,Bologna,Lazio,47.0,Riccardo Orsolini,h,OpenPlay,Serie_A,Bologna,3114,0.0,3087.0,141.0,27.0,94.0
27653,2024,6160,1,0.2608289122581482,82,2025-03-29,AMR,Venezia,Bologna,48.0,Riccardo Orsolini,a,OpenPlay,Serie_A,Bologna,3196,0.0,3162.0,75.0,34.0,27.0
27665,2024,6160,0,0.0542532280087471,80,2025-04-07,AMR,Bologna,Napoli,,Riccardo Orsolini,h,NoGoal,Serie_A,Bologna,3276,0.0,3162.0,0.0,114.0,34.0
27674,2024,6160,0,0.0907626301050186,50,2025-04-13,AMR,Atalanta,Bologna,,Riccardo Orsolini,a,NoGoal,Serie_A,Bologna,3326,0.0,3162.0,0.0,164.0,114.0
27682,2024,6160,1,0.1039777547121048,18,2025-04-20,Sub,Bologna,Inter,93.0,Riccardo Orsolini,h,OpenPlay,Serie_A,Bologna,3344,75.0,3344.0,182.0,0.0,164.0
27700,2024,6160,0,0.5543427467346191,90,2025-04-28,AMR,Udinese,Bologna,,Riccardo Orsolini,a,NoGoal,Serie_A,Bologna,3434,0.0,3344.0,0.0,90.0,0.0
27702,2024,6160,0,0.0422756820917129,90,2025-05-04,AMR,Bologna,Juventus,,Riccardo Orsolini,h,NoGoal,Serie_A,Bologna,3524,0.0,3344.0,0.0,180.0,90.0
27717,2024,6160,1,0.1315547972917556,64,2025-05-09,FWR,AC Milan,Bologna,48.0,Riccardo Orsolini,a,OpenPlay,Serie_A,Bologna,3588,0.0,3572.0,228.0,16.0,180.0
27723,2024,6160,1,0.8048245906829834,31,2025-05-18,Sub,Fiorentina,Bologna,78.0,Riccardo Orsolini,a,OpenPlay,Serie_A,Bologna,3619,59.0,3607.0,35.0,12.0,16.0
27734,2024,6160,1,0.174254909157753,90,2025-05-24,AMR,Bologna,Genoa,63.0,Riccardo Orsolini,h,OpenPlay,Serie_A,Bologna,3709,0.0,3682.0,75.0,27.0,12.0
29847,2025,6160,0,0.1079211831092834,90,2025-08-23,AMR,Roma,Bologna,,Riccardo Orsolini,a,NoGoal,Serie_A,Bologna,3799,0.0,3682.0,0.0,117.0,27.0
29856,2025,6160,1,0.2428826242685318,90,2025-08-30,AMR,Bologna,Como,58.0,Riccardo Orsolini,h,OpenPlay,Serie_A,Bologna,3889,0.0,3857.0,175.0,32.0,117.0
29871,2025,6160,0,0.0182538162916898,74,2025-09-14,FWR,AC Milan,Bologna,,Riccardo Orsolini,a,NoGoal,Serie_A,Bologna,3963,0.0,3857.0,0.0,106.0,32.0
29877,2025,6160,1,1.4030640125274658,90,2025-09-20,AMR,Bologna,Genoa,98.0,Riccardo Orsolini,h,Penalty,Serie_A,Bologna,4053,0.0,4061.0,204.0,0.0,106.0
29888,2025,6160,1,0.813668966293335,64,2025-09-28,AMR,Lecce,Bologna,45.0,Riccardo Orsolini,a,Penalty,Serie_A,Bologna,4117,0.0,4098.0,37.0,19.0,0.0
29895,2025,6160,1,0.4973966479301452,47,2025-10-05,AMR,Bologna,Pisa,39.0,Riccardo Orsolini,h,OpenPlay,Serie_A,Bologna,4164,0.0,4156.0,58.0,8.0,19.0
29905,2025,6160,1,0.0800658911466598,30,2025-10-19,Sub,Cagliari,Bologna,79.0,Riccardo Orsolini,a,OpenPlay,Serie_A,Bologna,4194,60.0,4183.0,27.0,11.0,8.0
29917,2025,6160,0,0.0,79,2025-10-26,AMR,Fiorentina,Bologna,,Riccardo Orsolini,a,NoGoal,Serie_A,Bologna,4273,0.0,4183.0,0.0,90.0,11.0
29925,2025,6160,0,0.0,23,2025-10-29,Sub,Bologna,Torino,,Riccardo Orsolini,h,NoGoal,Serie_A,Bologna,4296,67.0,4183.0,0.0,113.0,90.0
29939,2025,6160,0,0.5503451824188232,86,2025-11-02,AMR,Parma Calcio 1913,Bologna,,Riccardo Orsolini,a,NoGoal,Serie_A,Bologna,4382,0.0,4183.0,0.0,199.0,113.0
29945,2025,6160,0,0.0286567732691764,86,2025-11-09,AMR,Bologna,Napoli,,Riccardo Orsolini,h,NoGoal,Serie_A,Bologna,4468,0.0,4183.0,0.0,285.0,199.0
29963,2025,6160,0,0.8038256764411926,83,2025-11-22,AMR,Udinese,Bologna,,Riccardo Orsolini,a,NoGoal,Serie_A,Bologna,4551,0.0,4183.0,0.0,368.0,285.0
29965,2025,6160,1,0.957197368144989,82,2025-12-01,AMR,Bologna,Cremonese,47.0,Riccardo Orsolini,h,Penalty,Serie_A,Bologna,4633,0.0,4598.0,415.0,35.0,368.0
29977,2025,6160,0,0.0369933135807514,67,2025-12-07,AMR,Lazio,Bologna,,Riccardo Orsolini,a,NoGoal,Serie_A,Bologna,4700,0.0,4598.0,0.0,102.0,35.0
29985,2025,6160,0,0.5182477831840515,90,2025-12-14,AMR,Bologna,Juventus,,Riccardo Orsolini,h,NoGoal,Serie_A,Bologna,4790,0.0,4598.0,0.0,192.0,102.0
30004,2025,6160,0,0.0283341035246849,72,2025-12-28,AMR,Bologna,Sassuolo,,Riccardo Orsolini,h,NoGoal,Serie_A,Bologna,4862,0.0,4598.0,0.0,264.0,192.0
30019,2025,6160,0,0.0,21,2026-01-04,Sub,Inter,Bologna,,Riccardo Orsolini,a,NoGoal,Serie_A,Bologna,4883,69.0,4598.0,0.0,285.0,264.0
30024,2025,6160,0,0.0,47,2026-01-07,AMR,Bologna,Atalanta,,Riccardo Orsolini,h,NoGoal,Serie_A,Bologna,4930,0.0,4598.0,0.0,332.0,285.0
30003,2025,6160,1,0.1276319026947021,90,2026-01-15,AMR,Verona,Bologna,20.0,Riccardo Orsolini,a,SetPiece,Serie_A,Bologna,5020,0.0,4950.0,352.0,70.0,332.0
30052,2025,6160,0,0.0226425249129533,51,2026-01-18,AMR,Bologna,Fiorentina,,Riccardo Orsolini,h,NoGoal,Serie_A,Bologna,5071,0.0,4950.0,0.0,121.0,70.0
30064,2025,6160,0,0.0,57,2026-02-03,AMR,Bologna,AC Milan,,Riccardo Orsolini,h,NoGoal,Serie_A,Bologna,5128,0.0,4950.0,0.0,178.0,121.0
30078,2025,6160,0,0.1690079867839813,1,2026-02-08,Sub,Bologna,Parma Calcio 1913,,Riccardo Orsolini,h,NoGoal,Serie_A,Bologna,5129,89.0,4950.0,0.0,179.0,178.0
30092,2025,6160,0,0.0,6,2026-02-15,Sub,Torino,Bologna,,Riccardo Orsolini,a,NoGoal,Serie_A,Bologna,5135,84.0,4950.0,0.0,185.0,179.0
30095,2025,6160,0,0.2847201526165008,58,2026-02-23,FWR,Bologna,Udinese,,Riccardo Orsolini,h,NoGoal,Serie_A,Bologna,5193,0.0,4950.0,0.0,243.0,185.0
30107,2025,6160,0,0.0473829917609691,22,2026-03-02,Sub,Pisa,Bologna,,Riccardo Orsolini,a,NoGoal,Serie_A,Bologna,5215,68.0,4950.0,0.0,265.0,243.0
30123,2025,6160,0,0.0785508677363395,68,2026-03-08,MR,Bologna,Verona,,Riccardo Orsolini,h,NoGoal,Serie_A,Bologna,5283,0.0,4950.0,0.0,333.0,265.0
30130,2025,6160,0,0.3058898448944092,90,2026-03-15,AMR,Sassuolo,Bologna,,Riccardo Orsolini,a,NoGoal,Serie_A,Bologna,5373,0.0,4950.0,0.0,423.0,333.0
30135,2025,6160,0,1.0452505350112915,63,2026-03-22,AMR,Bologna,Lazio,,Riccardo Orsolini,h,NoGoal,Serie_A,Bologna,5436,0.0,4950.0,0.0,486.0,423.0
30144,2025,6160,0,0.0,28,2026-04-05,Sub,Cremonese,Bologna,,Riccardo Orsolini,a,NoGoal,Serie_A,Bologna,5464,62.0,4950.0,0.0,514.0,486.0
30155,2025,6160,1,1.1206459999084473,90,2026-04-12,AMR,Bologna,Lecce,91.0,Riccardo Orsolini,h,OpenPlay,Serie_A,Bologna,5554,0.0,5555.0,605.0,0.0,514.0
30165,2025,6160,0,0.143178328871727,90,2026-04-19,FWR,Juventus,Bologna,,Riccardo Orsolini,a,NoGoal,Serie_A,Bologna,5644,0.0,5555.0,0.0,89.0,0.0
30174,2025,6160,0,0.2142592668533325,79,2026-04-25,AMC,Bologna,Roma,,Riccardo Orsolini,h,NoGoal,Serie_A,Bologna,5723,0.0,5555.0,0.0,168.0,89.0
30185,2025,6160,0,0.0,22,2026-05-03,Sub,Bologna,Cagliari,,Riccardo Orsolini,h,NoGoal,Serie_A,Bologna,5745,68.0,5555.0,0.0,190.0,168.0
30201,2025,6160,1,0.7612988352775574,90,2026-05-11,FWR,Napoli,Bologna,33.0,Riccardo Orsolini,a,Penalty,Serie_A,Bologna,5835,0.0,5778.0,223.0,57.0,190.0
30204,2025,6160,1,0.4828685522079468,20,2026-05-17,Sub,Atalanta,Bologna,77.0,Riccardo Orsolini,a,SetPiece,Serie_A,Bologna,5855,70.0,5842.0,64.0,13.0,57.0
22701,2023,6441,1,0.3606963753700256,1,2023-08-20,Sub,Barcelona,Cadiz,93.0,Ferrán Torres,h,OpenPlay,La_Liga,Barcelona,1,92.0,1.0,,0.0,
22710,2023,6441,1,0.1855435669422149,21,2023-08-27,Sub,Villarreal,Barcelona,67.0,Ferrán Torres,a,OpenPlay,La_Liga,Barcelona,22,69.0,-1.0,-2.0,23.0,0.0
22722,2023,6441,0,0.0,29,2023-09-03,Sub,Osasuna,Barcelona,,Ferrán Torres,a,NoGoal,La_Liga,Barcelona,51,61.0,-1.0,0.0,52.0,23.0
22726,2023,6441,1,0.2738153636455536,67,2023-09-16,FWR,Barcelona,Real Betis,61.0,Ferrán Torres,h,DirectFreekick,La_Liga,Barcelona,118,0.0,112.0,113.0,6.0,52.0
22737,2023,6441,0,0.3798081874847412,75,2023-09-23,FWR,Barcelona,Celta Vigo,,Ferrán Torres,h,NoGoal,La_Liga,Barcelona,193,0.0,112.0,0.0,81.0,6.0
22749,2023,6441,0,0.3897369801998138,65,2023-09-26,FW,Mallorca,Barcelona,,Ferrán Torres,a,NoGoal,La_Liga,Barcelona,258,0.0,112.0,0.0,146.0,81.0
22757,2023,6441,0,0.0893414095044136,18,2023-09-29,Sub,Barcelona,Sevilla,,Ferrán Torres,h,NoGoal,La_Liga,Barcelona,276,72.0,112.0,0.0,164.0,146.0
22771,2023,6441,0,0.8009408116340637,90,2023-10-08,FW,Granada,Barcelona,,Ferrán Torres,a,NoGoal,La_Liga,Barcelona,366,0.0,112.0,0.0,254.0,164.0
22777,2023,6441,0,0.0712329074740409,90,2023-10-22,FWR,Barcelona,Athletic Club,,Ferrán Torres,h,NoGoal,La_Liga,Barcelona,456,0.0,112.0,0.0,344.0,254.0
22787,2023,6441,0,0.0,63,2023-10-28,FW,Barcelona,Real Madrid,,Ferrán Torres,h,NoGoal,La_Liga,Barcelona,519,0.0,112.0,0.0,407.0,344.0
22800,2023,6441,0,0.1007048413157463,33,2023-11-04,Sub,Real Sociedad,Barcelona,,Ferrán Torres,a,NoGoal,La_Liga,Barcelona,552,57.0,112.0,0.0,440.0,407.0
22814,2023,6441,0,0.0,19,2023-11-12,Sub,Barcelona,Alaves,,Ferrán Torres,h,NoGoal,La_Liga,Barcelona,571,71.0,112.0,0.0,459.0,440.0
22822,2023,6441,0,0.2155738025903701,57,2023-11-25,AML,Rayo Vallecano,Barcelona,,Ferrán Torres,a,NoGoal,La_Liga,Barcelona,628,0.0,112.0,0.0,516.0,459.0
22830,2023,6441,0,0.0,10,2023-12-03,Sub,Barcelona,Atletico Madrid,,Ferrán Torres,h,NoGoal,La_Liga,Barcelona,638,80.0,112.0,0.0,526.0,516.0
22835,2023,6441,0,0.0130731854587793,22,2023-12-10,Sub,Barcelona,Girona,,Ferrán Torres,h,NoGoal,La_Liga,Barcelona,660,68.0,112.0,0.0,548.0,526.0
22850,2023,6441,0,0.4869112968444824,15,2023-12-16,Sub,Valencia,Barcelona,,Ferrán Torres,a,NoGoal,La_Liga,Barcelona,675,75.0,112.0,0.0,563.0,548.0
22863,2023,6441,0,0.2466606944799423,41,2023-12-20,Sub,Barcelona,Almeria,,Ferrán Torres,h,NoGoal,La_Liga,Barcelona,716,49.0,112.0,0.0,604.0,563.0
22870,2023,6441,1,0.1072678789496421,82,2024-01-04,FWL,Las Palmas,Barcelona,54.0,Ferrán Torres,a,OpenPlay,La_Liga,Barcelona,798,0.0,770.0,658.0,28.0,604.0
22891,2023,6441,3,1.6789498329162598,90,2024-01-21,FWL,Real Betis,Barcelona,20.0,Ferrán Torres,a,OpenPlay,La_Liga,Barcelona,888,0.0,818.0,48.0,70.0,28.0
22891,2023,6441,3,1.6789498329162598,90,2024-01-21,FWL,Real Betis,Barcelona,47.0,Ferrán Torres,a,OpenPlay,La_Liga,Barcelona,888,0.0,845.0,27.0,43.0,28.0
22891,2023,6441,3,1.6789498329162598,90,2024-01-21,FWL,Real Betis,Barcelona,91.0,Ferrán Torres,a,OpenPlay,La_Liga,Barcelona,888,0.0,889.0,44.0,0.0,28.0
22896,2023,6441,0,0.4799750447273254,31,2024-01-27,Sub,Barcelona,Villarreal,,Ferrán Torres,h,NoGoal,La_Liga,Barcelona,919,59.0,889.0,0.0,30.0,0.0
22878,2023,6441,0,0.0,6,2024-01-31,FWL,Barcelona,Osasuna,,Ferrán Torres,h,NoGoal,La_Liga,Barcelona,925,0.0,889.0,0.0,36.0,30.0
22976,2023,6441,0,0.0,15,2024-03-30,Sub,Barcelona,Las Palmas,,Ferrán Torres,h,NoGoal,La_Liga,Barcelona,940,75.0,889.0,0.0,51.0,36.0
22992,2023,6441,0,0.0627953559160232,90,2024-04-13,FWR,Cadiz,Barcelona,,Ferrán Torres,a,NoGoal,La_Liga,Barcelona,1030,0.0,889.0,0.0,141.0,51.0
23000,2023,6441,0,0.0,19,2024-04-21,Sub,Real Madrid,Barcelona,,Ferrán Torres,a,NoGoal,La_Liga,Barcelona,1049,71.0,889.0,0.0,160.0,141.0
23006,2023,6441,0,0.0906779170036315,1,2024-04-29,Sub,Barcelona,Valencia,,Ferrán Torres,h,NoGoal,La_Liga,Barcelona,1050,89.0,889.0,0.0,161.0,160.0
23019,2023,6441,0,0.0,6,2024-05-04,Sub,Girona,Barcelona,,Ferrán Torres,a,NoGoal,La_Liga,Barcelona,1056,84.0,889.0,0.0,167.0,161.0
23027,2023,6441,0,0.0969546288251876,13,2024-05-13,Sub,Barcelona,Real Sociedad,,Ferrán Torres,h,NoGoal,La_Liga,Barcelona,1069,77.0,889.0,0.0,180.0,167.0
23035,2023,6441,0,0.0162668265402317,74,2024-05-16,FWL,Almeria,Barcelona,,Ferrán Torres,a,NoGoal,La_Liga,Barcelona,1143,0.0,889.0,0.0,254.0,180.0
23062,2023,6441,0,0.0,25,2024-05-26,Sub,Sevilla,Barcelona,,Ferrán Torres,a,NoGoal,La_Liga,Barcelona,1168,65.0,889.0,0.0,279.0,254.0
26987,2024,6441,0,0.2973440587520599,70,2024-08-17,AML,Valencia,Barcelona,,Ferrán Torres,a,NoGoal,La_Liga,Barcelona,1238,0.0,889.0,0.0,349.0,279.0
26995,2024,6441,0,0.018958443775773,69,2024-08-24,AML,Barcelona,Athletic Club,,Ferrán Torres,h,NoGoal,La_Liga,Barcelona,1307,0.0,889.0,0.0,418.0,349.0
27004,2024,6441,0,0.0976009592413902,50,2024-08-27,AML,Rayo Vallecano,Barcelona,,Ferrán Torres,a,NoGoal,La_Liga,Barcelona,1357,0.0,889.0,0.0,468.0,418.0
27012,2024,6441,1,0.4119284749031067,14,2024-08-31,Sub,Barcelona,Real Valladolid,84.0,Ferrán Torres,h,OpenPlay,La_Liga,Barcelona,1371,76.0,1365.0,476.0,6.0,468.0
27028,2024,6441,0,0.0,17,2024-09-15,Sub,Girona,Barcelona,,Ferrán Torres,a,NoGoal,La_Liga,Barcelona,1388,73.0,1365.0,0.0,23.0,6.0
27043,2024,6441,0,0.0,26,2024-09-25,Sub,Barcelona,Getafe,,Ferrán Torres,h,NoGoal,La_Liga,Barcelona,1414,64.0,1365.0,0.0,49.0,23.0
27056,2024,6441,0,0.3228363394737243,90,2024-09-28,FWR,Osasuna,Barcelona,,Ferrán Torres,a,NoGoal,La_Liga,Barcelona,1504,0.0,1365.0,0.0,139.0,49.0
27064,2024,6441,0,0.0,5,2024-10-06,AML,Alaves,Barcelona,,Ferrán Torres,a,NoGoal,La_Liga,Barcelona,1509,0.0,1365.0,0.0,144.0,139.0
27122,2024,6441,0,0.1864701211452484,29,2024-11-30,Sub,Barcelona,Las Palmas,,Ferrán Torres,h,NoGoal,La_Liga,Barcelona,1538,61.0,1365.0,0.0,173.0,144.0
27167,2024,6441,1,0.9759677648544312,75,2024-12-03,FW,Mallorca,Barcelona,11.0,Ferrán Torres,a,OpenPlay,La_Liga,Barcelona,1613,0.0,1549.0,184.0,64.0,173.0
27139,2024,6441,1,0.4082649350166321,27,2024-12-07,Sub,Real Betis,Barcelona,81.0,Ferrán Torres,a,OpenPlay,La_Liga,Barcelona,1640,63.0,1631.0,82.0,9.0,64.0
27143,2024,6441,0,0.0,19,2024-12-15,Sub,Barcelona,Leganes,,Ferrán Torres,h,NoGoal,La_Liga,Barcelona,1659,71.0,1631.0,0.0,28.0,9.0
27160,2024,6441,0,0.0,25,2024-12-21,Sub,Barcelona,Atletico Madrid,,Ferrán Torres,h,NoGoal,La_Liga,Barcelona,1684,65.0,1631.0,0.0,53.0,28.0
27177,2024,6441,0,0.0,7,2025-01-18,Sub,Getafe,Barcelona,,Ferrán Torres,a,NoGoal,La_Liga,Barcelona,1691,83.0,1631.0,0.0,60.0,53.0
27184,2024,6441,1,1.9092450141906736,90,2025-01-26,FW,Barcelona,Valencia,7.0,Ferrán Torres,h,OpenPlay,La_Liga,Barcelona,1781,0.0,1698.0,67.0,83.0,60.0
27200,2024,6441,0,0.0313725396990776,17,2025-02-02,Sub,Barcelona,Alaves,,Ferrán Torres,h,NoGoal,La_Liga,Barcelona,1798,73.0,1698.0,0.0,100.0,83.0
27214,2024,6441,0,0.0,7,2025-02-17,Sub,Barcelona,Rayo Vallecano,,Ferrán Torres,h,NoGoal,La_Liga,Barcelona,1805,83.0,1698.0,0.0,107.0,100.0
27226,2024,6441,1,0.2978986501693725,5,2025-02-22,Sub,Las Palmas,Barcelona,94.0,Ferrán Torres,a,OpenPlay,La_Liga,Barcelona,1810,89.0,1810.0,112.0,0.0,107.0
27232,2024,6441,0,0.4417753517627716,29,2025-03-02,Sub,Barcelona,Real Sociedad,,Ferrán Torres,h,NoGoal,La_Liga,Barcelona,1839,61.0,1810.0,0.0,29.0,0.0
27252,2024,6441,2,0.4322932958602905,21,2025-03-16,Sub,Atletico Madrid,Barcelona,77.0,Ferrán Torres,a,OpenPlay,La_Liga,Barcelona,1860,69.0,1847.0,37.0,13.0,29.0
27252,2024,6441,2,0.4322932958602905,21,2025-03-16,Sub,Atletico Madrid,Barcelona,97.0,Ferrán Torres,a,OpenPlay,La_Liga,Barcelona,1860,76.0,1860.0,13.0,0.0,29.0
27244,2024,6441,1,1.8408020734786987,73,2025-03-27,FW,Barcelona,Osasuna,10.0,Ferrán Torres,h,OpenPlay,La_Liga,Barcelona,1933,0.0,1870.0,10.0,63.0,0.0
27270,2024,6441,1,0.1123209372162818,21,2025-03-30,Sub,Barcelona,Girona,85.0,Ferrán Torres,h,OpenPlay,La_Liga,Barcelona,1954,69.0,1949.0,79.0,5.0,63.0
27272,2024,6441,0,0.5684655904769897,60,2025-04-05,FWL,Barcelona,Real Betis,,Ferrán Torres,h,NoGoal,La_Liga,Barcelona,2014,0.0,1949.0,0.0,65.0,5.0
27288,2024,6441,0,0.0854328051209449,20,2025-04-12,Sub,Leganes,Barcelona,,Ferrán Torres,a,NoGoal,La_Liga,Barcelona,2034,70.0,1949.0,0.0,85.0,65.0
27292,2024,6441,1,0.1126806735992431,60,2025-04-19,FWL,Barcelona,Celta Vigo,11.0,Ferrán Torres,h,OpenPlay,La_Liga,Barcelona,2094,0.0,2045.0,96.0,49.0,85.0
27305,2024,6441,0,0.2148537188768386,77,2025-04-22,FW,Barcelona,Mallorca,,Ferrán Torres,h,NoGoal,La_Liga,Barcelona,2171,0.0,2045.0,0.0,126.0,49.0
27324,2024,6441,0,0.9158909916877748,90,2025-05-11,FW,Barcelona,Real Madrid,,Ferrán Torres,h,NoGoal,La_Liga,Barcelona,2261,0.0,2045.0,0.0,216.0,126.0
29160,2025,6441,1,0.2814938724040985,76,2025-08-16,FW,Mallorca,Barcelona,22.0,Ferrán Torres,a,OpenPlay,La_Liga,Barcelona,2337,0.0,2283.0,238.0,54.0,216.0
29171,2025,6441,1,1.5015840530395508,90,2025-08-23,FW,Levante,Barcelona,51.0,Ferrán Torres,a,FromCorner,La_Liga,Barcelona,2427,0.0,2388.0,105.0,39.0,54.0
29188,2025,6441,0,0.0,82,2025-08-31,FW,Rayo Vallecano,Barcelona,,Ferrán Torres,a,NoGoal,La_Liga,Barcelona,2509,0.0,2388.0,0.0,121.0,39.0
29194,2025,6441,0,1.0367188453674316,69,2025-09-14,FW,Barcelona,Valencia,,Ferrán Torres,h,NoGoal,La_Liga,Barcelona,2578,0.0,2388.0,0.0,190.0,121.0
29199,2025,6441,2,1.2894113063812256,63,2025-09-21,FWL,Barcelona,Getafe,14.0,Ferrán Torres,h,OpenPlay,La_Liga,Barcelona,2641,0.0,2592.0,204.0,49.0,190.0
29199,2025,6441,2,1.2894113063812256,63,2025-09-21,FWL,Barcelona,Getafe,33.0,Ferrán Torres,h,OpenPlay,La_Liga,Barcelona,2641,0.0,2611.0,19.0,30.0,190.0
29213,2025,6441,0,0.4054731130599975,90,2025-09-25,FW,Real Oviedo,Barcelona,,Ferrán Torres,a,NoGoal,La_Liga,Barcelona,2731,0.0,2611.0,0.0,120.0,30.0
29220,2025,6441,0,0.0,10,2025-09-28,Sub,Barcelona,Real Sociedad,,Ferrán Torres,h,NoGoal,La_Liga,Barcelona,2741,80.0,2611.0,0.0,130.0,120.0
29233,2025,6441,0,0.0,77,2025-10-05,AML,Sevilla,Barcelona,,Ferrán Torres,a,NoGoal,La_Liga,Barcelona,2818,0.0,2611.0,0.0,207.0,130.0
29254,2025,6441,0,0.1269770264625549,80,2025-10-26,FW,Real Madrid,Barcelona,,Ferrán Torres,a,NoGoal,La_Liga,Barcelona,2898,0.0,2611.0,0.0,287.0,207.0
29260,2025,6441,1,1.0450817346572876,90,2025-11-02,FW,Barcelona,Elche,11.0,Ferrán Torres,h,OpenPlay,La_Liga,Barcelona,2988,0.0,2909.0,298.0,79.0,287.0
29274,2025,6441,0,0.0,1,2025-11-09,Sub,Celta Vigo,Barcelona,,Ferrán Torres,a,NoGoal,La_Liga,Barcelona,2989,89.0,2909.0,0.0,80.0,79.0
29284,2025,6441,2,0.7213181257247925,90,2025-11-22,FWL,Barcelona,Athletic Club,47.0,Ferrán Torres,h,OpenPlay,La_Liga,Barcelona,3079,0.0,3036.0,127.0,43.0,80.0
29284,2025,6441,2,0.7213181257247925,90,2025-11-22,FWL,Barcelona,Athletic Club,89.0,Ferrán Torres,h,OpenPlay,La_Liga,Barcelona,3079,0.0,3078.0,42.0,1.0,80.0
29294,2025,6441,0,0.0,27,2025-11-29,Sub,Barcelona,Alaves,,Ferrán Torres,h,NoGoal,La_Liga,Barcelona,3106,63.0,3078.0,0.0,28.0,1.0
29342,2025,6441,1,0.5775237679481506,18,2025-12-02,Sub,Barcelona,Atletico Madrid,95.0,Ferrán Torres,h,OpenPlay,La_Liga,Barcelona,3124,77.0,3124.0,46.0,0.0,28.0
29302,2025,6441,3,1.4889516830444336,90,2025-12-06,FW,Real Betis,Barcelona,10.0,Ferrán Torres,a,OpenPlay,La_Liga,Barcelona,3214,0.0,3134.0,10.0,80.0,0.0
29302,2025,6441,3,1.4889516830444336,90,2025-12-06,FW,Real Betis,Barcelona,12.0,Ferrán Torres,a,OpenPlay,La_Liga,Barcelona,3214,0.0,3136.0,2.0,78.0,0.0
29302,2025,6441,3,1.4889516830444336,90,2025-12-06,FW,Real Betis,Barcelona,39.0,Ferrán Torres,a,OpenPlay,La_Liga,Barcelona,3214,0.0,3163.0,27.0,51.0,0.0
29310,2025,6441,0,0.5418058633804321,90,2025-12-13,FW,Barcelona,Osasuna,,Ferrán Torres,h,NoGoal,La_Liga,Barcelona,3304,0.0,3163.0,0.0,141.0,51.0
29325,2025,6441,0,0.6630656719207764,64,2025-12-21,FW,Villarreal,Barcelona,,Ferrán Torres,a,NoGoal,La_Liga,Barcelona,3368,0.0,3163.0,0.0,205.0,141.0
29333,2025,6441,0,0.2622591853141784,68,2026-01-03,FW,Espanyol,Barcelona,,Ferrán Torres,a,NoGoal,La_Liga,Barcelona,3436,0.0,3163.0,0.0,273.0,205.0
29350,2025,6441,0,0.0689971446990966,69,2026-01-18,FW,Real Sociedad,Barcelona,,Ferrán Torres,a,NoGoal,La_Liga,Barcelona,3505,0.0,3163.0,0.0,342.0,273.0
29373,2025,6441,1,3.015413284301758,65,2026-01-31,FW,Elche,Barcelona,39.0,Ferrán Torres,a,OpenPlay,La_Liga,Barcelona,3570,0.0,3544.0,381.0,26.0,342.0
29381,2025,6441,0,0.0,20,2026-02-07,Sub,Barcelona,Mallorca,,Ferrán Torres,h,NoGoal,La_Liga,Barcelona,3590,70.0,3544.0,0.0,46.0,26.0
29395,2025,6441,0,0.1075913459062576,75,2026-02-16,FW,Girona,Barcelona,,Ferrán Torres,a,NoGoal,La_Liga,Barcelona,3665,0.0,3544.0,0.0,121.0,46.0
29401,2025,6441,0,0.2611691355705261,20,2026-02-22,Sub,Barcelona,Levante,,Ferrán Torres,h,NoGoal,La_Liga,Barcelona,3685,70.0,3544.0,0.0,141.0,121.0
29408,2025,6441,0,0.2262794077396392,69,2026-02-28,FW,Barcelona,Villarreal,,Ferrán Torres,h,NoGoal,La_Liga,Barcelona,3754,0.0,3544.0,0.0,210.0,141.0
29418,2025,6441,0,0.0386822633445262,65,2026-03-07,FW,Athletic Club,Barcelona,,Ferrán Torres,a,NoGoal,La_Liga,Barcelona,3819,0.0,3544.0,0.0,275.0,210.0
29441,2025,6441,0,0.0306722540408372,41,2026-03-22,Sub,Barcelona,Rayo Vallecano,,Ferrán Torres,h,NoGoal,La_Liga,Barcelona,3860,49.0,3544.0,0.0,316.0,275.0
29449,2025,6441,0,0.2702426612377167,37,2026-04-04,Sub,Atletico Madrid,Barcelona,,Ferrán Torres,a,NoGoal,La_Liga,Barcelona,3897,53.0,3544.0,0.0,353.0,316.0
29459,2025,6441,2,0.8227093815803528,77,2026-04-11,FW,Barcelona,Espanyol,8.0,Ferrán Torres,h,FromCorner,La_Liga,Barcelona,3974,0.0,3905.0,361.0,69.0,353.0
29459,2025,6441,2,0.8227093815803528,77,2026-04-11,FW,Barcelona,Espanyol,24.0,Ferrán Torres,h,OpenPlay,La_Liga,Barcelona,3974,0.0,3921.0,16.0,53.0,353.0
29479,2025,6441,0,0.0468776449561119,90,2026-04-22,FW,Barcelona,Celta Vigo,,Ferrán Torres,h,NoGoal,La_Liga,Barcelona,4064,0.0,3921.0,0.0,143.0,53.0
29488,2025,6441,1,0.4101141095161438,28,2026-05-02,Sub,Osasuna,Barcelona,85.0,Ferrán Torres,a,OpenPlay,La_Liga,Barcelona,4092,62.0,4087.0,166.0,5.0,143.0
29500,2025,6441,1,0.8503867983818054,79,2026-05-10,FW,Barcelona,Real Madrid,17.0,Ferrán Torres,h,OpenPlay,La_Liga,Barcelona,4171,0.0,4109.0,22.0,62.0,5.0
29508,2025,6441,0,0.0,27,2026-05-13,Sub,Alaves,Barcelona,,Ferrán Torres,a,NoGoal,La_Liga,Barcelona,4198,63.0,4109.0,0.0,89.0,62.0
23069,2023,6496,0,0.1093933805823326,78,2023-08-19,AMC,Augsburg,Borussia M.Gladbach,,Ermedin Demirovic,h,NoGoal,Bundesliga,Augsburg,78,0.0,,,,
23082,2023,6496,0,0.1230541765689849,90,2023-08-27,AMC,Bayern Munich,Augsburg,,Ermedin Demirovic,a,NoGoal,Bundesliga,Augsburg,168,0.0,,,,
23087,2023,6496,1,1.06896710395813,90,2023-09-02,AMC,Augsburg,Bochum,61.0,Ermedin Demirovic,h,OpenPlay,Bundesliga,Augsburg,258,0.0,229.0,,29.0,
23093,2023,6496,0,0.5353373289108276,90,2023-09-16,AMC,RasenBallsport Leipzig,Augsburg,,Ermedin Demirovic,a,NoGoal,Bundesliga,Augsburg,348,0.0,229.0,0.0,119.0,29.0
23102,2023,6496,2,0.9722355604171752,90,2023-09-23,AMC,Augsburg,Mainz 05,14.0,Ermedin Demirovic,h,OpenPlay,Bundesliga,Augsburg,438,0.0,362.0,133.0,76.0,119.0
23102,2023,6496,2,0.9722355604171752,90,2023-09-23,AMC,Augsburg,Mainz 05,44.0,Ermedin Demirovic,h,OpenPlay,Bundesliga,Augsburg,438,0.0,392.0,30.0,46.0,119.0
23118,2023,6496,0,0.5430848002433777,90,2023-10-01,AMC,Freiburg,Augsburg,,Ermedin Demirovic,a,NoGoal,Bundesliga,Augsburg,528,0.0,392.0,0.0,136.0,46.0
23122,2023,6496,1,0.4621435701847076,90,2023-10-07,AMC,Augsburg,Darmstadt,85.0,Ermedin Demirovic,h,OpenPlay,Bundesliga,Augsburg,618,0.0,613.0,221.0,5.0,136.0
23136,2023,6496,1,0.6594498157501221,90,2023-10-22,AMC,FC Heidenheim,Augsburg,41.0,Ermedin Demirovic,a,OpenPlay,Bundesliga,Augsburg,708,0.0,659.0,46.0,49.0,5.0
23144,2023,6496,0,0.0774375200271606,90,2023-10-28,AML,Augsburg,Wolfsburg,,Ermedin Demirovic,h,NoGoal,Bundesliga,Augsburg,798,0.0,659.0,0.0,139.0,49.0
23151,2023,6496,0,0.1101918518543243,90,2023-11-04,AML,FC Cologne,Augsburg,,Ermedin Demirovic,a,NoGoal,Bundesliga,Augsburg,888,0.0,659.0,0.0,229.0,139.0
23161,2023,6496,1,0.3627866208553314,90,2023-11-11,AMC,Augsburg,Hoffenheim,52.0,Ermedin Demirovic,h,OpenPlay,Bundesliga,Augsburg,978,0.0,940.0,281.0,38.0,229.0
23165,2023,6496,1,0.8433718681335449,83,2023-11-25,AMC,Union Berlin,Augsburg,38.0,Ermedin Demirovic,a,Penalty,Bundesliga,Augsburg,1061,0.0,1016.0,76.0,45.0,38.0
23179,2023,6496,0,0.782012939453125,87,2023-12-03,AMC,Augsburg,Eintracht Frankfurt,,Ermedin Demirovic,h,NoGoal,Bundesliga,Augsburg,1148,0.0,1016.0,0.0,132.0,45.0
23188,2023,6496,0,0.0334797427058219,90,2023-12-09,AMC,Werder Bremen,Augsburg,,Ermedin Demirovic,a,NoGoal,Bundesliga,Augsburg,1238,0.0,1016.0,0.0,222.0,132.0
23198,2023,6496,1,0.5462489128112793,81,2023-12-16,AMC,Augsburg,Borussia Dortmund,22.0,Ermedin Demirovic,h,OpenPlay,Bundesliga,Augsburg,1319,0.0,1260.0,244.0,59.0,222.0
23207,2023,6496,0,0.0101320622488856,90,2023-12-20,FW,VfB Stuttgart,Augsburg,,Ermedin Demirovic,a,NoGoal,Bundesliga,Augsburg,1409,0.0,1260.0,0.0,149.0,59.0
23216,2023,6496,0,0.1066962778568267,81,2024-01-13,FW,Augsburg,Bayer Leverkusen,,Ermedin Demirovic,h,NoGoal,Bundesliga,Augsburg,1490,0.0,1260.0,0.0,230.0,149.0
23222,2023,6496,0,0.495499700307846,90,2024-01-21,FW,Borussia M.Gladbach,Augsburg,,Ermedin Demirovic,a,NoGoal,Bundesliga,Augsburg,1580,0.0,1260.0,0.0,320.0,230.0
23234,2023,6496,2,1.0186712741851809,90,2024-01-27,FW,Augsburg,Bayern Munich,51.0,Ermedin Demirovic,h,OpenPlay,Bundesliga,Augsburg,1670,0.0,1631.0,371.0,39.0,320.0
23234,2023,6496,2,1.0186712741851809,90,2024-01-27,FW,Augsburg,Bayern Munich,93.0,Ermedin Demirovic,h,Penalty,Bundesliga,Augsburg,1670,0.0,1673.0,42.0,0.0,320.0
23242,2023,6496,1,0.8763728737831116,90,2024-02-03,FW,Bochum,Augsburg,90.0,Ermedin Demirovic,a,Penalty,Bundesliga,Augsburg,1760,0.0,1760.0,87.0,0.0,0.0
23251,2023,6496,1,0.1233670935034751,90,2024-02-10,FW,Augsburg,RasenBallsport Leipzig,59.0,Ermedin Demirovic,h,OpenPlay,Bundesliga,Augsburg,1850,0.0,1819.0,59.0,31.0,0.0
23257,2023,6496,0,0.1228147521615028,90,2024-02-17,FW,Mainz 05,Augsburg,,Ermedin Demirovic,a,NoGoal,Bundesliga,Augsburg,1940,0.0,1819.0,0.0,121.0,31.0
23264,2023,6496,0,0.5419350266456604,90,2024-02-25,FW,Augsburg,Freiburg,,Ermedin Demirovic,h,NoGoal,Bundesliga,Augsburg,2030,0.0,1819.0,0.0,211.0,121.0
23280,2023,6496,2,1.3779163360595703,75,2024-03-02,FW,Darmstadt,Augsburg,19.0,Ermedin Demirovic,a,OpenPlay,Bundesliga,Augsburg,2105,0.0,2049.0,230.0,56.0,211.0
23280,2023,6496,2,1.3779163360595703,75,2024-03-02,FW,Darmstadt,Augsburg,28.0,Ermedin Demirovic,a,OpenPlay,Bundesliga,Augsburg,2105,0.0,2058.0,9.0,47.0,211.0
23288,2023,6496,0,0.0706602782011032,90,2024-03-09,FW,Augsburg,FC Heidenheim,,Ermedin Demirovic,h,NoGoal,Bundesliga,Augsburg,2195,0.0,2058.0,0.0,137.0,47.0
23293,2023,6496,0,0.2108752429485321,86,2024-03-16,FW,Wolfsburg,Augsburg,,Ermedin Demirovic,a,NoGoal,Bundesliga,Augsburg,2281,0.0,2058.0,0.0,223.0,137.0
23314,2023,6496,1,0.2433107644319534,90,2024-04-07,FW,Hoffenheim,Augsburg,60.0,Ermedin Demirovic,a,OpenPlay,Bundesliga,Augsburg,2371,0.0,2341.0,283.0,30.0,223.0
23323,2023,6496,0,0.5012813210487366,90,2024-04-12,FW,Augsburg,Union Berlin,,Ermedin Demirovic,h,NoGoal,Bundesliga,Augsburg,2461,0.0,2341.0,0.0,120.0,30.0
23329,2023,6496,0,0.0659160614013671,90,2024-04-19,FW,Eintracht Frankfurt,Augsburg,,Ermedin Demirovic,a,NoGoal,Bundesliga,Augsburg,2551,0.0,2341.0,0.0,210.0,120.0
23342,2023,6496,0,0.1526321321725845,90,2024-04-27,FW,Augsburg,Werder Bremen,,Ermedin Demirovic,h,NoGoal,Bundesliga,Augsburg,2641,0.0,2341.0,0.0,300.0,210.0
23344,2023,6496,0,0.8708738088607788,90,2024-05-04,FW,Borussia Dortmund,Augsburg,,Ermedin Demirovic,a,NoGoal,Bundesliga,Augsburg,2731,0.0,2341.0,0.0,390.0,300.0
23360,2023,6496,0,0.1609971970319748,90,2024-05-10,FW,Augsburg,VfB Stuttgart,,Ermedin Demirovic,h,NoGoal,Bundesliga,Augsburg,2821,0.0,2341.0,0.0,480.0,390.0
23364,2023,6496,0,0.2272759228944778,90,2024-05-18,FW,Bayer Leverkusen,Augsburg,,Ermedin Demirovic,a,NoGoal,Bundesliga,Augsburg,2911,0.0,2341.0,0.0,570.0,480.0
27745,2024,6496,1,0.0943445339798927,90,2024-08-24,FW,Freiburg,VfB Stuttgart,1.0,Ermedin Demirovic,a,FromCorner,Bundesliga,VfB Stuttgart,3001,0.0,2912.0,571.0,89.0,570.0
27755,2024,6496,0,0.1617088615894317,14,2024-08-31,Sub,VfB Stuttgart,Mainz 05,,Ermedin Demirovic,h,NoGoal,Bundesliga,VfB Stuttgart,3015,76.0,2912.0,0.0,103.0,89.0
27765,2024,6496,2,1.1283442974090576,77,2024-09-14,FW,Borussia M.Gladbach,VfB Stuttgart,56.0,Ermedin Demirovic,a,OpenPlay,Bundesliga,VfB Stuttgart,3092,0.0,3071.0,159.0,21.0,103.0
27765,2024,6496,2,1.1283442974090576,77,2024-09-14,FW,Borussia M.Gladbach,VfB Stuttgart,60.0,Ermedin Demirovic,a,FromCorner,Bundesliga,VfB Stuttgart,3092,0.0,3075.0,4.0,17.0,103.0
27776,2024,6496,1,0.327868103981018,73,2024-09-22,FW,VfB Stuttgart,Borussia Dortmund,20.0,Ermedin Demirovic,h,OpenPlay,Bundesliga,VfB Stuttgart,3165,0.0,3112.0,37.0,53.0,17.0
27780,2024,6496,0,0.4506281316280365,73,2024-09-28,FW,Wolfsburg,VfB Stuttgart,,Ermedin Demirovic,a,NoGoal,Bundesliga,VfB Stuttgart,3238,0.0,3112.0,0.0,126.0,53.0
27795,2024,6496,1,1.455686092376709,24,2024-10-06,Sub,VfB Stuttgart,Hoffenheim,98.0,Ermedin Demirovic,h,SetPiece,Bundesliga,VfB Stuttgart,3262,74.0,3262.0,150.0,0.0,126.0
27797,2024,6496,0,0.0467526502907276,67,2024-10-19,FW,Bayern Munich,VfB Stuttgart,,Ermedin Demirovic,a,NoGoal,Bundesliga,VfB Stuttgart,3329,0.0,3262.0,0.0,67.0,0.0
27805,2024,6496,0,0.114626370370388,27,2024-10-26,Sub,VfB Stuttgart,Holstein Kiel,,Ermedin Demirovic,h,NoGoal,Bundesliga,VfB Stuttgart,3356,63.0,3262.0,0.0,94.0,67.0
27814,2024,6496,0,0.0,9,2024-11-01,Sub,Bayer Leverkusen,VfB Stuttgart,,Ermedin Demirovic,a,NoGoal,Bundesliga,VfB Stuttgart,3365,81.0,3262.0,0.0,103.0,94.0
27823,2024,6496,0,1.4404842853546145,78,2024-11-10,FW,VfB Stuttgart,Eintracht Frankfurt,,Ermedin Demirovic,h,NoGoal,Bundesliga,VfB Stuttgart,3443,0.0,3262.0,0.0,181.0,103.0
27833,2024,6496,0,0.1611995548009872,90,2024-11-23,FW,VfB Stuttgart,Bochum,,Ermedin Demirovic,h,NoGoal,Bundesliga,VfB Stuttgart,3533,0.0,3262.0,0.0,271.0,181.0
27844,2024,6496,2,0.8416650295257568,90,2024-11-30,FW,Werder Bremen,VfB Stuttgart,19.0,Ermedin Demirovic,a,OpenPlay,Bundesliga,VfB Stuttgart,3623,0.0,3552.0,290.0,71.0,271.0
27844,2024,6496,2,0.8416650295257568,90,2024-11-30,FW,Werder Bremen,VfB Stuttgart,84.0,Ermedin Demirovic,a,OpenPlay,Bundesliga,VfB Stuttgart,3623,0.0,3617.0,65.0,6.0,271.0
27851,2024,6496,0,0.1883197873830795,90,2024-12-06,FW,VfB Stuttgart,Union Berlin,,Ermedin Demirovic,h,NoGoal,Bundesliga,VfB Stuttgart,3713,0.0,3617.0,0.0,96.0,6.0
27861,2024,6496,0,0.4676512479782104,84,2024-12-15,FW,FC Heidenheim,VfB Stuttgart,,Ermedin Demirovic,a,NoGoal,Bundesliga,VfB Stuttgart,3797,0.0,3617.0,0.0,180.0,96.0
27869,2024,6496,0,0.1789263486862182,90,2024-12-21,FW,VfB Stuttgart,St. Pauli,,Ermedin Demirovic,h,NoGoal,Bundesliga,VfB Stuttgart,3887,0.0,3617.0,0.0,270.0,180.0
27882,2024,6496,0,0.7509018182754517,65,2025-01-12,FW,Augsburg,VfB Stuttgart,,Ermedin Demirovic,a,NoGoal,Bundesliga,VfB Stuttgart,3952,0.0,3617.0,0.0,335.0,270.0
27887,2024,6496,0,0.1154135391116142,12,2025-01-15,Sub,VfB Stuttgart,RasenBallsport Leipzig,,Ermedin Demirovic,h,NoGoal,Bundesliga,VfB Stuttgart,3964,78.0,3617.0,0.0,347.0,335.0
27896,2024,6496,1,0.6376095414161682,74,2025-01-18,FW,VfB Stuttgart,Freiburg,16.0,Ermedin Demirovic,h,FromCorner,Bundesliga,VfB Stuttgart,4038,0.0,3980.0,363.0,58.0,347.0
27909,2024,6496,0,0.1420911252498626,14,2025-01-25,Sub,Mainz 05,VfB Stuttgart,,Ermedin Demirovic,a,NoGoal,Bundesliga,VfB Stuttgart,4052,76.0,3980.0,0.0,72.0,58.0
27917,2024,6496,0,0.1975295692682266,71,2025-02-01,FW,VfB Stuttgart,Borussia M.Gladbach,,Ermedin Demirovic,h,NoGoal,Bundesliga,VfB Stuttgart,4123,0.0,3980.0,0.0,143.0,72.0
27924,2024,6496,0,0.0,19,2025-02-08,Sub,Borussia Dortmund,VfB Stuttgart,,Ermedin Demirovic,a,NoGoal,Bundesliga,VfB Stuttgart,4142,71.0,3980.0,0.0,162.0,143.0
27932,2024,6496,0,0.0,1,2025-02-15,Sub,VfB Stuttgart,Wolfsburg,,Ermedin Demirovic,h,NoGoal,Bundesliga,VfB Stuttgart,4143,89.0,3980.0,0.0,163.0,162.0
27943,2024,6496,0,0.0,7,2025-02-23,Sub,Hoffenheim,VfB Stuttgart,,Ermedin Demirovic,a,NoGoal,Bundesliga,VfB Stuttgart,4150,83.0,3980.0,0.0,170.0,163.0
27949,2024,6496,0,0.0,4,2025-02-28,Sub,VfB Stuttgart,Bayern Munich,,Ermedin Demirovic,h,NoGoal,Bundesliga,VfB Stuttgart,4154,86.0,3980.0,0.0,174.0,170.0
27966,2024,6496,1,0.5419203042984009,43,2025-03-08,Sub,Holstein Kiel,VfB Stuttgart,54.0,Ermedin Demirovic,a,OpenPlay,Bundesliga,VfB Stuttgart,4197,47.0,4161.0,181.0,36.0,174.0
27967,2024,6496,1,1.2320783138275146,78,2025-03-16,FW,VfB Stuttgart,Bayer Leverkusen,13.0,Ermedin Demirovic,h,OpenPlay,Bundesliga,VfB Stuttgart,4275,0.0,4210.0,49.0,65.0,36.0
27978,2024,6496,0,0.2635699808597564,81,2025-03-29,FW,Eintracht Frankfurt,VfB Stuttgart,,Ermedin Demirovic,a,NoGoal,Bundesliga,VfB Stuttgart,4356,0.0,4210.0,0.0,146.0,65.0
27992,2024,6496,3,1.9583112001419067,90,2025-04-05,FW,Bochum,VfB Stuttgart,10.0,Ermedin Demirovic,a,OpenPlay,Bundesliga,VfB Stuttgart,4446,0.0,4366.0,156.0,80.0,146.0
27992,2024,6496,3,1.9583112001419067,90,2025-04-05,FW,Bochum,VfB Stuttgart,47.0,Ermedin Demirovic,a,OpenPlay,Bundesliga,VfB Stuttgart,4446,0.0,4403.0,37.0,43.0,146.0
27992,2024,6496,3,1.9583112001419067,90,2025-04-05,FW,Bochum,VfB Stuttgart,84.0,Ermedin Demirovic,a,OpenPlay,Bundesliga,VfB Stuttgart,4446,0.0,4440.0,37.0,6.0,146.0
27995,2024,6496,0,0.4467267692089081,87,2025-04-13,FW,VfB Stuttgart,Werder Bremen,,Ermedin Demirovic,h,NoGoal,Bundesliga,VfB Stuttgart,4533,0.0,4440.0,0.0,93.0,6.0
28010,2024,6496,0,0.0406332835555076,90,2025-04-19,FW,Union Berlin,VfB Stuttgart,,Ermedin Demirovic,a,NoGoal,Bundesliga,VfB Stuttgart,4623,0.0,4440.0,0.0,183.0,93.0
28013,2024,6496,0,0.513948380947113,81,2025-04-25,FW,VfB Stuttgart,FC Heidenheim,,Ermedin Demirovic,h,NoGoal,Bundesliga,VfB Stuttgart,4704,0.0,4440.0,0.0,264.0,183.0
28029,2024,6496,0,0.2353789210319519,15,2025-05-03,Sub,St. Pauli,VfB Stuttgart,,Ermedin Demirovic,a,NoGoal,Bundesliga,VfB Stuttgart,4719,75.0,4440.0,0.0,279.0,264.0
28031,2024,6496,1,1.9723801612854004,8,2025-05-11,Sub,VfB Stuttgart,Augsburg,86.0,Ermedin Demirovic,h,FromCorner,Bundesliga,VfB Stuttgart,4727,82.0,4723.0,283.0,4.0,279.0
28039,2024,6496,1,1.0834877490997314,31,2025-05-17,Sub,RasenBallsport Leipzig,VfB Stuttgart,77.0,Ermedin Demirovic,a,OpenPlay,Bundesliga,VfB Stuttgart,4758,59.0,4745.0,22.0,13.0,4.0
30227,2025,6496,0,0.1194470599293708,71,2025-08-23,FW,Union Berlin,VfB Stuttgart,,Ermedin Demirovic,a,NoGoal,Bundesliga,VfB Stuttgart,4829,0.0,4745.0,0.0,84.0,13.0
30237,2025,6496,0,0.0,90,2025-08-30,FW,VfB Stuttgart,Borussia M.Gladbach,,Ermedin Demirovic,h,NoGoal,Bundesliga,VfB Stuttgart,4919,0.0,4745.0,0.0,174.0,84.0
30243,2025,6496,1,0.2147968262434005,78,2025-09-13,FW,Freiburg,VfB Stuttgart,19.0,Ermedin Demirovic,a,OpenPlay,Bundesliga,VfB Stuttgart,4997,0.0,4938.0,193.0,59.0,174.0
30251,2025,6496,1,0.7321692109107971,86,2025-09-19,FW,VfB Stuttgart,St. Pauli,42.0,Ermedin Demirovic,h,OpenPlay,Bundesliga,VfB Stuttgart,5083,0.0,5039.0,101.0,44.0,59.0
30267,2025,6496,1,1.328352928161621,90,2025-09-28,FW,FC Cologne,VfB Stuttgart,27.0,Ermedin Demirovic,a,Penalty,Bundesliga,VfB Stuttgart,5173,0.0,5110.0,71.0,63.0,44.0
30275,2025,6496,0,0.235209971666336,90,2025-10-05,FW,VfB Stuttgart,FC Heidenheim,,Ermedin Demirovic,h,NoGoal,Bundesliga,VfB Stuttgart,5263,0.0,5110.0,0.0,153.0,63.0
30359,2025,6496,0,0.0,1,2026-01-10,Sub,Bayer Leverkusen,VfB Stuttgart,,Ermedin Demirovic,a,NoGoal,Bundesliga,VfB Stuttgart,5264,89.0,5110.0,0.0,154.0,153.0
30375,2025,6496,1,0.4102061688899994,64,2026-01-13,FW,VfB Stuttgart,Eintracht Frankfurt,26.0,Ermedin Demirovic,h,OpenPlay,Bundesliga,VfB Stuttgart,5328,0.0,5290.0,180.0,38.0,154.0
30383,2025,6496,0,0.0,14,2026-01-18,Sub,VfB Stuttgart,Union Berlin,,Ermedin Demirovic,h,NoGoal,Bundesliga,VfB Stuttgart,5342,76.0,5290.0,0.0,52.0,38.0
30388,2025,6496,0,0.5505340695381165,64,2026-01-25,FW,Borussia M.Gladbach,VfB Stuttgart,,Ermedin Demirovic,a,NoGoal,Bundesliga,VfB Stuttgart,5406,0.0,5290.0,0.0,116.0,52.0
30402,2025,6496,1,0.0417559221386909,13,2026-02-01,Sub,VfB Stuttgart,Freiburg,88.0,Ermedin Demirovic,h,OpenPlay,Bundesliga,VfB Stuttgart,5419,77.0,5417.0,127.0,2.0,116.0
30410,2025,6496,0,0.0,86,2026-02-07,FW,St. Pauli,VfB Stuttgart,,Ermedin Demirovic,a,NoGoal,Bundesliga,VfB Stuttgart,5505,0.0,5417.0,0.0,88.0,2.0
30420,2025,6496,2,1.3250819444656372,90,2026-02-14,FW,VfB Stuttgart,FC Cologne,14.0,Ermedin Demirovic,h,OpenPlay,Bundesliga,VfB Stuttgart,5595,0.0,5519.0,102.0,76.0,88.0
30420,2025,6496,2,1.3250819444656372,90,2026-02-14,FW,VfB Stuttgart,FC Cologne,83.0,Ermedin Demirovic,h,OpenPlay,Bundesliga,VfB Stuttgart,5595,0.0,5588.0,69.0,7.0,88.0
30425,2025,6496,0,0.0731850787997245,90,2026-02-22,FW,FC Heidenheim,VfB Stuttgart,,Ermedin Demirovic,a,NoGoal,Bundesliga,VfB Stuttgart,5685,0.0,5588.0,0.0,97.0,7.0
30438,2025,6496,0,0.5915578007698059,90,2026-03-01,FW,VfB Stuttgart,Wolfsburg,,Ermedin Demirovic,h,NoGoal,Bundesliga,VfB Stuttgart,5775,0.0,5588.0,0.0,187.0,97.0
30444,2025,6496,1,0.0809995904564857,90,2026-03-07,FW,Mainz 05,VfB Stuttgart,75.0,Ermedin Demirovic,a,OpenPlay,Bundesliga,VfB Stuttgart,5865,0.0,5850.0,262.0,15.0,187.0
30456,2025,6496,0,0.1433115154504776,70,2026-03-15,FW,VfB Stuttgart,RasenBallsport Leipzig,,Ermedin Demirovic,h,NoGoal,Bundesliga,VfB Stuttgart,5935,0.0,5850.0,0.0,85.0,15.0
30458,2025,6496,1,0.5206795930862427,4,2026-03-22,Sub,Augsburg,VfB Stuttgart,82.0,Ermedin Demirovic,a,OpenPlay,Bundesliga,VfB Stuttgart,5939,86.0,5931.0,81.0,8.0,85.0
30473,2025,6496,0,0.0,1,2026-04-04,Sub,VfB Stuttgart,Borussia Dortmund,,Ermedin Demirovic,h,NoGoal,Bundesliga,VfB Stuttgart,5940,89.0,5931.0,0.0,9.0,8.0
30483,2025,6496,0,0.2181908637285232,71,2026-04-12,FW,VfB Stuttgart,Hamburger SV,,Ermedin Demirovic,h,NoGoal,Bundesliga,VfB Stuttgart,6011,0.0,5931.0,0.0,80.0,9.0
30486,2025,6496,0,0.0,11,2026-04-19,Sub,Bayern Munich,VfB Stuttgart,,Ermedin Demirovic,a,NoGoal,Bundesliga,VfB Stuttgart,6022,79.0,5931.0,0.0,91.0,80.0
30501,2025,6496,1,0.4419982731342315,31,2026-04-26,Sub,VfB Stuttgart,Werder Bremen,60.0,Ermedin Demirovic,h,OpenPlay,Bundesliga,VfB Stuttgart,6053,59.0,6023.0,92.0,30.0,91.0
30508,2025,6496,1,0.3038112223148346,32,2026-05-02,Sub,Hoffenheim,VfB Stuttgart,63.0,Ermedin Demirovic,a,OpenPlay,Bundesliga,VfB Stuttgart,6085,58.0,6058.0,35.0,27.0,30.0
30519,2025,6496,1,1.2327252626419067,90,2026-05-09,FW,VfB Stuttgart,Bayer Leverkusen,4.0,Ermedin Demirovic,h,OpenPlay,Bundesliga,VfB Stuttgart,6175,0.0,6089.0,31.0,86.0,27.0
30524,2025,6496,0,0.1003804728388786,90,2026-05-16,FW,Eintracht Frankfurt,VfB Stuttgart,,Ermedin Demirovic,a,NoGoal,Bundesliga,VfB Stuttgart,6265,0.0,6089.0,0.0,176.0,86.0
22691,2023,6531,0,0.0,90,2023-08-13,FW,Villarreal,Real Betis,,Alexander Sørloth,h,NoGoal,La_Liga,Villarreal,90,0.0,,,,
22695,2023,6531,0,0.3188914060592651,90,2023-08-18,FW,Mallorca,Villarreal,,Alexander Sørloth,a,NoGoal,La_Liga,Villarreal,180,0.0,,,,
22710,2023,6531,1,0.9864588975906372,90,2023-08-27,FW,Villarreal,Barcelona,39.0,Alexander Sørloth,h,OpenPlay,La_Liga,Villarreal,270,0.0,219.0,,51.0,
22718,2023,6531,1,0.326372355222702,26,2023-09-01,FW,Cadiz,Villarreal,9.0,Alexander Sørloth,a,OpenPlay,La_Liga,Villarreal,296,0.0,279.0,60.0,17.0,51.0
22730,2023,6531,1,0.7341128587722778,90,2023-09-17,FW,Villarreal,Almeria,93.0,Alexander Sørloth,h,OpenPlay,La_Liga,Villarreal,386,0.0,389.0,110.0,0.0,17.0
22741,2023,6531,1,0.242551788687706,90,2023-09-24,FW,Rayo Vallecano,Villarreal,14.0,Alexander Sørloth,a,OpenPlay,La_Liga,Villarreal,476,0.0,400.0,11.0,76.0,0.0
22751,2023,6531,0,0.0827583968639373,90,2023-09-27,FW,Villarreal,Girona,,Alexander Sørloth,h,NoGoal,La_Liga,Villarreal,566,0.0,400.0,0.0,166.0,76.0
22759,2023,6531,0,0.0441182777285575,64,2023-09-30,FW,Getafe,Villarreal,,Alexander Sørloth,a,NoGoal,La_Liga,Villarreal,630,0.0,400.0,0.0,230.0,166.0
22774,2023,6531,0,0.3592179417610168,90,2023-10-08,FW,Villarreal,Las Palmas,,Alexander Sørloth,h,NoGoal,La_Liga,Villarreal,720,0.0,400.0,0.0,320.0,230.0
22784,2023,6531,0,0.4509828686714172,90,2023-10-22,FW,Villarreal,Alaves,,Alexander Sørloth,h,NoGoal,La_Liga,Villarreal,810,0.0,400.0,0.0,410.0,320.0
22791,2023,6531,1,0.0640808567404747,52,2023-10-30,FW,Granada,Villarreal,27.0,Alexander Sørloth,a,OpenPlay,La_Liga,Villarreal,862,0.0,837.0,437.0,25.0,410.0
22798,2023,6531,1,1.1150827407836914,90,2023-11-05,FW,Villarreal,Athletic Club,86.0,Alexander Sørloth,h,OpenPlay,La_Liga,Villarreal,952,0.0,948.0,111.0,4.0,25.0
22807,2023,6531,0,0.3562008440494537,35,2023-11-12,FW,Atletico Madrid,Villarreal,,Alexander Sørloth,a,NoGoal,La_Liga,Villarreal,987,0.0,948.0,0.0,39.0,4.0
22844,2023,6531,0,0.1063436716794967,12,2023-12-09,Sub,Villarreal,Real Sociedad,,Alexander Sørloth,h,NoGoal,La_Liga,Villarreal,999,78.0,948.0,0.0,51.0,39.0
22849,2023,6531,0,0.0,38,2023-12-17,Sub,Real Madrid,Villarreal,,Alexander Sørloth,a,NoGoal,La_Liga,Villarreal,1037,52.0,948.0,0.0,89.0,51.0
22864,2023,6531,0,0.5178985595703125,90,2023-12-20,FW,Villarreal,Celta Vigo,,Alexander Sørloth,h,NoGoal,La_Liga,Villarreal,1127,0.0,948.0,0.0,179.0,89.0
22882,2023,6531,0,0.6128761172294617,33,2024-01-13,Sub,Las Palmas,Villarreal,,Alexander Sørloth,a,NoGoal,La_Liga,Villarreal,1160,57.0,948.0,0.0,212.0,179.0
22893,2023,6531,1,0.9990368485450744,90,2024-01-20,FW,Villarreal,Mallorca,45.0,Alexander Sørloth,h,SetPiece,La_Liga,Villarreal,1250,0.0,1205.0,257.0,45.0,212.0
22896,2023,6531,1,1.2246912717819214,90,2024-01-27,FW,Barcelona,Villarreal,98.0,Alexander Sørloth,a,OpenPlay,La_Liga,Villarreal,1340,0.0,1348.0,143.0,0.0,45.0
22913,2023,6531,0,0.027338495478034,48,2024-02-04,FW,Villarreal,Cadiz,,Alexander Sørloth,h,NoGoal,La_Liga,Villarreal,1388,0.0,1348.0,0.0,40.0,0.0
22919,2023,6531,0,0.2266415208578109,90,2024-02-10,FW,Alaves,Villarreal,,Alexander Sørloth,a,NoGoal,La_Liga,Villarreal,1478,0.0,1348.0,0.0,130.0,40.0
22940,2023,6531,1,0.4900207817554474,7,2024-02-23,Sub,Real Sociedad,Villarreal,94.0,Alexander Sørloth,a,OpenPlay,La_Liga,Villarreal,1485,87.0,1485.0,137.0,0.0,130.0
22953,2023,6531,3,1.5659834146499634,90,2024-03-03,FW,Villarreal,Granada,6.0,Alexander Sørloth,h,OpenPlay,La_Liga,Villarreal,1575,0.0,1491.0,6.0,84.0,0.0
22953,2023,6531,3,1.5659834146499634,90,2024-03-03,FW,Villarreal,Granada,18.0,Alexander Sørloth,h,OpenPlay,La_Liga,Villarreal,1575,0.0,1503.0,12.0,72.0,0.0
22953,2023,6531,3,1.5659834146499634,90,2024-03-03,FW,Villarreal,Granada,65.0,Alexander Sørloth,h,FromCorner,La_Liga,Villarreal,1575,0.0,1550.0,47.0,25.0,0.0
22957,2023,6531,1,0.2834883630275726,90,2024-03-10,FW,Real Betis,Villarreal,66.0,Alexander Sørloth,a,OpenPlay,La_Liga,Villarreal,1665,0.0,1641.0,91.0,24.0,25.0
22972,2023,6531,0,0.2156097292900085,90,2024-03-17,FW,Villarreal,Valencia,,Alexander Sørloth,h,NoGoal,La_Liga,Villarreal,1755,0.0,1641.0,0.0,114.0,24.0
22982,2023,6531,1,0.1273520588874817,90,2024-04-01,FW,Villarreal,Atletico Madrid,49.0,Alexander Sørloth,h,OpenPlay,La_Liga,Villarreal,1845,0.0,1804.0,163.0,41.0,114.0
22985,2023,6531,0,0.0,90,2024-04-14,FW,Athletic Club,Villarreal,,Alexander Sørloth,a,NoGoal,La_Liga,Villarreal,1935,0.0,1804.0,0.0,131.0,41.0
22995,2023,6531,1,0.8112969398498535,90,2024-04-21,FW,Almeria,Villarreal,91.0,Alexander Sørloth,a,OpenPlay,La_Liga,Villarreal,2025,0.0,2026.0,222.0,0.0,131.0
23013,2023,6531,2,0.7374266386032104,86,2024-04-28,FW,Villarreal,Rayo Vallecano,17.0,Alexander Sørloth,h,OpenPlay,La_Liga,Villarreal,2111,0.0,2042.0,16.0,69.0,0.0
23013,2023,6531,2,0.7374266386032104,86,2024-04-28,FW,Villarreal,Rayo Vallecano,73.0,Alexander Sørloth,h,OpenPlay,La_Liga,Villarreal,2111,0.0,2098.0,56.0,13.0,0.0
23015,2023,6531,0,0.1927344501018524,90,2024-05-05,FW,Celta Vigo,Villarreal,,Alexander Sørloth,a,NoGoal,La_Liga,Villarreal,2201,0.0,2098.0,0.0,103.0,13.0
23033,2023,6531,2,0.5271532535552979,90,2024-05-11,FW,Villarreal,Sevilla,29.0,Alexander Sørloth,h,OpenPlay,La_Liga,Villarreal,2291,0.0,2230.0,132.0,61.0,103.0
23033,2023,6531,2,0.5271532535552979,90,2024-05-11,FW,Villarreal,Sevilla,96.0,Alexander Sørloth,h,OpenPlay,La_Liga,Villarreal,2291,0.0,2297.0,67.0,0.0,103.0
23036,2023,6531,0,0.0,90,2024-05-14,FW,Girona,Villarreal,,Alexander Sørloth,a,NoGoal,La_Liga,Villarreal,2381,0.0,2297.0,0.0,84.0,0.0
23054,2023,6531,4,1.62454092502594,90,2024-05-19,FW,Villarreal,Real Madrid,38.0,Alexander Sørloth,h,OpenPlay,La_Liga,Villarreal,2471,0.0,2419.0,122.0,52.0,84.0
23054,2023,6531,4,1.62454092502594,90,2024-05-19,FW,Villarreal,Real Madrid,47.0,Alexander Sørloth,h,OpenPlay,La_Liga,Villarreal,2471,0.0,2428.0,9.0,43.0,84.0
23054,2023,6531,4,1.62454092502594,90,2024-05-19,FW,Villarreal,Real Madrid,51.0,Alexander Sørloth,h,OpenPlay,La_Liga,Villarreal,2471,0.0,2432.0,4.0,39.0,84.0
23054,2023,6531,4,1.62454092502594,90,2024-05-19,FW,Villarreal,Real Madrid,55.0,Alexander Sørloth,h,OpenPlay,La_Liga,Villarreal,2471,0.0,2436.0,4.0,35.0,84.0
23059,2023,6531,0,0.0579036809504032,16,2024-05-25,FW,Osasuna,Villarreal,,Alexander Sørloth,a,NoGoal,La_Liga,Villarreal,2487,0.0,2436.0,0.0,51.0,35.0
26991,2024,6531,1,0.2699887156486511,51,2024-08-19,FW,Villarreal,Atletico Madrid,49.0,Alexander Sørloth,a,OpenPlay,La_Liga,Atletico Madrid,2538,0.0,2536.0,100.0,2.0,51.0
27001,2024,6531,0,0.1444840729236602,6,2024-08-25,Sub,Atletico Madrid,Girona,,Alexander Sørloth,h,NoGoal,La_Liga,Atletico Madrid,2544,84.0,2536.0,0.0,8.0,2.0
27009,2024,6531,0,0.9790725708007812,76,2024-08-28,FW,Atletico Madrid,Espanyol,,Alexander Sørloth,h,NoGoal,La_Liga,Atletico Madrid,2620,0.0,2536.0,0.0,84.0,8.0
27013,2024,6531,0,0.5237934589385986,20,2024-08-31,Sub,Athletic Club,Atletico Madrid,,Alexander Sørloth,a,NoGoal,La_Liga,Atletico Madrid,2640,70.0,2536.0,0.0,104.0,84.0
27023,2024,6531,0,0.8856595158576965,62,2024-09-15,FW,Atletico Madrid,Valencia,,Alexander Sørloth,h,NoGoal,La_Liga,Atletico Madrid,2702,0.0,2536.0,0.0,166.0,104.0
27036,2024,6531,0,0.085473708808422,88,2024-09-22,FW,Rayo Vallecano,Atletico Madrid,,Alexander Sørloth,a,NoGoal,La_Liga,Atletico Madrid,2790,0.0,2536.0,0.0,254.0,166.0
27048,2024,6531,0,0.0525310523808002,66,2024-09-26,FW,Celta Vigo,Atletico Madrid,,Alexander Sørloth,a,NoGoal,La_Liga,Atletico Madrid,2856,0.0,2536.0,0.0,320.0,254.0
27053,2024,6531,0,0.1426462680101394,56,2024-09-29,FW,Atletico Madrid,Real Madrid,,Alexander Sørloth,h,NoGoal,La_Liga,Atletico Madrid,2912,0.0,2536.0,0.0,376.0,320.0
27067,2024,6531,0,0.0,15,2024-10-06,Sub,Real Sociedad,Atletico Madrid,,Alexander Sørloth,a,NoGoal,La_Liga,Atletico Madrid,2927,75.0,2536.0,0.0,391.0,376.0
27073,2024,6531,2,2.7850966453552246,90,2024-10-20,FW,Atletico Madrid,Leganes,68.0,Alexander Sørloth,h,OpenPlay,La_Liga,Atletico Madrid,3017,0.0,2995.0,459.0,22.0,391.0
27073,2024,6531,2,2.7850966453552246,90,2024-10-20,FW,Atletico Madrid,Leganes,98.0,Alexander Sørloth,h,OpenPlay,La_Liga,Atletico Madrid,3017,0.0,3025.0,30.0,0.0,391.0
27084,2024,6531,0,0.0844705328345298,43,2024-10-27,Sub,Real Betis,Atletico Madrid,,Alexander Sørloth,a,NoGoal,La_Liga,Atletico Madrid,3060,47.0,3025.0,0.0,35.0,0.0
27093,2024,6531,1,0.3555889725685119,22,2024-11-03,Sub,Atletico Madrid,Las Palmas,82.0,Alexander Sørloth,h,OpenPlay,La_Liga,Atletico Madrid,3082,68.0,3074.0,49.0,8.0,35.0
27107,2024,6531,0,0.0,27,2024-11-10,Sub,Mallorca,Atletico Madrid,,Alexander Sørloth,a,NoGoal,La_Liga,Atletico Madrid,3109,63.0,3074.0,0.0,35.0,8.0
27120,2024,6531,1,0.3690825700759887,42,2024-11-23,Sub,Atletico Madrid,Alaves,85.0,Alexander Sørloth,h,OpenPlay,La_Liga,Atletico Madrid,3151,48.0,3146.0,72.0,5.0,35.0
27126,2024,6531,1,0.6788197159767151,20,2024-11-30,Sub,Real Valladolid,Atletico Madrid,91.0,Alexander Sørloth,a,OpenPlay,La_Liga,Atletico Madrid,3171,71.0,3171.0,25.0,0.0,5.0
27135,2024,6531,0,0.8970812559127808,23,2024-12-08,Sub,Atletico Madrid,Sevilla,,Alexander Sørloth,h,NoGoal,La_Liga,Atletico Madrid,3194,67.0,3171.0,0.0,23.0,0.0
27142,2024,6531,1,0.0519048944115638,41,2024-12-15,Sub,Atletico Madrid,Getafe,68.0,Alexander Sørloth,h,OpenPlay,La_Liga,Atletico Madrid,3235,49.0,3213.0,42.0,22.0,23.0
27160,2024,6531,1,0.3771040141582489,16,2024-12-21,Sub,Barcelona,Atletico Madrid,95.0,Alexander Sørloth,a,OpenPlay,La_Liga,Atletico Madrid,3251,79.0,3251.0,38.0,0.0,22.0
27192,2024,6531,0,0.3480539321899414,90,2025-02-01,FW,Atletico Madrid,Mallorca,,Alexander Sørloth,h,NoGoal,La_Liga,Atletico Madrid,3341,0.0,3251.0,0.0,90.0,0.0
27205,2024,6531,0,0.0,4,2025-02-08,Sub,Real Madrid,Atletico Madrid,,Alexander Sørloth,a,NoGoal,La_Liga,Atletico Madrid,3345,86.0,3251.0,0.0,94.0,90.0
27212,2024,6531,1,0.317903995513916,8,2025-02-15,Sub,Atletico Madrid,Celta Vigo,80.0,Alexander Sørloth,h,OpenPlay,La_Liga,Atletico Madrid,3353,82.0,3343.0,92.0,10.0,94.0
27225,2024,6531,0,0.0,13,2025-02-22,Sub,Valencia,Atletico Madrid,,Alexander Sørloth,a,NoGoal,La_Liga,Atletico Madrid,3366,77.0,3343.0,0.0,23.0,10.0
27236,2024,6531,0,0.8039813041687012,59,2025-03-01,FW,Atletico Madrid,Athletic Club,,Alexander Sørloth,h,NoGoal,La_Liga,Atletico Madrid,3425,0.0,3343.0,0.0,82.0,23.0
27250,2024,6531,1,0.7432776093482971,31,2025-03-09,Sub,Getafe,Atletico Madrid,74.0,Alexander Sørloth,a,Penalty,La_Liga,Atletico Madrid,3456,59.0,3440.0,97.0,16.0,82.0
27252,2024,6531,1,0.530035138130188,28,2025-03-16,Sub,Atletico Madrid,Barcelona,69.0,Alexander Sørloth,h,OpenPlay,La_Liga,Atletico Madrid,3484,62.0,3463.0,23.0,21.0,16.0
27262,2024,6531,0,0.466736763715744,67,2025-03-29,FW,Espanyol,Atletico Madrid,,Alexander Sørloth,a,NoGoal,La_Liga,Atletico Madrid,3551,0.0,3463.0,0.0,88.0,21.0
27277,2024,6531,0,0.0327355377376079,29,2025-04-06,Sub,Sevilla,Atletico Madrid,,Alexander Sørloth,a,NoGoal,La_Liga,Atletico Madrid,3580,61.0,3463.0,0.0,117.0,88.0
27284,2024,6531,1,0.8336069583892822,27,2025-04-14,Sub,Atletico Madrid,Real Valladolid,78.0,Alexander Sørloth,h,OpenPlay,La_Liga,Atletico Madrid,3607,63.0,3595.0,132.0,12.0,117.0
27295,2024,6531,0,0.1124621108174324,75,2025-04-19,FW,Las Palmas,Atletico Madrid,,Alexander Sørloth,a,NoGoal,La_Liga,Atletico Madrid,3682,0.0,3595.0,0.0,87.0,12.0
27304,2024,6531,1,2.0203781127929688,63,2025-04-24,FW,Atletico Madrid,Rayo Vallecano,2.0,Alexander Sørloth,h,OpenPlay,La_Liga,Atletico Madrid,3745,0.0,3684.0,89.0,61.0,87.0
27314,2024,6531,0,0.0628215074539184,26,2025-05-03,Sub,Alaves,Atletico Madrid,,Alexander Sørloth,a,NoGoal,La_Liga,Atletico Madrid,3771,64.0,3684.0,0.0,87.0,61.0
27323,2024,6531,4,1.0497843027114868,76,2025-05-10,FW,Atletico Madrid,Real Sociedad,6.0,Alexander Sørloth,h,OpenPlay,La_Liga,Atletico Madrid,3847,0.0,3777.0,93.0,70.0,87.0
27323,2024,6531,4,1.0497843027114868,76,2025-05-10,FW,Atletico Madrid,Real Sociedad,9.0,Alexander Sørloth,h,OpenPlay,La_Liga,Atletico Madrid,3847,0.0,3780.0,3.0,67.0,87.0
27323,2024,6531,4,1.0497843027114868,76,2025-05-10,FW,Atletico Madrid,Real Sociedad,10.0,Alexander Sørloth,h,OpenPlay,La_Liga,Atletico Madrid,3847,0.0,3781.0,1.0,66.0,87.0
27323,2024,6531,4,1.0497843027114868,76,2025-05-10,FW,Atletico Madrid,Real Sociedad,29.0,Alexander Sørloth,h,OpenPlay,La_Liga,Atletico Madrid,3847,0.0,3800.0,19.0,47.0,87.0
27335,2024,6531,0,0.8340518474578857,68,2025-05-15,FW,Osasuna,Atletico Madrid,,Alexander Sørloth,a,NoGoal,La_Liga,Atletico Madrid,3915,0.0,3800.0,0.0,115.0,47.0
27342,2024,6531,0,1.86789345741272,74,2025-05-18,FW,Atletico Madrid,Real Betis,,Alexander Sørloth,h,NoGoal,La_Liga,Atletico Madrid,3989,0.0,3800.0,0.0,189.0,115.0
27358,2024,6531,3,1.7483123540878296,23,2025-05-25,Sub,Girona,Atletico Madrid,67.0,Alexander Sørloth,a,OpenPlay,La_Liga,Atletico Madrid,4012,67.0,3989.0,189.0,23.0,189.0
27358,2024,6531,3,1.7483123540878296,23,2025-05-25,Sub,Girona,Atletico Madrid,89.0,Alexander Sørloth,a,OpenPlay,La_Liga,Atletico Madrid,4012,67.0,4011.0,22.0,1.0,189.0
27358,2024,6531,3,1.7483123540878296,23,2025-05-25,Sub,Girona,Atletico Madrid,92.0,Alexander Sørloth,a,OpenPlay,La_Liga,Atletico Madrid,4012,69.0,4012.0,1.0,0.0,189.0
29165,2025,6531,0,0.0,4,2025-08-17,Sub,Espanyol,Atletico Madrid,,Alexander Sørloth,a,NoGoal,La_Liga,Atletico Madrid,4016,86.0,4012.0,0.0,4.0,0.0
29170,2025,6531,1,0.7447938323020935,74,2025-08-23,FW,Atletico Madrid,Elche,7.0,Alexander Sørloth,h,OpenPlay,La_Liga,Atletico Madrid,4090,0.0,4023.0,11.0,67.0,4.0
29181,2025,6531,0,0.0594093464314937,90,2025-08-30,FW,Alaves,Atletico Madrid,,Alexander Sørloth,a,NoGoal,La_Liga,Atletico Madrid,4180,0.0,4023.0,0.0,157.0,67.0
29193,2025,6531,0,0.0,43,2025-09-13,Sub,Atletico Madrid,Villarreal,,Alexander Sørloth,h,NoGoal,La_Liga,Atletico Madrid,4223,47.0,4023.0,0.0,200.0,157.0
29204,2025,6531,0,0.032666902989149,10,2025-09-21,Sub,Mallorca,Atletico Madrid,,Alexander Sørloth,a,NoGoal,La_Liga,Atletico Madrid,4233,80.0,4023.0,0.0,210.0,200.0
29219,2025,6531,1,0.85972660779953,74,2025-09-27,FW,Atletico Madrid,Real Madrid,47.0,Alexander Sørloth,h,OpenPlay,La_Liga,Atletico Madrid,4307,0.0,4280.0,257.0,27.0,210.0
29232,2025,6531,0,0.0,6,2025-10-05,Sub,Celta Vigo,Atletico Madrid,,Alexander Sørloth,a,NoGoal,La_Liga,Atletico Madrid,4313,84.0,4280.0,0.0,33.0,27.0
29239,2025,6531,0,0.3561741411685943,30,2025-10-18,Sub,Atletico Madrid,Osasuna,,Alexander Sørloth,h,NoGoal,La_Liga,Atletico Madrid,4343,60.0,4280.0,0.0,63.0,33.0
29253,2025,6531,0,0.0,27,2025-10-27,Sub,Real Betis,Atletico Madrid,,Alexander Sørloth,a,NoGoal,La_Liga,Atletico Madrid,4370,63.0,4280.0,0.0,90.0,63.0
29259,2025,6531,0,0.1350116282701492,70,2025-11-01,FW,Atletico Madrid,Sevilla,,Alexander Sørloth,h,NoGoal,La_Liga,Atletico Madrid,4440,0.0,4280.0,0.0,160.0,90.0
29269,2025,6531,0,0.1325959265232086,63,2025-11-08,FW,Atletico Madrid,Levante,,Alexander Sørloth,h,NoGoal,La_Liga,Atletico Madrid,4503,0.0,4280.0,0.0,223.0,160.0
29285,2025,6531,0,0.0,30,2025-11-23,Sub,Getafe,Atletico Madrid,,Alexander Sørloth,a,NoGoal,La_Liga,Atletico Madrid,4533,60.0,4280.0,0.0,253.0,223.0
29288,2025,6531,2,1.7974298000335691,65,2025-11-29,FW,Atletico Madrid,Real Oviedo,15.0,Alexander Sørloth,h,OpenPlay,La_Liga,Atletico Madrid,4598,0.0,4548.0,268.0,50.0,253.0
29288,2025,6531,2,1.7974298000335691,65,2025-11-29,FW,Atletico Madrid,Real Oviedo,25.0,Alexander Sørloth,h,OpenPlay,La_Liga,Atletico Madrid,4598,0.0,4558.0,10.0,40.0,253.0
29342,2025,6531,0,0.0,22,2025-12-02,Sub,Barcelona,Atletico Madrid,,Alexander Sørloth,a,NoGoal,La_Liga,Atletico Madrid,4620,68.0,4558.0,0.0,62.0,40.0
29299,2025,6531,0,0.3436844944953918,26,2025-12-06,Sub,Athletic Club,Atletico Madrid,,Alexander Sørloth,a,NoGoal,La_Liga,Atletico Madrid,4646,64.0,4558.0,0.0,88.0,62.0
29309,2025,6531,0,0.436147391796112,90,2025-12-13,FW,Atletico Madrid,Valencia,,Alexander Sørloth,h,NoGoal,La_Liga,Atletico Madrid,4736,0.0,4558.0,0.0,178.0,88.0
29324,2025,6531,0,0.2007829695940017,86,2025-12-21,FW,Girona,Atletico Madrid,,Alexander Sørloth,a,NoGoal,La_Liga,Atletico Madrid,4822,0.0,4558.0,0.0,264.0,178.0
29332,2025,6531,1,0.592988908290863,90,2026-01-04,FW,Real Sociedad,Atletico Madrid,49.0,Alexander Sørloth,a,OpenPlay,La_Liga,Atletico Madrid,4912,0.0,4871.0,313.0,41.0,264.0
29348,2025,6531,1,0.2926174700260162,88,2026-01-18,FW,Atletico Madrid,Alaves,47.0,Alexander Sørloth,h,OpenPlay,La_Liga,Atletico Madrid,5000,0.0,4959.0,88.0,41.0,41.0
29360,2025,6531,1,0.8092490434646606,73,2026-01-25,FW,Atletico Madrid,Mallorca,21.0,Alexander Sørloth,h,OpenPlay,La_Liga,Atletico Madrid,5073,0.0,5021.0,62.0,52.0,41.0
29372,2025,6531,0,0.1288530081510543,26,2026-01-31,FW,Levante,Atletico Madrid,,Alexander Sørloth,a,NoGoal,La_Liga,Atletico Madrid,5099,0.0,5021.0,0.0,78.0,52.0
29380,2025,6531,0,0.2086286842823028,43,2026-02-08,Sub,Atletico Madrid,Real Betis,,Alexander Sørloth,h,NoGoal,La_Liga,Atletico Madrid,5142,47.0,5021.0,0.0,121.0,78.0
29394,2025,6531,0,0.0,90,2026-02-15,FW,Rayo Vallecano,Atletico Madrid,,Alexander Sørloth,a,NoGoal,La_Liga,Atletico Madrid,5232,0.0,5021.0,0.0,211.0,121.0
29400,2025,6531,2,0.9358639717102052,90,2026-02-21,FW,Atletico Madrid,Espanyol,20.0,Alexander Sørloth,h,OpenPlay,La_Liga,Atletico Madrid,5322,0.0,5252.0,231.0,70.0,211.0
29400,2025,6531,2,0.9358639717102052,90,2026-02-21,FW,Atletico Madrid,Espanyol,71.0,Alexander Sørloth,h,OpenPlay,La_Liga,Atletico Madrid,5322,0.0,5303.0,51.0,19.0,211.0
29414,2025,6531,0,0.0,62,2026-02-28,FW,Real Oviedo,Atletico Madrid,,Alexander Sørloth,a,NoGoal,La_Liga,Atletico Madrid,5384,0.0,5303.0,0.0,81.0,19.0
29419,2025,6531,1,1.1634238958358765,90,2026-03-07,FW,Atletico Madrid,Real Sociedad,4.0,Alexander Sørloth,h,OpenPlay,La_Liga,Atletico Madrid,5474,0.0,5388.0,85.0,86.0,81.0
29429,2025,6531,0,0.4635167717933655,68,2026-03-14,FW,Atletico Madrid,Getafe,,Alexander Sørloth,h,NoGoal,La_Liga,Atletico Madrid,5542,0.0,5388.0,0.0,154.0,86.0
29446,2025,6531,0,0.0456960871815681,32,2026-03-22,Sub,Real Madrid,Atletico Madrid,,Alexander Sørloth,a,NoGoal,La_Liga,Atletico Madrid,5574,58.0,5388.0,0.0,186.0,154.0
29449,2025,6531,0,0.0,22,2026-04-04,Sub,Atletico Madrid,Barcelona,,Alexander Sørloth,h,NoGoal,La_Liga,Atletico Madrid,5596,68.0,5388.0,0.0,208.0,186.0
29463,2025,6531,0,0.056842602789402,90,2026-04-11,FW,Sevilla,Atletico Madrid,,Alexander Sørloth,a,NoGoal,La_Liga,Atletico Madrid,5686,0.0,5388.0,0.0,298.0,208.0
29468,2025,6531,2,1.9205671548843384,90,2026-04-25,FW,Atletico Madrid,Athletic Club,53.0,Alexander Sørloth,h,OpenPlay,La_Liga,Atletico Madrid,5776,0.0,5739.0,351.0,37.0,298.0
29468,2025,6531,2,1.9205671548843384,90,2026-04-25,FW,Atletico Madrid,Athletic Club,92.0,Alexander Sørloth,h,OpenPlay,La_Liga,Atletico Madrid,5776,0.0,5778.0,39.0,0.0,298.0
29499,2025,6531,0,1.083194375038147,90,2026-05-09,FW,Atletico Madrid,Celta Vigo,,Alexander Sørloth,h,NoGoal,La_Liga,Atletico Madrid,5866,0.0,5778.0,0.0,88.0,0.0
29514,2025,6531,1,0.6871813535690308,34,2026-05-12,Sub,Osasuna,Atletico Madrid,70.0,Alexander Sørloth,a,OpenPlay,La_Liga,Atletico Madrid,5900,56.0,5880.0,102.0,20.0,88.0
29520,2025,6531,0,0.1471983641386032,28,2026-05-17,Sub,Atletico Madrid,Girona,,Alexander Sørloth,h,NoGoal,La_Liga,Atletico Madrid,5928,62.0,5880.0,0.0,48.0,20.0
22282,2023,6552,1,1.2986794710159302,90,2023-08-13,FW,Brentford,Tottenham,26.0,Bryan Mbeumo,h,Penalty,EPL,Brentford,90,0.0,26.0,,64.0,
22287,2023,6552,2,1.6695406436920166,90,2023-08-19,FWR,Fulham,Brentford,65.0,Bryan Mbeumo,a,Penalty,EPL,Brentford,180,0.0,155.0,129.0,25.0,64.0
22287,2023,6552,2,1.6695406436920166,90,2023-08-19,FWR,Fulham,Brentford,91.0,Bryan Mbeumo,a,OpenPlay,EPL,Brentford,180,0.0,181.0,26.0,0.0,64.0
22298,2023,6552,0,0.08360356092453,90,2023-08-26,FWR,Brentford,Crystal Palace,,Bryan Mbeumo,h,NoGoal,EPL,Brentford,270,0.0,181.0,0.0,89.0,0.0
21928,2023,6552,1,0.7468672394752502,90,2023-09-02,FWR,Brentford,Bournemouth,92.0,Bryan Mbeumo,h,OpenPlay,EPL,Brentford,360,0.0,362.0,181.0,0.0,89.0
21943,2023,6552,0,0.0952572226524353,90,2023-09-16,FW,Newcastle United,Brentford,,Bryan Mbeumo,a,NoGoal,EPL,Brentford,450,0.0,362.0,0.0,88.0,0.0
21949,2023,6552,0,0.1366855800151825,90,2023-09-23,FWR,Brentford,Everton,,Bryan Mbeumo,h,NoGoal,EPL,Brentford,540,0.0,362.0,0.0,178.0,88.0
21963,2023,6552,0,0.2317412197589874,90,2023-10-01,FWR,Nottingham Forest,Brentford,,Bryan Mbeumo,a,NoGoal,EPL,Brentford,630,0.0,362.0,0.0,268.0,178.0
21972,2023,6552,0,0.1002819612622261,90,2023-10-07,FW,Manchester United,Brentford,,Bryan Mbeumo,a,NoGoal,EPL,Brentford,720,0.0,362.0,0.0,358.0,268.0
21977,2023,6552,1,0.3100529909133911,90,2023-10-21,FWR,Brentford,Burnley,61.0,Bryan Mbeumo,h,OpenPlay,EPL,Brentford,810,0.0,781.0,419.0,29.0,358.0
21989,2023,6552,1,0.9319261908531188,90,2023-10-28,FW,Chelsea,Brentford,95.0,Bryan Mbeumo,a,OpenPlay,EPL,Brentford,900,0.0,905.0,124.0,0.0,29.0
21995,2023,6552,0,0.1746221482753753,90,2023-11-04,FWR,Brentford,West Ham,,Bryan Mbeumo,h,NoGoal,EPL,Brentford,990,0.0,905.0,0.0,85.0,0.0
22011,2023,6552,0,0.3218676149845123,90,2023-11-12,FW,Liverpool,Brentford,,Bryan Mbeumo,a,NoGoal,EPL,Brentford,1080,0.0,905.0,0.0,175.0,85.0
22015,2023,6552,0,0.4870436489582062,90,2023-11-25,FW,Brentford,Arsenal,,Bryan Mbeumo,h,NoGoal,EPL,Brentford,1170,0.0,905.0,0.0,265.0,175.0
22027,2023,6552,0,0.2252767980098724,80,2023-12-02,FWR,Brentford,Luton,,Bryan Mbeumo,h,NoGoal,EPL,Brentford,1250,0.0,905.0,0.0,345.0,265.0
22036,2023,6552,1,0.7611688375473022,39,2023-12-06,FW,Brighton,Brentford,26.0,Bryan Mbeumo,a,Penalty,EPL,Brentford,1289,0.0,1276.0,371.0,13.0,345.0
22177,2023,6552,0,0.0,5,2024-03-16,Sub,Burnley,Brentford,,Bryan Mbeumo,a,NoGoal,EPL,Brentford,1294,85.0,1276.0,0.0,18.0,13.0
22187,2023,6552,0,0.0781921222805976,18,2024-03-30,Sub,Brentford,Manchester United,,Bryan Mbeumo,h,NoGoal,EPL,Brentford,1312,72.0,1276.0,0.0,36.0,18.0
22200,2023,6552,0,0.0532324649393558,14,2024-04-03,Sub,Brentford,Brighton,,Bryan Mbeumo,h,NoGoal,EPL,Brentford,1326,76.0,1276.0,0.0,50.0,36.0
22205,2023,6552,1,0.1753579974174499,88,2024-04-06,FW,Aston Villa,Brentford,60.0,Bryan Mbeumo,a,OpenPlay,EPL,Brentford,1414,0.0,1386.0,110.0,28.0,50.0
22217,2023,6552,0,0.0,90,2024-04-13,FWR,Brentford,Sheffield United,,Bryan Mbeumo,h,NoGoal,EPL,Brentford,1504,0.0,1386.0,0.0,118.0,28.0
22230,2023,6552,0,0.2175497561693191,90,2024-04-20,FWR,Luton,Brentford,,Bryan Mbeumo,a,NoGoal,EPL,Brentford,1594,0.0,1386.0,0.0,208.0,118.0
22237,2023,6552,0,0.0618209913372993,90,2024-04-27,FWR,Everton,Brentford,,Bryan Mbeumo,a,NoGoal,EPL,Brentford,1684,0.0,1386.0,0.0,298.0,208.0
22246,2023,6552,0,0.1025624722242355,90,2024-05-04,FWR,Brentford,Fulham,,Bryan Mbeumo,h,NoGoal,EPL,Brentford,1774,0.0,1386.0,0.0,388.0,298.0
22255,2023,6552,1,0.895039975643158,90,2024-05-11,FWR,Bournemouth,Brentford,85.0,Bryan Mbeumo,a,OpenPlay,EPL,Brentford,1864,0.0,1859.0,473.0,5.0,388.0
22266,2023,6552,0,0.0,90,2024-05-19,FWR,Brentford,Newcastle United,,Bryan Mbeumo,h,NoGoal,EPL,Brentford,1954,0.0,1859.0,0.0,95.0,5.0
26609,2024,6552,1,0.0740582570433616,90,2024-08-18,FWR,Brentford,Crystal Palace,28.0,Bryan Mbeumo,h,OpenPlay,EPL,Brentford,2044,0.0,1982.0,123.0,62.0,95.0
26621,2024,6552,0,0.0345180444419384,90,2024-08-25,FW,Liverpool,Brentford,,Bryan Mbeumo,a,NoGoal,EPL,Brentford,2134,0.0,1982.0,0.0,152.0,62.0
26623,2024,6552,2,0.8111304640769958,90,2024-08-31,FWR,Brentford,Southampton,42.0,Bryan Mbeumo,h,OpenPlay,EPL,Brentford,2224,0.0,2176.0,194.0,48.0,152.0
26623,2024,6552,2,0.8111304640769958,90,2024-08-31,FWR,Brentford,Southampton,64.0,Bryan Mbeumo,h,OpenPlay,EPL,Brentford,2224,0.0,2198.0,22.0,26.0,152.0
26637,2024,6552,0,0.1212284117937088,90,2024-09-14,FW,Manchester City,Brentford,,Bryan Mbeumo,a,NoGoal,EPL,Brentford,2314,0.0,2198.0,0.0,116.0,26.0
26648,2024,6552,1,0.7715756297111511,90,2024-09-21,FW,Tottenham,Brentford,0.0,Bryan Mbeumo,a,OpenPlay,EPL,Brentford,2404,0.0,2314.0,116.0,90.0,116.0
26656,2024,6552,1,0.2290481925010681,90,2024-09-28,FW,Brentford,West Ham,0.0,Bryan Mbeumo,h,OpenPlay,EPL,Brentford,2494,0.0,2404.0,90.0,90.0,90.0
26667,2024,6552,1,0.8320542573928833,90,2024-10-05,AMR,Brentford,Wolverhampton Wanderers,19.0,Bryan Mbeumo,h,Penalty,EPL,Brentford,2584,0.0,2513.0,109.0,71.0,90.0
26675,2024,6552,0,0.0334881208837032,90,2024-10-19,AMC,Manchester United,Brentford,,Bryan Mbeumo,a,NoGoal,EPL,Brentford,2674,0.0,2513.0,0.0,161.0,71.0
26685,2024,6552,2,0.9057899713516236,90,2024-10-26,AMR,Brentford,Ipswich,50.0,Bryan Mbeumo,h,Penalty,EPL,Brentford,2764,0.0,2724.0,211.0,40.0,161.0
26685,2024,6552,2,0.9057899713516236,90,2024-10-26,AMR,Brentford,Ipswich,95.0,Bryan Mbeumo,h,OpenPlay,EPL,Brentford,2764,0.0,2769.0,45.0,0.0,161.0
26693,2024,6552,0,0.0,89,2024-11-04,AMR,Fulham,Brentford,,Bryan Mbeumo,a,NoGoal,EPL,Brentford,2853,0.0,2769.0,0.0,84.0,0.0
26702,2024,6552,0,0.0639220252633094,90,2024-11-09,FWR,Brentford,Bournemouth,,Bryan Mbeumo,h,NoGoal,EPL,Brentford,2943,0.0,2769.0,0.0,174.0,84.0
26715,2024,6552,0,0.0,90,2024-11-23,FWR,Everton,Brentford,,Bryan Mbeumo,a,NoGoal,EPL,Brentford,3033,0.0,2769.0,0.0,264.0,174.0
26722,2024,6552,0,0.0,90,2024-11-30,AMR,Brentford,Leicester,,Bryan Mbeumo,h,NoGoal,EPL,Brentford,3123,0.0,2769.0,0.0,354.0,264.0
26734,2024,6552,0,0.0,90,2024-12-04,FWR,Aston Villa,Brentford,,Bryan Mbeumo,a,NoGoal,EPL,Brentford,3213,0.0,2769.0,0.0,444.0,354.0
26743,2024,6552,1,0.3613778352737427,90,2024-12-07,DMR,Brentford,Newcastle United,7.0,Bryan Mbeumo,h,OpenPlay,EPL,Brentford,3303,0.0,3220.0,451.0,83.0,444.0
26757,2024,6552,1,0.5848148465156555,90,2024-12-15,FW,Chelsea,Brentford,89.0,Bryan Mbeumo,a,OpenPlay,EPL,Brentford,3393,0.0,3392.0,172.0,1.0,83.0
26766,2024,6552,0,0.0417911000549793,90,2024-12-21,FWR,Brentford,Nottingham Forest,,Bryan Mbeumo,h,NoGoal,EPL,Brentford,3483,0.0,3392.0,0.0,91.0,1.0
26774,2024,6552,0,0.0300854332745075,90,2024-12-27,AMR,Brighton,Brentford,,Bryan Mbeumo,a,NoGoal,EPL,Brentford,3573,0.0,3392.0,0.0,181.0,91.0
26783,2024,6552,1,0.133721724152565,90,2025-01-01,FW,Brentford,Arsenal,12.0,Bryan Mbeumo,h,OpenPlay,EPL,Brentford,3663,0.0,3585.0,193.0,78.0,181.0
26799,2024,6552,2,1.3532696962356567,90,2025-01-04,FWR,Southampton,Brentford,61.0,Bryan Mbeumo,a,OpenPlay,EPL,Brentford,3753,0.0,3724.0,139.0,29.0,78.0
26799,2024,6552,2,1.3532696962356567,90,2025-01-04,FWR,Southampton,Brentford,68.0,Bryan Mbeumo,a,Penalty,EPL,Brentford,3753,0.0,3731.0,7.0,22.0,78.0
26803,2024,6552,0,0.4491269290447235,90,2025-01-14,FWR,Brentford,Manchester City,,Bryan Mbeumo,h,NoGoal,EPL,Brentford,3843,0.0,3731.0,0.0,112.0,22.0
26813,2024,6552,0,0.2323043793439865,90,2025-01-18,AMR,Brentford,Liverpool,,Bryan Mbeumo,h,NoGoal,EPL,Brentford,3933,0.0,3731.0,0.0,202.0,112.0
26825,2024,6552,1,1.5242640972137451,90,2025-01-26,AMR,Crystal Palace,Brentford,65.0,Bryan Mbeumo,a,Penalty,EPL,Brentford,4023,0.0,3998.0,267.0,25.0,202.0
26834,2024,6552,0,0.2242602854967117,90,2025-02-02,AMR,Brentford,Tottenham,,Bryan Mbeumo,h,NoGoal,EPL,Brentford,4113,0.0,3998.0,0.0,115.0,25.0
26851,2024,6552,0,0.3754059374332428,90,2025-02-15,AMR,West Ham,Brentford,,Bryan Mbeumo,a,NoGoal,EPL,Brentford,4203,0.0,3998.0,0.0,205.0,115.0
26858,2024,6552,1,0.4213543832302093,90,2025-02-21,AMR,Leicester,Brentford,26.0,Bryan Mbeumo,a,OpenPlay,EPL,Brentford,4293,0.0,4229.0,231.0,64.0,205.0
26862,2024,6552,0,0.5184984803199768,90,2025-02-26,AMR,Brentford,Everton,,Bryan Mbeumo,h,NoGoal,EPL,Brentford,4383,0.0,4229.0,0.0,154.0,64.0
26872,2024,6552,0,0.0537911914288997,90,2025-03-08,AMR,Brentford,Aston Villa,,Bryan Mbeumo,h,NoGoal,EPL,Brentford,4473,0.0,4229.0,0.0,244.0,154.0
26882,2024,6552,0,0.1198154762387275,90,2025-03-15,AMR,Bournemouth,Brentford,,Bryan Mbeumo,a,NoGoal,EPL,Brentford,4563,0.0,4229.0,0.0,334.0,244.0
26899,2024,6552,1,0.8352001905441284,90,2025-04-02,AMR,Newcastle United,Brentford,65.0,Bryan Mbeumo,a,Penalty,EPL,Brentford,4653,0.0,4628.0,399.0,25.0,334.0
26903,2024,6552,0,0.1848821192979812,90,2025-04-06,AMR,Brentford,Chelsea,,Bryan Mbeumo,h,NoGoal,EPL,Brentford,4743,0.0,4628.0,0.0,115.0,25.0
26913,2024,6552,0,0.0,90,2025-04-12,MR,Arsenal,Brentford,,Bryan Mbeumo,a,NoGoal,EPL,Brentford,4833,0.0,4628.0,0.0,205.0,115.0
26923,2024,6552,2,0.4748981893062591,90,2025-04-19,AMR,Brentford,Brighton,8.0,Bryan Mbeumo,h,OpenPlay,EPL,Brentford,4923,0.0,4841.0,213.0,82.0,205.0
26923,2024,6552,2,0.4748981893062591,90,2025-04-19,AMR,Brentford,Brighton,47.0,Bryan Mbeumo,h,OpenPlay,EPL,Brentford,4923,0.0,4880.0,39.0,43.0,205.0
26939,2024,6552,0,0.1984408050775528,90,2025-05-01,AMR,Nottingham Forest,Brentford,,Bryan Mbeumo,a,NoGoal,EPL,Brentford,5013,0.0,4880.0,0.0,133.0,43.0
26947,2024,6552,0,0.1068372949957847,90,2025-05-04,AMR,Brentford,Manchester United,,Bryan Mbeumo,h,NoGoal,EPL,Brentford,5103,0.0,4880.0,0.0,223.0,133.0
26954,2024,6552,0,0.1815620809793472,90,2025-05-10,AMR,Ipswich,Brentford,,Bryan Mbeumo,a,NoGoal,EPL,Brentford,5193,0.0,4880.0,0.0,313.0,223.0
26964,2024,6552,1,0.9076035022735596,90,2025-05-18,AMR,Brentford,Fulham,21.0,Bryan Mbeumo,h,OpenPlay,EPL,Brentford,5283,0.0,5214.0,334.0,69.0,313.0
26978,2024,6552,1,0.4420421123504638,90,2025-05-25,AMR,Wolverhampton Wanderers,Brentford,19.0,Bryan Mbeumo,a,OpenPlay,EPL,Brentford,5373,0.0,5302.0,88.0,71.0,69.0
28786,2025,6552,0,0.3869485855102539,90,2025-08-17,AMC,Manchester United,Arsenal,,Bryan Mbeumo,h,NoGoal,EPL,Manchester United,5463,0.0,5302.0,0.0,161.0,71.0
28796,2025,6552,0,0.0,90,2025-08-24,AMC,Fulham,Manchester United,,Bryan Mbeumo,a,NoGoal,EPL,Manchester United,5553,0.0,5302.0,0.0,251.0,161.0
28802,2025,6552,1,0.7033870816230774,90,2025-08-30,AMC,Manchester United,Burnley,56.0,Bryan Mbeumo,h,OpenPlay,EPL,Manchester United,5643,0.0,5609.0,307.0,34.0,251.0
28817,2025,6552,0,0.7090615034103394,90,2025-09-14,AMC,Manchester City,Manchester United,,Bryan Mbeumo,a,NoGoal,EPL,Manchester United,5733,0.0,5609.0,0.0,124.0,34.0
28824,2025,6552,0,0.1339908838272094,80,2025-09-20,AMC,Manchester United,Chelsea,,Bryan Mbeumo,h,NoGoal,EPL,Manchester United,5813,0.0,5609.0,0.0,204.0,124.0
28828,2025,6552,0,0.0,90,2025-09-27,AMC,Brentford,Manchester United,,Bryan Mbeumo,a,NoGoal,EPL,Manchester United,5903,0.0,5609.0,0.0,294.0,204.0
28845,2025,6552,0,0.1257681846618652,83,2025-10-04,AMC,Manchester United,Sunderland,,Bryan Mbeumo,h,NoGoal,EPL,Manchester United,5986,0.0,5609.0,0.0,377.0,294.0
28852,2025,6552,1,0.8995078206062317,90,2025-10-19,AMC,Liverpool,Manchester United,1.0,Bryan Mbeumo,a,OpenPlay,EPL,Manchester United,6076,0.0,5987.0,378.0,89.0,377.0
28865,2025,6552,2,0.8893002867698669,90,2025-10-25,AMC,Manchester United,Brighton,60.0,Bryan Mbeumo,h,OpenPlay,EPL,Manchester United,6166,0.0,6136.0,149.0,30.0,89.0
28865,2025,6552,2,0.8893002867698669,90,2025-10-25,AMC,Manchester United,Brighton,96.0,Bryan Mbeumo,h,OpenPlay,EPL,Manchester United,6166,0.0,6172.0,36.0,0.0,89.0
28874,2025,6552,0,0.0524018742144107,90,2025-11-01,AMC,Nottingham Forest,Manchester United,,Bryan Mbeumo,a,NoGoal,EPL,Manchester United,6256,0.0,6172.0,0.0,84.0,0.0
28886,2025,6552,1,0.3844671845436096,90,2025-11-08,AMC,Tottenham,Manchester United,31.0,Bryan Mbeumo,a,OpenPlay,EPL,Manchester United,6346,0.0,6287.0,115.0,59.0,84.0
28895,2025,6552,0,0.1149914339184761,90,2025-11-24,AMC,Manchester United,Everton,,Bryan Mbeumo,h,NoGoal,EPL,Manchester United,6436,0.0,6287.0,0.0,149.0,59.0
28901,2025,6552,0,0.750991940498352,90,2025-11-30,AMC,Crystal Palace,Manchester United,,Bryan Mbeumo,a,NoGoal,EPL,Manchester United,6526,0.0,6287.0,0.0,239.0,149.0
28915,2025,6552,0,0.0726317837834358,90,2025-12-04,AMC,Manchester United,West Ham,,Bryan Mbeumo,h,NoGoal,EPL,Manchester United,6616,0.0,6287.0,0.0,329.0,239.0
28927,2025,6552,1,1.004012107849121,90,2025-12-08,AMC,Wolverhampton Wanderers,Manchester United,50.0,Bryan Mbeumo,a,OpenPlay,EPL,Manchester United,6706,0.0,6666.0,379.0,40.0,329.0
28934,2025,6552,0,0.3042580485343933,90,2025-12-15,AMC,Manchester United,Bournemouth,,Bryan Mbeumo,h,NoGoal,EPL,Manchester United,6796,0.0,6666.0,0.0,130.0,40.0
28993,2025,6552,1,0.9053091406822203,73,2026-01-17,FW,Manchester United,Manchester City,64.0,Bryan Mbeumo,h,OpenPlay,EPL,Manchester United,6869,0.0,6860.0,194.0,9.0,130.0
28999,2025,6552,1,0.3153549134731293,71,2026-01-25,FW,Arsenal,Manchester United,36.0,Bryan Mbeumo,a,OpenPlay,EPL,Manchester United,6940,0.0,6905.0,45.0,35.0,9.0
29012,2025,6552,0,0.36770099401474,90,2026-02-01,FW,Manchester United,Fulham,,Bryan Mbeumo,h,NoGoal,EPL,Manchester United,7030,0.0,6905.0,0.0,125.0,35.0
29025,2025,6552,1,0.2197478413581848,90,2026-02-07,AML,Manchester United,Tottenham,37.0,Bryan Mbeumo,h,FromCorner,EPL,Manchester United,7120,0.0,7067.0,162.0,53.0,125.0
29037,2025,6552,0,0.101635918021202,90,2026-02-10,AML,West Ham,Manchester United,,Bryan Mbeumo,a,NoGoal,EPL,Manchester United,7210,0.0,7067.0,0.0,143.0,53.0
29042,2025,6552,0,0.6907796263694763,81,2026-02-23,FW,Everton,Manchester United,,Bryan Mbeumo,a,NoGoal,EPL,Manchester United,7291,0.0,7067.0,0.0,224.0,143.0
29055,2025,6552,0,0.0,89,2026-03-01,AMR,Manchester United,Crystal Palace,,Bryan Mbeumo,h,NoGoal,EPL,Manchester United,7380,0.0,7067.0,0.0,313.0,224.0
29065,2025,6552,0,0.4159366190433502,86,2026-03-04,AMR,Newcastle United,Manchester United,,Bryan Mbeumo,a,NoGoal,EPL,Manchester United,7466,0.0,7067.0,0.0,399.0,313.0
29074,2025,6552,0,0.092058353126049,76,2026-03-15,FW,Manchester United,Aston Villa,,Bryan Mbeumo,h,NoGoal,EPL,Manchester United,7542,0.0,7067.0,0.0,475.0,399.0
29078,2025,6552,0,0.0149602433666586,72,2026-03-20,FW,Bournemouth,Manchester United,,Bryan Mbeumo,a,NoGoal,EPL,Manchester United,7614,0.0,7067.0,0.0,547.0,475.0
29088,2025,6552,0,0.0686766430735588,18,2026-04-13,Sub,Manchester United,Leeds,,Bryan Mbeumo,h,NoGoal,EPL,Manchester United,7632,72.0,7067.0,0.0,565.0,547.0
29100,2025,6552,0,0.0,90,2026-04-18,AMR,Chelsea,Manchester United,,Bryan Mbeumo,a,NoGoal,EPL,Manchester United,7722,0.0,7067.0,0.0,655.0,565.0
29114,2025,6552,0,0.0,76,2026-04-27,AMR,Manchester United,Brentford,,Bryan Mbeumo,h,NoGoal,EPL,Manchester United,7798,0.0,7067.0,0.0,731.0,655.0
29125,2025,6552,0,0.3293169736862182,79,2026-05-03,AMR,Manchester United,Liverpool,,Bryan Mbeumo,h,NoGoal,EPL,Manchester United,7877,0.0,7067.0,0.0,810.0,731.0
29135,2025,6552,0,0.0205075535923242,14,2026-05-09,Sub,Sunderland,Manchester United,,Bryan Mbeumo,a,NoGoal,EPL,Manchester United,7891,76.0,7067.0,0.0,824.0,810.0
29145,2025,6552,1,2.3186252117156982,81,2026-05-17,FW,Manchester United,Nottingham Forest,75.0,Bryan Mbeumo,h,OpenPlay,EPL,Manchester United,7972,0.0,7966.0,899.0,6.0,824.0
22686,2023,6637,0,0.3224790096282959,90,2023-08-11,FW,Sevilla,Valencia,,Hugo Duro,a,NoGoal,La_Liga,Valencia,90,0.0,,,,
22696,2023,6637,0,0.1269440054893493,87,2023-08-18,FW,Valencia,Las Palmas,,Hugo Duro,h,NoGoal,La_Liga,Valencia,177,0.0,,,,
22711,2023,6637,1,1.1826616525650024,90,2023-08-27,FW,Valencia,Osasuna,79.0,Hugo Duro,h,OpenPlay,La_Liga,Valencia,267,0.0,256.0,,11.0,
22720,2023,6637,0,0.0342299789190292,85,2023-09-02,FW,Alaves,Valencia,,Hugo Duro,a,NoGoal,La_Liga,Valencia,352,0.0,256.0,0.0,96.0,11.0
22731,2023,6637,2,0.6922112107276917,87,2023-09-16,FW,Valencia,Atletico Madrid,4.0,Hugo Duro,h,OpenPlay,La_Liga,Valencia,439,0.0,356.0,100.0,83.0,96.0
22731,2023,6637,2,0.6922112107276917,87,2023-09-16,FW,Valencia,Atletico Madrid,33.0,Hugo Duro,h,OpenPlay,La_Liga,Valencia,439,0.0,385.0,29.0,54.0,96.0
22735,2023,6637,0,0.0,90,2023-09-23,FW,Almeria,Valencia,,Hugo Duro,a,NoGoal,La_Liga,Valencia,529,0.0,385.0,0.0,144.0,54.0
22752,2023,6637,0,0.0,90,2023-09-27,FW,Valencia,Real Sociedad,,Hugo Duro,h,NoGoal,La_Liga,Valencia,619,0.0,385.0,0.0,234.0,144.0
22758,2023,6637,0,0.0938842147588729,40,2023-10-01,Sub,Real Betis,Valencia,,Hugo Duro,a,NoGoal,La_Liga,Valencia,659,50.0,385.0,0.0,274.0,234.0
22768,2023,6637,0,0.1841275095939636,90,2023-10-07,ML,Mallorca,Valencia,,Hugo Duro,a,NoGoal,La_Liga,Valencia,749,0.0,385.0,0.0,364.0,274.0
22780,2023,6637,1,0.857299268245697,79,2023-10-23,FW,Valencia,Cadiz,25.0,Hugo Duro,h,OpenPlay,La_Liga,Valencia,828,0.0,774.0,389.0,54.0,364.0
22786,2023,6637,1,1.3021321296691897,81,2023-10-29,FW,Athletic Club,Valencia,67.0,Hugo Duro,a,OpenPlay,La_Liga,Valencia,909,0.0,895.0,121.0,14.0,54.0
22804,2023,6637,0,0.0,80,2023-11-05,FW,Valencia,Granada,,Hugo Duro,h,NoGoal,La_Liga,Valencia,989,0.0,895.0,0.0,94.0,14.0
22808,2023,6637,1,1.788806676864624,90,2023-11-11,FW,Real Madrid,Valencia,87.0,Hugo Duro,a,OpenPlay,La_Liga,Valencia,1079,0.0,1076.0,181.0,3.0,94.0
22823,2023,6637,0,0.1023528054356575,86,2023-11-25,FW,Valencia,Celta Vigo,,Hugo Duro,h,NoGoal,La_Liga,Valencia,1165,0.0,1076.0,0.0,89.0,3.0
22827,2023,6637,1,0.3985640704631805,86,2023-12-02,FW,Girona,Valencia,55.0,Hugo Duro,a,OpenPlay,La_Liga,Valencia,1251,0.0,1220.0,144.0,31.0,89.0
22838,2023,6637,0,0.0,90,2023-12-08,FW,Getafe,Valencia,,Hugo Duro,a,NoGoal,La_Liga,Valencia,1341,0.0,1220.0,0.0,121.0,31.0
22850,2023,6637,0,0.1708635687828064,84,2023-12-16,FW,Valencia,Barcelona,,Hugo Duro,h,NoGoal,La_Liga,Valencia,1425,0.0,1220.0,0.0,205.0,121.0
22860,2023,6637,0,0.0764525458216667,82,2023-12-19,FW,Rayo Vallecano,Valencia,,Hugo Duro,a,NoGoal,La_Liga,Valencia,1507,0.0,1220.0,0.0,287.0,205.0
22866,2023,6637,0,0.1614104956388473,89,2024-01-02,FW,Valencia,Villarreal,,Hugo Duro,h,NoGoal,La_Liga,Valencia,1596,0.0,1220.0,0.0,376.0,287.0
22880,2023,6637,1,0.5458776950836182,81,2024-01-14,FW,Cadiz,Valencia,7.0,Hugo Duro,a,OpenPlay,La_Liga,Valencia,1677,0.0,1603.0,383.0,74.0,376.0
22889,2023,6637,1,0.5813921689987183,90,2024-01-20,FW,Valencia,Athletic Club,60.0,Hugo Duro,h,OpenPlay,La_Liga,Valencia,1767,0.0,1737.0,134.0,30.0,74.0
22895,2023,6637,0,0.1007381603121757,90,2024-01-28,FW,Atletico Madrid,Valencia,,Hugo Duro,a,NoGoal,La_Liga,Valencia,1857,0.0,1737.0,0.0,120.0,30.0
22911,2023,6637,1,0.0789275839924812,90,2024-02-03,FW,Valencia,Almeria,13.0,Hugo Duro,h,OpenPlay,La_Liga,Valencia,1947,0.0,1870.0,133.0,77.0,120.0
22918,2023,6637,0,0.1049978882074356,86,2024-02-10,FW,Las Palmas,Valencia,,Hugo Duro,a,NoGoal,La_Liga,Valencia,2033,0.0,1870.0,0.0,163.0,77.0
22933,2023,6637,0,0.0805150717496872,90,2024-02-17,FW,Valencia,Sevilla,,Hugo Duro,h,NoGoal,La_Liga,Valencia,2123,0.0,1870.0,0.0,253.0,163.0
22951,2023,6637,1,0.369743674993515,90,2024-03-02,FW,Valencia,Real Madrid,26.0,Hugo Duro,h,OpenPlay,La_Liga,Valencia,2213,0.0,2149.0,279.0,64.0,253.0
22964,2023,6637,1,0.3937060236930847,87,2024-03-09,FW,Valencia,Getafe,39.0,Hugo Duro,h,OpenPlay,La_Liga,Valencia,2300,0.0,2252.0,103.0,48.0,64.0
22972,2023,6637,0,0.4789838492870331,90,2024-03-17,FW,Villarreal,Valencia,,Hugo Duro,a,NoGoal,La_Liga,Valencia,2390,0.0,2252.0,0.0,138.0,48.0
22984,2023,6637,0,0.4171207249164581,90,2024-03-30,FW,Valencia,Mallorca,,Hugo Duro,h,NoGoal,La_Liga,Valencia,2480,0.0,2252.0,0.0,228.0,138.0
22941,2023,6637,0,0.0,86,2024-04-04,FW,Granada,Valencia,,Hugo Duro,a,NoGoal,La_Liga,Valencia,2566,0.0,2252.0,0.0,314.0,228.0
22989,2023,6637,0,0.0,79,2024-04-15,FW,Osasuna,Valencia,,Hugo Duro,a,NoGoal,La_Liga,Valencia,2645,0.0,2252.0,0.0,393.0,314.0
23001,2023,6637,0,0.0202980712056159,90,2024-04-20,FW,Valencia,Real Betis,,Hugo Duro,h,NoGoal,La_Liga,Valencia,2735,0.0,2252.0,0.0,483.0,393.0
23006,2023,6637,1,0.4436818063259125,79,2024-04-29,FW,Barcelona,Valencia,26.0,Hugo Duro,a,OpenPlay,La_Liga,Valencia,2814,0.0,2761.0,509.0,53.0,483.0
23024,2023,6637,0,0.0929237306118011,90,2024-05-05,FW,Valencia,Alaves,,Hugo Duro,h,NoGoal,La_Liga,Valencia,2904,0.0,2761.0,0.0,143.0,53.0
23032,2023,6637,0,0.1120194792747497,90,2024-05-12,FW,Valencia,Rayo Vallecano,,Hugo Duro,h,NoGoal,La_Liga,Valencia,2994,0.0,2761.0,0.0,233.0,143.0
23053,2023,6637,0,0.0953312516212463,47,2024-05-19,FW,Valencia,Girona,,Hugo Duro,h,NoGoal,La_Liga,Valencia,3041,0.0,2761.0,0.0,280.0,233.0
23056,2023,6637,0,0.0,9,2024-05-26,Sub,Celta Vigo,Valencia,,Hugo Duro,a,NoGoal,La_Liga,Valencia,3050,81.0,2761.0,0.0,289.0,280.0
26987,2024,6637,1,1.5177106857299805,90,2024-08-17,FW,Valencia,Barcelona,43.0,Hugo Duro,h,OpenPlay,La_Liga,Valencia,3140,0.0,3093.0,332.0,47.0,289.0
26992,2024,6637,0,0.0689713358879089,81,2024-08-23,FW,Celta Vigo,Valencia,,Hugo Duro,a,NoGoal,La_Liga,Valencia,3221,0.0,3093.0,0.0,128.0,47.0
27006,2024,6637,0,0.0,90,2024-08-28,FW,Athletic Club,Valencia,,Hugo Duro,a,NoGoal,La_Liga,Valencia,3311,0.0,3093.0,0.0,218.0,128.0
27015,2024,6637,1,0.1800223737955093,90,2024-08-31,FW,Valencia,Villarreal,23.0,Hugo Duro,h,FromCorner,La_Liga,Valencia,3401,0.0,3334.0,241.0,67.0,218.0
27050,2024,6637,0,0.0,14,2024-09-24,Sub,Valencia,Osasuna,,Hugo Duro,h,NoGoal,La_Liga,Valencia,3415,76.0,3334.0,0.0,81.0,67.0
27055,2024,6637,0,0.0,90,2024-09-28,FW,Real Sociedad,Valencia,,Hugo Duro,a,NoGoal,La_Liga,Valencia,3505,0.0,3334.0,0.0,171.0,81.0
27065,2024,6637,0,0.080949530005455,74,2024-10-04,FW,Leganes,Valencia,,Hugo Duro,a,NoGoal,La_Liga,Valencia,3579,0.0,3334.0,0.0,245.0,171.0
27081,2024,6637,0,0.0649923980236053,90,2024-10-21,FW,Valencia,Las Palmas,,Hugo Duro,h,NoGoal,La_Liga,Valencia,3669,0.0,3334.0,0.0,335.0,245.0
27082,2024,6637,0,0.0,90,2024-10-27,FW,Getafe,Valencia,,Hugo Duro,a,NoGoal,La_Liga,Valencia,3759,0.0,3334.0,0.0,425.0,335.0
27118,2024,6637,2,0.9013444185256958,80,2024-11-23,FW,Valencia,Real Betis,49.0,Hugo Duro,h,OpenPlay,La_Liga,Valencia,3839,0.0,3808.0,474.0,31.0,425.0
27118,2024,6637,2,0.9013444185256958,80,2024-11-23,FW,Valencia,Real Betis,52.0,Hugo Duro,h,OpenPlay,La_Liga,Valencia,3839,0.0,3811.0,3.0,28.0,425.0
27123,2024,6637,0,0.0,90,2024-11-29,FW,Mallorca,Valencia,,Hugo Duro,a,NoGoal,La_Liga,Valencia,3929,0.0,3811.0,0.0,118.0,28.0
27140,2024,6637,0,0.1425714045763015,90,2024-12-07,FW,Valencia,Rayo Vallecano,,Hugo Duro,h,NoGoal,La_Liga,Valencia,4019,0.0,3811.0,0.0,208.0,118.0
27147,2024,6637,0,0.1219499409198761,90,2024-12-13,FW,Real Valladolid,Valencia,,Hugo Duro,a,NoGoal,La_Liga,Valencia,4109,0.0,3811.0,0.0,298.0,208.0
27161,2024,6637,0,0.0,90,2024-12-22,FW,Valencia,Alaves,,Hugo Duro,h,NoGoal,La_Liga,Valencia,4199,0.0,3811.0,0.0,388.0,298.0
27099,2024,6637,1,0.909162163734436,90,2025-01-03,FW,Valencia,Real Madrid,26.0,Hugo Duro,h,OpenPlay,La_Liga,Valencia,4289,0.0,4225.0,414.0,64.0,388.0
27165,2024,6637,0,0.1279411613941192,71,2025-01-11,FW,Sevilla,Valencia,,Hugo Duro,a,NoGoal,La_Liga,Valencia,4360,0.0,4225.0,0.0,135.0,64.0
27179,2024,6637,1,1.2683831453323364,90,2025-01-19,FW,Valencia,Real Sociedad,25.0,Hugo Duro,h,OpenPlay,La_Liga,Valencia,4450,0.0,4385.0,160.0,65.0,135.0
27184,2024,6637,1,0.3724552690982818,90,2025-01-26,FW,Barcelona,Valencia,58.0,Hugo Duro,a,OpenPlay,La_Liga,Valencia,4540,0.0,4508.0,123.0,32.0,65.0
27199,2024,6637,0,0.5647149682044983,68,2025-02-02,FW,Valencia,Celta Vigo,,Hugo Duro,h,NoGoal,La_Liga,Valencia,4608,0.0,4508.0,0.0,100.0,32.0
27208,2024,6637,0,0.0663779750466346,61,2025-02-09,FW,Valencia,Leganes,,Hugo Duro,h,NoGoal,La_Liga,Valencia,4669,0.0,4508.0,0.0,161.0,100.0
27216,2024,6637,0,0.0,56,2025-02-15,FW,Villarreal,Valencia,,Hugo Duro,a,NoGoal,La_Liga,Valencia,4725,0.0,4508.0,0.0,217.0,161.0
27225,2024,6637,0,0.5450432300567627,41,2025-02-22,Sub,Valencia,Atletico Madrid,,Hugo Duro,h,NoGoal,La_Liga,Valencia,4766,49.0,4508.0,0.0,258.0,217.0
27273,2024,6637,1,0.4508202672004699,13,2025-04-05,Sub,Real Madrid,Valencia,94.0,Hugo Duro,a,OpenPlay,La_Liga,Valencia,4779,81.0,4779.0,271.0,0.0,258.0
27291,2024,6637,0,0.40205779671669,25,2025-04-11,Sub,Valencia,Sevilla,,Hugo Duro,h,NoGoal,La_Liga,Valencia,4804,65.0,4779.0,0.0,25.0,0.0
27293,2024,6637,0,0.4371719360351562,57,2025-04-19,FW,Rayo Vallecano,Valencia,,Hugo Duro,a,NoGoal,La_Liga,Valencia,4861,0.0,4779.0,0.0,82.0,25.0
27302,2024,6637,0,0.1188170835375785,90,2025-04-22,FW,Valencia,Espanyol,,Hugo Duro,h,NoGoal,La_Liga,Valencia,4951,0.0,4779.0,0.0,172.0,82.0
27313,2024,6637,2,1.2269057035446167,77,2025-05-03,FW,Las Palmas,Valencia,21.0,Hugo Duro,a,OpenPlay,La_Liga,Valencia,5028,0.0,4972.0,193.0,56.0,172.0
27313,2024,6637,2,1.2269057035446167,77,2025-05-03,FW,Las Palmas,Valencia,57.0,Hugo Duro,a,OpenPlay,La_Liga,Valencia,5028,0.0,5008.0,36.0,20.0,172.0
27330,2024,6637,1,1.4004011154174805,90,2025-05-10,FW,Valencia,Getafe,36.0,Hugo Duro,h,Penalty,La_Liga,Valencia,5118,0.0,5064.0,56.0,54.0,20.0
27333,2024,6637,0,0.0,66,2025-05-14,FW,Alaves,Valencia,,Hugo Duro,a,NoGoal,La_Liga,Valencia,5184,0.0,5064.0,0.0,120.0,54.0
27345,2024,6637,0,0.0,14,2025-05-18,Sub,Valencia,Athletic Club,,Hugo Duro,h,NoGoal,La_Liga,Valencia,5198,76.0,5064.0,0.0,134.0,120.0
27354,2024,6637,0,0.0,32,2025-05-23,Sub,Real Betis,Valencia,,Hugo Duro,a,NoGoal,La_Liga,Valencia,5230,58.0,5064.0,0.0,166.0,134.0
29162,2025,6637,0,0.1608574986457824,72,2025-08-16,FW,Valencia,Real Sociedad,,Hugo Duro,h,NoGoal,La_Liga,Valencia,5302,0.0,5064.0,0.0,238.0,166.0
29172,2025,6637,0,0.0,7,2025-08-24,Sub,Osasuna,Valencia,,Hugo Duro,a,NoGoal,La_Liga,Valencia,5309,83.0,5064.0,0.0,245.0,238.0
29180,2025,6637,1,0.5271832942962646,90,2025-08-29,FW,Valencia,Getafe,96.0,Hugo Duro,h,OpenPlay,La_Liga,Valencia,5399,0.0,5405.0,341.0,0.0,245.0
29194,2025,6637,0,0.0,78,2025-09-14,FW,Barcelona,Valencia,,Hugo Duro,a,NoGoal,La_Liga,Valencia,5477,0.0,5405.0,0.0,72.0,0.0
29203,2025,6637,1,0.7808873653411865,19,2025-09-20,Sub,Valencia,Athletic Club,92.0,Hugo Duro,h,OpenPlay,La_Liga,Valencia,5496,73.0,5496.0,91.0,0.0,72.0
29209,2025,6637,1,0.3483991026878357,90,2025-09-23,FW,Espanyol,Valencia,61.0,Hugo Duro,a,FromCorner,La_Liga,Valencia,5586,0.0,5557.0,61.0,29.0,0.0
29218,2025,6637,0,0.0632198452949523,56,2025-09-29,FW,Valencia,Real Oviedo,,Hugo Duro,h,NoGoal,La_Liga,Valencia,5642,0.0,5557.0,0.0,85.0,29.0
29230,2025,6637,0,0.0551309064030647,12,2025-10-04,Sub,Girona,Valencia,,Hugo Duro,a,NoGoal,La_Liga,Valencia,5654,78.0,5557.0,0.0,97.0,85.0
29238,2025,6637,0,0.0,80,2025-10-20,FW,Alaves,Valencia,,Hugo Duro,a,NoGoal,La_Liga,Valencia,5734,0.0,5557.0,0.0,177.0,97.0
29251,2025,6637,0,0.0,42,2025-10-25,Sub,Valencia,Villarreal,,Hugo Duro,h,NoGoal,La_Liga,Valencia,5776,48.0,5557.0,0.0,219.0,177.0
29263,2025,6637,0,0.120111383497715,29,2025-11-01,Sub,Real Madrid,Valencia,,Hugo Duro,a,NoGoal,La_Liga,Valencia,5805,61.0,5557.0,0.0,248.0,219.0
29275,2025,6637,0,0.0,21,2025-11-09,Sub,Valencia,Real Betis,,Hugo Duro,h,NoGoal,La_Liga,Valencia,5826,69.0,5557.0,0.0,269.0,248.0
29286,2025,6637,1,0.4694733917713165,34,2025-11-21,Sub,Valencia,Levante,78.0,Hugo Duro,h,OpenPlay,La_Liga,Valencia,5860,56.0,5848.0,291.0,12.0,269.0
29292,2025,6637,0,0.0,75,2025-12-01,FW,Rayo Vallecano,Valencia,,Hugo Duro,a,NoGoal,La_Liga,Valencia,5935,0.0,5848.0,0.0,87.0,12.0
29307,2025,6637,1,0.5546597838401794,90,2025-12-07,FW,Valencia,Sevilla,92.0,Hugo Duro,h,OpenPlay,La_Liga,Valencia,6025,0.0,6027.0,179.0,0.0,87.0
29309,2025,6637,0,0.8320423364639282,90,2025-12-13,FW,Atletico Madrid,Valencia,,Hugo Duro,a,NoGoal,La_Liga,Valencia,6115,0.0,6027.0,0.0,88.0,0.0
29327,2025,6637,1,0.6592313647270203,90,2025-12-19,FW,Valencia,Mallorca,51.0,Hugo Duro,h,OpenPlay,La_Liga,Valencia,6205,0.0,6166.0,139.0,39.0,88.0
29329,2025,6637,0,0.4348928332328796,90,2026-01-03,FW,Celta Vigo,Valencia,,Hugo Duro,a,NoGoal,La_Liga,Valencia,6295,0.0,6166.0,0.0,129.0,39.0
29356,2025,6637,0,0.0,63,2026-01-18,FW,Getafe,Valencia,,Hugo Duro,a,NoGoal,La_Liga,Valencia,6358,0.0,6166.0,0.0,192.0,129.0
29364,2025,6637,1,0.7177795767784119,65,2026-01-24,FW,Valencia,Espanyol,15.0,Hugo Duro,h,OpenPlay,La_Liga,Valencia,6423,0.0,6373.0,207.0,50.0,192.0
29368,2025,6637,0,0.1197086572647094,74,2026-02-01,FW,Real Betis,Valencia,,Hugo Duro,a,NoGoal,La_Liga,Valencia,6497,0.0,6373.0,0.0,124.0,50.0
29387,2025,6637,0,0.0,90,2026-02-08,FW,Valencia,Real Madrid,,Hugo Duro,h,NoGoal,La_Liga,Valencia,6587,0.0,6373.0,0.0,214.0,124.0
29390,2025,6637,0,0.1508159339427948,58,2026-02-15,FW,Levante,Valencia,,Hugo Duro,a,NoGoal,La_Liga,Valencia,6645,0.0,6373.0,0.0,272.0,214.0
29406,2025,6637,0,0.0,2,2026-02-22,Sub,Villarreal,Valencia,,Hugo Duro,a,NoGoal,La_Liga,Valencia,6647,88.0,6373.0,0.0,274.0,272.0
29417,2025,6637,0,0.0,1,2026-03-01,Sub,Valencia,Osasuna,,Hugo Duro,h,NoGoal,La_Liga,Valencia,6648,89.0,6373.0,0.0,275.0,274.0
29422,2025,6637,1,0.7432776093482971,13,2026-03-08,Sub,Valencia,Alaves,98.0,Hugo Duro,h,Penalty,La_Liga,Valencia,6661,85.0,6661.0,288.0,0.0,275.0
29432,2025,6637,0,0.0,33,2026-03-14,Sub,Real Oviedo,Valencia,,Hugo Duro,a,NoGoal,La_Liga,Valencia,6694,57.0,6661.0,0.0,33.0,0.0
29444,2025,6637,1,0.3597177565097809,74,2026-03-21,FW,Sevilla,Valencia,37.0,Hugo Duro,a,OpenPlay,La_Liga,Valencia,6768,0.0,6731.0,70.0,37.0,33.0
29454,2025,6637,0,0.0,67,2026-04-05,FW,Valencia,Celta Vigo,,Hugo Duro,h,NoGoal,La_Liga,Valencia,6835,0.0,6731.0,0.0,104.0,37.0
29465,2025,6637,0,0.4169926047325134,29,2026-04-11,Sub,Elche,Valencia,,Hugo Duro,a,NoGoal,La_Liga,Valencia,6864,61.0,6731.0,0.0,133.0,104.0
29472,2025,6637,0,0.914968192577362,16,2026-04-25,Sub,Valencia,Girona,,Hugo Duro,h,NoGoal,La_Liga,Valencia,6880,74.0,6731.0,0.0,149.0,133.0
29495,2025,6637,0,0.0,30,2026-05-02,Sub,Valencia,Atletico Madrid,,Hugo Duro,h,NoGoal,La_Liga,Valencia,6910,60.0,6731.0,0.0,179.0,149.0
29498,2025,6637,0,0.8264281749725342,72,2026-05-10,FW,Athletic Club,Valencia,,Hugo Duro,a,NoGoal,La_Liga,Valencia,6982,0.0,6731.0,0.0,251.0,179.0
29515,2025,6637,0,0.0,64,2026-05-14,FW,Valencia,Rayo Vallecano,,Hugo Duro,h,NoGoal,La_Liga,Valencia,7046,0.0,6731.0,0.0,315.0,251.0
29521,2025,6637,1,0.2988221347332001,78,2026-05-17,FW,Real Sociedad,Valencia,21.0,Hugo Duro,a,OpenPlay,La_Liga,Valencia,7124,0.0,7067.0,336.0,57.0,315.0
22307,2023,7006,2,1.5614488124847412,83,2023-08-19,FW,Inter,Monza,7.0,Lautaro Martínez,h,OpenPlay,Serie_A,Inter,83,0.0,7.0,,76.0,76.0
22307,2023,7006,2,1.5614488124847412,83,2023-08-19,FW,Inter,Monza,75.0,Lautaro Martínez,h,OpenPlay,Serie_A,Inter,83,0.0,75.0,68.0,8.0,76.0
22324,2023,7006,1,0.6585044860839844,90,2023-08-28,FW,Cagliari,Inter,29.0,Lautaro Martínez,a,OpenPlay,Serie_A,Inter,173,0.0,112.0,37.0,61.0,8.0
22332,2023,7006,2,1.285652756690979,90,2023-09-03,FW,Inter,Fiorentina,52.0,Lautaro Martínez,h,OpenPlay,Serie_A,Inter,263,0.0,225.0,113.0,38.0,61.0
22332,2023,7006,2,1.285652756690979,90,2023-09-03,FW,Inter,Fiorentina,72.0,Lautaro Martínez,h,OpenPlay,Serie_A,Inter,263,0.0,245.0,20.0,18.0,61.0
22336,2023,7006,0,0.0,90,2023-09-16,FW,Inter,AC Milan,,Lautaro Martínez,h,NoGoal,Serie_A,Inter,353,0.0,245.0,0.0,108.0,18.0
22347,2023,7006,0,0.0908802896738052,72,2023-09-24,FW,Empoli,Inter,,Lautaro Martínez,a,NoGoal,Serie_A,Inter,425,0.0,245.0,0.0,180.0,108.0
22358,2023,7006,0,0.1279662847518921,90,2023-09-27,FW,Inter,Sassuolo,,Lautaro Martínez,h,NoGoal,Serie_A,Inter,515,0.0,245.0,0.0,270.0,180.0
22372,2023,7006,4,1.8279805183410645,34,2023-09-30,Sub,Salernitana,Inter,61.0,Lautaro Martínez,a,OpenPlay,Serie_A,Inter,549,56.0,520.0,275.0,29.0,270.0
22372,2023,7006,4,1.8279805183410645,34,2023-09-30,Sub,Salernitana,Inter,76.0,Lautaro Martínez,a,OpenPlay,Serie_A,Inter,549,56.0,535.0,15.0,14.0,270.0
22372,2023,7006,4,1.8279805183410645,34,2023-09-30,Sub,Salernitana,Inter,84.0,Lautaro Martínez,a,Penalty,Serie_A,Inter,549,56.0,543.0,8.0,6.0,270.0
22372,2023,7006,4,1.8279805183410645,34,2023-09-30,Sub,Salernitana,Inter,88.0,Lautaro Martínez,a,OpenPlay,Serie_A,Inter,549,56.0,547.0,4.0,2.0,270.0
22383,2023,7006,1,0.1789389699697494,90,2023-10-07,FW,Inter,Bologna,12.0,Lautaro Martínez,h,OpenPlay,Serie_A,Inter,639,0.0,561.0,14.0,78.0,2.0
22390,2023,7006,1,1.079216480255127,82,2023-10-21,FW,Torino,Inter,66.0,Lautaro Martínez,a,FromCorner,Serie_A,Inter,721,0.0,705.0,144.0,16.0,78.0
22397,2023,7006,0,0.3465621471405029,90,2023-10-29,FW,Inter,Roma,,Lautaro Martínez,h,NoGoal,Serie_A,Inter,811,0.0,705.0,0.0,106.0,16.0
22405,2023,7006,1,0.164720132946968,90,2023-11-04,FW,Atalanta,Inter,56.0,Lautaro Martínez,a,OpenPlay,Serie_A,Inter,901,0.0,867.0,162.0,34.0,106.0
22424,2023,7006,0,0.6523396968841553,90,2023-11-12,FW,Inter,Frosinone,,Lautaro Martínez,h,NoGoal,Serie_A,Inter,991,0.0,867.0,0.0,124.0,34.0
22432,2023,7006,1,0.4397978484630584,90,2023-11-26,FW,Juventus,Inter,32.0,Lautaro Martínez,a,OpenPlay,Serie_A,Inter,1081,0.0,1023.0,156.0,58.0,124.0
22442,2023,7006,0,0.7832174301147461,90,2023-12-03,FW,Napoli,Inter,,Lautaro Martínez,a,NoGoal,Serie_A,Inter,1171,0.0,1023.0,0.0,148.0,58.0
22450,2023,7006,1,0.741890549659729,90,2023-12-09,FW,Inter,Udinese,83.0,Lautaro Martínez,h,OpenPlay,Serie_A,Inter,1261,0.0,1254.0,231.0,7.0,148.0
22463,2023,7006,1,0.7246325016021729,90,2023-12-17,FW,Lazio,Inter,39.0,Lautaro Martínez,a,OpenPlay,Serie_A,Inter,1351,0.0,1300.0,46.0,51.0,7.0
22491,2023,7006,1,0.7460293769836426,90,2024-01-06,FW,Inter,Verona,12.0,Lautaro Martínez,h,OpenPlay,Serie_A,Inter,1441,0.0,1363.0,63.0,78.0,51.0
22504,2023,7006,2,1.7995110750198364,90,2024-01-13,FW,Monza,Inter,13.0,Lautaro Martínez,a,OpenPlay,Serie_A,Inter,1531,0.0,1454.0,91.0,77.0,78.0
22504,2023,7006,2,1.7995110750198364,90,2024-01-13,FW,Monza,Inter,83.0,Lautaro Martínez,a,Penalty,Serie_A,Inter,1531,0.0,1524.0,70.0,7.0,78.0
22522,2023,7006,1,0.4258275032043457,80,2024-01-28,FW,Fiorentina,Inter,13.0,Lautaro Martínez,a,FromCorner,Serie_A,Inter,1611,0.0,1544.0,20.0,67.0,7.0
22532,2023,7006,0,0.1460109949111938,90,2024-02-04,FW,Inter,Juventus,,Lautaro Martínez,h,NoGoal,Serie_A,Inter,1701,0.0,1544.0,0.0,157.0,67.0
22544,2023,7006,0,0.0764821022748947,79,2024-02-10,FW,Roma,Inter,,Lautaro Martínez,a,NoGoal,Serie_A,Inter,1780,0.0,1544.0,0.0,236.0,157.0
22550,2023,7006,1,0.1736643463373184,61,2024-02-16,FW,Inter,Salernitana,18.0,Lautaro Martínez,h,OpenPlay,Serie_A,Inter,1841,0.0,1798.0,254.0,43.0,236.0
22563,2023,7006,2,1.1369774341583252,67,2024-02-25,FW,Lecce,Inter,14.0,Lautaro Martínez,a,OpenPlay,Serie_A,Inter,1908,0.0,1855.0,57.0,53.0,43.0
22563,2023,7006,2,1.1369774341583252,67,2024-02-25,FW,Lecce,Inter,55.0,Lautaro Martínez,a,OpenPlay,Serie_A,Inter,1908,0.0,1896.0,41.0,12.0,43.0
22507,2023,7006,1,1.1923068761825562,71,2024-02-28,FW,Inter,Atalanta,45.0,Lautaro Martínez,h,OpenPlay,Serie_A,Inter,1979,0.0,1953.0,57.0,26.0,12.0
22572,2023,7006,0,0.2834122776985168,78,2024-03-04,FW,Inter,Genoa,,Lautaro Martínez,h,NoGoal,Serie_A,Inter,2057,0.0,1953.0,0.0,104.0,26.0
22587,2023,7006,0,0.4156499207019806,80,2024-03-17,FW,Inter,Napoli,,Lautaro Martínez,h,NoGoal,Serie_A,Inter,2137,0.0,1953.0,0.0,184.0,104.0
22599,2023,7006,0,0.6019929647445679,77,2024-04-01,FW,Inter,Empoli,,Lautaro Martínez,h,NoGoal,Serie_A,Inter,2214,0.0,1953.0,0.0,261.0,184.0
22607,2023,7006,0,0.5099663734436035,90,2024-04-08,FW,Udinese,Inter,,Lautaro Martínez,a,NoGoal,Serie_A,Inter,2304,0.0,1953.0,0.0,351.0,261.0
22633,2023,7006,0,0.6990336179733276,90,2024-04-22,FW,AC Milan,Inter,,Lautaro Martínez,a,NoGoal,Serie_A,Inter,2394,0.0,1953.0,0.0,441.0,351.0
22641,2023,7006,0,0.1988514065742492,90,2024-04-28,FW,Inter,Torino,,Lautaro Martínez,h,NoGoal,Serie_A,Inter,2484,0.0,1953.0,0.0,531.0,441.0
22651,2023,7006,0,0.4425457119941711,90,2024-05-04,FW,Sassuolo,Inter,,Lautaro Martínez,a,NoGoal,Serie_A,Inter,2574,0.0,1953.0,0.0,621.0,531.0
22657,2023,7006,1,0.1831914335489273,24,2024-05-10,Sub,Frosinone,Inter,79.0,Lautaro Martínez,a,OpenPlay,Serie_A,Inter,2598,66.0,2587.0,634.0,11.0,621.0
22667,2023,7006,0,0.2219012528657913,90,2024-05-19,FW,Inter,Lazio,,Lautaro Martínez,h,NoGoal,Serie_A,Inter,2688,0.0,2587.0,0.0,101.0,11.0
27362,2024,7006,0,0.5546624660491943,89,2024-08-17,FW,Genoa,Inter,,Lautaro Martínez,a,NoGoal,Serie_A,Inter,2777,0.0,2587.0,0.0,190.0,101.0
27383,2024,7006,0,0.1062625795602798,86,2024-08-30,FW,Inter,Atalanta,,Lautaro Martínez,h,NoGoal,Serie_A,Inter,2863,0.0,2587.0,0.0,276.0,190.0
27399,2024,7006,0,0.2001518905162811,56,2024-09-15,FW,Monza,Inter,,Lautaro Martínez,a,NoGoal,Serie_A,Inter,2919,0.0,2587.0,0.0,332.0,276.0
27406,2024,7006,0,0.2207340449094772,90,2024-09-22,FW,Inter,AC Milan,,Lautaro Martínez,h,NoGoal,Serie_A,Inter,3009,0.0,2587.0,0.0,422.0,332.0
27413,2024,7006,2,0.9200887680053712,90,2024-09-28,FW,Udinese,Inter,46.0,Lautaro Martínez,a,OpenPlay,Serie_A,Inter,3099,0.0,3055.0,468.0,44.0,422.0
27413,2024,7006,2,0.9200887680053712,90,2024-09-28,FW,Udinese,Inter,47.0,Lautaro Martínez,a,OpenPlay,Serie_A,Inter,3099,0.0,3056.0,1.0,43.0,422.0
27428,2024,7006,0,0.841693639755249,90,2024-10-05,FW,Inter,Torino,,Lautaro Martínez,h,NoGoal,Serie_A,Inter,3189,0.0,3056.0,0.0,133.0,43.0
27441,2024,7006,1,0.1990662813186645,75,2024-10-20,FW,Roma,Inter,59.0,Lautaro Martínez,a,OpenPlay,Serie_A,Inter,3264,0.0,3248.0,192.0,16.0,133.0
27444,2024,7006,0,0.3806117475032806,90,2024-10-27,FW,Inter,Juventus,,Lautaro Martínez,h,NoGoal,Serie_A,Inter,3354,0.0,3248.0,0.0,106.0,16.0
27455,2024,7006,1,1.0487929582595823,90,2024-10-30,FW,Empoli,Inter,78.0,Lautaro Martínez,a,OpenPlay,Serie_A,Inter,3444,0.0,3432.0,184.0,12.0,106.0
27463,2024,7006,1,0.8801641464233398,71,2024-11-03,FW,Inter,Venezia,64.0,Lautaro Martínez,h,OpenPlay,Serie_A,Inter,3515,0.0,3508.0,76.0,7.0,12.0
27473,2024,7006,0,0.1951127499341964,90,2024-11-10,FW,Inter,Napoli,,Lautaro Martínez,h,NoGoal,Serie_A,Inter,3605,0.0,3508.0,0.0,97.0,7.0
27507,2024,7006,0,1.212617039680481,90,2024-12-06,FW,Inter,Parma Calcio 1913,,Lautaro Martínez,h,NoGoal,Serie_A,Inter,3695,0.0,3508.0,0.0,187.0,97.0
27515,2024,7006,0,0.0,90,2024-12-16,FW,Lazio,Inter,,Lautaro Martínez,a,NoGoal,Serie_A,Inter,3785,0.0,3508.0,0.0,277.0,187.0
27531,2024,7006,0,0.2178314179182052,90,2024-12-23,FW,Inter,Como,,Lautaro Martínez,h,NoGoal,Serie_A,Inter,3875,0.0,3508.0,0.0,367.0,277.0
27534,2024,7006,1,1.5508882999420166,90,2024-12-28,FW,Cagliari,Inter,70.0,Lautaro Martínez,a,FromCorner,Serie_A,Inter,3965,0.0,3945.0,437.0,20.0,367.0
27557,2024,7006,0,0.3718036711215973,77,2025-01-12,FW,Venezia,Inter,,Lautaro Martínez,a,NoGoal,Serie_A,Inter,4042,0.0,3945.0,0.0,97.0,20.0
27546,2024,7006,1,0.4981985092163086,75,2025-01-15,FW,Inter,Bologna,45.0,Lautaro Martínez,h,OpenPlay,Serie_A,Inter,4117,0.0,4087.0,142.0,30.0,97.0
27567,2024,7006,1,0.2067922353744506,80,2025-01-19,FW,Inter,Empoli,54.0,Lautaro Martínez,h,OpenPlay,Serie_A,Inter,4197,0.0,4171.0,84.0,26.0,30.0
27575,2024,7006,1,0.0672502443194389,60,2025-01-26,FW,Lecce,Inter,38.0,Lautaro Martínez,a,OpenPlay,Serie_A,Inter,4257,0.0,4235.0,64.0,22.0,26.0
27588,2024,7006,0,0.5085800886154175,90,2025-02-02,FW,AC Milan,Inter,,Lautaro Martínez,a,NoGoal,Serie_A,Inter,4347,0.0,4235.0,0.0,112.0,22.0
27497,2024,7006,0,0.1553616374731063,90,2025-02-06,FW,Fiorentina,Inter,,Lautaro Martínez,a,NoGoal,Serie_A,Inter,4437,0.0,4235.0,0.0,202.0,112.0
27596,2024,7006,0,0.4149264097213745,90,2025-02-10,FW,Inter,Fiorentina,,Lautaro Martínez,h,NoGoal,Serie_A,Inter,4527,0.0,4235.0,0.0,292.0,202.0
27610,2024,7006,0,0.5542107224464417,90,2025-02-16,FW,Juventus,Inter,,Lautaro Martínez,a,NoGoal,Serie_A,Inter,4617,0.0,4235.0,0.0,382.0,292.0
27614,2024,7006,1,0.7840644717216492,90,2025-02-22,FW,Inter,Genoa,77.0,Lautaro Martínez,h,FromCorner,Serie_A,Inter,4707,0.0,4694.0,459.0,13.0,382.0
27629,2024,7006,0,0.0,90,2025-03-01,FW,Napoli,Inter,,Lautaro Martínez,a,NoGoal,Serie_A,Inter,4797,0.0,4694.0,0.0,103.0,13.0
27636,2024,7006,0,0.8240900039672852,90,2025-03-08,FW,Inter,Monza,,Lautaro Martínez,h,NoGoal,Serie_A,Inter,4887,0.0,4694.0,0.0,193.0,103.0
27643,2024,7006,1,0.279560387134552,90,2025-03-16,FW,Atalanta,Inter,86.0,Lautaro Martínez,a,OpenPlay,Serie_A,Inter,4977,0.0,4973.0,279.0,4.0,193.0
27670,2024,7006,0,0.6989256739616394,67,2025-04-05,FW,Parma Calcio 1913,Inter,,Lautaro Martínez,a,NoGoal,Serie_A,Inter,5044,0.0,4973.0,0.0,71.0,4.0
27678,2024,7006,1,0.6774890422821045,69,2025-04-12,FW,Inter,Cagliari,25.0,Lautaro Martínez,h,OpenPlay,Serie_A,Inter,5113,0.0,5069.0,96.0,44.0,71.0
27682,2024,7006,0,0.0999285727739334,90,2025-04-20,FW,Bologna,Inter,,Lautaro Martínez,a,NoGoal,Serie_A,Inter,5203,0.0,5069.0,0.0,134.0,44.0
27697,2024,7006,0,0.3030452728271484,90,2025-04-27,FW,Inter,Roma,,Lautaro Martínez,h,NoGoal,Serie_A,Inter,5293,0.0,5069.0,0.0,224.0,134.0
29853,2025,7006,1,0.6439775228500366,80,2025-08-25,FW,Inter,Torino,51.0,Lautaro Martínez,h,OpenPlay,Serie_A,Inter,5373,0.0,5344.0,275.0,29.0,224.0
29862,2025,7006,0,0.04486595839262,90,2025-08-31,FW,Inter,Udinese,,Lautaro Martínez,h,NoGoal,Serie_A,Inter,5463,0.0,5344.0,0.0,119.0,29.0
29865,2025,7006,0,0.0,65,2025-09-13,FW,Juventus,Inter,,Lautaro Martínez,a,NoGoal,Serie_A,Inter,5528,0.0,5344.0,0.0,184.0,119.0
29880,2025,7006,0,0.2187240272760391,25,2025-09-21,Sub,Inter,Sassuolo,,Lautaro Martínez,h,NoGoal,Serie_A,Inter,5553,65.0,5344.0,0.0,209.0,184.0
29884,2025,7006,1,1.0523269176483154,90,2025-09-27,FW,Cagliari,Inter,8.0,Lautaro Martínez,a,OpenPlay,Serie_A,Inter,5643,0.0,5561.0,217.0,82.0,209.0
29897,2025,7006,1,1.0150113105773926,76,2025-10-04,FW,Inter,Cremonese,5.0,Lautaro Martínez,h,OpenPlay,Serie_A,Inter,5719,0.0,5648.0,87.0,71.0,82.0
29913,2025,7006,0,0.1467814594507217,62,2025-10-18,FW,Roma,Inter,,Lautaro Martínez,a,NoGoal,Serie_A,Inter,5781,0.0,5648.0,0.0,133.0,71.0
29920,2025,7006,0,0.8766867518424988,90,2025-10-25,FW,Napoli,Inter,,Lautaro Martínez,a,NoGoal,Serie_A,Inter,5871,0.0,5648.0,0.0,223.0,133.0
29929,2025,7006,0,0.2948202490806579,90,2025-10-29,FW,Inter,Fiorentina,,Lautaro Martínez,h,NoGoal,Serie_A,Inter,5961,0.0,5648.0,0.0,313.0,223.0
29943,2025,7006,0,0.4759206175804138,90,2025-11-02,FW,Verona,Inter,,Lautaro Martínez,a,NoGoal,Serie_A,Inter,6051,0.0,5648.0,0.0,403.0,313.0
29948,2025,7006,1,0.5503764748573303,73,2025-11-09,FW,Inter,Lazio,2.0,Lautaro Martínez,h,OpenPlay,Serie_A,Inter,6124,0.0,6053.0,405.0,71.0,403.0
29958,2025,7006,0,0.0896623581647872,69,2025-11-23,FW,Inter,AC Milan,,Lautaro Martínez,h,NoGoal,Serie_A,Inter,6193,0.0,6053.0,0.0,140.0,71.0
29972,2025,7006,2,1.5844056606292725,88,2025-11-30,FW,Pisa,Inter,68.0,Lautaro Martínez,a,OpenPlay,Serie_A,Inter,6281,0.0,6261.0,208.0,20.0,140.0
29972,2025,7006,2,1.5844056606292725,88,2025-11-30,FW,Pisa,Inter,82.0,Lautaro Martínez,a,FromCorner,Serie_A,Inter,6281,0.0,6275.0,14.0,6.0,140.0
29976,2025,7006,1,0.8884156942367554,87,2025-12-06,FW,Inter,Como,10.0,Lautaro Martínez,h,OpenPlay,Serie_A,Inter,6368,0.0,6291.0,16.0,77.0,6.0
29987,2025,7006,1,0.8260599970817566,86,2025-12-14,FW,Genoa,Inter,37.0,Lautaro Martínez,a,OpenPlay,Serie_A,Inter,6454,0.0,6405.0,114.0,49.0,77.0
30013,2025,7006,1,0.5805632472038269,85,2025-12-28,FW,Atalanta,Inter,64.0,Lautaro Martínez,a,OpenPlay,Serie_A,Inter,6539,0.0,6518.0,113.0,21.0,49.0
30019,2025,7006,1,1.6775472164154053,77,2026-01-04,FW,Inter,Bologna,47.0,Lautaro Martínez,h,FromCorner,Serie_A,Inter,6616,0.0,6586.0,68.0,30.0,21.0
30030,2025,7006,0,0.9297994375228882,86,2026-01-07,FW,Parma Calcio 1913,Inter,,Lautaro Martínez,a,NoGoal,Serie_A,Inter,6702,0.0,6586.0,0.0,116.0,30.0
30038,2025,7006,0,0.1291947066783905,89,2026-01-11,FW,Inter,Napoli,,Lautaro Martínez,h,NoGoal,Serie_A,Inter,6791,0.0,6586.0,0.0,205.0,116.0
29998,2025,7006,0,0.097292274236679,14,2026-01-14,Sub,Inter,Lecce,,Lautaro Martínez,h,NoGoal,Serie_A,Inter,6805,76.0,6586.0,0.0,219.0,205.0
30051,2025,7006,1,1.0040355920791626,89,2026-01-17,FW,Udinese,Inter,19.0,Lautaro Martínez,a,OpenPlay,Serie_A,Inter,6894,0.0,6824.0,238.0,70.0,219.0
30058,2025,7006,1,0.6244437098503113,84,2026-01-23,FW,Inter,Pisa,40.0,Lautaro Martínez,h,OpenPlay,Serie_A,Inter,6978,0.0,6934.0,110.0,44.0,70.0
30067,2025,7006,1,0.4607404470443725,75,2026-02-01,FW,Cremonese,Inter,15.0,Lautaro Martínez,a,FromCorner,Serie_A,Inter,7053,0.0,6993.0,59.0,60.0,44.0
30075,2025,7006,1,0.2534570097923279,78,2026-02-08,FW,Sassuolo,Inter,49.0,Lautaro Martínez,a,OpenPlay,Serie_A,Inter,7131,0.0,7102.0,109.0,29.0,60.0
30087,2025,7006,0,0.1096448749303817,90,2026-02-14,FW,Inter,Juventus,,Lautaro Martínez,h,NoGoal,Serie_A,Inter,7221,0.0,7102.0,0.0,119.0,29.0
30145,2025,7006,2,0.9124910235404968,61,2026-04-05,FW,Inter,Roma,1.0,Lautaro Martínez,h,OpenPlay,Serie_A,Inter,7282,0.0,7222.0,120.0,60.0,119.0
30145,2025,7006,2,0.9124910235404968,61,2026-04-05,FW,Inter,Roma,51.0,Lautaro Martínez,h,OpenPlay,Serie_A,Inter,7282,0.0,7272.0,50.0,10.0,119.0
30188,2025,7006,0,0.0605672113597393,21,2026-05-03,Sub,Inter,Parma Calcio 1913,,Lautaro Martínez,h,NoGoal,Serie_A,Inter,7303,69.0,7272.0,0.0,31.0,10.0
30198,2025,7006,1,0.5437089800834656,63,2026-05-09,FW,Lazio,Inter,5.0,Lautaro Martínez,a,OpenPlay,Serie_A,Inter,7366,0.0,7308.0,36.0,58.0,31.0
30208,2025,7006,0,1.0473092794418335,76,2026-05-17,FW,Inter,Verona,,Lautaro Martínez,h,NoGoal,Serie_A,Inter,7442,0.0,7308.0,0.0,134.0,58.0
22689,2023,7008,0,0.6044082045555115,84,2023-08-12,FW,Athletic Club,Real Madrid,,Vinícius Júnior,a,NoGoal,La_Liga,Real Madrid,84,0.0,,,,
22698,2023,7008,1,0.2816762030124664,90,2023-08-19,FW,Almeria,Real Madrid,72.0,Vinícius Júnior,a,OpenPlay,La_Liga,Real Madrid,174,0.0,156.0,,18.0,
22712,2023,7008,0,0.0,17,2023-08-25,FW,Celta Vigo,Real Madrid,,Vinícius Júnior,a,NoGoal,La_Liga,Real Madrid,191,0.0,156.0,0.0,35.0,18.0
22753,2023,7008,0,0.1201614886522293,30,2023-09-27,Sub,Real Madrid,Las Palmas,,Vinícius Júnior,h,NoGoal,La_Liga,Real Madrid,221,60.0,156.0,0.0,65.0,35.0
22760,2023,7008,0,0.0,72,2023-09-30,FW,Girona,Real Madrid,,Vinícius Júnior,a,NoGoal,La_Liga,Real Madrid,293,0.0,156.0,0.0,137.0,65.0
22772,2023,7008,1,1.1426849365234375,73,2023-10-07,FW,Real Madrid,Osasuna,64.0,Vinícius Júnior,h,OpenPlay,La_Liga,Real Madrid,366,0.0,357.0,201.0,9.0,137.0
22782,2023,7008,0,0.4029194712638855,90,2023-10-21,FW,Sevilla,Real Madrid,,Vinícius Júnior,a,NoGoal,La_Liga,Real Madrid,456,0.0,357.0,0.0,99.0,9.0
22787,2023,7008,0,0.0808545425534248,90,2023-10-28,FW,Barcelona,Real Madrid,,Vinícius Júnior,a,NoGoal,La_Liga,Real Madrid,546,0.0,357.0,0.0,189.0,99.0
22803,2023,7008,0,0.3786092400550842,90,2023-11-05,FW,Real Madrid,Rayo Vallecano,,Vinícius Júnior,h,NoGoal,La_Liga,Real Madrid,636,0.0,357.0,0.0,279.0,189.0
22808,2023,7008,2,0.6797375679016113,86,2023-11-11,FW,Real Madrid,Valencia,41.0,Vinícius Júnior,h,OpenPlay,La_Liga,Real Madrid,722,0.0,677.0,320.0,45.0,279.0
22808,2023,7008,2,0.6797375679016113,86,2023-11-11,FW,Real Madrid,Valencia,48.0,Vinícius Júnior,h,OpenPlay,La_Liga,Real Madrid,722,0.0,684.0,7.0,38.0,279.0
22873,2023,7008,0,0.4278985261917114,62,2024-01-03,FW,Real Madrid,Mallorca,,Vinícius Júnior,h,NoGoal,La_Liga,Real Madrid,784,0.0,684.0,0.0,100.0,38.0
22888,2023,7008,1,0.8840811252593994,90,2024-01-21,FW,Real Madrid,Almeria,66.0,Vinícius Júnior,h,OpenPlay,La_Liga,Real Madrid,874,0.0,850.0,166.0,24.0,100.0
22899,2023,7008,1,1.0829874277114868,90,2024-01-27,FW,Las Palmas,Real Madrid,64.0,Vinícius Júnior,a,OpenPlay,La_Liga,Real Madrid,964,0.0,938.0,88.0,26.0,24.0
22881,2023,7008,0,1.0459160804748535,78,2024-02-01,FW,Getafe,Real Madrid,,Vinícius Júnior,a,NoGoal,La_Liga,Real Madrid,1042,0.0,938.0,0.0,104.0,26.0
22923,2023,7008,1,0.2838670611381531,81,2024-02-10,FW,Real Madrid,Girona,5.0,Vinícius Júnior,h,OpenPlay,La_Liga,Real Madrid,1123,0.0,1047.0,109.0,76.0,104.0
22928,2023,7008,0,0.1814581155776977,90,2024-02-18,AML,Rayo Vallecano,Real Madrid,,Vinícius Júnior,a,NoGoal,La_Liga,Real Madrid,1213,0.0,1047.0,0.0,166.0,76.0
22939,2023,7008,0,0.155601680278778,90,2024-02-25,FWL,Real Madrid,Sevilla,,Vinícius Júnior,h,NoGoal,La_Liga,Real Madrid,1303,0.0,1047.0,0.0,256.0,166.0
22951,2023,7008,2,0.8056743144989014,90,2024-03-02,FW,Valencia,Real Madrid,49.0,Vinícius Júnior,a,OpenPlay,La_Liga,Real Madrid,1393,0.0,1352.0,305.0,41.0,256.0
22951,2023,7008,2,0.8056743144989014,90,2024-03-02,FW,Valencia,Real Madrid,75.0,Vinícius Júnior,a,OpenPlay,La_Liga,Real Madrid,1393,0.0,1378.0,26.0,15.0,256.0
22963,2023,7008,1,1.798834204673767,90,2024-03-10,FW,Real Madrid,Celta Vigo,20.0,Vinícius Júnior,h,FromCorner,La_Liga,Real Madrid,1483,0.0,1413.0,35.0,70.0,15.0
22967,2023,7008,2,1.4975281953811646,88,2024-03-16,FW,Osasuna,Real Madrid,3.0,Vinícius Júnior,a,OpenPlay,La_Liga,Real Madrid,1571,0.0,1486.0,73.0,85.0,70.0
22967,2023,7008,2,1.4975281953811646,88,2024-03-16,FW,Osasuna,Real Madrid,63.0,Vinícius Júnior,a,OpenPlay,La_Liga,Real Madrid,1571,0.0,1546.0,60.0,25.0,70.0
22988,2023,7008,0,0.2815737128257751,27,2024-04-13,Sub,Mallorca,Real Madrid,,Vinícius Júnior,a,NoGoal,La_Liga,Real Madrid,1598,63.0,1546.0,0.0,52.0,25.0
23000,2023,7008,1,2.011284112930298,89,2024-04-21,FW,Real Madrid,Barcelona,17.0,Vinícius Júnior,h,Penalty,La_Liga,Real Madrid,1687,0.0,1615.0,69.0,72.0,52.0
23014,2023,7008,0,0.0,19,2024-04-26,Sub,Real Sociedad,Real Madrid,,Vinícius Júnior,a,NoGoal,La_Liga,Real Madrid,1706,71.0,1615.0,0.0,91.0,72.0
23021,2023,7008,0,0.1104127839207649,16,2024-05-04,Sub,Real Madrid,Cadiz,,Vinícius Júnior,h,NoGoal,La_Liga,Real Madrid,1722,74.0,1615.0,0.0,107.0,91.0
23044,2023,7008,2,1.0682766437530518,90,2024-05-14,FW,Real Madrid,Alaves,26.0,Vinícius Júnior,h,OpenPlay,La_Liga,Real Madrid,1812,0.0,1748.0,133.0,64.0,107.0
23044,2023,7008,2,1.0682766437530518,90,2024-05-14,FW,Real Madrid,Alaves,69.0,Vinícius Júnior,h,OpenPlay,La_Liga,Real Madrid,1812,0.0,1791.0,43.0,21.0,107.0
23063,2023,7008,0,0.6726359128952026,90,2024-05-25,FW,Real Madrid,Real Betis,,Vinícius Júnior,h,NoGoal,La_Liga,Real Madrid,1902,0.0,1791.0,0.0,111.0,21.0
26989,2024,7008,0,0.0700807571411132,90,2024-08-18,FWL,Mallorca,Real Madrid,,Vinícius Júnior,a,NoGoal,La_Liga,Real Madrid,1992,0.0,1791.0,0.0,201.0,111.0
26998,2024,7008,0,0.0824365392327308,89,2024-08-25,AML,Real Madrid,Real Valladolid,,Vinícius Júnior,h,NoGoal,La_Liga,Real Madrid,2081,0.0,1791.0,0.0,290.0,201.0
27011,2024,7008,1,1.2939289808273315,86,2024-08-29,AML,Las Palmas,Real Madrid,68.0,Vinícius Júnior,a,Penalty,La_Liga,Real Madrid,2167,0.0,2149.0,358.0,18.0,290.0
27021,2024,7008,0,0.134009763598442,90,2024-09-01,FWL,Real Madrid,Real Betis,,Vinícius Júnior,h,NoGoal,La_Liga,Real Madrid,2257,0.0,2149.0,0.0,108.0,18.0
27031,2024,7008,1,0.9666861295700072,90,2024-09-14,AML,Real Sociedad,Real Madrid,57.0,Vinícius Júnior,a,Penalty,La_Liga,Real Madrid,2347,0.0,2314.0,165.0,33.0,108.0
27041,2024,7008,1,0.3659106194972992,35,2024-09-21,Sub,Real Madrid,Espanyol,77.0,Vinícius Júnior,h,OpenPlay,La_Liga,Real Madrid,2382,55.0,2369.0,55.0,13.0,33.0
27051,2024,7008,0,0.2515329122543335,90,2024-09-24,FWL,Real Madrid,Alaves,,Vinícius Júnior,h,NoGoal,La_Liga,Real Madrid,2472,0.0,2369.0,0.0,103.0,13.0
27053,2024,7008,0,0.0566293895244598,88,2024-09-29,FW,Atletico Madrid,Real Madrid,,Vinícius Júnior,a,NoGoal,La_Liga,Real Madrid,2560,0.0,2369.0,0.0,191.0,103.0
27063,2024,7008,1,0.0937115401029586,81,2024-10-05,FW,Real Madrid,Villarreal,72.0,Vinícius Júnior,h,OpenPlay,La_Liga,Real Madrid,2641,0.0,2632.0,263.0,9.0,191.0
27075,2024,7008,1,0.927332878112793,90,2024-10-19,AMC,Celta Vigo,Real Madrid,65.0,Vinícius Júnior,a,OpenPlay,La_Liga,Real Madrid,2731,0.0,2706.0,74.0,25.0,9.0
27085,2024,7008,0,0.3394936323165893,90,2024-10-26,FW,Real Madrid,Barcelona,,Vinícius Júnior,h,NoGoal,La_Liga,Real Madrid,2821,0.0,2706.0,0.0,115.0,25.0
27109,2024,7008,3,2.1381728649139404,81,2024-11-09,FWL,Real Madrid,Osasuna,33.0,Vinícius Júnior,h,OpenPlay,La_Liga,Real Madrid,2902,0.0,2854.0,148.0,48.0,115.0
27109,2024,7008,3,2.1381728649139404,81,2024-11-09,FWL,Real Madrid,Osasuna,60.0,Vinícius Júnior,h,OpenPlay,La_Liga,Real Madrid,2902,0.0,2881.0,27.0,21.0,115.0
27109,2024,7008,3,2.1381728649139404,81,2024-11-09,FWL,Real Madrid,Osasuna,68.0,Vinícius Júnior,h,OpenPlay,La_Liga,Real Madrid,2902,0.0,2889.0,8.0,13.0,115.0
27116,2024,7008,0,0.0498829968273639,90,2024-11-24,FW,Leganes,Real Madrid,,Vinícius Júnior,a,NoGoal,La_Liga,Real Madrid,2992,0.0,2889.0,0.0,103.0,13.0
27144,2024,7008,0,0.067044697701931,24,2024-12-14,Sub,Rayo Vallecano,Real Madrid,,Vinícius Júnior,a,NoGoal,La_Liga,Real Madrid,3016,66.0,2889.0,0.0,127.0,103.0
27099,2024,7008,0,0.3924681544303894,83,2025-01-03,AML,Valencia,Real Madrid,,Vinícius Júnior,a,NoGoal,La_Liga,Real Madrid,3099,0.0,2889.0,0.0,210.0,127.0
27201,2024,7008,0,0.2767288982868194,90,2025-02-01,AML,Espanyol,Real Madrid,,Vinícius Júnior,a,NoGoal,La_Liga,Real Madrid,3189,0.0,2889.0,0.0,300.0,210.0
27205,2024,7008,0,0.146910160779953,90,2025-02-08,AML,Real Madrid,Atletico Madrid,,Vinícius Júnior,h,NoGoal,La_Liga,Real Madrid,3279,0.0,2889.0,0.0,390.0,300.0
27220,2024,7008,0,1.2126998901367188,90,2025-02-15,FW,Osasuna,Real Madrid,,Vinícius Júnior,a,NoGoal,La_Liga,Real Madrid,3369,0.0,2889.0,0.0,480.0,390.0
27228,2024,7008,1,0.8526819944381714,90,2025-02-23,FW,Real Madrid,Girona,82.0,Vinícius Júnior,h,OpenPlay,La_Liga,Real Madrid,3459,0.0,3451.0,562.0,8.0,480.0
27233,2024,7008,0,0.0172512587159872,90,2025-03-01,FWL,Real Betis,Real Madrid,,Vinícius Júnior,a,NoGoal,La_Liga,Real Madrid,3549,0.0,3451.0,0.0,98.0,8.0
27251,2024,7008,1,0.5578840970993042,90,2025-03-09,FW,Real Madrid,Rayo Vallecano,33.0,Vinícius Júnior,h,OpenPlay,La_Liga,Real Madrid,3639,0.0,3582.0,131.0,57.0,98.0
27259,2024,7008,0,0.0,25,2025-03-15,Sub,Villarreal,Real Madrid,,Vinícius Júnior,a,NoGoal,La_Liga,Real Madrid,3664,65.0,3582.0,0.0,82.0,57.0
27268,2024,7008,0,0.0235964003950357,24,2025-03-29,Sub,Real Madrid,Leganes,,Vinícius Júnior,h,NoGoal,La_Liga,Real Madrid,3688,66.0,3582.0,0.0,106.0,82.0
27273,2024,7008,1,1.46458101272583,80,2025-04-05,FW,Real Madrid,Valencia,49.0,Vinícius Júnior,h,FromCorner,La_Liga,Real Madrid,3768,0.0,3737.0,155.0,31.0,106.0
27287,2024,7008,0,0.0,23,2025-04-13,Sub,Alaves,Real Madrid,,Vinícius Júnior,a,NoGoal,La_Liga,Real Madrid,3791,67.0,3737.0,0.0,54.0,31.0
27294,2024,7008,0,0.1102602109313011,90,2025-04-20,FW,Real Madrid,Athletic Club,,Vinícius Júnior,h,NoGoal,La_Liga,Real Madrid,3881,0.0,3737.0,0.0,144.0,54.0
27308,2024,7008,0,0.3975607454776764,74,2025-04-23,FW,Getafe,Real Madrid,,Vinícius Júnior,a,NoGoal,La_Liga,Real Madrid,3955,0.0,3737.0,0.0,218.0,144.0
27317,2024,7008,0,0.1687536984682083,90,2025-05-04,AML,Real Madrid,Celta Vigo,,Vinícius Júnior,h,NoGoal,La_Liga,Real Madrid,4045,0.0,3737.0,0.0,308.0,218.0
27324,2024,7008,0,0.0223176591098308,90,2025-05-11,AML,Barcelona,Real Madrid,,Vinícius Júnior,a,NoGoal,La_Liga,Real Madrid,4135,0.0,3737.0,0.0,398.0,308.0
27355,2024,7008,0,0.294528067111969,34,2025-05-24,Sub,Real Madrid,Real Sociedad,,Vinícius Júnior,h,NoGoal,La_Liga,Real Madrid,4169,56.0,3737.0,0.0,432.0,398.0
29167,2025,7008,0,0.0204142294824123,80,2025-08-19,FWL,Real Madrid,Osasuna,,Vinícius Júnior,h,NoGoal,La_Liga,Real Madrid,4249,0.0,3737.0,0.0,512.0,432.0
29175,2025,7008,1,0.1978719681501388,25,2025-08-24,Sub,Real Oviedo,Real Madrid,92.0,Vinícius Júnior,a,OpenPlay,La_Liga,Real Madrid,4274,67.0,4274.0,537.0,0.0,512.0
29184,2025,7008,1,0.103080429136753,78,2025-08-30,AML,Real Madrid,Mallorca,37.0,Vinícius Júnior,h,OpenPlay,La_Liga,Real Madrid,4352,0.0,4311.0,37.0,41.0,0.0
29195,2025,7008,0,0.0516791976988315,72,2025-09-13,AML,Real Sociedad,Real Madrid,,Vinícius Júnior,a,NoGoal,La_Liga,Real Madrid,4424,0.0,4311.0,0.0,113.0,41.0
29206,2025,7008,0,0.6133366227149963,80,2025-09-20,ML,Real Madrid,Espanyol,,Vinícius Júnior,h,NoGoal,La_Liga,Real Madrid,4504,0.0,4311.0,0.0,193.0,113.0
29210,2025,7008,1,1.1361955404281616,90,2025-09-23,AMC,Levante,Real Madrid,27.0,Vinícius Júnior,a,OpenPlay,La_Liga,Real Madrid,4594,0.0,4531.0,220.0,63.0,193.0
29219,2025,7008,0,0.0,90,2025-09-27,AML,Atletico Madrid,Real Madrid,,Vinícius Júnior,a,NoGoal,La_Liga,Real Madrid,4684,0.0,4531.0,0.0,153.0,63.0
29231,2025,7008,2,1.181763768196106,90,2025-10-04,AML,Real Madrid,Villarreal,46.0,Vinícius Júnior,h,OpenPlay,La_Liga,Real Madrid,4774,0.0,4730.0,199.0,44.0,153.0
29231,2025,7008,2,1.181763768196106,90,2025-10-04,AML,Real Madrid,Villarreal,68.0,Vinícius Júnior,h,Penalty,La_Liga,Real Madrid,4774,0.0,4752.0,22.0,22.0,153.0
29242,2025,7008,0,0.1409327387809753,33,2025-10-19,Sub,Getafe,Real Madrid,,Vinícius Júnior,a,NoGoal,La_Liga,Real Madrid,4807,57.0,4752.0,0.0,55.0,22.0
29254,2025,7008,0,0.310811311006546,78,2025-10-26,ML,Real Madrid,Barcelona,,Vinícius Júnior,h,NoGoal,La_Liga,Real Madrid,4885,0.0,4752.0,0.0,133.0,55.0
29263,2025,7008,0,0.8274351954460144,85,2025-11-01,FWL,Real Madrid,Valencia,,Vinícius Júnior,h,NoGoal,La_Liga,Real Madrid,4970,0.0,4752.0,0.0,218.0,133.0
29272,2025,7008,0,0.1330345124006271,90,2025-11-09,AML,Rayo Vallecano,Real Madrid,,Vinícius Júnior,a,NoGoal,La_Liga,Real Madrid,5060,0.0,4752.0,0.0,308.0,218.0
29280,2025,7008,0,0.099476933479309,33,2025-11-23,Sub,Elche,Real Madrid,,Vinícius Júnior,a,NoGoal,La_Liga,Real Madrid,5093,57.0,4752.0,0.0,341.0,308.0
29290,2025,7008,0,0.3890193402767181,90,2025-11-30,FWL,Girona,Real Madrid,,Vinícius Júnior,a,NoGoal,La_Liga,Real Madrid,5183,0.0,4752.0,0.0,431.0,341.0
29338,2025,7008,0,0.9367374181747437,80,2025-12-03,FWL,Athletic Club,Real Madrid,,Vinícius Júnior,a,NoGoal,La_Liga,Real Madrid,5263,0.0,4752.0,0.0,511.0,431.0
29303,2025,7008,0,0.1738382130861282,90,2025-12-07,FW,Real Madrid,Celta Vigo,,Vinícius Júnior,h,NoGoal,La_Liga,Real Madrid,5353,0.0,4752.0,0.0,601.0,511.0
29308,2025,7008,0,0.0711252763867378,90,2025-12-14,FW,Alaves,Real Madrid,,Vinícius Júnior,a,NoGoal,La_Liga,Real Madrid,5443,0.0,4752.0,0.0,691.0,601.0
29322,2025,7008,0,0.0505332872271537,86,2025-12-20,FWL,Real Madrid,Sevilla,,Vinícius Júnior,h,NoGoal,La_Liga,Real Madrid,5529,0.0,4752.0,0.0,777.0,691.0
29334,2025,7008,0,0.0971025601029396,79,2026-01-04,FW,Real Madrid,Real Betis,,Vinícius Júnior,h,NoGoal,La_Liga,Real Madrid,5608,0.0,4752.0,0.0,856.0,777.0
29351,2025,7008,0,0.1740742772817611,90,2026-01-17,FWL,Real Madrid,Levante,,Vinícius Júnior,h,NoGoal,La_Liga,Real Madrid,5698,0.0,4752.0,0.0,946.0,856.0
29367,2025,7008,0,0.1959124654531479,90,2026-01-24,FWL,Villarreal,Real Madrid,,Vinícius Júnior,a,NoGoal,La_Liga,Real Madrid,5788,0.0,4752.0,0.0,1036.0,946.0
29377,2025,7008,1,0.3785055577754974,90,2026-02-01,FW,Real Madrid,Rayo Vallecano,14.0,Vinícius Júnior,h,OpenPlay,La_Liga,Real Madrid,5878,0.0,5802.0,1050.0,76.0,1036.0
29391,2025,7008,2,1.5749751329421997,90,2026-02-14,FW,Real Madrid,Real Sociedad,24.0,Vinícius Júnior,h,Penalty,La_Liga,Real Madrid,5968,0.0,5902.0,100.0,66.0,76.0
29391,2025,7008,2,1.5749751329421997,90,2026-02-14,FW,Real Madrid,Real Sociedad,47.0,Vinícius Júnior,h,Penalty,La_Liga,Real Madrid,5968,0.0,5925.0,23.0,43.0,76.0
29405,2025,7008,1,0.738479733467102,90,2026-02-21,FW,Osasuna,Real Madrid,72.0,Vinícius Júnior,a,OpenPlay,La_Liga,Real Madrid,6058,0.0,6040.0,115.0,18.0,43.0
29416,2025,7008,0,0.2820234000682831,90,2026-03-02,AML,Real Madrid,Getafe,,Vinícius Júnior,h,NoGoal,La_Liga,Real Madrid,6148,0.0,6040.0,0.0,108.0,18.0
29420,2025,7008,0,0.0951153859496116,90,2026-03-06,FW,Celta Vigo,Real Madrid,,Vinícius Júnior,a,NoGoal,La_Liga,Real Madrid,6238,0.0,6040.0,0.0,198.0,108.0
29434,2025,7008,0,0.1356702297925949,63,2026-03-14,FW,Real Madrid,Elche,,Vinícius Júnior,h,NoGoal,La_Liga,Real Madrid,6301,0.0,6040.0,0.0,261.0,198.0
29446,2025,7008,2,2.129811763763428,88,2026-03-22,FW,Real Madrid,Atletico Madrid,51.0,Vinícius Júnior,h,Penalty,La_Liga,Real Madrid,6389,0.0,6352.0,312.0,37.0,261.0
29446,2025,7008,2,2.129811763763428,88,2026-03-22,FW,Real Madrid,Atletico Madrid,71.0,Vinícius Júnior,h,OpenPlay,La_Liga,Real Madrid,6389,0.0,6372.0,20.0,17.0,261.0
29452,2025,7008,0,0.053130704909563,30,2026-04-04,Sub,Mallorca,Real Madrid,,Vinícius Júnior,a,NoGoal,La_Liga,Real Madrid,6419,60.0,6372.0,0.0,47.0,17.0
29462,2025,7008,0,0.3059040606021881,90,2026-04-10,FW,Real Madrid,Girona,,Vinícius Júnior,h,NoGoal,La_Liga,Real Madrid,6509,0.0,6372.0,0.0,137.0,47.0
29483,2025,7008,1,0.2470700889825821,90,2026-04-21,FW,Real Madrid,Alaves,49.0,Vinícius Júnior,h,OpenPlay,La_Liga,Real Madrid,6599,0.0,6558.0,186.0,41.0,137.0
29474,2025,7008,1,0.5444034934043884,90,2026-04-24,FW,Real Betis,Real Madrid,16.0,Vinícius Júnior,a,OpenPlay,La_Liga,Real Madrid,6689,0.0,6615.0,57.0,74.0,41.0
29494,2025,7008,2,0.6151357293128967,87,2026-05-03,FW,Espanyol,Real Madrid,54.0,Vinícius Júnior,a,OpenPlay,La_Liga,Real Madrid,6776,0.0,6743.0,128.0,33.0,74.0
29494,2025,7008,2,0.6151357293128967,87,2026-05-03,FW,Espanyol,Real Madrid,65.0,Vinícius Júnior,a,OpenPlay,La_Liga,Real Madrid,6776,0.0,6754.0,11.0,22.0,74.0
29500,2025,7008,0,0.0510972887277603,90,2026-05-10,AML,Barcelona,Real Madrid,,Vinícius Júnior,a,NoGoal,La_Liga,Real Madrid,6866,0.0,6754.0,0.0,112.0,22.0
29517,2025,7008,0,0.1839692741632461,90,2026-05-14,FW,Real Madrid,Real Oviedo,,Vinícius Júnior,h,NoGoal,La_Liga,Real Madrid,6956,0.0,6754.0,0.0,202.0,112.0
29524,2025,7008,1,0.1640954464673996,78,2026-05-17,FWL,Sevilla,Real Madrid,14.0,Vinícius Júnior,a,OpenPlay,La_Liga,Real Madrid,7034,0.0,6970.0,216.0,64.0,202.0
22284,2023,7080,0,0.6917670369148254,79,2023-08-14,FW,Manchester United,Wolverhampton Wanderers,,Matheus Cunha,a,NoGoal,EPL,Wolverhampton Wanderers,79,0.0,,,,
22286,2023,7080,0,0.6011396646499634,90,2023-08-19,AMC,Wolverhampton Wanderers,Brighton,,Matheus Cunha,h,NoGoal,EPL,Wolverhampton Wanderers,169,0.0,,,,
22299,2023,7080,0,0.1481488794088363,87,2023-08-26,AMC,Everton,Wolverhampton Wanderers,,Matheus Cunha,a,NoGoal,EPL,Wolverhampton Wanderers,256,0.0,,,,
21932,2023,7080,1,0.4846419095993042,90,2023-09-03,AMC,Crystal Palace,Wolverhampton Wanderers,95.0,Matheus Cunha,a,OpenPlay,EPL,Wolverhampton Wanderers,346,0.0,351.0,,0.0,
21935,2023,7080,0,0.0744349732995033,63,2023-09-16,FW,Wolverhampton Wanderers,Liverpool,,Matheus Cunha,h,NoGoal,EPL,Wolverhampton Wanderers,409,0.0,351.0,0.0,58.0,0.0
21945,2023,7080,0,0.0,76,2023-09-23,FW,Luton,Wolverhampton Wanderers,,Matheus Cunha,a,NoGoal,EPL,Wolverhampton Wanderers,485,0.0,351.0,0.0,134.0,58.0
21961,2023,7080,0,0.0,89,2023-09-30,FW,Wolverhampton Wanderers,Manchester City,,Matheus Cunha,h,NoGoal,EPL,Wolverhampton Wanderers,574,0.0,351.0,0.0,223.0,134.0
21974,2023,7080,0,0.0,80,2023-10-08,FW,Wolverhampton Wanderers,Aston Villa,,Matheus Cunha,h,NoGoal,EPL,Wolverhampton Wanderers,654,0.0,351.0,0.0,303.0,223.0
21975,2023,7080,1,0.354870855808258,86,2023-10-21,FW,Bournemouth,Wolverhampton Wanderers,46.0,Matheus Cunha,a,OpenPlay,EPL,Wolverhampton Wanderers,740,0.0,700.0,349.0,40.0,303.0
21994,2023,7080,0,0.3466374576091766,90,2023-10-28,FW,Wolverhampton Wanderers,Newcastle United,,Matheus Cunha,h,NoGoal,EPL,Wolverhampton Wanderers,830,0.0,700.0,0.0,130.0,40.0
22003,2023,7080,0,0.0443483814597129,90,2023-11-04,AMC,Sheffield United,Wolverhampton Wanderers,,Matheus Cunha,a,NoGoal,EPL,Wolverhampton Wanderers,920,0.0,700.0,0.0,220.0,130.0
22014,2023,7080,0,0.1333835124969482,90,2023-11-11,FW,Wolverhampton Wanderers,Tottenham,,Matheus Cunha,h,NoGoal,EPL,Wolverhampton Wanderers,1010,0.0,700.0,0.0,310.0,220.0
22018,2023,7080,1,0.4154879748821258,86,2023-11-27,FW,Fulham,Wolverhampton Wanderers,21.0,Matheus Cunha,a,OpenPlay,EPL,Wolverhampton Wanderers,1096,0.0,1031.0,331.0,65.0,310.0
22026,2023,7080,1,0.4528647065162658,90,2023-12-02,FW,Arsenal,Wolverhampton Wanderers,85.0,Matheus Cunha,a,OpenPlay,EPL,Wolverhampton Wanderers,1186,0.0,1181.0,150.0,5.0,65.0
22042,2023,7080,0,0.0152669055387377,90,2023-12-05,FW,Wolverhampton Wanderers,Burnley,,Matheus Cunha,h,NoGoal,EPL,Wolverhampton Wanderers,1276,0.0,1181.0,0.0,95.0,5.0
22054,2023,7080,1,0.7931383848190308,90,2023-12-09,FWL,Wolverhampton Wanderers,Nottingham Forest,31.0,Matheus Cunha,h,OpenPlay,EPL,Wolverhampton Wanderers,1366,0.0,1307.0,126.0,59.0,95.0
22064,2023,7080,0,0.1512472331523895,90,2023-12-17,FW,West Ham,Wolverhampton Wanderers,,Matheus Cunha,a,NoGoal,EPL,Wolverhampton Wanderers,1456,0.0,1307.0,0.0,149.0,59.0
22073,2023,7080,0,0.079938419163227,87,2023-12-24,FW,Wolverhampton Wanderers,Chelsea,,Matheus Cunha,h,NoGoal,EPL,Wolverhampton Wanderers,1543,0.0,1307.0,0.0,236.0,149.0
22077,2023,7080,0,0.1114915609359741,90,2023-12-27,AMC,Brentford,Wolverhampton Wanderers,,Matheus Cunha,a,NoGoal,EPL,Wolverhampton Wanderers,1633,0.0,1307.0,0.0,326.0,236.0
22094,2023,7080,1,0.9675207138061525,85,2023-12-30,AMC,Wolverhampton Wanderers,Everton,52.0,Matheus Cunha,h,OpenPlay,EPL,Wolverhampton Wanderers,1718,0.0,1685.0,378.0,33.0,326.0
22095,2023,7080,0,0.8875386118888855,90,2024-01-22,AMC,Brighton,Wolverhampton Wanderers,,Matheus Cunha,a,NoGoal,EPL,Wolverhampton Wanderers,1808,0.0,1685.0,0.0,123.0,33.0
22111,2023,7080,0,0.1101123467087745,90,2024-02-01,AMC,Wolverhampton Wanderers,Manchester United,,Matheus Cunha,h,NoGoal,EPL,Wolverhampton Wanderers,1898,0.0,1685.0,0.0,213.0,123.0
22120,2023,7080,3,1.457529902458191,90,2024-02-04,AMC,Chelsea,Wolverhampton Wanderers,21.0,Matheus Cunha,a,OpenPlay,EPL,Wolverhampton Wanderers,1988,0.0,1919.0,234.0,69.0,213.0
22120,2023,7080,3,1.457529902458191,90,2024-02-04,AMC,Chelsea,Wolverhampton Wanderers,62.0,Matheus Cunha,a,OpenPlay,EPL,Wolverhampton Wanderers,1988,0.0,1960.0,41.0,28.0,213.0
22120,2023,7080,3,1.457529902458191,90,2024-02-04,AMC,Chelsea,Wolverhampton Wanderers,81.0,Matheus Cunha,a,Penalty,EPL,Wolverhampton Wanderers,1988,0.0,1979.0,19.0,9.0,213.0
22134,2023,7080,0,0.1875438243150711,19,2024-02-10,AMC,Wolverhampton Wanderers,Brentford,,Matheus Cunha,h,NoGoal,EPL,Wolverhampton Wanderers,2007,0.0,1979.0,0.0,28.0,9.0
22197,2023,7080,0,0.0,10,2024-04-02,Sub,Burnley,Wolverhampton Wanderers,,Matheus Cunha,a,NoGoal,EPL,Wolverhampton Wanderers,2017,80.0,1979.0,0.0,38.0,28.0
22214,2023,7080,0,0.0131325274705886,33,2024-04-06,Sub,Wolverhampton Wanderers,West Ham,,Matheus Cunha,h,NoGoal,EPL,Wolverhampton Wanderers,2050,57.0,1979.0,0.0,71.0,38.0
22223,2023,7080,2,0.883619487285614,80,2024-04-13,FW,Nottingham Forest,Wolverhampton Wanderers,39.0,Matheus Cunha,a,OpenPlay,EPL,Wolverhampton Wanderers,2130,0.0,2089.0,110.0,41.0,71.0
22223,2023,7080,2,0.883619487285614,80,2024-04-13,FW,Nottingham Forest,Wolverhampton Wanderers,61.0,Matheus Cunha,a,FromCorner,EPL,Wolverhampton Wanderers,2130,0.0,2111.0,22.0,19.0,71.0
22184,2023,7080,0,0.1285201460123062,33,2024-04-24,Sub,Wolverhampton Wanderers,Bournemouth,,Matheus Cunha,h,NoGoal,EPL,Wolverhampton Wanderers,2163,57.0,2111.0,0.0,52.0,19.0
22244,2023,7080,0,0.0198657494038343,78,2024-04-27,AMC,Wolverhampton Wanderers,Luton,,Matheus Cunha,h,NoGoal,EPL,Wolverhampton Wanderers,2241,0.0,2111.0,0.0,130.0,52.0
22253,2023,7080,0,0.0,83,2024-05-04,FW,Manchester City,Wolverhampton Wanderers,,Matheus Cunha,a,NoGoal,EPL,Wolverhampton Wanderers,2324,0.0,2111.0,0.0,213.0,130.0
22264,2023,7080,1,0.2471404671669006,90,2024-05-11,AMC,Wolverhampton Wanderers,Crystal Palace,65.0,Matheus Cunha,h,OpenPlay,EPL,Wolverhampton Wanderers,2414,0.0,2389.0,278.0,25.0,213.0
22271,2023,7080,0,0.427788645029068,85,2024-05-19,AMC,Liverpool,Wolverhampton Wanderers,,Matheus Cunha,a,NoGoal,EPL,Wolverhampton Wanderers,2499,0.0,2389.0,0.0,110.0,25.0
26604,2024,7080,0,0.0430611111223697,32,2024-08-17,Sub,Arsenal,Wolverhampton Wanderers,,Matheus Cunha,a,NoGoal,EPL,Wolverhampton Wanderers,2531,58.0,2389.0,0.0,142.0,110.0
26619,2024,7080,1,1.2959703207015991,77,2024-08-25,AMC,Wolverhampton Wanderers,Chelsea,26.0,Matheus Cunha,h,OpenPlay,EPL,Wolverhampton Wanderers,2608,0.0,2557.0,168.0,51.0,142.0
26627,2024,7080,0,0.1605574786663055,90,2024-08-31,AMC,Nottingham Forest,Wolverhampton Wanderers,,Matheus Cunha,a,NoGoal,EPL,Wolverhampton Wanderers,2698,0.0,2557.0,0.0,141.0,51.0
26641,2024,7080,0,0.2640218436717987,90,2024-09-15,AMC,Wolverhampton Wanderers,Newcastle United,,Matheus Cunha,h,NoGoal,EPL,Wolverhampton Wanderers,2788,0.0,2557.0,0.0,231.0,141.0
26647,2024,7080,1,0.0249607190489768,90,2024-09-21,ML,Aston Villa,Wolverhampton Wanderers,24.0,Matheus Cunha,a,OpenPlay,EPL,Wolverhampton Wanderers,2878,0.0,2812.0,255.0,66.0,231.0
26658,2024,7080,0,0.0488959476351738,90,2024-09-28,MR,Wolverhampton Wanderers,Liverpool,,Matheus Cunha,h,NoGoal,EPL,Wolverhampton Wanderers,2968,0.0,2812.0,0.0,156.0,66.0
26667,2024,7080,1,0.2724606692790985,90,2024-10-05,ML,Brentford,Wolverhampton Wanderers,3.0,Matheus Cunha,a,OpenPlay,EPL,Wolverhampton Wanderers,3058,0.0,2971.0,159.0,87.0,156.0
26681,2024,7080,0,0.016384407877922,69,2024-10-20,FW,Wolverhampton Wanderers,Manchester City,,Matheus Cunha,h,NoGoal,EPL,Wolverhampton Wanderers,3127,0.0,2971.0,0.0,156.0,87.0
26686,2024,7080,1,0.3733123540878296,90,2024-10-26,AMC,Brighton,Wolverhampton Wanderers,92.0,Matheus Cunha,a,OpenPlay,EPL,Wolverhampton Wanderers,3217,0.0,3219.0,248.0,0.0,156.0
26701,2024,7080,0,0.0951862782239914,90,2024-11-02,AMC,Wolverhampton Wanderers,Crystal Palace,,Matheus Cunha,h,NoGoal,EPL,Wolverhampton Wanderers,3307,0.0,3219.0,0.0,88.0,0.0
26711,2024,7080,1,0.0787420645356178,90,2024-11-09,AMC,Wolverhampton Wanderers,Southampton,50.0,Matheus Cunha,h,OpenPlay,EPL,Wolverhampton Wanderers,3397,0.0,3357.0,138.0,40.0,88.0
26717,2024,7080,2,0.6298876404762268,90,2024-11-23,AMC,Fulham,Wolverhampton Wanderers,30.0,Matheus Cunha,a,OpenPlay,EPL,Wolverhampton Wanderers,3487,0.0,3427.0,70.0,60.0,40.0
26717,2024,7080,2,0.6298876404762268,90,2024-11-23,AMC,Fulham,Wolverhampton Wanderers,86.0,Matheus Cunha,a,OpenPlay,EPL,Wolverhampton Wanderers,3487,0.0,3483.0,56.0,4.0,40.0
26731,2024,7080,0,0.1022603511810302,90,2024-11-30,AMC,Wolverhampton Wanderers,Bournemouth,,Matheus Cunha,h,NoGoal,EPL,Wolverhampton Wanderers,3577,0.0,3483.0,0.0,94.0,4.0
26735,2024,7080,0,0.0621686391532421,90,2024-12-04,AMC,Everton,Wolverhampton Wanderers,,Matheus Cunha,a,NoGoal,EPL,Wolverhampton Wanderers,3667,0.0,3483.0,0.0,184.0,94.0
26746,2024,7080,0,0.0372333042323589,90,2024-12-09,AMC,West Ham,Wolverhampton Wanderers,,Matheus Cunha,a,NoGoal,EPL,Wolverhampton Wanderers,3757,0.0,3483.0,0.0,274.0,184.0
26758,2024,7080,1,0.3805503845214844,90,2024-12-14,AMC,Wolverhampton Wanderers,Ipswich,71.0,Matheus Cunha,h,OpenPlay,EPL,Wolverhampton Wanderers,3847,0.0,3828.0,345.0,19.0,274.0
26770,2024,7080,1,0.1559546291828155,90,2024-12-22,AMC,Leicester,Wolverhampton Wanderers,43.0,Matheus Cunha,a,OpenPlay,EPL,Wolverhampton Wanderers,3937,0.0,3890.0,62.0,47.0,19.0
26781,2024,7080,1,0.0417407192289829,90,2024-12-26,AMC,Wolverhampton Wanderers,Manchester United,57.0,Matheus Cunha,h,FromCorner,EPL,Wolverhampton Wanderers,4027,0.0,3994.0,104.0,33.0,47.0
26790,2024,7080,0,0.0893800184130668,49,2024-12-29,AMC,Tottenham,Wolverhampton Wanderers,,Matheus Cunha,a,NoGoal,EPL,Wolverhampton Wanderers,4076,0.0,3994.0,0.0,82.0,33.0
26810,2024,7080,0,0.2772600650787353,41,2025-01-15,Sub,Newcastle United,Wolverhampton Wanderers,,Matheus Cunha,a,NoGoal,EPL,Wolverhampton Wanderers,4117,49.0,3994.0,0.0,123.0,82.0
26814,2024,7080,0,0.2046726197004318,90,2025-01-20,AMC,Chelsea,Wolverhampton Wanderers,,Matheus Cunha,a,NoGoal,EPL,Wolverhampton Wanderers,4207,0.0,3994.0,0.0,213.0,123.0
26831,2024,7080,0,0.1568221002817154,90,2025-01-25,AMC,Wolverhampton Wanderers,Arsenal,,Matheus Cunha,h,NoGoal,EPL,Wolverhampton Wanderers,4297,0.0,3994.0,0.0,303.0,213.0
26841,2024,7080,1,0.7077529430389404,90,2025-02-01,AMC,Wolverhampton Wanderers,Aston Villa,96.0,Matheus Cunha,h,OpenPlay,EPL,Wolverhampton Wanderers,4387,0.0,4393.0,399.0,0.0,303.0
26847,2024,7080,1,0.3377931118011474,90,2025-02-16,AMC,Liverpool,Wolverhampton Wanderers,66.0,Matheus Cunha,a,OpenPlay,EPL,Wolverhampton Wanderers,4477,0.0,4453.0,60.0,24.0,0.0
26852,2024,7080,1,0.5344023108482361,90,2025-02-22,AMC,Bournemouth,Wolverhampton Wanderers,35.0,Matheus Cunha,a,OpenPlay,EPL,Wolverhampton Wanderers,4567,0.0,4512.0,59.0,55.0,24.0
26867,2024,7080,0,0.3042003512382507,90,2025-02-25,AMC,Wolverhampton Wanderers,Fulham,,Matheus Cunha,h,NoGoal,EPL,Wolverhampton Wanderers,4657,0.0,4512.0,0.0,145.0,55.0
26919,2024,7080,1,0.4390198290348053,17,2025-04-13,Sub,Wolverhampton Wanderers,Tottenham,85.0,Matheus Cunha,h,OpenPlay,EPL,Wolverhampton Wanderers,4674,73.0,4669.0,157.0,5.0,145.0
26929,2024,7080,0,0.0284623317420482,90,2025-04-20,AMC,Manchester United,Wolverhampton Wanderers,,Matheus Cunha,a,NoGoal,EPL,Wolverhampton Wanderers,4764,0.0,4669.0,0.0,95.0,5.0
26941,2024,7080,1,0.6165494918823242,90,2025-04-26,AMC,Wolverhampton Wanderers,Leicester,32.0,Matheus Cunha,h,OpenPlay,EPL,Wolverhampton Wanderers,4854,0.0,4796.0,127.0,58.0,95.0
26942,2024,7080,0,0.1222589164972305,86,2025-05-02,FW,Manchester City,Wolverhampton Wanderers,,Matheus Cunha,a,NoGoal,EPL,Wolverhampton Wanderers,4940,0.0,4796.0,0.0,144.0,58.0
26961,2024,7080,0,0.0503657050430774,66,2025-05-10,AMC,Wolverhampton Wanderers,Brighton,,Matheus Cunha,h,NoGoal,EPL,Wolverhampton Wanderers,5006,0.0,4796.0,0.0,210.0,144.0
26967,2024,7080,0,0.1667217910289764,20,2025-05-20,Sub,Crystal Palace,Wolverhampton Wanderers,,Matheus Cunha,a,NoGoal,EPL,Wolverhampton Wanderers,5026,70.0,4796.0,0.0,230.0,210.0
26978,2024,7080,0,0.3272885382175445,90,2025-05-25,AMC,Wolverhampton Wanderers,Brentford,,Matheus Cunha,h,NoGoal,EPL,Wolverhampton Wanderers,5116,0.0,4796.0,0.0,320.0,230.0
28786,2025,7080,0,0.3341710865497589,90,2025-08-17,FW,Manchester United,Arsenal,,Matheus Cunha,h,NoGoal,EPL,Manchester United,5206,0.0,4796.0,0.0,410.0,320.0
28796,2025,7080,0,0.4443435668945312,90,2025-08-24,FW,Fulham,Manchester United,,Matheus Cunha,a,NoGoal,EPL,Manchester United,5296,0.0,4796.0,0.0,500.0,410.0
28802,2025,7080,0,0.021575229242444,30,2025-08-30,FW,Manchester United,Burnley,,Matheus Cunha,h,NoGoal,EPL,Manchester United,5326,0.0,4796.0,0.0,530.0,500.0
28824,2025,7080,0,0.0,15,2025-09-20,Sub,Manchester United,Chelsea,,Matheus Cunha,h,NoGoal,EPL,Manchester United,5341,75.0,4796.0,0.0,545.0,530.0
28828,2025,7080,0,0.1291467994451522,90,2025-09-27,AMC,Brentford,Manchester United,,Matheus Cunha,a,NoGoal,EPL,Manchester United,5431,0.0,4796.0,0.0,635.0,545.0
28845,2025,7080,0,0.263367623090744,19,2025-10-04,Sub,Manchester United,Sunderland,,Matheus Cunha,h,NoGoal,EPL,Manchester United,5450,71.0,4796.0,0.0,654.0,635.0
28852,2025,7080,0,0.1099863499402999,90,2025-10-19,FW,Liverpool,Manchester United,,Matheus Cunha,a,NoGoal,EPL,Manchester United,5540,0.0,4796.0,0.0,744.0,654.0
28865,2025,7080,1,0.0599779523909091,83,2025-10-25,AMC,Manchester United,Brighton,23.0,Matheus Cunha,h,OpenPlay,EPL,Manchester United,5623,0.0,5563.0,767.0,60.0,744.0
28874,2025,7080,0,0.0700353309512138,90,2025-11-01,AMC,Nottingham Forest,Manchester United,,Matheus Cunha,a,NoGoal,EPL,Manchester United,5713,0.0,5563.0,0.0,150.0,60.0
28886,2025,7080,0,0.0604348629713058,73,2025-11-08,FW,Tottenham,Manchester United,,Matheus Cunha,a,NoGoal,EPL,Manchester United,5786,0.0,5563.0,0.0,223.0,150.0
28915,2025,7080,0,0.2430315464735031,78,2025-12-04,AMC,Manchester United,West Ham,,Matheus Cunha,h,NoGoal,EPL,Manchester United,5864,0.0,5563.0,0.0,301.0,223.0
28927,2025,7080,0,0.6750597357749939,90,2025-12-08,FW,Wolverhampton Wanderers,Manchester United,,Matheus Cunha,a,NoGoal,EPL,Manchester United,5954,0.0,5563.0,0.0,391.0,301.0
28934,2025,7080,1,0.8602206707000732,90,2025-12-15,FW,Manchester United,Bournemouth,78.0,Matheus Cunha,h,OpenPlay,EPL,Manchester United,6044,0.0,6032.0,469.0,12.0,391.0
28939,2025,7080,1,0.6840688586235046,90,2025-12-21,AMC,Aston Villa,Manchester United,47.0,Matheus Cunha,a,OpenPlay,EPL,Manchester United,6134,0.0,6091.0,59.0,43.0,12.0
28954,2025,7080,0,0.1419731676578521,90,2025-12-26,AML,Manchester United,Newcastle United,,Matheus Cunha,h,NoGoal,EPL,Manchester United,6224,0.0,6091.0,0.0,133.0,43.0
28964,2025,7080,0,0.09516142308712,90,2025-12-30,AMC,Manchester United,Wolverhampton Wanderers,,Matheus Cunha,h,NoGoal,EPL,Manchester United,6314,0.0,6091.0,0.0,223.0,133.0
28976,2025,7080,1,0.149170383810997,90,2026-01-04,AMC,Leeds,Manchester United,64.0,Matheus Cunha,a,OpenPlay,EPL,Manchester United,6404,0.0,6378.0,287.0,26.0,223.0
28982,2025,7080,0,0.0921936631202697,76,2026-01-07,AMR,Burnley,Manchester United,,Matheus Cunha,a,NoGoal,EPL,Manchester United,6480,0.0,6378.0,0.0,102.0,26.0
28993,2025,7080,0,0.0,17,2026-01-17,Sub,Manchester United,Manchester City,,Matheus Cunha,h,NoGoal,EPL,Manchester United,6497,73.0,6378.0,0.0,119.0,102.0
28999,2025,7080,1,0.0205032005906105,19,2026-01-25,Sub,Arsenal,Manchester United,86.0,Matheus Cunha,a,OpenPlay,EPL,Manchester United,6516,71.0,6512.0,134.0,4.0,119.0
29012,2025,7080,1,0.2073316723108291,77,2026-02-01,AML,Manchester United,Fulham,55.0,Matheus Cunha,h,OpenPlay,EPL,Manchester United,6593,0.0,6571.0,59.0,22.0,4.0
29025,2025,7080,0,0.0235369801521301,80,2026-02-07,FW,Manchester United,Tottenham,,Matheus Cunha,h,NoGoal,EPL,Manchester United,6673,0.0,6571.0,0.0,102.0,22.0
29037,2025,7080,0,0.0,69,2026-02-10,FW,West Ham,Manchester United,,Matheus Cunha,a,NoGoal,EPL,Manchester United,6742,0.0,6571.0,0.0,171.0,102.0
29042,2025,7080,0,0.0667439922690391,90,2026-02-23,AML,Everton,Manchester United,,Matheus Cunha,a,NoGoal,EPL,Manchester United,6832,0.0,6571.0,0.0,261.0,171.0
29055,2025,7080,0,0.0548093542456626,90,2026-03-01,AML,Manchester United,Crystal Palace,,Matheus Cunha,h,NoGoal,EPL,Manchester United,6922,0.0,6571.0,0.0,351.0,261.0
29065,2025,7080,0,0.1765594333410263,90,2026-03-04,AML,Newcastle United,Manchester United,,Matheus Cunha,a,NoGoal,EPL,Manchester United,7012,0.0,6571.0,0.0,441.0,351.0
29074,2025,7080,1,0.3330167829990387,90,2026-03-15,AML,Manchester United,Aston Villa,70.0,Matheus Cunha,h,OpenPlay,EPL,Manchester United,7102,0.0,7082.0,511.0,20.0,441.0
29078,2025,7080,0,0.0872307419776916,83,2026-03-20,AML,Bournemouth,Manchester United,,Matheus Cunha,a,NoGoal,EPL,Manchester United,7185,0.0,7082.0,0.0,103.0,20.0
29088,2025,7080,0,0.1516093015670776,90,2026-04-13,AML,Manchester United,Leeds,,Matheus Cunha,h,NoGoal,EPL,Manchester United,7275,0.0,7082.0,0.0,193.0,103.0
29100,2025,7080,1,0.3743019104003906,86,2026-04-18,AML,Chelsea,Manchester United,42.0,Matheus Cunha,a,OpenPlay,EPL,Manchester United,7361,0.0,7317.0,235.0,44.0,193.0
29125,2025,7080,1,0.1229254379868507,90,2026-05-03,AML,Manchester United,Liverpool,5.0,Matheus Cunha,h,FromCorner,EPL,Manchester United,7451,0.0,7366.0,49.0,85.0,44.0
29135,2025,7080,0,0.2634320259094238,90,2026-05-09,AML,Sunderland,Manchester United,,Matheus Cunha,a,NoGoal,EPL,Manchester United,7541,0.0,7366.0,0.0,175.0,85.0
29145,2025,7080,1,0.7601825594902039,81,2026-05-17,AML,Manchester United,Nottingham Forest,54.0,Matheus Cunha,h,OpenPlay,EPL,Manchester United,7622,0.0,7595.0,229.0,27.0,175.0
23170,2023,7108,0,0.0,13,2023-11-26,Sub,Hoffenheim,Mainz 05,,Jonathan Burkardt,a,NoGoal,Bundesliga,Mainz 05,13,77.0,,,,
23176,2023,7108,0,0.0,18,2023-12-03,Sub,Mainz 05,Freiburg,,Jonathan Burkardt,h,NoGoal,Bundesliga,Mainz 05,31,72.0,,,,
23186,2023,7108,0,0.325464129447937,62,2023-12-10,AMC,FC Cologne,Mainz 05,,Jonathan Burkardt,a,NoGoal,Bundesliga,Mainz 05,93,0.0,,,,
23195,2023,7108,0,0.0981674492359161,65,2023-12-16,AMC,Mainz 05,FC Heidenheim,,Jonathan Burkardt,h,NoGoal,Bundesliga,Mainz 05,158,0.0,,,,
23200,2023,7108,0,0.4805937111377716,20,2023-12-19,Sub,Borussia Dortmund,Mainz 05,,Jonathan Burkardt,a,NoGoal,Bundesliga,Mainz 05,178,70.0,,,,
23212,2023,7108,0,0.1070232093334198,80,2024-01-13,FW,Mainz 05,Wolfsburg,,Jonathan Burkardt,h,NoGoal,Bundesliga,Mainz 05,258,0.0,,,,
23230,2023,7108,0,0.0,90,2024-01-26,FW,Eintracht Frankfurt,Mainz 05,,Jonathan Burkardt,a,NoGoal,Bundesliga,Mainz 05,348,0.0,,,,
23240,2023,7108,0,0.0140710109844803,65,2024-02-03,AML,Mainz 05,Werder Bremen,,Jonathan Burkardt,h,NoGoal,Bundesliga,Mainz 05,413,0.0,,,,
23221,2023,7108,1,0.2800784111022949,90,2024-02-07,FWR,Mainz 05,Union Berlin,52.0,Jonathan Burkardt,h,FromCorner,Bundesliga,Mainz 05,503,0.0,465.0,,38.0,
23253,2023,7108,0,0.0817232355475425,90,2024-02-11,AMC,VfB Stuttgart,Mainz 05,,Jonathan Burkardt,a,NoGoal,Bundesliga,Mainz 05,593,0.0,465.0,0.0,128.0,38.0
23275,2023,7108,1,0.0546858794987201,90,2024-03-02,FW,Mainz 05,Borussia M.Gladbach,11.0,Jonathan Burkardt,h,OpenPlay,Bundesliga,Mainz 05,683,0.0,604.0,139.0,79.0,128.0
23281,2023,7108,0,0.0,72,2024-03-09,FW,Bayern Munich,Mainz 05,,Jonathan Burkardt,a,NoGoal,Bundesliga,Mainz 05,755,0.0,604.0,0.0,151.0,79.0
23294,2023,7108,2,1.9521663188934328,79,2024-03-16,AMC,Mainz 05,Bochum,47.0,Jonathan Burkardt,h,Penalty,Bundesliga,Mainz 05,834,0.0,802.0,198.0,32.0,151.0
23294,2023,7108,2,1.9521663188934328,79,2024-03-16,AMC,Mainz 05,Bochum,70.0,Jonathan Burkardt,h,FromCorner,Bundesliga,Mainz 05,834,0.0,825.0,23.0,9.0,151.0
23300,2023,7108,0,0.1037443131208419,90,2024-03-30,AMC,RasenBallsport Leipzig,Mainz 05,,Jonathan Burkardt,a,NoGoal,Bundesliga,Mainz 05,924,0.0,825.0,0.0,99.0,9.0
23313,2023,7108,0,0.0902979224920272,90,2024-04-06,FW,Mainz 05,Darmstadt,,Jonathan Burkardt,h,NoGoal,Bundesliga,Mainz 05,1014,0.0,825.0,0.0,189.0,99.0
23320,2023,7108,1,0.5351921916007996,90,2024-04-13,FW,Mainz 05,Hoffenheim,46.0,Jonathan Burkardt,h,OpenPlay,Bundesliga,Mainz 05,1104,0.0,1060.0,235.0,44.0,189.0
23328,2023,7108,1,0.8747715950012207,90,2024-04-21,FW,Freiburg,Mainz 05,39.0,Jonathan Burkardt,a,OpenPlay,Bundesliga,Mainz 05,1194,0.0,1143.0,83.0,51.0,44.0
23339,2023,7108,0,0.681218147277832,90,2024-04-28,FW,Mainz 05,FC Cologne,,Jonathan Burkardt,h,NoGoal,Bundesliga,Mainz 05,1284,0.0,1143.0,0.0,141.0,51.0
23352,2023,7108,1,0.4124520123004913,90,2024-05-05,AMC,FC Heidenheim,Mainz 05,36.0,Jonathan Burkardt,a,OpenPlay,Bundesliga,Mainz 05,1374,0.0,1320.0,177.0,54.0,141.0
23356,2023,7108,0,0.1950152218341827,90,2024-05-11,FW,Mainz 05,Borussia Dortmund,,Jonathan Burkardt,h,NoGoal,Bundesliga,Mainz 05,1464,0.0,1320.0,0.0,144.0,54.0
23366,2023,7108,1,0.7046215534210205,90,2024-05-18,FW,Wolfsburg,Mainz 05,84.0,Jonathan Burkardt,a,OpenPlay,Bundesliga,Mainz 05,1554,0.0,1548.0,228.0,6.0,144.0
27747,2024,7108,0,1.061044216156006,90,2024-08-24,FW,Mainz 05,Union Berlin,,Jonathan Burkardt,h,NoGoal,Bundesliga,Mainz 05,1644,0.0,1548.0,0.0,96.0,6.0
27755,2024,7108,1,0.6548829674720764,90,2024-08-31,FW,VfB Stuttgart,Mainz 05,61.0,Jonathan Burkardt,a,OpenPlay,Bundesliga,Mainz 05,1734,0.0,1705.0,157.0,29.0,96.0
27768,2024,7108,0,0.0732495412230491,90,2024-09-15,FW,Mainz 05,Werder Bremen,,Jonathan Burkardt,h,NoGoal,Bundesliga,Mainz 05,1824,0.0,1705.0,0.0,119.0,29.0
27769,2024,7108,2,0.7604187726974487,90,2024-09-20,FW,Augsburg,Mainz 05,14.0,Jonathan Burkardt,a,OpenPlay,Bundesliga,Mainz 05,1914,0.0,1838.0,133.0,76.0,119.0
27769,2024,7108,2,0.7604187726974487,90,2024-09-20,FW,Augsburg,Mainz 05,48.0,Jonathan Burkardt,a,OpenPlay,Bundesliga,Mainz 05,1914,0.0,1872.0,34.0,42.0,119.0
27781,2024,7108,0,0.126319870352745,90,2024-09-28,FW,Mainz 05,FC Heidenheim,,Jonathan Burkardt,h,NoGoal,Bundesliga,Mainz 05,2004,0.0,1872.0,0.0,132.0,42.0
27793,2024,7108,2,0.7905574440956116,90,2024-10-05,FW,St. Pauli,Mainz 05,4.0,Jonathan Burkardt,a,OpenPlay,Bundesliga,Mainz 05,2094,0.0,2008.0,136.0,86.0,132.0
27793,2024,7108,2,0.7905574440956116,90,2024-10-05,FW,St. Pauli,Mainz 05,61.0,Jonathan Burkardt,a,OpenPlay,Bundesliga,Mainz 05,2094,0.0,2065.0,57.0,29.0,132.0
27802,2024,7108,0,0.0938768535852432,90,2024-10-19,FW,Mainz 05,RasenBallsport Leipzig,,Jonathan Burkardt,h,NoGoal,Bundesliga,Mainz 05,2184,0.0,2065.0,0.0,119.0,29.0
27810,2024,7108,0,0.0,19,2024-10-25,FW,Mainz 05,Borussia M.Gladbach,,Jonathan Burkardt,h,NoGoal,Bundesliga,Mainz 05,2203,0.0,2065.0,0.0,138.0,119.0
27819,2024,7108,0,0.5655970573425293,46,2024-11-03,FW,Freiburg,Mainz 05,,Jonathan Burkardt,a,NoGoal,Bundesliga,Mainz 05,2249,0.0,2065.0,0.0,184.0,138.0
27828,2024,7108,1,0.8542096018791199,90,2024-11-09,FW,Mainz 05,Borussia Dortmund,47.0,Jonathan Burkardt,h,OpenPlay,Bundesliga,Mainz 05,2339,0.0,2296.0,231.0,43.0,184.0
27840,2024,7108,1,1.0653436183929443,83,2024-11-24,FW,Holstein Kiel,Mainz 05,36.0,Jonathan Burkardt,a,Penalty,Bundesliga,Mainz 05,2422,0.0,2375.0,79.0,47.0,43.0
27847,2024,7108,2,0.827339768409729,90,2024-12-01,FW,Mainz 05,Hoffenheim,3.0,Jonathan Burkardt,h,OpenPlay,Bundesliga,Mainz 05,2512,0.0,2425.0,50.0,87.0,47.0
27847,2024,7108,2,0.827339768409729,90,2024-12-01,FW,Mainz 05,Hoffenheim,23.0,Jonathan Burkardt,h,OpenPlay,Bundesliga,Mainz 05,2512,0.0,2445.0,20.0,67.0,47.0
27853,2024,7108,1,1.228236198425293,90,2024-12-08,FW,Wolfsburg,Mainz 05,38.0,Jonathan Burkardt,a,OpenPlay,Bundesliga,Mainz 05,2602,0.0,2550.0,105.0,52.0,67.0
27864,2024,7108,0,0.0835100337862968,14,2024-12-14,FW,Mainz 05,Bayern Munich,,Jonathan Burkardt,h,NoGoal,Bundesliga,Mainz 05,2616,0.0,2550.0,0.0,66.0,52.0
27883,2024,7108,2,1.356635808944702,79,2025-01-11,FW,Mainz 05,Bochum,22.0,Jonathan Burkardt,h,OpenPlay,Bundesliga,Mainz 05,2695,0.0,2638.0,88.0,57.0,66.0
27883,2024,7108,2,1.356635808944702,79,2025-01-11,FW,Mainz 05,Bochum,68.0,Jonathan Burkardt,h,OpenPlay,Bundesliga,Mainz 05,2695,0.0,2684.0,46.0,11.0,66.0
27886,2024,7108,0,0.0,2,2025-01-14,FW,Bayer Leverkusen,Mainz 05,,Jonathan Burkardt,a,NoGoal,Bundesliga,Mainz 05,2697,0.0,2684.0,0.0,13.0,11.0
27928,2024,7108,0,0.1881115138530731,16,2025-02-08,Sub,Mainz 05,Augsburg,,Jonathan Burkardt,h,NoGoal,Bundesliga,Mainz 05,2713,74.0,2684.0,0.0,29.0,13.0
27934,2024,7108,1,0.7212842702865601,62,2025-02-16,FW,FC Heidenheim,Mainz 05,28.0,Jonathan Burkardt,a,OpenPlay,Bundesliga,Mainz 05,2775,0.0,2741.0,57.0,34.0,29.0
27946,2024,7108,0,0.0312852337956428,74,2025-02-22,FW,Mainz 05,St. Pauli,,Jonathan Burkardt,h,NoGoal,Bundesliga,Mainz 05,2849,0.0,2741.0,0.0,108.0,34.0
27950,2024,7108,1,0.2373713105916977,79,2025-03-01,FW,RasenBallsport Leipzig,Mainz 05,57.0,Jonathan Burkardt,a,OpenPlay,Bundesliga,Mainz 05,2928,0.0,2906.0,165.0,22.0,108.0
27965,2024,7108,0,0.0456643924117088,73,2025-03-07,FW,Borussia M.Gladbach,Mainz 05,,Jonathan Burkardt,a,NoGoal,Bundesliga,Mainz 05,3001,0.0,2906.0,0.0,95.0,22.0
27972,2024,7108,1,0.7051486372947693,90,2025-03-15,FW,Mainz 05,Freiburg,33.0,Jonathan Burkardt,h,OpenPlay,Bundesliga,Mainz 05,3091,0.0,3034.0,128.0,57.0,95.0
27979,2024,7108,0,0.0806704238057136,73,2025-03-30,FW,Borussia Dortmund,Mainz 05,,Jonathan Burkardt,a,NoGoal,Bundesliga,Mainz 05,3164,0.0,3034.0,0.0,130.0,57.0
27990,2024,7108,0,0.936198592185974,85,2025-04-05,FW,Mainz 05,Holstein Kiel,,Jonathan Burkardt,h,NoGoal,Bundesliga,Mainz 05,3249,0.0,3034.0,0.0,215.0,130.0
28009,2024,7108,0,0.3006963729858398,90,2025-04-19,FW,Mainz 05,Wolfsburg,,Jonathan Burkardt,h,NoGoal,Bundesliga,Mainz 05,3339,0.0,3034.0,0.0,305.0,215.0
28014,2024,7108,0,0.3994426131248474,89,2025-04-26,FW,Bayern Munich,Mainz 05,,Jonathan Burkardt,a,NoGoal,Bundesliga,Mainz 05,3428,0.0,3034.0,0.0,394.0,305.0
28026,2024,7108,1,0.7642186284065247,90,2025-05-04,FW,Mainz 05,Eintracht Frankfurt,56.0,Jonathan Burkardt,h,OpenPlay,Bundesliga,Mainz 05,3518,0.0,3484.0,450.0,34.0,394.0
28037,2024,7108,1,0.4568717777729034,90,2025-05-10,FW,Bochum,Mainz 05,72.0,Jonathan Burkardt,a,OpenPlay,Bundesliga,Mainz 05,3608,0.0,3590.0,106.0,18.0,34.0
28045,2024,7108,1,1.1230556964874268,90,2025-05-17,FW,Mainz 05,Bayer Leverkusen,62.0,Jonathan Burkardt,h,Penalty,Bundesliga,Mainz 05,3698,0.0,3670.0,80.0,28.0,18.0
30228,2025,7108,0,1.4846729040145874,69,2025-08-23,FW,Eintracht Frankfurt,Werder Bremen,,Jonathan Burkardt,h,NoGoal,Bundesliga,Eintracht Frankfurt,3767,0.0,3670.0,0.0,97.0,28.0
30242,2025,7108,0,0.5952335596084595,88,2025-09-12,FW,Bayer Leverkusen,Eintracht Frankfurt,,Jonathan Burkardt,a,NoGoal,Bundesliga,Eintracht Frankfurt,3855,0.0,3670.0,0.0,185.0,97.0
30257,2025,7108,1,0.75777667760849,24,2025-09-21,Sub,Eintracht Frankfurt,Union Berlin,86.0,Jonathan Burkardt,h,Penalty,Bundesliga,Eintracht Frankfurt,3879,66.0,3875.0,205.0,4.0,185.0
30265,2025,7108,1,0.7710588574409485,75,2025-09-27,FW,Borussia M.Gladbach,Eintracht Frankfurt,34.0,Jonathan Burkardt,a,OpenPlay,Bundesliga,Eintracht Frankfurt,3954,0.0,3913.0,38.0,41.0,4.0
30272,2025,7108,0,0.0767484679818153,85,2025-10-04,FW,Eintracht Frankfurt,Bayern Munich,,Jonathan Burkardt,h,NoGoal,Bundesliga,Eintracht Frankfurt,4039,0.0,3913.0,0.0,126.0,41.0
30280,2025,7108,2,0.5104548931121826,82,2025-10-19,FW,Freiburg,Eintracht Frankfurt,17.0,Jonathan Burkardt,a,OpenPlay,Bundesliga,Eintracht Frankfurt,4121,0.0,4056.0,143.0,65.0,126.0
30280,2025,7108,2,0.5104548931121826,82,2025-10-19,FW,Freiburg,Eintracht Frankfurt,37.0,Jonathan Burkardt,a,OpenPlay,Bundesliga,Eintracht Frankfurt,4121,0.0,4076.0,20.0,45.0,126.0
30291,2025,7108,2,1.2333669662475586,79,2025-10-25,FW,Eintracht Frankfurt,St. Pauli,34.0,Jonathan Burkardt,h,OpenPlay,Bundesliga,Eintracht Frankfurt,4200,0.0,4155.0,79.0,45.0,45.0
30291,2025,7108,2,1.2333669662475586,79,2025-10-25,FW,Eintracht Frankfurt,St. Pauli,55.0,Jonathan Burkardt,h,OpenPlay,Bundesliga,Eintracht Frankfurt,4200,0.0,4176.0,21.0,24.0,45.0
30299,2025,7108,0,0.204971894621849,24,2025-11-01,Sub,FC Heidenheim,Eintracht Frankfurt,,Jonathan Burkardt,a,NoGoal,Bundesliga,Eintracht Frankfurt,4224,66.0,4176.0,0.0,48.0,24.0
30307,2025,7108,0,0.0,90,2025-11-09,FW,Eintracht Frankfurt,Mainz 05,,Jonathan Burkardt,h,NoGoal,Bundesliga,Eintracht Frankfurt,4314,0.0,4176.0,0.0,138.0,48.0
30317,2025,7108,2,1.714575171470642,84,2025-11-22,FW,FC Cologne,Eintracht Frankfurt,58.0,Jonathan Burkardt,a,OpenPlay,Bundesliga,Eintracht Frankfurt,4398,0.0,4372.0,196.0,26.0,138.0
30317,2025,7108,2,1.714575171470642,84,2025-11-22,FW,FC Cologne,Eintracht Frankfurt,62.0,Jonathan Burkardt,a,OpenPlay,Bundesliga,Eintracht Frankfurt,4398,0.0,4376.0,4.0,22.0,138.0
30422,2025,7108,1,1.4225972890853882,27,2026-02-21,Sub,Bayern Munich,Eintracht Frankfurt,76.0,Jonathan Burkardt,a,Penalty,Bundesliga,Eintracht Frankfurt,4425,63.0,4411.0,35.0,14.0,22.0
30435,2025,7108,0,0.636366069316864,81,2026-03-01,FW,Eintracht Frankfurt,Freiburg,,Jonathan Burkardt,h,NoGoal,Bundesliga,Eintracht Frankfurt,4506,0.0,4411.0,0.0,95.0,14.0
30446,2025,7108,0,0.1479347348213195,90,2026-03-08,FW,St. Pauli,Eintracht Frankfurt,,Jonathan Burkardt,a,NoGoal,Bundesliga,Eintracht Frankfurt,4596,0.0,4411.0,0.0,185.0,95.0
30452,2025,7108,0,0.0,10,2026-03-14,Sub,Eintracht Frankfurt,FC Heidenheim,,Jonathan Burkardt,h,NoGoal,Bundesliga,Eintracht Frankfurt,4606,80.0,4411.0,0.0,195.0,185.0
30463,2025,7108,0,0.1069797873497009,90,2026-03-22,FW,Mainz 05,Eintracht Frankfurt,,Jonathan Burkardt,a,NoGoal,Bundesliga,Eintracht Frankfurt,4696,0.0,4411.0,0.0,285.0,195.0
30469,2025,7108,1,0.8126267790794373,82,2026-04-05,FW,Eintracht Frankfurt,FC Cologne,65.0,Jonathan Burkardt,h,OpenPlay,Bundesliga,Eintracht Frankfurt,4778,0.0,4761.0,350.0,17.0,285.0
30484,2025,7108,0,0.2798547744750976,86,2026-04-11,FW,Wolfsburg,Eintracht Frankfurt,,Jonathan Burkardt,a,NoGoal,Bundesliga,Eintracht Frankfurt,4864,0.0,4761.0,0.0,103.0,17.0
30488,2025,7108,0,0.0791424438357353,90,2026-04-18,FW,Eintracht Frankfurt,RasenBallsport Leipzig,,Jonathan Burkardt,h,NoGoal,Bundesliga,Eintracht Frankfurt,4954,0.0,4761.0,0.0,193.0,103.0
30494,2025,7108,0,0.0,1,2026-04-25,Sub,Augsburg,Eintracht Frankfurt,,Jonathan Burkardt,a,NoGoal,Bundesliga,Eintracht Frankfurt,4955,89.0,4761.0,0.0,194.0,193.0
30506,2025,7108,0,0.1028683930635452,63,2026-05-02,FW,Eintracht Frankfurt,Hamburger SV,,Jonathan Burkardt,h,NoGoal,Bundesliga,Eintracht Frankfurt,5018,0.0,4761.0,0.0,257.0,194.0
30513,2025,7108,1,0.6181538105010986,5,2026-05-08,Sub,Borussia Dortmund,Eintracht Frankfurt,86.0,Jonathan Burkardt,a,OpenPlay,Bundesliga,Eintracht Frankfurt,5023,85.0,5019.0,258.0,4.0,257.0
30524,2025,7108,2,1.561599612236023,26,2026-05-16,Sub,Eintracht Frankfurt,VfB Stuttgart,71.0,Jonathan Burkardt,h,Penalty,Bundesliga,Eintracht Frankfurt,5049,64.0,5030.0,11.0,19.0,4.0
30524,2025,7108,2,1.561599612236023,26,2026-05-16,Sub,Eintracht Frankfurt,VfB Stuttgart,91.0,Jonathan Burkardt,h,Penalty,Bundesliga,Eintracht Frankfurt,5049,65.0,5049.0,19.0,0.0,4.0
22728,2023,7490,0,0.081295371055603,11,2023-09-17,Sub,Getafe,Osasuna,,Mason Greenwood,h,NoGoal,La_Liga,Getafe,11,79.0,,,,
22743,2023,7490,0,0.0804233476519584,12,2023-09-24,Sub,Real Sociedad,Getafe,,Mason Greenwood,a,NoGoal,La_Liga,Getafe,23,78.0,,,,
22745,2023,7490,0,0.0333321876823902,90,2023-09-27,ML,Athletic Club,Getafe,,Mason Greenwood,a,NoGoal,La_Liga,Getafe,113,0.0,,,,
22759,2023,7490,0,0.0604571886360645,41,2023-09-30,Sub,Getafe,Villarreal,,Mason Greenwood,h,NoGoal,La_Liga,Getafe,154,49.0,,,,
22767,2023,7490,1,0.4794958829879761,68,2023-10-08,FW,Celta Vigo,Getafe,32.0,Mason Greenwood,a,OpenPlay,La_Liga,Getafe,222,0.0,186.0,,36.0,
22779,2023,7490,0,0.0588615797460079,83,2023-10-21,FW,Getafe,Real Betis,,Mason Greenwood,h,NoGoal,La_Liga,Getafe,305,0.0,186.0,0.0,119.0,36.0
22793,2023,7490,0,0.162059411406517,90,2023-10-28,ML,Mallorca,Getafe,,Mason Greenwood,a,NoGoal,La_Liga,Getafe,395,0.0,186.0,0.0,209.0,119.0
22801,2023,7490,0,0.0910715907812118,90,2023-11-06,ML,Getafe,Cadiz,,Mason Greenwood,h,NoGoal,La_Liga,Getafe,485,0.0,186.0,0.0,299.0,209.0
22811,2023,7490,0,0.0293753072619438,90,2023-11-11,AML,Granada,Getafe,,Mason Greenwood,a,NoGoal,La_Liga,Getafe,575,0.0,186.0,0.0,389.0,299.0
22820,2023,7490,1,0.1351819336414337,90,2023-11-25,ML,Getafe,Almeria,32.0,Mason Greenwood,h,OpenPlay,La_Liga,Getafe,665,0.0,607.0,421.0,58.0,389.0
22832,2023,7490,0,0.2526023983955383,90,2023-12-01,MR,Las Palmas,Getafe,,Mason Greenwood,a,NoGoal,La_Liga,Getafe,755,0.0,607.0,0.0,148.0,58.0
22838,2023,7490,0,0.0624179020524024,90,2023-12-08,MR,Getafe,Valencia,,Mason Greenwood,h,NoGoal,La_Liga,Getafe,845,0.0,607.0,0.0,238.0,148.0
22853,2023,7490,1,0.7797623872756958,90,2023-12-16,MR,Sevilla,Getafe,79.0,Mason Greenwood,a,Penalty,La_Liga,Getafe,935,0.0,924.0,317.0,11.0,238.0
22856,2023,7490,0,0.1289615780115127,90,2023-12-19,MR,Atletico Madrid,Getafe,,Mason Greenwood,a,NoGoal,La_Liga,Getafe,1025,0.0,924.0,0.0,101.0,11.0
22865,2023,7490,0,0.0670734047889709,52,2024-01-02,MR,Getafe,Rayo Vallecano,,Mason Greenwood,h,NoGoal,La_Liga,Getafe,1077,0.0,924.0,0.0,153.0,101.0
22892,2023,7490,0,0.4403208494186401,90,2024-01-21,ML,Osasuna,Getafe,,Mason Greenwood,a,NoGoal,La_Liga,Getafe,1167,0.0,924.0,0.0,243.0,153.0
22898,2023,7490,1,0.1692968755960464,90,2024-01-29,MR,Getafe,Granada,20.0,Mason Greenwood,h,OpenPlay,La_Liga,Getafe,1257,0.0,1187.0,263.0,70.0,243.0
22881,2023,7490,0,0.1339268982410431,90,2024-02-01,FW,Getafe,Real Madrid,,Mason Greenwood,h,NoGoal,La_Liga,Getafe,1347,0.0,1187.0,0.0,160.0,70.0
22906,2023,7490,1,0.7432776093482971,90,2024-02-04,MR,Real Betis,Getafe,7.0,Mason Greenwood,a,Penalty,La_Liga,Getafe,1437,0.0,1354.0,167.0,83.0,160.0
22922,2023,7490,0,0.2440901696681976,90,2024-02-11,MR,Getafe,Celta Vigo,,Mason Greenwood,h,NoGoal,La_Liga,Getafe,1527,0.0,1354.0,0.0,173.0,83.0
22932,2023,7490,0,0.2813863158226013,90,2024-02-16,MR,Villarreal,Getafe,,Mason Greenwood,a,NoGoal,La_Liga,Getafe,1617,0.0,1354.0,0.0,263.0,173.0
22936,2023,7490,0,0.0656981691718101,69,2024-02-24,MR,Barcelona,Getafe,,Mason Greenwood,a,NoGoal,La_Liga,Getafe,1686,0.0,1354.0,0.0,332.0,263.0
22947,2023,7490,1,0.872920572757721,90,2024-03-02,FWR,Getafe,Las Palmas,13.0,Mason Greenwood,h,OpenPlay,La_Liga,Getafe,1776,0.0,1699.0,345.0,77.0,332.0
22966,2023,7490,0,0.0311949010938406,90,2024-03-16,MR,Getafe,Girona,,Mason Greenwood,h,NoGoal,La_Liga,Getafe,1866,0.0,1699.0,0.0,167.0,77.0
22979,2023,7490,0,0.1400106698274612,90,2024-03-30,MR,Getafe,Sevilla,,Mason Greenwood,h,NoGoal,La_Liga,Getafe,1956,0.0,1699.0,0.0,257.0,167.0
22993,2023,7490,0,0.1187689676880836,90,2024-04-13,MR,Rayo Vallecano,Getafe,,Mason Greenwood,a,NoGoal,La_Liga,Getafe,2046,0.0,1699.0,0.0,347.0,257.0
22998,2023,7490,0,0.0741673186421394,90,2024-04-21,AMR,Getafe,Real Sociedad,,Mason Greenwood,h,NoGoal,La_Liga,Getafe,2136,0.0,1699.0,0.0,437.0,347.0
23005,2023,7490,2,0.9041771292686462,90,2024-04-27,AMR,Almeria,Getafe,26.0,Mason Greenwood,a,OpenPlay,La_Liga,Getafe,2226,0.0,2162.0,463.0,64.0,437.0
23005,2023,7490,2,0.9041771292686462,90,2024-04-27,AMR,Almeria,Getafe,47.0,Mason Greenwood,a,OpenPlay,La_Liga,Getafe,2226,0.0,2183.0,21.0,43.0,437.0
23017,2023,7490,0,1.6101301908493042,90,2024-05-03,AMR,Getafe,Athletic Club,,Mason Greenwood,h,NoGoal,La_Liga,Getafe,2316,0.0,2183.0,0.0,133.0,43.0
23028,2023,7490,0,0.0,90,2024-05-12,FW,Cadiz,Getafe,,Mason Greenwood,a,NoGoal,La_Liga,Getafe,2406,0.0,2183.0,0.0,223.0,133.0
23028,2023,7490,0,0.0852326899766922,90,2024-05-12,FW,Cadiz,Getafe,,Mason Greenwood,a,NoGoal,La_Liga,Getafe,2406,0.0,2183.0,0.0,223.0,133.0
23039,2023,7490,0,0.3172112107276916,90,2024-05-15,FW,Getafe,Atletico Madrid,,Mason Greenwood,h,NoGoal,La_Liga,Getafe,2496,0.0,2183.0,0.0,313.0,223.0
23050,2023,7490,0,0.518469512462616,90,2024-05-18,FW,Alaves,Getafe,,Mason Greenwood,a,NoGoal,La_Liga,Getafe,2586,0.0,2183.0,0.0,403.0,313.0
23057,2023,7490,0,0.353519856929779,90,2024-05-26,MR,Getafe,Mallorca,,Mason Greenwood,h,NoGoal,La_Liga,Getafe,2676,0.0,2183.0,0.0,493.0,403.0
28049,2024,7490,2,0.8070624470710754,90,2024-08-17,AMR,Brest,Marseille,2.0,Mason Greenwood,a,OpenPlay,Ligue_1,Marseille,2766,0.0,2678.0,495.0,88.0,493.0
28049,2024,7490,2,0.8070624470710754,90,2024-08-17,AMR,Brest,Marseille,30.0,Mason Greenwood,a,Penalty,Ligue_1,Marseille,2766,0.0,2706.0,28.0,60.0,493.0
28065,2024,7490,1,0.6094858646392822,90,2024-08-25,AMR,Marseille,Reims,70.0,Mason Greenwood,h,OpenPlay,Ligue_1,Marseille,2856,0.0,2836.0,130.0,20.0,60.0
28069,2024,7490,2,0.768939197063446,90,2024-08-31,AMR,Toulouse,Marseille,15.0,Mason Greenwood,a,OpenPlay,Ligue_1,Marseille,2946,0.0,2871.0,35.0,75.0,20.0
28069,2024,7490,2,0.768939197063446,90,2024-08-31,AMR,Toulouse,Marseille,16.0,Mason Greenwood,a,OpenPlay,Ligue_1,Marseille,2946,0.0,2872.0,1.0,74.0,20.0
28076,2024,7490,0,0.0798254460096359,90,2024-09-14,AMR,Marseille,Nice,,Mason Greenwood,h,NoGoal,Ligue_1,Marseille,3036,0.0,2872.0,0.0,164.0,74.0
28084,2024,7490,0,0.0359484702348709,86,2024-09-22,AMR,Lyon,Marseille,,Mason Greenwood,a,NoGoal,Ligue_1,Marseille,3122,0.0,2872.0,0.0,250.0,164.0
28093,2024,7490,0,0.1700441241264343,90,2024-09-29,AMR,Strasbourg,Marseille,,Mason Greenwood,a,NoGoal,Ligue_1,Marseille,3212,0.0,2872.0,0.0,340.0,250.0
28109,2024,7490,0,0.1874810010194778,90,2024-10-04,AMR,Marseille,Angers,,Mason Greenwood,h,NoGoal,Ligue_1,Marseille,3302,0.0,2872.0,0.0,430.0,340.0
28112,2024,7490,1,0.1978780329227447,90,2024-10-20,AMR,Montpellier,Marseille,57.0,Mason Greenwood,a,OpenPlay,Ligue_1,Marseille,3392,0.0,3359.0,487.0,33.0,430.0
28127,2024,7490,0,0.0,50,2024-10-27,AMR,Marseille,Paris Saint Germain,,Mason Greenwood,h,NoGoal,Ligue_1,Marseille,3442,0.0,3359.0,0.0,83.0,33.0
28135,2024,7490,1,0.0746830254793167,90,2024-11-03,AMR,Nantes,Marseille,60.0,Mason Greenwood,a,OpenPlay,Ligue_1,Marseille,3532,0.0,3502.0,143.0,30.0,83.0
28146,2024,7490,1,0.8311172127723694,90,2024-11-08,AMR,Marseille,Auxerre,64.0,Mason Greenwood,h,Penalty,Ligue_1,Marseille,3622,0.0,3596.0,94.0,26.0,30.0
28148,2024,7490,0,0.0622727200388908,82,2024-11-23,FW,Lens,Marseille,,Mason Greenwood,a,NoGoal,Ligue_1,Marseille,3704,0.0,3596.0,0.0,108.0,26.0
28162,2024,7490,1,0.9132094979286194,90,2024-12-01,AMC,Marseille,Monaco,88.0,Mason Greenwood,h,Penalty,Ligue_1,Marseille,3794,0.0,3792.0,196.0,2.0,108.0
28167,2024,7490,1,2.054671049118042,90,2024-12-08,AMC,Saint-Etienne,Marseille,64.0,Mason Greenwood,a,SetPiece,Ligue_1,Marseille,3884,0.0,3858.0,66.0,26.0,2.0
28181,2024,7490,0,0.1816364377737045,86,2024-12-14,AMC,Marseille,Lille,,Mason Greenwood,h,NoGoal,Ligue_1,Marseille,3970,0.0,3858.0,0.0,112.0,26.0
28189,2024,7490,0,0.1912960708141327,90,2025-01-05,AMC,Marseille,Le Havre,,Mason Greenwood,h,NoGoal,Ligue_1,Marseille,4060,0.0,3858.0,0.0,202.0,112.0
28200,2024,7490,1,1.0481466054916382,90,2025-01-11,AMC,Rennes,Marseille,44.0,Mason Greenwood,a,OpenPlay,Ligue_1,Marseille,4150,0.0,4104.0,246.0,46.0,202.0
28201,2024,7490,1,1.8439264297485352,90,2025-01-19,AMC,Marseille,Strasbourg,67.0,Mason Greenwood,h,Penalty,Ligue_1,Marseille,4240,0.0,4217.0,113.0,23.0,46.0
28217,2024,7490,0,0.1257638037204742,90,2025-01-26,AMC,Nice,Marseille,,Mason Greenwood,a,NoGoal,Ligue_1,Marseille,4330,0.0,4217.0,0.0,113.0,23.0
28219,2024,7490,1,0.8667022585868835,90,2025-02-02,FW,Marseille,Lyon,60.0,Mason Greenwood,h,OpenPlay,Ligue_1,Marseille,4420,0.0,4390.0,173.0,30.0,113.0
28235,2024,7490,0,0.1862055957317352,77,2025-02-09,FW,Angers,Marseille,,Mason Greenwood,a,NoGoal,Ligue_1,Marseille,4497,0.0,4390.0,0.0,107.0,30.0
28238,2024,7490,1,1.598015308380127,76,2025-02-15,FW,Marseille,Saint-Etienne,49.0,Mason Greenwood,h,Penalty,Ligue_1,Marseille,4573,0.0,4546.0,156.0,27.0,107.0
28252,2024,7490,0,0.4829764068126678,90,2025-02-22,AMC,Auxerre,Marseille,,Mason Greenwood,a,NoGoal,Ligue_1,Marseille,4663,0.0,4546.0,0.0,117.0,27.0
28256,2024,7490,1,0.7900468111038208,82,2025-03-02,AMC,Marseille,Nantes,76.0,Mason Greenwood,h,OpenPlay,Ligue_1,Marseille,4745,0.0,4739.0,193.0,6.0,117.0
28272,2024,7490,0,0.0581145286560058,44,2025-03-08,Sub,Marseille,Lens,,Mason Greenwood,h,NoGoal,Ligue_1,Marseille,4789,46.0,4739.0,0.0,50.0,6.0
28273,2024,7490,0,0.0315042249858379,26,2025-03-16,Sub,Paris Saint Germain,Marseille,,Mason Greenwood,a,NoGoal,Ligue_1,Marseille,4815,64.0,4739.0,0.0,76.0,50.0
28288,2024,7490,0,0.4848974943161011,90,2025-03-29,AMC,Reims,Marseille,,Mason Greenwood,a,NoGoal,Ligue_1,Marseille,4905,0.0,4739.0,0.0,166.0,76.0
28291,2024,7490,1,0.0509102717041969,90,2025-04-06,AMC,Marseille,Toulouse,56.0,Mason Greenwood,h,SetPiece,Ligue_1,Marseille,4995,0.0,4961.0,222.0,34.0,166.0
28308,2024,7490,0,0.0949854478240013,85,2025-04-12,AMC,Monaco,Marseille,,Mason Greenwood,a,NoGoal,Ligue_1,Marseille,5080,0.0,4961.0,0.0,119.0,34.0
28314,2024,7490,2,2.031450033187866,90,2025-04-19,AMC,Marseille,Montpellier,7.0,Mason Greenwood,h,Penalty,Ligue_1,Marseille,5170,0.0,5087.0,126.0,83.0,119.0
28314,2024,7490,2,2.031450033187866,90,2025-04-19,AMC,Marseille,Montpellier,66.0,Mason Greenwood,h,OpenPlay,Ligue_1,Marseille,5170,0.0,5146.0,59.0,24.0,119.0
28325,2024,7490,1,0.0650471150875091,87,2025-04-27,AMR,Marseille,Brest,36.0,Mason Greenwood,h,SetPiece,Ligue_1,Marseille,5257,0.0,5206.0,60.0,51.0,24.0
28331,2024,7490,0,0.192130908370018,90,2025-05-04,AMR,Lille,Marseille,,Mason Greenwood,a,NoGoal,Ligue_1,Marseille,5347,0.0,5206.0,0.0,141.0,51.0
28339,2024,7490,1,0.2333572953939438,90,2025-05-10,AMR,Le Havre,Marseille,84.0,Mason Greenwood,a,OpenPlay,Ligue_1,Marseille,5437,0.0,5431.0,225.0,6.0,141.0
28346,2024,7490,2,1.9330358505249023,90,2025-05-17,FWR,Marseille,Rennes,20.0,Mason Greenwood,h,Penalty,Ligue_1,Marseille,5527,0.0,5457.0,26.0,70.0,6.0
28346,2024,7490,2,1.9330358505249023,90,2025-05-17,FWR,Marseille,Rennes,45.0,Mason Greenwood,h,OpenPlay,Ligue_1,Marseille,5527,0.0,5482.0,25.0,45.0,6.0
29538,2025,7490,0,0.2362354844808578,90,2025-08-15,AMR,Rennes,Marseille,,Mason Greenwood,a,NoGoal,Ligue_1,Marseille,5617,0.0,5482.0,0.0,135.0,45.0
29548,2025,7490,1,1.5201902389526367,90,2025-08-23,AMR,Marseille,Paris FC,17.0,Mason Greenwood,h,Penalty,Ligue_1,Marseille,5707,0.0,5634.0,152.0,73.0,135.0
29564,2025,7490,0,0.0,53,2025-08-31,AMR,Lyon,Marseille,,Mason Greenwood,a,NoGoal,Ligue_1,Marseille,5760,0.0,5634.0,0.0,126.0,73.0
29568,2025,7490,1,1.7213517427444458,90,2025-09-12,AMR,Marseille,Lorient,12.0,Mason Greenwood,h,Penalty,Ligue_1,Marseille,5850,0.0,5772.0,138.0,78.0,126.0
29579,2025,7490,0,0.0377848781645298,90,2025-09-22,AMC,Marseille,Paris Saint Germain,,Mason Greenwood,h,NoGoal,Ligue_1,Marseille,5940,0.0,5772.0,0.0,168.0,78.0
29590,2025,7490,0,0.0405037999153137,30,2025-09-26,Sub,Strasbourg,Marseille,,Mason Greenwood,a,NoGoal,Ligue_1,Marseille,5970,60.0,5772.0,0.0,198.0,168.0
29597,2025,7490,0,0.215616375207901,90,2025-10-04,AMR,Metz,Marseille,,Mason Greenwood,a,NoGoal,Ligue_1,Marseille,6060,0.0,5772.0,0.0,288.0,198.0
29604,2025,7490,4,1.7930551767349243,85,2025-10-18,AMR,Marseille,Le Havre,34.0,Mason Greenwood,h,Penalty,Ligue_1,Marseille,6145,0.0,6094.0,322.0,51.0,288.0
29604,2025,7490,4,1.7930551767349243,85,2025-10-18,AMR,Marseille,Le Havre,66.0,Mason Greenwood,h,OpenPlay,Ligue_1,Marseille,6145,0.0,6126.0,32.0,19.0,288.0
29604,2025,7490,4,1.7930551767349243,85,2025-10-18,AMR,Marseille,Le Havre,71.0,Mason Greenwood,h,OpenPlay,Ligue_1,Marseille,6145,0.0,6131.0,5.0,14.0,288.0
29604,2025,7490,4,1.7930551767349243,85,2025-10-18,AMR,Marseille,Le Havre,75.0,Mason Greenwood,h,OpenPlay,Ligue_1,Marseille,6145,0.0,6135.0,4.0,10.0,288.0
29612,2025,7490,1,0.2805070281028747,90,2025-10-25,AMC,Lens,Marseille,16.0,Mason Greenwood,a,OpenPlay,Ligue_1,Marseille,6235,0.0,6161.0,26.0,74.0,10.0
29620,2025,7490,0,0.2361165583133697,90,2025-10-29,AMR,Marseille,Angers,,Mason Greenwood,h,NoGoal,Ligue_1,Marseille,6325,0.0,6161.0,0.0,164.0,74.0
29641,2025,7490,1,0.96643728017807,83,2025-11-08,AMR,Marseille,Brest,32.0,Mason Greenwood,h,Penalty,Ligue_1,Marseille,6408,0.0,6357.0,196.0,51.0,164.0
29651,2025,7490,2,0.4466796219348907,90,2025-11-21,AMR,Nice,Marseille,32.0,Mason Greenwood,a,OpenPlay,Ligue_1,Marseille,6498,0.0,6440.0,83.0,58.0,51.0
29651,2025,7490,2,0.4466796219348907,90,2025-11-21,AMR,Nice,Marseille,52.0,Mason Greenwood,a,OpenPlay,Ligue_1,Marseille,6498,0.0,6460.0,20.0,38.0,51.0
29659,2025,7490,0,0.082783319056034,90,2025-11-29,AMR,Marseille,Toulouse,,Mason Greenwood,h,NoGoal,Ligue_1,Marseille,6588,0.0,6460.0,0.0,128.0,38.0
29667,2025,7490,0,0.8198232054710388,90,2025-12-05,AMC,Lille,Marseille,,Mason Greenwood,a,NoGoal,Ligue_1,Marseille,6678,0.0,6460.0,0.0,218.0,128.0
29678,2025,7490,1,0.4519662261009216,90,2025-12-14,AMR,Marseille,Monaco,81.0,Mason Greenwood,h,OpenPlay,Ligue_1,Marseille,6768,0.0,6759.0,299.0,9.0,218.0
29686,2025,7490,0,0.0926761776208877,80,2026-01-04,AMC,Marseille,Nantes,,Mason Greenwood,h,NoGoal,Ligue_1,Marseille,6848,0.0,6759.0,0.0,89.0,9.0
29691,2025,7490,1,0.1767452806234359,66,2026-01-17,AMC,Angers,Marseille,23.0,Mason Greenwood,a,OpenPlay,Ligue_1,Marseille,6914,0.0,6871.0,112.0,43.0,89.0
29704,2025,7490,0,0.04456427693367,30,2026-01-24,Sub,Marseille,Lens,,Mason Greenwood,h,NoGoal,Ligue_1,Marseille,6944,60.0,6871.0,0.0,73.0,43.0
29715,2025,7490,1,0.9960896372795104,90,2026-01-31,AMC,Paris FC,Marseille,17.0,Mason Greenwood,a,Penalty,Ligue_1,Marseille,7034,0.0,6961.0,90.0,73.0,73.0
29726,2025,7490,0,0.0432234369218349,83,2026-02-08,ML,Paris Saint Germain,Marseille,,Mason Greenwood,a,NoGoal,Ligue_1,Marseille,7117,0.0,6961.0,0.0,156.0,73.0
29731,2025,7490,1,0.5209565758705139,90,2026-02-14,AMR,Marseille,Strasbourg,13.0,Mason Greenwood,h,OpenPlay,Ligue_1,Marseille,7207,0.0,7130.0,169.0,77.0,156.0
29738,2025,7490,0,0.9308857917785645,90,2026-02-20,MR,Brest,Marseille,,Mason Greenwood,a,NoGoal,Ligue_1,Marseille,7297,0.0,7130.0,0.0,167.0,77.0
29748,2025,7490,0,0.4343068599700928,90,2026-03-01,AMR,Marseille,Lyon,,Mason Greenwood,h,NoGoal,Ligue_1,Marseille,7387,0.0,7130.0,0.0,257.0,167.0
29762,2025,7490,1,0.1081064492464065,68,2026-03-07,FW,Toulouse,Marseille,17.0,Mason Greenwood,a,OpenPlay,Ligue_1,Marseille,7455,0.0,7404.0,274.0,51.0,257.0
29766,2025,7490,0,0.3103125393390655,90,2026-03-13,AMR,Marseille,Auxerre,,Mason Greenwood,h,NoGoal,Ligue_1,Marseille,7545,0.0,7404.0,0.0,141.0,51.0
29775,2025,7490,0,0.0458730868995189,17,2026-03-22,AMR,Marseille,Lille,,Mason Greenwood,h,NoGoal,Ligue_1,Marseille,7562,0.0,7404.0,0.0,158.0,141.0
29794,2025,7490,0,0.3854331374168396,85,2026-04-10,AMC,Marseille,Metz,,Mason Greenwood,h,NoGoal,Ligue_1,Marseille,7647,0.0,7404.0,0.0,243.0,158.0
29802,2025,7490,0,0.0533928610384464,90,2026-04-18,AMC,Lorient,Marseille,,Mason Greenwood,a,NoGoal,Ligue_1,Marseille,7737,0.0,7404.0,0.0,333.0,243.0
29813,2025,7490,0,0.0355267226696014,25,2026-04-26,Sub,Marseille,Nice,,Mason Greenwood,h,NoGoal,Ligue_1,Marseille,7762,65.0,7404.0,0.0,358.0,333.0
29821,2025,7490,0,0.3536642491817474,90,2026-05-03,AMR,Nantes,Marseille,,Mason Greenwood,a,NoGoal,Ligue_1,Marseille,7852,0.0,7404.0,0.0,448.0,358.0
29828,2025,7490,1,0.7992905378341675,88,2026-05-10,AMR,Le Havre,Marseille,54.0,Mason Greenwood,a,Penalty,Ligue_1,Marseille,7940,0.0,7906.0,502.0,34.0,448.0
29839,2025,7490,0,0.1570469737052917,90,2026-05-17,AMR,Marseille,Rennes,,Mason Greenwood,h,NoGoal,Ligue_1,Marseille,8030,0.0,7906.0,0.0,124.0,34.0
22692,2023,8026,0,0.3449204564094543,41,2023-08-13,AMR,Getafe,Barcelona,,Raphinha,a,NoGoal,La_Liga,Barcelona,41,0.0,,,,
22722,2023,8026,0,0.0,1,2023-09-03,Sub,Osasuna,Barcelona,,Raphinha,a,NoGoal,La_Liga,Barcelona,42,89.0,,,,
22726,2023,8026,1,0.2684312462806701,23,2023-09-16,Sub,Barcelona,Real Betis,65.0,Raphinha,h,OpenPlay,La_Liga,Barcelona,65,67.0,40.0,,25.0,
22737,2023,8026,0,0.0,15,2023-09-23,Sub,Barcelona,Celta Vigo,,Raphinha,h,NoGoal,La_Liga,Barcelona,80,75.0,40.0,0.0,40.0,25.0
22749,2023,8026,1,0.3622815310955047,90,2023-09-26,FWR,Mallorca,Barcelona,40.0,Raphinha,a,OpenPlay,La_Liga,Barcelona,170,0.0,120.0,80.0,50.0,40.0
22757,2023,8026,0,0.3311730623245239,36,2023-09-29,MC,Barcelona,Sevilla,,Raphinha,h,NoGoal,La_Liga,Barcelona,206,0.0,120.0,0.0,86.0,50.0
22787,2023,8026,0,0.1312207132577896,11,2023-10-28,Sub,Barcelona,Real Madrid,,Raphinha,h,NoGoal,La_Liga,Barcelona,217,79.0,120.0,0.0,97.0,86.0
22800,2023,8026,0,0.0635322779417038,21,2023-11-04,Sub,Real Sociedad,Barcelona,,Raphinha,a,NoGoal,La_Liga,Barcelona,238,69.0,120.0,0.0,118.0,97.0
22814,2023,8026,0,0.0279888231307268,26,2023-11-12,Sub,Barcelona,Alaves,,Raphinha,h,NoGoal,La_Liga,Barcelona,264,64.0,120.0,0.0,144.0,118.0
22822,2023,8026,0,0.0184597000479698,13,2023-11-25,Sub,Rayo Vallecano,Barcelona,,Raphinha,a,NoGoal,La_Liga,Barcelona,277,77.0,120.0,0.0,157.0,144.0
22830,2023,8026,0,0.4750942587852478,80,2023-12-03,FWR,Barcelona,Atletico Madrid,,Raphinha,h,NoGoal,La_Liga,Barcelona,357,0.0,120.0,0.0,237.0,157.0
22835,2023,8026,0,1.046422243118286,68,2023-12-10,FWR,Barcelona,Girona,,Raphinha,h,NoGoal,La_Liga,Barcelona,425,0.0,120.0,0.0,305.0,237.0
22850,2023,8026,0,1.0635313987731934,90,2023-12-16,FWR,Valencia,Barcelona,,Raphinha,a,NoGoal,La_Liga,Barcelona,515,0.0,120.0,0.0,395.0,305.0
22863,2023,8026,1,0.8090937733650208,79,2023-12-20,FWR,Barcelona,Almeria,32.0,Raphinha,h,FromCorner,La_Liga,Barcelona,594,0.0,547.0,427.0,47.0,395.0
22870,2023,8026,0,0.0513238720595836,76,2024-01-04,FWR,Las Palmas,Barcelona,,Raphinha,a,NoGoal,La_Liga,Barcelona,670,0.0,547.0,0.0,123.0,47.0
22916,2023,8026,0,0.0,12,2024-02-11,Sub,Barcelona,Granada,,Raphinha,h,NoGoal,La_Liga,Barcelona,682,78.0,547.0,0.0,135.0,123.0
22930,2023,8026,0,0.1284697502851486,30,2024-02-17,Sub,Celta Vigo,Barcelona,,Raphinha,a,NoGoal,La_Liga,Barcelona,712,60.0,547.0,0.0,165.0,135.0
22936,2023,8026,1,0.4743403494358063,79,2024-02-24,FWR,Barcelona,Getafe,19.0,Raphinha,h,OpenPlay,La_Liga,Barcelona,791,0.0,731.0,184.0,60.0,165.0
22945,2023,8026,0,0.0,82,2024-03-03,FWR,Athletic Club,Barcelona,,Raphinha,a,NoGoal,La_Liga,Barcelona,873,0.0,731.0,0.0,142.0,60.0
22956,2023,8026,0,0.1613486260175705,36,2024-03-08,MC,Barcelona,Mallorca,,Raphinha,h,NoGoal,La_Liga,Barcelona,909,0.0,731.0,0.0,178.0,142.0
22965,2023,8026,0,0.2625004649162292,62,2024-03-17,FWR,Atletico Madrid,Barcelona,,Raphinha,a,NoGoal,La_Liga,Barcelona,971,0.0,731.0,0.0,240.0,178.0
22976,2023,8026,1,0.5119011998176575,90,2024-03-30,FWL,Barcelona,Las Palmas,58.0,Raphinha,h,OpenPlay,La_Liga,Barcelona,1061,0.0,1029.0,298.0,32.0,240.0
22992,2023,8026,0,0.0,9,2024-04-13,Sub,Cadiz,Barcelona,,Raphinha,a,NoGoal,La_Liga,Barcelona,1070,81.0,1029.0,0.0,41.0,32.0
23000,2023,8026,0,0.061882134526968,71,2024-04-21,FWL,Real Madrid,Barcelona,,Raphinha,a,NoGoal,La_Liga,Barcelona,1141,0.0,1029.0,0.0,112.0,41.0
23006,2023,8026,0,0.0880610644817352,75,2024-04-29,FWL,Barcelona,Valencia,,Raphinha,h,NoGoal,La_Liga,Barcelona,1216,0.0,1029.0,0.0,187.0,112.0
23019,2023,8026,0,0.0493411384522914,16,2024-05-04,Sub,Girona,Barcelona,,Raphinha,a,NoGoal,La_Liga,Barcelona,1232,74.0,1029.0,0.0,203.0,187.0
23027,2023,8026,1,0.9731378555297852,90,2024-05-13,FWL,Barcelona,Real Sociedad,92.0,Raphinha,h,Penalty,La_Liga,Barcelona,1322,0.0,1324.0,295.0,0.0,203.0
23047,2023,8026,0,0.0275310818105936,63,2024-05-19,AML,Barcelona,Rayo Vallecano,,Raphinha,h,NoGoal,La_Liga,Barcelona,1385,0.0,1324.0,0.0,61.0,0.0
26987,2024,8026,0,0.0670114606618881,90,2024-08-17,AMC,Valencia,Barcelona,,Raphinha,a,NoGoal,La_Liga,Barcelona,1475,0.0,1324.0,0.0,151.0,61.0
26995,2024,8026,0,0.5824723839759827,90,2024-08-24,AMC,Barcelona,Athletic Club,,Raphinha,h,NoGoal,La_Liga,Barcelona,1565,0.0,1324.0,0.0,241.0,151.0
27004,2024,8026,0,0.6348977088928223,90,2024-08-27,AMC,Rayo Vallecano,Barcelona,,Raphinha,a,NoGoal,La_Liga,Barcelona,1655,0.0,1324.0,0.0,331.0,241.0
27012,2024,8026,3,2.269862651824951,90,2024-08-31,FWL,Barcelona,Real Valladolid,19.0,Raphinha,h,OpenPlay,La_Liga,Barcelona,1745,0.0,1674.0,350.0,71.0,331.0
27012,2024,8026,3,2.269862651824951,90,2024-08-31,FWL,Barcelona,Real Valladolid,63.0,Raphinha,h,OpenPlay,La_Liga,Barcelona,1745,0.0,1718.0,44.0,27.0,331.0
27012,2024,8026,3,2.269862651824951,90,2024-08-31,FWL,Barcelona,Real Valladolid,71.0,Raphinha,h,OpenPlay,La_Liga,Barcelona,1745,0.0,1726.0,8.0,19.0,331.0
27028,2024,8026,0,0.0107010118663311,90,2024-09-15,AML,Girona,Barcelona,,Raphinha,a,NoGoal,La_Liga,Barcelona,1835,0.0,1726.0,0.0,109.0,19.0
27037,2024,8026,2,1.5416111946105957,90,2024-09-22,FWL,Villarreal,Barcelona,74.0,Raphinha,a,OpenPlay,La_Liga,Barcelona,1925,0.0,1909.0,183.0,16.0,109.0
27037,2024,8026,2,1.5416111946105957,90,2024-09-22,FWL,Villarreal,Barcelona,82.0,Raphinha,a,OpenPlay,La_Liga,Barcelona,1925,0.0,1917.0,8.0,8.0,109.0
27043,2024,8026,0,0.57830810546875,90,2024-09-25,AML,Barcelona,Getafe,,Raphinha,h,NoGoal,La_Liga,Barcelona,2015,0.0,1917.0,0.0,98.0,8.0
27056,2024,8026,0,0.0238091982901096,29,2024-09-28,Sub,Osasuna,Barcelona,,Raphinha,a,NoGoal,La_Liga,Barcelona,2044,61.0,1917.0,0.0,127.0,98.0
27064,2024,8026,0,0.3960494101047516,90,2024-10-06,AMC,Alaves,Barcelona,,Raphinha,a,NoGoal,La_Liga,Barcelona,2134,0.0,1917.0,0.0,217.0,127.0
27074,2024,8026,0,0.1238061562180519,69,2024-10-20,AMC,Barcelona,Sevilla,,Raphinha,h,NoGoal,La_Liga,Barcelona,2203,0.0,1917.0,0.0,286.0,217.0
27085,2024,8026,1,0.4849497377872467,90,2024-10-26,AML,Real Madrid,Barcelona,83.0,Raphinha,a,OpenPlay,La_Liga,Barcelona,2293,0.0,2286.0,369.0,7.0,286.0
27101,2024,8026,1,0.3085829019546509,90,2024-11-03,AML,Barcelona,Espanyol,22.0,Raphinha,h,OpenPlay,La_Liga,Barcelona,2383,0.0,2315.0,29.0,68.0,7.0
27108,2024,8026,0,0.019293550401926,90,2024-11-10,AML,Real Sociedad,Barcelona,,Raphinha,a,NoGoal,La_Liga,Barcelona,2473,0.0,2315.0,0.0,158.0,68.0
27117,2024,8026,1,0.7843967080116272,90,2024-11-23,AMR,Celta Vigo,Barcelona,14.0,Raphinha,a,OpenPlay,La_Liga,Barcelona,2563,0.0,2487.0,172.0,76.0,158.0
27122,2024,8026,1,0.4024494290351867,90,2024-11-30,AMR,Barcelona,Las Palmas,60.0,Raphinha,h,OpenPlay,La_Liga,Barcelona,2653,0.0,2623.0,136.0,30.0,76.0
27167,2024,8026,2,1.8921544551849363,89,2024-12-03,AML,Mallorca,Barcelona,55.0,Raphinha,a,Penalty,La_Liga,Barcelona,2742,0.0,2708.0,85.0,34.0,30.0
27167,2024,8026,2,1.8921544551849363,89,2024-12-03,AML,Mallorca,Barcelona,73.0,Raphinha,a,OpenPlay,La_Liga,Barcelona,2742,0.0,2726.0,18.0,16.0,30.0
27139,2024,8026,0,0.0668526142835617,63,2024-12-07,FWL,Real Betis,Barcelona,,Raphinha,a,NoGoal,La_Liga,Barcelona,2805,0.0,2726.0,0.0,79.0,16.0
27143,2024,8026,0,0.2443731278181076,90,2024-12-15,AML,Barcelona,Leganes,,Raphinha,h,NoGoal,La_Liga,Barcelona,2895,0.0,2726.0,0.0,169.0,79.0
27160,2024,8026,0,0.8103497624397278,90,2024-12-21,AMR,Barcelona,Atletico Madrid,,Raphinha,h,NoGoal,La_Liga,Barcelona,2985,0.0,2726.0,0.0,259.0,169.0
27177,2024,8026,0,0.8424780964851379,90,2025-01-18,AML,Getafe,Barcelona,,Raphinha,a,NoGoal,La_Liga,Barcelona,3075,0.0,2726.0,0.0,349.0,259.0
27184,2024,8026,1,0.9506757855415344,64,2025-01-26,AML,Barcelona,Valencia,13.0,Raphinha,h,OpenPlay,La_Liga,Barcelona,3139,0.0,3088.0,362.0,51.0,349.0
27200,2024,8026,0,0.0385345816612243,73,2025-02-02,FWL,Barcelona,Alaves,,Raphinha,h,NoGoal,La_Liga,Barcelona,3212,0.0,3088.0,0.0,124.0,51.0
27206,2024,8026,1,0.0633679553866386,90,2025-02-09,AML,Sevilla,Barcelona,54.0,Raphinha,a,OpenPlay,La_Liga,Barcelona,3302,0.0,3266.0,178.0,36.0,124.0
27214,2024,8026,0,1.0204181671142578,90,2025-02-17,AML,Barcelona,Rayo Vallecano,,Raphinha,h,NoGoal,La_Liga,Barcelona,3392,0.0,3266.0,0.0,126.0,36.0
27226,2024,8026,0,0.1896234601736068,90,2025-02-22,AML,Las Palmas,Barcelona,,Raphinha,a,NoGoal,La_Liga,Barcelona,3482,0.0,3266.0,0.0,216.0,126.0
27232,2024,8026,0,0.0806569382548332,61,2025-03-02,ML,Barcelona,Real Sociedad,,Raphinha,h,NoGoal,La_Liga,Barcelona,3543,0.0,3266.0,0.0,277.0,216.0
27252,2024,8026,0,0.0186344571411609,90,2025-03-16,AML,Atletico Madrid,Barcelona,,Raphinha,a,NoGoal,La_Liga,Barcelona,3633,0.0,3266.0,0.0,367.0,277.0
27272,2024,8026,0,0.1172935739159584,30,2025-04-05,Sub,Barcelona,Real Betis,,Raphinha,h,NoGoal,La_Liga,Barcelona,3663,60.0,3266.0,0.0,397.0,367.0
27288,2024,8026,0,0.089540958404541,90,2025-04-12,AML,Leganes,Barcelona,,Raphinha,a,NoGoal,La_Liga,Barcelona,3753,0.0,3266.0,0.0,487.0,397.0
27292,2024,8026,2,1.529052972793579,90,2025-04-19,FWR,Barcelona,Celta Vigo,67.0,Raphinha,h,OpenPlay,La_Liga,Barcelona,3843,0.0,3820.0,554.0,23.0,487.0
27292,2024,8026,2,1.529052972793579,90,2025-04-19,FWR,Barcelona,Celta Vigo,97.0,Raphinha,h,Penalty,La_Liga,Barcelona,3843,0.0,3850.0,30.0,0.0,487.0
27305,2024,8026,0,0.112685389816761,28,2025-04-22,Sub,Barcelona,Mallorca,,Raphinha,h,NoGoal,La_Liga,Barcelona,3871,62.0,3850.0,0.0,21.0,0.0
27316,2024,8026,1,0.5796486139297485,40,2025-05-03,Sub,Real Valladolid,Barcelona,53.0,Raphinha,a,OpenPlay,La_Liga,Barcelona,3911,50.0,3874.0,24.0,37.0,21.0
27324,2024,8026,2,2.1517210006713867,90,2025-05-11,AML,Barcelona,Real Madrid,33.0,Raphinha,h,OpenPlay,La_Liga,Barcelona,4001,0.0,3944.0,70.0,57.0,37.0
27324,2024,8026,2,2.1517210006713867,90,2025-05-11,AML,Barcelona,Real Madrid,44.0,Raphinha,h,OpenPlay,La_Liga,Barcelona,4001,0.0,3955.0,11.0,46.0,37.0
27332,2024,8026,0,0.04022017121315,90,2025-05-15,AML,Espanyol,Barcelona,,Raphinha,a,NoGoal,La_Liga,Barcelona,4091,0.0,3955.0,0.0,136.0,46.0
27343,2024,8026,0,0.1799923479557037,90,2025-05-18,AML,Barcelona,Villarreal,,Raphinha,h,NoGoal,La_Liga,Barcelona,4181,0.0,3955.0,0.0,226.0,136.0
27353,2024,8026,0,0.0195193793624639,66,2025-05-25,AML,Athletic Club,Barcelona,,Raphinha,a,NoGoal,La_Liga,Barcelona,4247,0.0,3955.0,0.0,292.0,226.0
29160,2025,8026,1,0.6558778285980225,84,2025-08-16,AML,Mallorca,Barcelona,6.0,Raphinha,a,OpenPlay,La_Liga,Barcelona,4331,0.0,4253.0,298.0,78.0,292.0
29171,2025,8026,0,0.1703990995883941,90,2025-08-23,AMC,Levante,Barcelona,,Raphinha,a,NoGoal,La_Liga,Barcelona,4421,0.0,4253.0,0.0,168.0,78.0
29188,2025,8026,0,0.3730334639549255,66,2025-08-31,AML,Rayo Vallecano,Barcelona,,Raphinha,a,NoGoal,La_Liga,Barcelona,4487,0.0,4253.0,0.0,234.0,168.0
29194,2025,8026,2,0.908457338809967,43,2025-09-14,Sub,Barcelona,Valencia,52.0,Raphinha,h,OpenPlay,La_Liga,Barcelona,4530,47.0,4492.0,239.0,38.0,234.0
29194,2025,8026,2,0.908457338809967,43,2025-09-14,Sub,Barcelona,Valencia,65.0,Raphinha,h,OpenPlay,La_Liga,Barcelona,4530,47.0,4505.0,13.0,25.0,234.0
29199,2025,8026,0,0.0207553077489137,49,2025-09-21,FWR,Barcelona,Getafe,,Raphinha,h,NoGoal,La_Liga,Barcelona,4579,0.0,4505.0,0.0,74.0,25.0
29213,2025,8026,0,0.1874801218509674,66,2025-09-25,AMR,Real Oviedo,Barcelona,,Raphinha,a,NoGoal,La_Liga,Barcelona,4645,0.0,4505.0,0.0,140.0,74.0
29284,2025,8026,0,0.0480524636805057,6,2025-11-22,Sub,Barcelona,Athletic Club,,Raphinha,h,NoGoal,La_Liga,Barcelona,4651,84.0,4505.0,0.0,146.0,140.0
29294,2025,8026,0,0.1159516721963882,64,2025-11-29,AML,Barcelona,Alaves,,Raphinha,h,NoGoal,La_Liga,Barcelona,4715,0.0,4505.0,0.0,210.0,146.0
29342,2025,8026,1,0.9648633599281312,79,2025-12-02,AML,Barcelona,Atletico Madrid,25.0,Raphinha,h,OpenPlay,La_Liga,Barcelona,4794,0.0,4740.0,235.0,54.0,210.0
29310,2025,8026,2,0.9232267737388612,90,2025-12-13,AMC,Barcelona,Osasuna,69.0,Raphinha,h,OpenPlay,La_Liga,Barcelona,4884,0.0,4863.0,123.0,21.0,54.0
29310,2025,8026,2,0.9232267737388612,90,2025-12-13,AMC,Barcelona,Osasuna,85.0,Raphinha,h,OpenPlay,La_Liga,Barcelona,4884,0.0,4879.0,16.0,5.0,54.0
29325,2025,8026,1,0.872037947177887,90,2025-12-21,AML,Villarreal,Barcelona,11.0,Raphinha,a,Penalty,La_Liga,Barcelona,4974,0.0,4895.0,16.0,79.0,5.0
29333,2025,8026,0,0.0691879019141197,68,2026-01-03,AMC,Espanyol,Barcelona,,Raphinha,a,NoGoal,La_Liga,Barcelona,5042,0.0,4895.0,0.0,147.0,79.0
29361,2025,8026,1,0.4340037405490875,62,2026-01-25,AML,Barcelona,Real Oviedo,56.0,Raphinha,h,OpenPlay,La_Liga,Barcelona,5104,0.0,5098.0,203.0,6.0,147.0
29373,2025,8026,0,0.044927529990673,49,2026-01-31,FWL,Elche,Barcelona,,Raphinha,a,NoGoal,La_Liga,Barcelona,5153,0.0,5098.0,0.0,55.0,6.0
29395,2025,8026,0,0.2761105895042419,65,2026-02-16,FWL,Girona,Barcelona,,Raphinha,a,NoGoal,La_Liga,Barcelona,5218,0.0,5098.0,0.0,120.0,55.0
29401,2025,8026,0,1.170384168624878,90,2026-02-22,AML,Barcelona,Levante,,Raphinha,h,NoGoal,La_Liga,Barcelona,5308,0.0,5098.0,0.0,210.0,120.0
29408,2025,8026,0,0.0614501535892486,75,2026-02-28,FWL,Barcelona,Villarreal,,Raphinha,h,NoGoal,La_Liga,Barcelona,5383,0.0,5098.0,0.0,285.0,210.0
29418,2025,8026,0,0.0,25,2026-03-07,Sub,Athletic Club,Barcelona,,Raphinha,a,NoGoal,La_Liga,Barcelona,5408,65.0,5098.0,0.0,310.0,285.0
29430,2025,8026,3,1.5910518169403076,85,2026-03-15,FWL,Barcelona,Sevilla,8.0,Raphinha,h,Penalty,La_Liga,Barcelona,5493,0.0,5416.0,318.0,77.0,310.0
29430,2025,8026,3,1.5910518169403076,85,2026-03-15,FWL,Barcelona,Sevilla,20.0,Raphinha,h,Penalty,La_Liga,Barcelona,5493,0.0,5428.0,12.0,65.0,310.0
29430,2025,8026,3,1.5910518169403076,85,2026-03-15,FWL,Barcelona,Sevilla,50.0,Raphinha,h,OpenPlay,La_Liga,Barcelona,5493,0.0,5458.0,30.0,35.0,310.0
29441,2025,8026,0,1.0813302993774414,90,2026-03-22,AML,Barcelona,Rayo Vallecano,,Raphinha,h,NoGoal,La_Liga,Barcelona,5583,0.0,5458.0,0.0,125.0,35.0
29500,2025,8026,0,0.2468634992837906,24,2026-05-10,Sub,Barcelona,Real Madrid,,Raphinha,h,NoGoal,La_Liga,Barcelona,5607,66.0,5458.0,0.0,149.0,125.0
29519,2025,8026,2,0.9116983413696288,64,2026-05-17,FWR,Barcelona,Real Betis,27.0,Raphinha,h,DirectFreekick,La_Liga,Barcelona,5671,0.0,5634.0,176.0,37.0,149.0
29519,2025,8026,2,0.9116983413696288,64,2026-05-17,FWR,Barcelona,Real Betis,61.0,Raphinha,h,OpenPlay,La_Liga,Barcelona,5671,0.0,5668.0,34.0,3.0,149.0
23371,2023,8056,1,1.1020280122756958,78,2023-08-13,FW,Rennes,Metz,19.0,Arnaud Kalimuendo Muinga,h,OpenPlay,Ligue_1,Rennes,78,0.0,19.0,,59.0,
23386,2023,8056,0,0.129857912659645,90,2023-08-20,FW,Lens,Rennes,,Arnaud Kalimuendo Muinga,a,NoGoal,Ligue_1,Rennes,168,0.0,19.0,0.0,149.0,59.0
23391,2023,8056,0,0.7054240703582764,82,2023-08-27,FW,Rennes,Le Havre,,Arnaud Kalimuendo Muinga,h,NoGoal,Ligue_1,Rennes,250,0.0,19.0,0.0,231.0,149.0
23406,2023,8056,0,0.0815097540616989,90,2023-09-02,FW,Brest,Rennes,,Arnaud Kalimuendo Muinga,a,NoGoal,Ligue_1,Rennes,340,0.0,19.0,0.0,321.0,231.0
23426,2023,8056,1,0.7600951194763184,1,2023-10-01,Sub,Rennes,Nantes,96.0,Arnaud Kalimuendo Muinga,h,Penalty,Ligue_1,Rennes,341,95.0,341.0,322.0,0.0,321.0
23435,2023,8056,0,0.1697255969047546,73,2023-10-08,FW,Rennes,Paris Saint Germain,,Arnaud Kalimuendo Muinga,h,NoGoal,Ligue_1,Rennes,414,0.0,341.0,0.0,73.0,0.0
23445,2023,8056,0,0.1346762031316757,79,2023-10-22,FW,Lorient,Rennes,,Arnaud Kalimuendo Muinga,a,NoGoal,Ligue_1,Rennes,493,0.0,341.0,0.0,152.0,73.0
23452,2023,8056,0,0.196562185883522,71,2023-10-29,FW,Rennes,Strasbourg,,Arnaud Kalimuendo Muinga,h,NoGoal,Ligue_1,Rennes,564,0.0,341.0,0.0,223.0,152.0
23468,2023,8056,0,0.0383458286523819,29,2023-11-05,Sub,Nice,Rennes,,Arnaud Kalimuendo Muinga,a,NoGoal,Ligue_1,Rennes,593,61.0,341.0,0.0,252.0,223.0
23470,2023,8056,0,0.0591558814048767,43,2023-11-12,Sub,Rennes,Lyon,,Arnaud Kalimuendo Muinga,h,NoGoal,Ligue_1,Rennes,636,47.0,341.0,0.0,295.0,252.0
23481,2023,8056,0,0.3484492599964142,90,2023-11-26,FW,Rennes,Reims,,Arnaud Kalimuendo Muinga,h,NoGoal,Ligue_1,Rennes,726,0.0,341.0,0.0,385.0,295.0
23489,2023,8056,0,0.0211711712181568,29,2023-12-03,Sub,Marseille,Rennes,,Arnaud Kalimuendo Muinga,a,NoGoal,Ligue_1,Rennes,755,61.0,341.0,0.0,414.0,385.0
23499,2023,8056,0,0.0,65,2023-12-09,FW,Rennes,Monaco,,Arnaud Kalimuendo Muinga,h,NoGoal,Ligue_1,Rennes,820,0.0,341.0,0.0,479.0,414.0
23506,2023,8056,0,0.0902295112609863,90,2023-12-17,FW,Toulouse,Rennes,,Arnaud Kalimuendo Muinga,a,NoGoal,Ligue_1,Rennes,910,0.0,341.0,0.0,569.0,479.0
23520,2023,8056,1,0.6172327399253845,79,2023-12-20,FW,Clermont Foot,Rennes,51.0,Arnaud Kalimuendo Muinga,a,OpenPlay,Ligue_1,Rennes,989,0.0,961.0,620.0,28.0,569.0
23524,2023,8056,1,0.5779127478599548,88,2024-01-13,FW,Rennes,Nice,53.0,Arnaud Kalimuendo Muinga,h,OpenPlay,Ligue_1,Rennes,1077,0.0,1042.0,81.0,35.0,28.0
23537,2023,8056,0,0.1035100594162941,66,2024-01-26,FW,Lyon,Rennes,,Arnaud Kalimuendo Muinga,a,NoGoal,Ligue_1,Rennes,1143,0.0,1042.0,0.0,101.0,35.0
23543,2023,8056,1,0.7600951194763184,75,2024-02-03,FW,Rennes,Montpellier,47.0,Arnaud Kalimuendo Muinga,h,Penalty,Ligue_1,Rennes,1218,0.0,1190.0,148.0,28.0,101.0
23559,2023,8056,0,0.0427097082138061,77,2024-02-11,FW,Le Havre,Rennes,,Arnaud Kalimuendo Muinga,a,NoGoal,Ligue_1,Rennes,1295,0.0,1190.0,0.0,105.0,28.0
23569,2023,8056,0,0.0,67,2024-02-25,FW,Paris Saint Germain,Rennes,,Arnaud Kalimuendo Muinga,a,NoGoal,Ligue_1,Rennes,1362,0.0,1190.0,0.0,172.0,105.0
23578,2023,8056,0,0.6797310709953308,82,2024-03-03,FW,Rennes,Lorient,,Arnaud Kalimuendo Muinga,h,NoGoal,Ligue_1,Rennes,1444,0.0,1190.0,0.0,254.0,172.0
23591,2023,8056,1,0.1461542248725891,88,2024-03-10,FW,Lille,Rennes,19.0,Arnaud Kalimuendo Muinga,a,OpenPlay,Ligue_1,Rennes,1532,0.0,1463.0,273.0,69.0,254.0
23596,2023,8056,0,0.326171725988388,90,2024-03-17,FW,Rennes,Marseille,,Arnaud Kalimuendo Muinga,h,NoGoal,Ligue_1,Rennes,1622,0.0,1463.0,0.0,159.0,69.0
23605,2023,8056,0,0.0148185286670923,32,2024-03-31,Sub,Strasbourg,Rennes,,Arnaud Kalimuendo Muinga,a,NoGoal,Ligue_1,Rennes,1654,58.0,1463.0,0.0,191.0,159.0
23616,2023,8056,0,0.122772492468357,86,2024-04-07,FW,Monaco,Rennes,,Arnaud Kalimuendo Muinga,a,NoGoal,Ligue_1,Rennes,1740,0.0,1463.0,0.0,277.0,191.0
23627,2023,8056,0,0.2329133749008178,90,2024-04-13,FW,Rennes,Toulouse,,Arnaud Kalimuendo Muinga,h,NoGoal,Ligue_1,Rennes,1830,0.0,1463.0,0.0,367.0,277.0
23638,2023,8056,1,0.5549081563949585,85,2024-04-20,FW,Nantes,Rennes,66.0,Arnaud Kalimuendo Muinga,a,OpenPlay,Ligue_1,Rennes,1915,0.0,1896.0,433.0,19.0,367.0
23643,2023,8056,2,1.100989580154419,90,2024-04-28,FW,Rennes,Brest,3.0,Arnaud Kalimuendo Muinga,h,OpenPlay,Ligue_1,Rennes,2005,0.0,1918.0,22.0,87.0,19.0
23643,2023,8056,2,1.100989580154419,90,2024-04-28,FW,Rennes,Brest,8.0,Arnaud Kalimuendo Muinga,h,OpenPlay,Ligue_1,Rennes,2005,0.0,1923.0,5.0,82.0,19.0
23657,2023,8056,1,0.4703516066074371,90,2024-05-04,FW,Metz,Rennes,92.0,Arnaud Kalimuendo Muinga,a,OpenPlay,Ligue_1,Rennes,2095,0.0,2097.0,174.0,0.0,82.0
23661,2023,8056,0,0.0983388051390647,90,2024-05-12,FW,Rennes,Lens,,Arnaud Kalimuendo Muinga,h,NoGoal,Ligue_1,Rennes,2185,0.0,2097.0,0.0,88.0,0.0
28063,2024,8056,0,0.3390752375125885,29,2024-08-25,Sub,Strasbourg,Rennes,,Arnaud Kalimuendo Muinga,a,NoGoal,Ligue_1,Rennes,2214,61.0,2097.0,0.0,117.0,88.0
28072,2024,8056,0,0.146488532423973,67,2024-09-01,FW,Reims,Rennes,,Arnaud Kalimuendo Muinga,a,NoGoal,Ligue_1,Rennes,2281,0.0,2097.0,0.0,184.0,117.0
28080,2024,8056,1,0.1844078749418258,70,2024-09-15,FW,Rennes,Montpellier,34.0,Arnaud Kalimuendo Muinga,h,OpenPlay,Ligue_1,Rennes,2351,0.0,2315.0,218.0,36.0,184.0
28091,2024,8056,1,0.8435041308403015,71,2024-09-21,FW,Rennes,Lens,23.0,Arnaud Kalimuendo Muinga,h,Penalty,Ligue_1,Rennes,2422,0.0,2374.0,59.0,48.0,36.0
28094,2024,8056,1,1.363904595375061,90,2024-09-27,FW,Paris Saint Germain,Rennes,74.0,Arnaud Kalimuendo Muinga,a,Penalty,Ligue_1,Rennes,2512,0.0,2496.0,122.0,16.0,48.0
28103,2024,8056,0,0.1037924736738205,88,2024-10-05,FW,Rennes,Monaco,,Arnaud Kalimuendo Muinga,h,NoGoal,Ligue_1,Rennes,2600,0.0,2496.0,0.0,104.0,16.0
28118,2024,8056,0,0.1189049333333969,90,2024-10-19,FW,Brest,Rennes,,Arnaud Kalimuendo Muinga,a,NoGoal,Ligue_1,Rennes,2690,0.0,2496.0,0.0,194.0,104.0
28123,2024,8056,0,0.1543592363595962,90,2024-10-25,FW,Rennes,Le Havre,,Arnaud Kalimuendo Muinga,h,NoGoal,Ligue_1,Rennes,2780,0.0,2496.0,0.0,284.0,194.0
28131,2024,8056,0,0.0,90,2024-11-03,FW,Auxerre,Rennes,,Arnaud Kalimuendo Muinga,a,NoGoal,Ligue_1,Rennes,2870,0.0,2496.0,0.0,374.0,284.0
28138,2024,8056,0,0.0,65,2024-11-10,FW,Rennes,Toulouse,,Arnaud Kalimuendo Muinga,h,NoGoal,Ligue_1,Rennes,2935,0.0,2496.0,0.0,439.0,374.0
28151,2024,8056,0,0.0254681408405303,90,2024-11-24,FW,Lille,Rennes,,Arnaud Kalimuendo Muinga,a,NoGoal,Ligue_1,Rennes,3025,0.0,2496.0,0.0,529.0,439.0
28157,2024,8056,3,1.8321704864501955,90,2024-11-30,FW,Rennes,Saint-Etienne,38.0,Arnaud Kalimuendo Muinga,h,Penalty,Ligue_1,Rennes,3115,0.0,3063.0,567.0,52.0,529.0
28157,2024,8056,3,1.8321704864501955,90,2024-11-30,FW,Rennes,Saint-Etienne,60.0,Arnaud Kalimuendo Muinga,h,OpenPlay,Ligue_1,Rennes,3115,0.0,3085.0,22.0,30.0,529.0
28157,2024,8056,3,1.8321704864501955,90,2024-11-30,FW,Rennes,Saint-Etienne,66.0,Arnaud Kalimuendo Muinga,h,Penalty,Ligue_1,Rennes,3115,0.0,3091.0,6.0,24.0,529.0
28172,2024,8056,0,0.0,90,2024-12-08,FW,Nantes,Rennes,,Arnaud Kalimuendo Muinga,a,NoGoal,Ligue_1,Rennes,3205,0.0,3091.0,0.0,114.0,24.0
28174,2024,8056,0,0.0278828870505094,90,2024-12-15,FW,Rennes,Angers,,Arnaud Kalimuendo Muinga,h,NoGoal,Ligue_1,Rennes,3295,0.0,3091.0,0.0,204.0,114.0
28191,2024,8056,1,0.3499768078327179,90,2025-01-03,FW,Nice,Rennes,26.0,Arnaud Kalimuendo Muinga,a,OpenPlay,Ligue_1,Rennes,3385,0.0,3321.0,230.0,64.0,204.0
28200,2024,8056,1,1.6646783351898191,51,2025-01-11,FW,Rennes,Marseille,42.0,Arnaud Kalimuendo Muinga,h,OpenPlay,Ligue_1,Rennes,3436,0.0,3427.0,106.0,9.0,64.0
28209,2024,8056,0,0.2319212406873703,90,2025-01-18,FW,Rennes,Brest,,Arnaud Kalimuendo Muinga,h,NoGoal,Ligue_1,Rennes,3526,0.0,3427.0,0.0,99.0,9.0
28211,2024,8056,0,0.1334098577499389,90,2025-01-25,FW,Monaco,Rennes,,Arnaud Kalimuendo Muinga,a,NoGoal,Ligue_1,Rennes,3616,0.0,3427.0,0.0,189.0,99.0
28226,2024,8056,0,0.2096124440431594,90,2025-02-02,FWL,Rennes,Strasbourg,,Arnaud Kalimuendo Muinga,h,NoGoal,Ligue_1,Rennes,3706,0.0,3427.0,0.0,279.0,189.0
28232,2024,8056,1,1.1667282581329346,70,2025-02-08,FW,Saint-Etienne,Rennes,14.0,Arnaud Kalimuendo Muinga,a,OpenPlay,Ligue_1,Rennes,3776,0.0,3720.0,293.0,56.0,279.0
28242,2024,8056,0,0.0752373412251472,81,2025-02-16,FW,Rennes,Lille,,Arnaud Kalimuendo Muinga,h,NoGoal,Ligue_1,Rennes,3857,0.0,3720.0,0.0,137.0,56.0
28246,2024,8056,1,1.4332218170166016,90,2025-02-21,FW,Rennes,Reims,9.0,Arnaud Kalimuendo Muinga,h,Penalty,Ligue_1,Rennes,3947,0.0,3866.0,146.0,81.0,137.0
28258,2024,8056,1,1.7442346811294556,90,2025-03-02,FW,Montpellier,Rennes,86.0,Arnaud Kalimuendo Muinga,a,SetPiece,Ligue_1,Rennes,4037,0.0,4033.0,167.0,4.0,81.0
28271,2024,8056,0,0.3833692073822021,90,2025-03-08,AMC,Rennes,Paris Saint Germain,,Arnaud Kalimuendo Muinga,h,NoGoal,Ligue_1,Rennes,4127,0.0,4033.0,0.0,94.0,4.0
28278,2024,8056,0,0.1561906933784485,73,2025-03-15,FW,Lens,Rennes,,Arnaud Kalimuendo Muinga,a,NoGoal,Ligue_1,Rennes,4200,0.0,4033.0,0.0,167.0,94.0
28282,2024,8056,2,1.095408916473389,90,2025-03-30,AMC,Angers,Rennes,12.0,Arnaud Kalimuendo Muinga,a,OpenPlay,Ligue_1,Rennes,4290,0.0,4212.0,179.0,78.0,167.0
28282,2024,8056,2,1.095408916473389,90,2025-03-30,AMC,Angers,Rennes,94.0,Arnaud Kalimuendo Muinga,a,OpenPlay,Ligue_1,Rennes,4290,0.0,4294.0,82.0,0.0,167.0
28299,2024,8056,0,0.1753587424755096,90,2025-04-06,AMC,Rennes,Auxerre,,Arnaud Kalimuendo Muinga,h,NoGoal,Ligue_1,Rennes,4380,0.0,4294.0,0.0,86.0,0.0
28301,2024,8056,1,1.0451173782348633,86,2025-04-13,FW,Le Havre,Rennes,14.0,Arnaud Kalimuendo Muinga,a,OpenPlay,Ligue_1,Rennes,4466,0.0,4394.0,100.0,72.0,86.0
28317,2024,8056,0,0.8269773125648499,90,2025-04-18,FW,Rennes,Nantes,,Arnaud Kalimuendo Muinga,h,NoGoal,Ligue_1,Rennes,4556,0.0,4394.0,0.0,162.0,72.0
28326,2024,8056,0,0.0489485673606395,49,2025-04-26,FW,Lyon,Rennes,,Arnaud Kalimuendo Muinga,a,NoGoal,Ligue_1,Rennes,4605,0.0,4394.0,0.0,211.0,162.0
28327,2024,8056,1,0.6750446557998657,30,2025-05-03,Sub,Toulouse,Rennes,64.0,Arnaud Kalimuendo Muinga,a,OpenPlay,Ligue_1,Rennes,4635,60.0,4609.0,215.0,26.0,211.0
28340,2024,8056,2,1.3291271924972534,90,2025-05-10,FW,Rennes,Nice,14.0,Arnaud Kalimuendo Muinga,h,OpenPlay,Ligue_1,Rennes,4725,0.0,4649.0,40.0,76.0,26.0
28340,2024,8056,2,1.3291271924972534,90,2025-05-10,FW,Rennes,Nice,79.0,Arnaud Kalimuendo Muinga,h,OpenPlay,Ligue_1,Rennes,4725,0.0,4714.0,65.0,11.0,26.0
28346,2024,8056,0,0.0956257954239845,90,2025-05-17,FW,Marseille,Rennes,,Arnaud Kalimuendo Muinga,a,NoGoal,Ligue_1,Rennes,4815,0.0,4714.0,0.0,101.0,11.0
28794,2025,8056,0,0.0,18,2025-08-24,Sub,Crystal Palace,Nottingham Forest,,Arnaud Kalimuendo Muinga,a,NoGoal,EPL,Nottingham Forest,4833,72.0,4714.0,0.0,119.0,101.0
28804,2025,8056,0,0.0,1,2025-08-31,Sub,Nottingham Forest,West Ham,,Arnaud Kalimuendo Muinga,h,NoGoal,EPL,Nottingham Forest,4834,89.0,4714.0,0.0,120.0,119.0
28808,2025,8056,0,0.1183149889111518,23,2025-09-13,Sub,Arsenal,Nottingham Forest,,Arnaud Kalimuendo Muinga,a,NoGoal,EPL,Nottingham Forest,4857,67.0,4714.0,0.0,143.0,120.0
28822,2025,8056,0,0.0937196686863899,13,2025-09-20,Sub,Burnley,Nottingham Forest,,Arnaud Kalimuendo Muinga,a,NoGoal,EPL,Nottingham Forest,4870,77.0,4714.0,0.0,156.0,143.0
28834,2025,8056,0,0.0,1,2025-09-27,Sub,Nottingham Forest,Sunderland,,Arnaud Kalimuendo Muinga,h,NoGoal,EPL,Nottingham Forest,4871,89.0,4714.0,0.0,157.0,156.0
28858,2025,8056,0,0.0,1,2025-10-26,Sub,Bournemouth,Nottingham Forest,,Arnaud Kalimuendo Muinga,a,NoGoal,EPL,Nottingham Forest,4872,89.0,4714.0,0.0,158.0,157.0
28904,2025,8056,0,0.0,13,2025-11-30,Sub,Nottingham Forest,Brighton,,Arnaud Kalimuendo Muinga,h,NoGoal,EPL,Nottingham Forest,4885,77.0,4714.0,0.0,171.0,158.0
28942,2025,8056,0,0.0,1,2025-12-22,Sub,Fulham,Nottingham Forest,,Arnaud Kalimuendo Muinga,a,NoGoal,EPL,Nottingham Forest,4886,89.0,4714.0,0.0,172.0,171.0
28972,2025,8056,0,0.0390536338090896,4,2026-01-03,Sub,Aston Villa,Nottingham Forest,,Arnaud Kalimuendo Muinga,a,NoGoal,EPL,Nottingham Forest,4890,86.0,4714.0,0.0,176.0,172.0
30362,2025,8056,0,0.0592804253101348,25,2026-01-09,Sub,Eintracht Frankfurt,Borussia Dortmund,,Arnaud Kalimuendo Muinga,h,NoGoal,Bundesliga,Eintracht Frankfurt,4915,65.0,4714.0,0.0,201.0,176.0
30375,2025,8056,0,0.5058582425117493,90,2026-01-13,FW,VfB Stuttgart,Eintracht Frankfurt,,Arnaud Kalimuendo Muinga,a,NoGoal,Bundesliga,Eintracht Frankfurt,5005,0.0,4714.0,0.0,291.0,201.0
30384,2025,8056,1,0.4379970133304596,90,2026-01-16,FW,Werder Bremen,Eintracht Frankfurt,0.0,Arnaud Kalimuendo Muinga,a,OpenPlay,Bundesliga,Eintracht Frankfurt,5095,0.0,5005.0,291.0,90.0,291.0
30389,2025,8056,1,0.5270026922225952,76,2026-01-24,FW,Eintracht Frankfurt,Hoffenheim,17.0,Arnaud Kalimuendo Muinga,h,OpenPlay,Bundesliga,Eintracht Frankfurt,5171,0.0,5112.0,107.0,59.0,90.0
30397,2025,8056,0,0.1048725098371505,90,2026-01-31,FW,Eintracht Frankfurt,Bayer Leverkusen,,Arnaud Kalimuendo Muinga,h,NoGoal,Bundesliga,Eintracht Frankfurt,5261,0.0,5112.0,0.0,149.0,59.0
30411,2025,8056,0,0.0,90,2026-02-06,FW,Union Berlin,Eintracht Frankfurt,,Arnaud Kalimuendo Muinga,a,NoGoal,Bundesliga,Eintracht Frankfurt,5351,0.0,5112.0,0.0,239.0,149.0
30416,2025,8056,0,0.2868584096431732,16,2026-02-14,FW,Eintracht Frankfurt,Borussia M.Gladbach,,Arnaud Kalimuendo Muinga,h,NoGoal,Bundesliga,Eintracht Frankfurt,5367,0.0,5112.0,0.0,255.0,239.0
30422,2025,8056,1,0.5811270475387573,27,2026-02-21,Sub,Bayern Munich,Eintracht Frankfurt,85.0,Arnaud Kalimuendo Muinga,a,OpenPlay,Bundesliga,Eintracht Frankfurt,5394,63.0,5389.0,277.0,5.0,255.0
30435,2025,8056,0,0.5480355024337769,90,2026-03-01,MR,Eintracht Frankfurt,Freiburg,,Arnaud Kalimuendo Muinga,h,NoGoal,Bundesliga,Eintracht Frankfurt,5484,0.0,5389.0,0.0,95.0,5.0
30446,2025,8056,0,0.0,87,2026-03-08,FWR,St. Pauli,Eintracht Frankfurt,,Arnaud Kalimuendo Muinga,a,NoGoal,Bundesliga,Eintracht Frankfurt,5571,0.0,5389.0,0.0,182.0,95.0
30452,2025,8056,1,0.0859569907188415,80,2026-03-14,FW,Eintracht Frankfurt,FC Heidenheim,52.0,Arnaud Kalimuendo Muinga,h,SetPiece,Bundesliga,Eintracht Frankfurt,5651,0.0,5623.0,234.0,28.0,182.0
30463,2025,8056,0,0.0858750194311142,90,2026-03-22,FWR,Mainz 05,Eintracht Frankfurt,,Arnaud Kalimuendo Muinga,a,NoGoal,Bundesliga,Eintracht Frankfurt,5741,0.0,5623.0,0.0,118.0,28.0
30469,2025,8056,1,0.5608850717544556,90,2026-04-05,AMC,Eintracht Frankfurt,FC Cologne,68.0,Arnaud Kalimuendo Muinga,h,OpenPlay,Bundesliga,Eintracht Frankfurt,5831,0.0,5809.0,186.0,22.0,118.0
30484,2025,8056,1,0.8774141669273376,90,2026-04-11,FWL,Wolfsburg,Eintracht Frankfurt,31.0,Arnaud Kalimuendo Muinga,a,SetPiece,Bundesliga,Eintracht Frankfurt,5921,0.0,5862.0,53.0,59.0,22.0
30488,2025,8056,0,0.1442857682704925,90,2026-04-18,AMC,Eintracht Frankfurt,RasenBallsport Leipzig,,Arnaud Kalimuendo Muinga,h,NoGoal,Bundesliga,Eintracht Frankfurt,6011,0.0,5862.0,0.0,149.0,59.0
30494,2025,8056,0,0.0744874328374862,90,2026-04-25,FW,Augsburg,Eintracht Frankfurt,,Arnaud Kalimuendo Muinga,a,NoGoal,Bundesliga,Eintracht Frankfurt,6101,0.0,5862.0,0.0,239.0,149.0
30506,2025,8056,0,0.0,90,2026-05-02,ML,Eintracht Frankfurt,Hamburger SV,,Arnaud Kalimuendo Muinga,h,NoGoal,Bundesliga,Eintracht Frankfurt,6191,0.0,5862.0,0.0,329.0,239.0
30513,2025,8056,0,0.0,80,2026-05-08,FW,Borussia Dortmund,Eintracht Frankfurt,,Arnaud Kalimuendo Muinga,a,NoGoal,Bundesliga,Eintracht Frankfurt,6271,0.0,5862.0,0.0,409.0,329.0
30524,2025,8056,0,0.0,50,2026-05-16,FW,Eintracht Frankfurt,VfB Stuttgart,,Arnaud Kalimuendo Muinga,h,NoGoal,Bundesliga,Eintracht Frankfurt,6321,0.0,5862.0,0.0,459.0,409.0
23068,2023,8137,0,0.0633652806282043,1,2023-08-19,Sub,Hoffenheim,Freiburg,,Maximilian Beier,h,NoGoal,Bundesliga,Hoffenheim,1,89.0,,,,
23078,2023,8137,1,0.4899573028087616,20,2023-08-26,Sub,FC Heidenheim,Hoffenheim,76.0,Maximilian Beier,a,FromCorner,Bundesliga,Hoffenheim,21,70.0,7.0,,14.0,
23085,2023,8137,1,0.4354305267333984,72,2023-09-02,FW,Hoffenheim,Wolfsburg,59.0,Maximilian Beier,h,OpenPlay,Bundesliga,Hoffenheim,93,0.0,80.0,73.0,13.0,14.0
23097,2023,8137,1,0.0937440320849418,90,2023-09-16,FW,FC Cologne,Hoffenheim,51.0,Maximilian Beier,a,OpenPlay,Bundesliga,Hoffenheim,183,0.0,144.0,64.0,39.0,13.0
23106,2023,8137,1,0.4698620736598968,60,2023-09-23,FW,Union Berlin,Hoffenheim,37.0,Maximilian Beier,a,OpenPlay,Bundesliga,Hoffenheim,243,0.0,220.0,76.0,23.0,39.0
23110,2023,8137,0,0.0499611385166645,87,2023-09-29,FW,Hoffenheim,Borussia Dortmund,,Maximilian Beier,h,NoGoal,Bundesliga,Hoffenheim,330,0.0,220.0,0.0,110.0,23.0
23124,2023,8137,1,0.6767507195472717,86,2023-10-07,FW,Werder Bremen,Hoffenheim,7.0,Maximilian Beier,a,OpenPlay,Bundesliga,Hoffenheim,416,0.0,337.0,117.0,79.0,110.0
23132,2023,8137,1,0.50929856300354,70,2023-10-21,FW,Hoffenheim,Eintracht Frankfurt,2.0,Maximilian Beier,h,OpenPlay,Bundesliga,Hoffenheim,486,0.0,418.0,81.0,68.0,79.0
23145,2023,8137,0,0.6698529124259949,83,2023-10-28,FW,VfB Stuttgart,Hoffenheim,,Maximilian Beier,a,NoGoal,Bundesliga,Hoffenheim,569,0.0,418.0,0.0,151.0,68.0
23152,2023,8137,0,0.1880329251289367,90,2023-11-04,FW,Hoffenheim,Bayer Leverkusen,,Maximilian Beier,h,NoGoal,Bundesliga,Hoffenheim,659,0.0,418.0,0.0,241.0,151.0
23161,2023,8137,0,0.2121788263320922,90,2023-11-11,FW,Augsburg,Hoffenheim,,Maximilian Beier,a,NoGoal,Bundesliga,Hoffenheim,749,0.0,418.0,0.0,331.0,241.0
23170,2023,8137,0,0.1970956027507782,90,2023-11-26,FW,Hoffenheim,Mainz 05,,Maximilian Beier,h,NoGoal,Bundesliga,Hoffenheim,839,0.0,418.0,0.0,421.0,331.0
23177,2023,8137,0,0.072900116443634,90,2023-12-02,FW,Borussia M.Gladbach,Hoffenheim,,Maximilian Beier,a,NoGoal,Bundesliga,Hoffenheim,929,0.0,418.0,0.0,511.0,421.0
23192,2023,8137,0,0.0,18,2023-12-16,Sub,RasenBallsport Leipzig,Hoffenheim,,Maximilian Beier,a,NoGoal,Bundesliga,Hoffenheim,947,72.0,418.0,0.0,529.0,511.0
23205,2023,8137,0,0.0422160737216472,15,2023-12-19,Sub,Hoffenheim,Darmstadt,,Maximilian Beier,h,NoGoal,Bundesliga,Hoffenheim,962,75.0,418.0,0.0,544.0,529.0
23209,2023,8137,0,1.1306573152542114,85,2024-01-12,FW,Bayern Munich,Hoffenheim,,Maximilian Beier,a,NoGoal,Bundesliga,Hoffenheim,1047,0.0,418.0,0.0,629.0,544.0
23220,2023,8137,1,0.410379022359848,90,2024-01-20,FW,Freiburg,Hoffenheim,76.0,Maximilian Beier,a,OpenPlay,Bundesliga,Hoffenheim,1137,0.0,1123.0,705.0,14.0,629.0
23232,2023,8137,0,0.6252638697624207,80,2024-01-27,FW,Hoffenheim,FC Heidenheim,,Maximilian Beier,h,NoGoal,Bundesliga,Hoffenheim,1217,0.0,1123.0,0.0,94.0,14.0
23239,2023,8137,1,0.6572052240371704,90,2024-02-04,FW,Wolfsburg,Hoffenheim,5.0,Maximilian Beier,a,OpenPlay,Bundesliga,Hoffenheim,1307,0.0,1222.0,99.0,85.0,94.0
23247,2023,8137,0,0.0644982606172561,90,2024-02-11,FWL,Hoffenheim,FC Cologne,,Maximilian Beier,h,NoGoal,Bundesliga,Hoffenheim,1397,0.0,1222.0,0.0,175.0,85.0
23259,2023,8137,0,0.2153749465942382,90,2024-02-17,FW,Hoffenheim,Union Berlin,,Maximilian Beier,h,NoGoal,Bundesliga,Hoffenheim,1487,0.0,1222.0,0.0,265.0,175.0
23270,2023,8137,2,0.6741297841072083,81,2024-02-25,FW,Borussia Dortmund,Hoffenheim,60.0,Maximilian Beier,a,OpenPlay,Bundesliga,Hoffenheim,1568,0.0,1547.0,325.0,21.0,265.0
23270,2023,8137,2,0.6741297841072083,81,2024-02-25,FW,Borussia Dortmund,Hoffenheim,63.0,Maximilian Beier,a,OpenPlay,Bundesliga,Hoffenheim,1568,0.0,1550.0,3.0,18.0,265.0
23277,2023,8137,2,1.405246615409851,78,2024-03-03,AMC,Hoffenheim,Werder Bremen,7.0,Maximilian Beier,h,FromCorner,Bundesliga,Hoffenheim,1646,0.0,1575.0,25.0,71.0,18.0
23277,2023,8137,2,1.405246615409851,78,2024-03-03,AMC,Hoffenheim,Werder Bremen,43.0,Maximilian Beier,h,OpenPlay,Bundesliga,Hoffenheim,1646,0.0,1611.0,36.0,35.0,18.0
23284,2023,8137,0,0.0833297818899154,90,2024-03-10,FW,Eintracht Frankfurt,Hoffenheim,,Maximilian Beier,a,NoGoal,Bundesliga,Hoffenheim,1736,0.0,1611.0,0.0,125.0,35.0
23296,2023,8137,0,0.0636664479970932,90,2024-03-16,AMC,Hoffenheim,VfB Stuttgart,,Maximilian Beier,h,NoGoal,Bundesliga,Hoffenheim,1826,0.0,1611.0,0.0,215.0,125.0
23301,2023,8137,1,0.3479550778865814,76,2024-03-30,FW,Bayer Leverkusen,Hoffenheim,32.0,Maximilian Beier,a,OpenPlay,Bundesliga,Hoffenheim,1902,0.0,1858.0,247.0,44.0,215.0
23314,2023,8137,0,0.5385701060295105,90,2024-04-07,FW,Hoffenheim,Augsburg,,Maximilian Beier,h,NoGoal,Bundesliga,Hoffenheim,1992,0.0,1858.0,0.0,134.0,44.0
23320,2023,8137,0,0.1143060624599456,90,2024-04-13,FW,Mainz 05,Hoffenheim,,Maximilian Beier,a,NoGoal,Bundesliga,Hoffenheim,2082,0.0,1858.0,0.0,224.0,134.0
23332,2023,8137,0,0.379703551530838,86,2024-04-20,FW,Hoffenheim,Borussia M.Gladbach,,Maximilian Beier,h,NoGoal,Bundesliga,Hoffenheim,2168,0.0,1858.0,0.0,310.0,224.0
23341,2023,8137,0,0.0554500296711921,75,2024-04-26,FW,Bochum,Hoffenheim,,Maximilian Beier,a,NoGoal,Bundesliga,Hoffenheim,2243,0.0,1858.0,0.0,385.0,310.0
23349,2023,8137,0,0.2094696611166,68,2024-05-03,FW,Hoffenheim,RasenBallsport Leipzig,,Maximilian Beier,h,NoGoal,Bundesliga,Hoffenheim,2311,0.0,1858.0,0.0,453.0,385.0
23361,2023,8137,2,0.7824461460113525,76,2024-05-12,FW,Darmstadt,Hoffenheim,5.0,Maximilian Beier,a,OpenPlay,Bundesliga,Hoffenheim,2387,0.0,2316.0,458.0,71.0,453.0
23361,2023,8137,2,0.7824461460113525,76,2024-05-12,FW,Darmstadt,Hoffenheim,43.0,Maximilian Beier,a,OpenPlay,Bundesliga,Hoffenheim,2387,0.0,2354.0,38.0,33.0,453.0
23367,2023,8137,1,0.529352605342865,90,2024-05-18,AMC,Hoffenheim,Bayern Munich,7.0,Maximilian Beier,h,OpenPlay,Bundesliga,Hoffenheim,2477,0.0,2394.0,40.0,83.0,33.0
27748,2024,8137,0,0.0,29,2024-08-24,Sub,Borussia Dortmund,Eintracht Frankfurt,,Maximilian Beier,h,NoGoal,Bundesliga,Borussia Dortmund,2506,61.0,2394.0,0.0,112.0,83.0
27753,2024,8137,0,0.0,72,2024-08-31,FW,Werder Bremen,Borussia Dortmund,,Maximilian Beier,a,NoGoal,Bundesliga,Borussia Dortmund,2578,0.0,2394.0,0.0,184.0,112.0
27760,2024,8137,0,0.0859982073307037,16,2024-09-13,Sub,Borussia Dortmund,FC Heidenheim,,Maximilian Beier,h,NoGoal,Bundesliga,Borussia Dortmund,2594,74.0,2394.0,0.0,200.0,184.0
27778,2024,8137,0,0.0,14,2024-09-27,Sub,Borussia Dortmund,Bochum,,Maximilian Beier,h,NoGoal,Bundesliga,Borussia Dortmund,2608,76.0,2394.0,0.0,214.0,200.0
27791,2024,8137,0,0.4483213722705841,90,2024-10-05,AMR,Union Berlin,Borussia Dortmund,,Maximilian Beier,a,NoGoal,Bundesliga,Borussia Dortmund,2698,0.0,2394.0,0.0,304.0,214.0
27798,2024,8137,0,0.0,11,2024-10-18,Sub,Borussia Dortmund,St. Pauli,,Maximilian Beier,h,NoGoal,Bundesliga,Borussia Dortmund,2709,79.0,2394.0,0.0,315.0,304.0
27809,2024,8137,0,0.0,24,2024-10-26,Sub,Augsburg,Borussia Dortmund,,Maximilian Beier,a,NoGoal,Bundesliga,Borussia Dortmund,2733,66.0,2394.0,0.0,339.0,315.0
27816,2024,8137,1,1.096310019493103,90,2024-11-02,MR,Borussia Dortmund,RasenBallsport Leipzig,29.0,Maximilian Beier,h,FromCorner,Bundesliga,Borussia Dortmund,2823,0.0,2762.0,368.0,61.0,339.0
27828,2024,8137,0,0.0,62,2024-11-09,MR,Mainz 05,Borussia Dortmund,,Maximilian Beier,a,NoGoal,Bundesliga,Borussia Dortmund,2885,0.0,2762.0,0.0,123.0,61.0
27835,2024,8137,1,0.4836535155773163,90,2024-11-23,FW,Borussia Dortmund,Freiburg,6.0,Maximilian Beier,h,OpenPlay,Bundesliga,Borussia Dortmund,2975,0.0,2891.0,129.0,84.0,123.0
27842,2024,8137,0,0.0274386815726757,90,2024-11-30,AMR,Borussia Dortmund,Bayern Munich,,Maximilian Beier,h,NoGoal,Bundesliga,Borussia Dortmund,3065,0.0,2891.0,0.0,174.0,84.0
27854,2024,8137,0,0.0702661499381065,59,2024-12-07,AMR,Borussia M.Gladbach,Borussia Dortmund,,Maximilian Beier,a,NoGoal,Bundesliga,Borussia Dortmund,3124,0.0,2891.0,0.0,233.0,174.0
27860,2024,8137,0,0.0,47,2024-12-15,AMR,Borussia Dortmund,Hoffenheim,,Maximilian Beier,h,NoGoal,Bundesliga,Borussia Dortmund,3171,0.0,2891.0,0.0,280.0,233.0
27874,2024,8137,1,0.7956444621086121,77,2024-12-22,FW,Wolfsburg,Borussia Dortmund,27.0,Maximilian Beier,a,OpenPlay,Bundesliga,Borussia Dortmund,3248,0.0,3198.0,307.0,50.0,280.0
27878,2024,8137,0,0.115230031311512,80,2025-01-10,FW,Borussia Dortmund,Bayer Leverkusen,,Maximilian Beier,h,NoGoal,Bundesliga,Borussia Dortmund,3328,0.0,3198.0,0.0,130.0,50.0
27894,2024,8137,0,0.0,40,2025-01-14,Sub,Holstein Kiel,Borussia Dortmund,,Maximilian Beier,a,NoGoal,Bundesliga,Borussia Dortmund,3368,50.0,3198.0,0.0,170.0,130.0
27898,2024,8137,0,0.0,17,2025-01-17,Sub,Eintracht Frankfurt,Borussia Dortmund,,Maximilian Beier,a,NoGoal,Bundesliga,Borussia Dortmund,3385,73.0,3198.0,0.0,187.0,170.0
27905,2024,8137,0,0.1961518675088882,25,2025-01-25,Sub,Borussia Dortmund,Werder Bremen,,Maximilian Beier,h,NoGoal,Bundesliga,Borussia Dortmund,3410,65.0,3198.0,0.0,212.0,187.0
27920,2024,8137,1,0.5399405360221863,31,2025-02-01,Sub,FC Heidenheim,Borussia Dortmund,62.0,Maximilian Beier,a,OpenPlay,Bundesliga,Borussia Dortmund,3441,59.0,3413.0,215.0,28.0,212.0
27924,2024,8137,0,0.0,18,2025-02-08,Sub,Borussia Dortmund,VfB Stuttgart,,Maximilian Beier,h,NoGoal,Bundesliga,Borussia Dortmund,3459,72.0,3413.0,0.0,46.0,28.0
27938,2024,8137,0,0.075755201280117,30,2025-02-15,Sub,Bochum,Borussia Dortmund,,Maximilian Beier,a,NoGoal,Bundesliga,Borussia Dortmund,3489,60.0,3413.0,0.0,76.0,46.0
27942,2024,8137,1,1.0516589879989624,90,2025-02-22,AML,Borussia Dortmund,Union Berlin,88.0,Maximilian Beier,h,OpenPlay,Bundesliga,Borussia Dortmund,3579,0.0,3577.0,164.0,2.0,76.0
27956,2024,8137,0,0.2561180889606476,90,2025-03-01,AML,St. Pauli,Borussia Dortmund,,Maximilian Beier,a,NoGoal,Bundesliga,Borussia Dortmund,3669,0.0,3577.0,0.0,92.0,2.0
27960,2024,8137,0,0.0,24,2025-03-08,Sub,Borussia Dortmund,Augsburg,,Maximilian Beier,h,NoGoal,Bundesliga,Borussia Dortmund,3693,66.0,3577.0,0.0,116.0,92.0
27968,2024,8137,0,1.6337627172470093,90,2025-03-15,AML,RasenBallsport Leipzig,Borussia Dortmund,,Maximilian Beier,a,NoGoal,Bundesliga,Borussia Dortmund,3783,0.0,3577.0,0.0,206.0,116.0
27979,2024,8137,2,1.746483325958252,90,2025-03-30,FW,Borussia Dortmund,Mainz 05,38.0,Maximilian Beier,h,OpenPlay,Bundesliga,Borussia Dortmund,3873,0.0,3821.0,244.0,52.0,206.0
27979,2024,8137,2,1.746483325958252,90,2025-03-30,FW,Borussia Dortmund,Mainz 05,71.0,Maximilian Beier,h,FromCorner,Bundesliga,Borussia Dortmund,3873,0.0,3854.0,33.0,19.0,206.0
27988,2024,8137,0,0.3028841316699981,65,2025-04-05,FW,Freiburg,Borussia Dortmund,,Maximilian Beier,a,NoGoal,Bundesliga,Borussia Dortmund,3938,0.0,3854.0,0.0,84.0,19.0
27996,2024,8137,1,0.5627111792564392,83,2025-04-12,FW,Bayern Munich,Borussia Dortmund,47.0,Maximilian Beier,a,OpenPlay,Bundesliga,Borussia Dortmund,4021,0.0,3985.0,131.0,36.0,84.0
28004,2024,8137,0,0.0,34,2025-04-20,AMC,Borussia Dortmund,Borussia M.Gladbach,,Maximilian Beier,h,NoGoal,Bundesliga,Borussia Dortmund,4055,0.0,3985.0,0.0,70.0,36.0
30240,2025,8137,0,0.0,81,2025-08-31,AMC,Borussia Dortmund,Union Berlin,,Maximilian Beier,h,NoGoal,Bundesliga,Borussia Dortmund,4136,0.0,3985.0,0.0,151.0,70.0
30244,2025,8137,1,0.584004819393158,80,2025-09-13,FWL,FC Heidenheim,Borussia Dortmund,50.0,Maximilian Beier,a,OpenPlay,Bundesliga,Borussia Dortmund,4216,0.0,4186.0,201.0,30.0,151.0
30259,2025,8137,0,0.6614065766334534,69,2025-09-21,AMC,Borussia Dortmund,Wolfsburg,,Maximilian Beier,h,NoGoal,Bundesliga,Borussia Dortmund,4285,0.0,4186.0,0.0,99.0,30.0
30262,2025,8137,0,0.0,88,2025-09-27,FW,Mainz 05,Borussia Dortmund,,Maximilian Beier,a,NoGoal,Bundesliga,Borussia Dortmund,4373,0.0,4186.0,0.0,187.0,99.0
30271,2025,8137,0,0.0,84,2025-10-04,AMC,Borussia Dortmund,RasenBallsport Leipzig,,Maximilian Beier,h,NoGoal,Bundesliga,Borussia Dortmund,4457,0.0,4186.0,0.0,271.0,187.0
30278,2025,8137,0,0.0,15,2025-10-18,Sub,Bayern Munich,Borussia Dortmund,,Maximilian Beier,a,NoGoal,Bundesliga,Borussia Dortmund,4472,75.0,4186.0,0.0,286.0,271.0
30290,2025,8137,1,0.1540164053440094,21,2025-10-25,Sub,Borussia Dortmund,FC Cologne,95.0,Maximilian Beier,h,FromCorner,Bundesliga,Borussia Dortmund,4493,74.0,4493.0,307.0,0.0,286.0
30296,2025,8137,0,0.0368987880647182,76,2025-10-31,DML,Augsburg,Borussia Dortmund,,Maximilian Beier,a,NoGoal,Bundesliga,Borussia Dortmund,4569,0.0,4493.0,0.0,76.0,0.0
30309,2025,8137,0,0.029981005936861,67,2025-11-08,AMC,Hamburger SV,Borussia Dortmund,,Maximilian Beier,a,NoGoal,Bundesliga,Borussia Dortmund,4636,0.0,4493.0,0.0,143.0,76.0
30316,2025,8137,1,1.4641767740249634,90,2025-11-22,DML,Borussia Dortmund,VfB Stuttgart,40.0,Maximilian Beier,h,OpenPlay,Bundesliga,Borussia Dortmund,4726,0.0,4676.0,183.0,50.0,143.0
30335,2025,8137,0,0.0,7,2025-12-07,Sub,Borussia Dortmund,Hoffenheim,,Maximilian Beier,h,NoGoal,Bundesliga,Borussia Dortmund,4733,83.0,4676.0,0.0,57.0,50.0
30345,2025,8137,0,0.0,10,2025-12-14,Sub,Freiburg,Borussia Dortmund,,Maximilian Beier,a,NoGoal,Bundesliga,Borussia Dortmund,4743,80.0,4676.0,0.0,67.0,57.0
30351,2025,8137,1,0.6599847078323364,28,2025-12-19,Sub,Borussia Dortmund,Borussia M.Gladbach,96.0,Maximilian Beier,h,OpenPlay,Bundesliga,Borussia Dortmund,4771,68.0,4771.0,95.0,0.0,67.0
30362,2025,8137,1,0.3447276651859283,77,2026-01-09,AMC,Eintracht Frankfurt,Borussia Dortmund,9.0,Maximilian Beier,a,OpenPlay,Bundesliga,Borussia Dortmund,4848,0.0,4780.0,9.0,68.0,0.0
30369,2025,8137,0,0.5115593075752258,68,2026-01-13,AMC,Borussia Dortmund,Werder Bremen,,Maximilian Beier,h,NoGoal,Bundesliga,Borussia Dortmund,4916,0.0,4780.0,0.0,136.0,68.0
30378,2025,8137,0,0.0,16,2026-01-17,Sub,Borussia Dortmund,St. Pauli,,Maximilian Beier,h,NoGoal,Bundesliga,Borussia Dortmund,4932,74.0,4780.0,0.0,152.0,136.0
30394,2025,8137,1,0.2777365744113922,90,2026-01-24,AMC,Union Berlin,Borussia Dortmund,83.0,Maximilian Beier,a,OpenPlay,Bundesliga,Borussia Dortmund,5022,0.0,5015.0,235.0,7.0,152.0
30396,2025,8137,0,0.0,27,2026-02-01,Sub,Borussia Dortmund,FC Heidenheim,,Maximilian Beier,h,NoGoal,Bundesliga,Borussia Dortmund,5049,63.0,5015.0,0.0,34.0,7.0
30412,2025,8137,0,0.2680887877941131,90,2026-02-07,AMC,Wolfsburg,Borussia Dortmund,,Maximilian Beier,a,NoGoal,Bundesliga,Borussia Dortmund,5139,0.0,5015.0,0.0,124.0,34.0
30415,2025,8137,1,0.2442104965448379,66,2026-02-13,AMC,Borussia Dortmund,Mainz 05,14.0,Maximilian Beier,h,OpenPlay,Bundesliga,Borussia Dortmund,5205,0.0,5153.0,138.0,52.0,124.0
30427,2025,8137,0,0.2836764454841614,66,2026-02-21,AMC,RasenBallsport Leipzig,Borussia Dortmund,,Maximilian Beier,a,NoGoal,Bundesliga,Borussia Dortmund,5271,0.0,5153.0,0.0,118.0,52.0
30434,2025,8137,0,0.2936651408672333,82,2026-02-28,AMC,Borussia Dortmund,Bayern Munich,,Maximilian Beier,h,NoGoal,Bundesliga,Borussia Dortmund,5353,0.0,5153.0,0.0,200.0,118.0
30441,2025,8137,1,0.5900866389274597,89,2026-03-07,AMC,FC Cologne,Borussia Dortmund,59.0,Maximilian Beier,a,OpenPlay,Bundesliga,Borussia Dortmund,5442,0.0,5412.0,259.0,30.0,200.0
30451,2025,8137,0,0.4313375353813171,87,2026-03-14,FW,Borussia Dortmund,Augsburg,,Maximilian Beier,h,NoGoal,Bundesliga,Borussia Dortmund,5529,0.0,5412.0,0.0,117.0,30.0
30460,2025,8137,0,0.7943194508552551,90,2026-03-21,FW,Borussia Dortmund,Hamburger SV,,Maximilian Beier,h,NoGoal,Bundesliga,Borussia Dortmund,5619,0.0,5412.0,0.0,207.0,117.0
30473,2025,8137,0,0.0,74,2026-04-04,FW,VfB Stuttgart,Borussia Dortmund,,Maximilian Beier,a,NoGoal,Bundesliga,Borussia Dortmund,5693,0.0,5412.0,0.0,281.0,207.0
30477,2025,8137,0,0.0,30,2026-04-11,Sub,Borussia Dortmund,Bayer Leverkusen,,Maximilian Beier,h,NoGoal,Bundesliga,Borussia Dortmund,5723,60.0,5412.0,0.0,311.0,281.0
30490,2025,8137,0,0.093745619058609,90,2026-04-18,AMC,Hoffenheim,Borussia Dortmund,,Maximilian Beier,a,NoGoal,Bundesliga,Borussia Dortmund,5813,0.0,5412.0,0.0,401.0,311.0
30495,2025,8137,1,0.3417773842811584,90,2026-04-26,DML,Borussia Dortmund,Freiburg,7.0,Maximilian Beier,h,OpenPlay,Bundesliga,Borussia Dortmund,5903,0.0,5820.0,408.0,83.0,401.0
30505,2025,8137,0,0.0,62,2026-05-03,DML,Borussia M.Gladbach,Borussia Dortmund,,Maximilian Beier,a,NoGoal,Bundesliga,Borussia Dortmund,5965,0.0,5820.0,0.0,145.0,83.0
30513,2025,8137,0,0.0525212436914444,90,2026-05-08,DML,Borussia Dortmund,Eintracht Frankfurt,,Maximilian Beier,h,NoGoal,Bundesliga,Borussia Dortmund,6055,0.0,5820.0,0.0,235.0,145.0
30529,2025,8137,0,0.1306466609239578,69,2026-05-16,AMC,Werder Bremen,Borussia Dortmund,,Maximilian Beier,a,NoGoal,Bundesliga,Borussia Dortmund,6124,0.0,5820.0,0.0,304.0,235.0
23371,2023,8187,0,0.0205523259937763,90,2023-08-13,FW,Rennes,Metz,,Georges Mikautadze,a,NoGoal,Ligue_1,Metz,90,0.0,,,,
23388,2023,8187,1,0.2645778954029083,86,2023-08-18,FW,Metz,Marseille,70.0,Georges Mikautadze,h,FromCorner,Ligue_1,Metz,176,0.0,160.0,,16.0,
23395,2023,8187,1,0.4744110107421875,88,2023-08-27,FW,Clermont Foot,Metz,68.0,Georges Mikautadze,a,OpenPlay,Ligue_1,Metz,264,0.0,244.0,84.0,20.0,16.0
23531,2023,8187,0,0.1244889944791793,90,2024-01-14,FW,Metz,Toulouse,,Georges Mikautadze,h,NoGoal,Ligue_1,Metz,354,0.0,244.0,0.0,110.0,20.0
23538,2023,8187,0,0.0,86,2024-01-27,FW,Nice,Metz,,Georges Mikautadze,a,NoGoal,Ligue_1,Metz,440,0.0,244.0,0.0,196.0,110.0
23549,2023,8187,0,0.0450238361954689,86,2024-02-04,FW,Metz,Lorient,,Georges Mikautadze,h,NoGoal,Ligue_1,Metz,526,0.0,244.0,0.0,282.0,196.0
23553,2023,8187,0,0.7733479142189026,78,2024-02-09,FW,Marseille,Metz,,Georges Mikautadze,a,NoGoal,Ligue_1,Metz,604,0.0,244.0,0.0,360.0,282.0
23567,2023,8187,0,0.5541424751281738,90,2024-02-18,FW,Montpellier,Metz,,Georges Mikautadze,a,NoGoal,Ligue_1,Metz,694,0.0,244.0,0.0,450.0,360.0
23570,2023,8187,1,0.4083633422851562,90,2024-02-23,FW,Metz,Lyon,12.0,Georges Mikautadze,h,OpenPlay,Ligue_1,Metz,784,0.0,706.0,462.0,78.0,450.0
23584,2023,8187,1,0.7600951194763184,90,2024-03-03,FW,Nantes,Metz,57.0,Georges Mikautadze,a,Penalty,Ligue_1,Metz,874,0.0,841.0,135.0,33.0,78.0
23595,2023,8187,1,0.8361257314682007,90,2024-03-10,FW,Metz,Clermont Foot,32.0,Georges Mikautadze,h,Penalty,Ligue_1,Metz,964,0.0,906.0,65.0,58.0,33.0
23600,2023,8187,0,0.3820294737815857,90,2024-03-17,FW,Reims,Metz,,Georges Mikautadze,a,NoGoal,Ligue_1,Metz,1054,0.0,906.0,0.0,148.0,58.0
23613,2023,8187,0,0.4543740451335907,83,2024-03-30,FW,Metz,Monaco,,Georges Mikautadze,h,NoGoal,Ligue_1,Metz,1137,0.0,906.0,0.0,231.0,148.0
23622,2023,8187,2,1.366151213645935,90,2024-04-07,FW,Brest,Metz,73.0,Georges Mikautadze,a,OpenPlay,Ligue_1,Metz,1227,0.0,1210.0,304.0,17.0,231.0
23622,2023,8187,2,1.366151213645935,90,2024-04-07,FW,Brest,Metz,79.0,Georges Mikautadze,a,OpenPlay,Ligue_1,Metz,1227,0.0,1216.0,6.0,11.0,231.0
23631,2023,8187,2,0.4050975739955902,90,2024-04-12,FW,Metz,Lens,33.0,Georges Mikautadze,h,OpenPlay,Ligue_1,Metz,1317,0.0,1260.0,44.0,57.0,11.0
23631,2023,8187,2,0.4050975739955902,90,2024-04-12,FW,Metz,Lens,47.0,Georges Mikautadze,h,OpenPlay,Ligue_1,Metz,1317,0.0,1274.0,14.0,43.0,11.0
23639,2023,8187,1,0.6758999824523926,90,2024-04-21,FW,Le Havre,Metz,45.0,Georges Mikautadze,a,OpenPlay,Ligue_1,Metz,1407,0.0,1362.0,88.0,45.0,43.0
23648,2023,8187,1,1.0711555480957031,90,2024-04-28,FW,Metz,Lille,22.0,Georges Mikautadze,h,Penalty,Ligue_1,Metz,1497,0.0,1429.0,67.0,68.0,45.0
23657,2023,8187,1,0.0500505790114402,90,2024-05-04,FW,Metz,Rennes,16.0,Georges Mikautadze,h,OpenPlay,Ligue_1,Metz,1587,0.0,1513.0,84.0,74.0,68.0
23660,2023,8187,1,0.3915088176727295,90,2024-05-12,FW,Strasbourg,Metz,53.0,Georges Mikautadze,a,OpenPlay,Ligue_1,Metz,1677,0.0,1640.0,127.0,37.0,74.0
23668,2023,8187,0,0.5825018882751465,90,2024-05-19,FW,Metz,Paris Saint Germain,,Georges Mikautadze,h,NoGoal,Ligue_1,Metz,1767,0.0,1640.0,0.0,127.0,37.0
28056,2024,8187,0,1.2644667625427246,90,2024-08-18,FW,Rennes,Lyon,,Georges Mikautadze,a,NoGoal,Ligue_1,Lyon,1857,0.0,1640.0,0.0,217.0,127.0
28058,2024,8187,0,0.0,74,2024-08-24,Sub,Lyon,Monaco,,Georges Mikautadze,h,NoGoal,Ligue_1,Lyon,1931,16.0,1640.0,0.0,291.0,217.0
28066,2024,8187,0,0.6682382822036743,65,2024-08-30,FW,Lyon,Strasbourg,,Georges Mikautadze,h,NoGoal,Ligue_1,Lyon,1996,0.0,1640.0,0.0,356.0,291.0
28078,2024,8187,0,0.0405871234834194,25,2024-09-15,Sub,Lens,Lyon,,Georges Mikautadze,a,NoGoal,Ligue_1,Lyon,2021,65.0,1640.0,0.0,381.0,356.0
28084,2024,8187,0,0.8766068816184998,16,2024-09-22,Sub,Lyon,Marseille,,Georges Mikautadze,h,NoGoal,Ligue_1,Lyon,2037,74.0,1640.0,0.0,397.0,381.0
28099,2024,8187,0,0.4990113377571106,71,2024-09-29,FW,Toulouse,Lyon,,Georges Mikautadze,a,NoGoal,Ligue_1,Lyon,2108,0.0,1640.0,0.0,468.0,397.0
28102,2024,8187,0,0.1418893933296203,5,2024-10-06,Sub,Lyon,Nantes,,Georges Mikautadze,h,NoGoal,Ligue_1,Lyon,2113,85.0,1640.0,0.0,473.0,468.0
28115,2024,8187,0,0.0832458212971687,14,2024-10-20,Sub,Le Havre,Lyon,,Georges Mikautadze,a,NoGoal,Ligue_1,Lyon,2127,76.0,1640.0,0.0,487.0,473.0
28126,2024,8187,2,1.4160929918289185,90,2024-10-27,FW,Lyon,Auxerre,49.0,Georges Mikautadze,h,Penalty,Ligue_1,Lyon,2217,0.0,2176.0,536.0,41.0,487.0
28126,2024,8187,2,1.4160929918289185,90,2024-10-27,FW,Lyon,Auxerre,61.0,Georges Mikautadze,h,OpenPlay,Ligue_1,Lyon,2217,0.0,2188.0,12.0,29.0,487.0
28136,2024,8187,0,0.0,3,2024-11-01,Sub,Lille,Lyon,,Georges Mikautadze,a,NoGoal,Ligue_1,Lyon,2220,87.0,2188.0,0.0,32.0,29.0
28145,2024,8187,0,0.0993700176477432,3,2024-11-10,Sub,Lyon,Saint-Etienne,,Georges Mikautadze,h,NoGoal,Ligue_1,Lyon,2223,87.0,2188.0,0.0,35.0,32.0
28155,2024,8187,0,0.0,10,2024-11-23,Sub,Reims,Lyon,,Georges Mikautadze,a,NoGoal,Ligue_1,Lyon,2233,80.0,2188.0,0.0,45.0,35.0
28163,2024,8187,0,0.0,12,2024-12-01,Sub,Lyon,Nice,,Georges Mikautadze,h,NoGoal,Ligue_1,Lyon,2245,78.0,2188.0,0.0,57.0,45.0
28168,2024,8187,1,0.039018414914608,19,2024-12-07,Sub,Angers,Lyon,87.0,Georges Mikautadze,a,FromCorner,Ligue_1,Lyon,2264,71.0,2261.0,73.0,3.0,57.0
28182,2024,8187,1,0.3976966440677643,71,2024-12-15,FW,Paris Saint Germain,Lyon,39.0,Georges Mikautadze,a,OpenPlay,Ligue_1,Lyon,2335,0.0,2303.0,42.0,32.0,3.0
28184,2024,8187,0,0.0,10,2025-01-04,Sub,Lyon,Montpellier,,Georges Mikautadze,h,NoGoal,Ligue_1,Lyon,2345,80.0,2303.0,0.0,42.0,32.0
28198,2024,8187,0,0.0,8,2025-01-11,Sub,Brest,Lyon,,Georges Mikautadze,a,NoGoal,Ligue_1,Lyon,2353,82.0,2303.0,0.0,50.0,42.0
28204,2024,8187,0,0.1151283010840416,90,2025-01-18,FW,Lyon,Toulouse,,Georges Mikautadze,h,NoGoal,Ligue_1,Lyon,2443,0.0,2303.0,0.0,140.0,50.0
28218,2024,8187,0,0.0899567306041717,23,2025-01-26,Sub,Nantes,Lyon,,Georges Mikautadze,a,NoGoal,Ligue_1,Lyon,2466,67.0,2303.0,0.0,163.0,140.0
28219,2024,8187,0,0.0,10,2025-02-02,Sub,Marseille,Lyon,,Georges Mikautadze,a,NoGoal,Ligue_1,Lyon,2476,80.0,2303.0,0.0,173.0,163.0
28234,2024,8187,1,1.186839938163757,90,2025-02-09,FW,Lyon,Reims,92.0,Georges Mikautadze,h,OpenPlay,Ligue_1,Lyon,2566,0.0,2568.0,265.0,0.0,173.0
28239,2024,8187,1,0.2777315676212311,72,2025-02-16,FW,Montpellier,Lyon,2.0,Georges Mikautadze,a,OpenPlay,Ligue_1,Lyon,2638,0.0,2568.0,0.0,70.0,0.0
28254,2024,8187,0,0.1516504138708114,8,2025-02-23,Sub,Lyon,Paris Saint Germain,,Georges Mikautadze,h,NoGoal,Ligue_1,Lyon,2646,82.0,2568.0,0.0,78.0,70.0
28257,2024,8187,0,0.2808411419391632,90,2025-03-02,AML,Lyon,Brest,,Georges Mikautadze,h,NoGoal,Ligue_1,Lyon,2736,0.0,2568.0,0.0,168.0,78.0
28268,2024,8187,0,0.0709593370556831,13,2025-03-09,Sub,Nice,Lyon,,Georges Mikautadze,a,NoGoal,Ligue_1,Lyon,2749,77.0,2568.0,0.0,181.0,168.0
28277,2024,8187,1,0.0452684946358203,8,2025-03-16,Sub,Lyon,Le Havre,81.0,Georges Mikautadze,h,FromCorner,Ligue_1,Lyon,2757,82.0,2748.0,180.0,9.0,181.0
28285,2024,8187,1,1.2142715454101562,90,2025-03-28,AML,Strasbourg,Lyon,95.0,Georges Mikautadze,a,Penalty,Ligue_1,Lyon,2847,0.0,2852.0,104.0,0.0,9.0
28295,2024,8187,0,0.0,15,2025-04-05,Sub,Lyon,Lille,,Georges Mikautadze,h,NoGoal,Ligue_1,Lyon,2862,75.0,2852.0,0.0,10.0,0.0
28302,2024,8187,1,0.9007518291473388,90,2025-04-13,AML,Auxerre,Lyon,53.0,Georges Mikautadze,a,Penalty,Ligue_1,Lyon,2952,0.0,2915.0,63.0,37.0,10.0
28309,2024,8187,0,0.1483119577169418,90,2025-04-20,FW,Saint-Etienne,Lyon,,Georges Mikautadze,a,NoGoal,Ligue_1,Lyon,3042,0.0,2915.0,0.0,127.0,37.0
28326,2024,8187,1,1.0185072422027588,11,2025-04-26,Sub,Lyon,Rennes,76.0,Georges Mikautadze,h,OpenPlay,Ligue_1,Lyon,3053,79.0,3039.0,124.0,14.0,127.0
28330,2024,8187,1,0.3960622549057007,90,2025-05-04,FW,Lyon,Lens,78.0,Georges Mikautadze,h,OpenPlay,Ligue_1,Lyon,3143,0.0,3131.0,92.0,12.0,14.0
28344,2024,8187,0,0.0,11,2025-05-10,Sub,Monaco,Lyon,,Georges Mikautadze,a,NoGoal,Ligue_1,Lyon,3154,79.0,3131.0,0.0,23.0,12.0
28348,2024,8187,0,0.0385016649961471,10,2025-05-17,Sub,Lyon,Angers,,Georges Mikautadze,h,NoGoal,Ligue_1,Lyon,3164,80.0,3131.0,0.0,33.0,23.0
29539,2025,8187,1,0.8535597324371338,90,2025-08-16,FW,Lens,Lyon,45.0,Georges Mikautadze,a,OpenPlay,Ligue_1,Lyon,3254,0.0,3209.0,78.0,45.0,33.0
29550,2025,8187,0,0.3829907178878784,90,2025-08-23,FW,Lyon,Metz,,Georges Mikautadze,h,NoGoal,Ligue_1,Lyon,3344,0.0,3209.0,0.0,135.0,45.0
29193,2025,8187,0,0.0,80,2025-09-13,FW,Atletico Madrid,Villarreal,,Georges Mikautadze,a,NoGoal,La_Liga,Villarreal,3424,0.0,3209.0,0.0,215.0,135.0
29207,2025,8187,1,1.5423314571380615,90,2025-09-20,FW,Villarreal,Osasuna,68.0,Georges Mikautadze,h,OpenPlay,La_Liga,Villarreal,3514,0.0,3492.0,283.0,22.0,215.0
29211,2025,8187,0,0.0,18,2025-09-23,Sub,Sevilla,Villarreal,,Georges Mikautadze,a,NoGoal,La_Liga,Villarreal,3532,72.0,3492.0,0.0,40.0,22.0
29225,2025,8187,0,0.5944401025772095,72,2025-09-27,FW,Villarreal,Athletic Club,,Georges Mikautadze,h,NoGoal,La_Liga,Villarreal,3604,0.0,3492.0,0.0,112.0,40.0
29231,2025,8187,1,0.0852749347686767,43,2025-10-04,Sub,Real Madrid,Villarreal,72.0,Georges Mikautadze,a,OpenPlay,La_Liga,Villarreal,3647,47.0,3629.0,137.0,18.0,112.0
29251,2025,8187,0,0.4307100474834442,81,2025-10-25,FW,Valencia,Villarreal,,Georges Mikautadze,a,NoGoal,La_Liga,Villarreal,3728,0.0,3629.0,0.0,99.0,18.0
29267,2025,8187,0,0.0,47,2025-11-01,FW,Villarreal,Rayo Vallecano,,Georges Mikautadze,h,NoGoal,La_Liga,Villarreal,3775,0.0,3629.0,0.0,146.0,99.0
29287,2025,8187,0,0.5635929703712463,25,2025-11-22,Sub,Villarreal,Mallorca,,Georges Mikautadze,h,NoGoal,La_Liga,Villarreal,3800,65.0,3629.0,0.0,171.0,146.0
29293,2025,8187,0,0.0726520121097564,17,2025-11-30,Sub,Real Sociedad,Villarreal,,Georges Mikautadze,a,NoGoal,La_Liga,Villarreal,3817,73.0,3629.0,0.0,188.0,171.0
29304,2025,8187,1,0.5165355205535889,87,2025-12-06,FW,Villarreal,Getafe,63.0,Georges Mikautadze,h,OpenPlay,La_Liga,Villarreal,3904,0.0,3880.0,251.0,24.0,188.0
29325,2025,8187,0,0.5633837580680847,23,2025-12-21,Sub,Villarreal,Barcelona,,Georges Mikautadze,h,NoGoal,La_Liga,Villarreal,3927,67.0,3880.0,0.0,47.0,24.0
29330,2025,8187,1,0.6635717153549194,80,2026-01-03,FW,Elche,Villarreal,12.0,Georges Mikautadze,a,OpenPlay,La_Liga,Villarreal,4007,0.0,3939.0,59.0,68.0,47.0
29341,2025,8187,1,0.7408594489097595,90,2026-01-10,FW,Villarreal,Alaves,74.0,Georges Mikautadze,h,OpenPlay,La_Liga,Villarreal,4097,0.0,4081.0,142.0,16.0,68.0
29352,2025,8187,0,0.6103300452232361,90,2026-01-17,FW,Real Betis,Villarreal,,Georges Mikautadze,a,NoGoal,La_Liga,Villarreal,4187,0.0,4081.0,0.0,106.0,16.0
29367,2025,8187,0,0.1550725996494293,79,2026-01-24,FW,Villarreal,Real Madrid,,Georges Mikautadze,h,NoGoal,La_Liga,Villarreal,4266,0.0,4081.0,0.0,185.0,106.0
29370,2025,8187,0,0.0224413964897394,80,2026-01-31,FW,Osasuna,Villarreal,,Georges Mikautadze,a,NoGoal,La_Liga,Villarreal,4346,0.0,4081.0,0.0,265.0,185.0
29384,2025,8187,1,0.5510455965995789,75,2026-02-09,FW,Villarreal,Espanyol,34.0,Georges Mikautadze,h,OpenPlay,La_Liga,Villarreal,4421,0.0,4380.0,299.0,41.0,265.0
29389,2025,8187,1,1.0893362760543823,22,2026-02-14,Sub,Getafe,Villarreal,75.0,Georges Mikautadze,a,OpenPlay,La_Liga,Villarreal,4443,68.0,4428.0,48.0,15.0,41.0
29311,2025,8187,1,0.7864225506782532,89,2026-02-18,FW,Levante,Villarreal,56.0,Georges Mikautadze,a,OpenPlay,La_Liga,Villarreal,4532,0.0,4499.0,71.0,33.0,15.0
29406,2025,8187,0,0.5024186372756958,90,2026-02-22,FW,Villarreal,Valencia,,Georges Mikautadze,h,NoGoal,La_Liga,Villarreal,4622,0.0,4499.0,0.0,123.0,33.0
29408,2025,8187,0,0.0,90,2026-02-28,FW,Barcelona,Villarreal,,Georges Mikautadze,a,NoGoal,La_Liga,Villarreal,4712,0.0,4499.0,0.0,213.0,123.0
29424,2025,8187,0,0.6681761741638184,90,2026-03-08,FW,Villarreal,Elche,,Georges Mikautadze,h,NoGoal,La_Liga,Villarreal,4802,0.0,4499.0,0.0,303.0,213.0
29428,2025,8187,0,0.1428378969430923,83,2026-03-13,FW,Alaves,Villarreal,,Georges Mikautadze,a,NoGoal,La_Liga,Villarreal,4885,0.0,4499.0,0.0,386.0,303.0
29438,2025,8187,1,1.717069387435913,90,2026-03-20,FW,Villarreal,Real Sociedad,14.0,Georges Mikautadze,h,OpenPlay,La_Liga,Villarreal,4975,0.0,4899.0,400.0,76.0,386.0
29451,2025,8187,0,0.0828816071152687,90,2026-04-06,FW,Girona,Villarreal,,Georges Mikautadze,a,NoGoal,La_Liga,Villarreal,5065,0.0,4899.0,0.0,166.0,76.0
29458,2025,8187,0,0.0090967398136854,14,2026-04-12,Sub,Athletic Club,Villarreal,,Georges Mikautadze,a,NoGoal,La_Liga,Villarreal,5079,76.0,4899.0,0.0,180.0,166.0
29482,2025,8187,0,0.1001947969198226,38,2026-04-23,Sub,Real Oviedo,Villarreal,,Georges Mikautadze,a,NoGoal,La_Liga,Villarreal,5117,52.0,4899.0,0.0,218.0,180.0
29482,2025,8187,0,0.1001947969198226,38,2026-04-23,Sub,Real Oviedo,Villarreal,,Georges Mikautadze,a,NoGoal,La_Liga,Villarreal,5117,52.0,4899.0,0.0,218.0,180.0
29470,2025,8187,0,0.1333851069211959,88,2026-04-26,FW,Villarreal,Celta Vigo,,Georges Mikautadze,h,NoGoal,La_Liga,Villarreal,5205,0.0,4899.0,0.0,306.0,218.0
29489,2025,8187,2,1.1077446937561035,77,2026-05-02,FW,Villarreal,Levante,37.0,Georges Mikautadze,h,OpenPlay,La_Liga,Villarreal,5282,0.0,5242.0,343.0,40.0,306.0
29489,2025,8187,2,1.1077446937561035,77,2026-05-02,FW,Villarreal,Levante,67.0,Georges Mikautadze,h,OpenPlay,La_Liga,Villarreal,5282,0.0,5272.0,30.0,10.0,306.0
29502,2025,8187,0,0.0,15,2026-05-10,Sub,Mallorca,Villarreal,,Georges Mikautadze,a,NoGoal,La_Liga,Villarreal,5297,75.0,5272.0,0.0,25.0,10.0
29516,2025,8187,1,0.6379902362823486,74,2026-05-13,FW,Villarreal,Sevilla,19.0,Georges Mikautadze,h,OpenPlay,La_Liga,Villarreal,5371,0.0,5316.0,44.0,55.0,25.0
22275,2023,8260,2,0.8820623755455017,85,2023-08-11,FW,Burnley,Manchester City,3.0,Erling Haaland,a,FromCorner,EPL,Manchester City,85,0.0,3.0,,82.0,82.0
22275,2023,8260,2,0.8820623755455017,85,2023-08-11,FW,Burnley,Manchester City,35.0,Erling Haaland,a,OpenPlay,EPL,Manchester City,85,0.0,35.0,32.0,50.0,82.0
22291,2023,8260,0,0.4079817533493042,90,2023-08-19,FW,Manchester City,Newcastle United,,Erling Haaland,h,NoGoal,EPL,Manchester City,175,0.0,35.0,0.0,140.0,50.0
22303,2023,8260,1,2.0989649295806885,90,2023-08-27,FW,Sheffield United,Manchester City,62.0,Erling Haaland,a,OpenPlay,EPL,Manchester City,265,0.0,237.0,202.0,28.0,140.0
21927,2023,8260,3,1.331609129905701,90,2023-09-02,FW,Manchester City,Fulham,57.0,Erling Haaland,h,OpenPlay,EPL,Manchester City,355,0.0,322.0,85.0,33.0,28.0
21927,2023,8260,3,1.331609129905701,90,2023-09-02,FW,Manchester City,Fulham,69.0,Erling Haaland,h,Penalty,EPL,Manchester City,355,0.0,334.0,12.0,21.0,28.0
21927,2023,8260,3,1.331609129905701,90,2023-09-02,FW,Manchester City,Fulham,94.0,Erling Haaland,h,OpenPlay,EPL,Manchester City,355,0.0,359.0,25.0,0.0,28.0
21937,2023,8260,1,2.925720691680908,90,2023-09-16,FW,West Ham,Manchester City,85.0,Erling Haaland,a,OpenPlay,EPL,Manchester City,445,0.0,440.0,81.0,5.0,0.0
21946,2023,8260,1,0.9328586459159852,90,2023-09-23,FW,Manchester City,Nottingham Forest,13.0,Erling Haaland,h,OpenPlay,EPL,Manchester City,535,0.0,458.0,18.0,77.0,5.0
21961,2023,8260,0,0.0814208686351776,90,2023-09-30,FW,Wolverhampton Wanderers,Manchester City,,Erling Haaland,a,NoGoal,EPL,Manchester City,625,0.0,458.0,0.0,167.0,77.0
21965,2023,8260,0,0.0,90,2023-10-08,FW,Arsenal,Manchester City,,Erling Haaland,a,NoGoal,EPL,Manchester City,715,0.0,458.0,0.0,257.0,167.0
21980,2023,8260,1,0.2018896043300628,90,2023-10-21,FW,Manchester City,Brighton,18.0,Erling Haaland,h,OpenPlay,EPL,Manchester City,805,0.0,733.0,275.0,72.0,257.0
21992,2023,8260,2,2.236036777496338,90,2023-10-29,FW,Manchester United,Manchester City,25.0,Erling Haaland,a,Penalty,EPL,Manchester City,895,0.0,830.0,97.0,65.0,72.0
21992,2023,8260,2,2.236036777496338,90,2023-10-29,FW,Manchester United,Manchester City,48.0,Erling Haaland,a,OpenPlay,EPL,Manchester City,895,0.0,853.0,23.0,42.0,72.0
22000,2023,8260,0,0.3967780768871307,50,2023-11-04,FW,Manchester City,Bournemouth,,Erling Haaland,h,NoGoal,EPL,Manchester City,945,0.0,853.0,0.0,92.0,42.0
22009,2023,8260,2,2.260617017745972,90,2023-11-12,FW,Chelsea,Manchester City,24.0,Erling Haaland,a,Penalty,EPL,Manchester City,1035,0.0,969.0,116.0,66.0,92.0
22009,2023,8260,2,2.260617017745972,90,2023-11-12,FW,Chelsea,Manchester City,46.0,Erling Haaland,a,OpenPlay,EPL,Manchester City,1035,0.0,991.0,22.0,44.0,92.0
22020,2023,8260,1,1.1248512268066406,90,2023-11-25,FW,Manchester City,Liverpool,26.0,Erling Haaland,h,OpenPlay,EPL,Manchester City,1125,0.0,1061.0,70.0,64.0,44.0
22031,2023,8260,0,0.8447249531745911,90,2023-12-03,FW,Manchester City,Tottenham,,Erling Haaland,h,NoGoal,EPL,Manchester City,1215,0.0,1061.0,0.0,154.0,64.0
22035,2023,8260,0,1.001983880996704,90,2023-12-06,FW,Aston Villa,Manchester City,,Erling Haaland,a,NoGoal,EPL,Manchester City,1305,0.0,1061.0,0.0,244.0,154.0
22114,2023,8260,0,0.1771237254142761,17,2024-01-31,Sub,Manchester City,Burnley,,Erling Haaland,h,NoGoal,EPL,Manchester City,1322,73.0,1061.0,0.0,261.0,244.0
22117,2023,8260,0,0.5047062635421753,89,2024-02-05,FW,Brentford,Manchester City,,Erling Haaland,a,NoGoal,EPL,Manchester City,1411,0.0,1061.0,0.0,350.0,261.0
22130,2023,8260,2,0.6128657460212708,90,2024-02-10,FW,Manchester City,Everton,70.0,Erling Haaland,h,FromCorner,EPL,Manchester City,1501,0.0,1481.0,420.0,20.0,350.0
22130,2023,8260,2,0.6128657460212708,90,2024-02-10,FW,Manchester City,Everton,84.0,Erling Haaland,h,OpenPlay,EPL,Manchester City,1501,0.0,1495.0,14.0,6.0,350.0
22140,2023,8260,0,1.7393615245819092,90,2024-02-17,FW,Manchester City,Chelsea,,Erling Haaland,h,NoGoal,EPL,Manchester City,1591,0.0,1495.0,0.0,96.0,6.0
22074,2023,8260,1,0.5859382152557373,90,2024-02-20,FW,Manchester City,Brentford,70.0,Erling Haaland,h,OpenPlay,EPL,Manchester City,1681,0.0,1661.0,166.0,20.0,96.0
22145,2023,8260,0,0.8210590481758118,78,2024-02-24,FW,Bournemouth,Manchester City,,Erling Haaland,a,NoGoal,EPL,Manchester City,1759,0.0,1661.0,0.0,98.0,20.0
22160,2023,8260,1,1.0998568534851074,90,2024-03-03,FW,Manchester City,Manchester United,90.0,Erling Haaland,h,OpenPlay,EPL,Manchester City,1849,0.0,1849.0,188.0,0.0,98.0
22171,2023,8260,0,0.1155040189623832,90,2024-03-10,FW,Liverpool,Manchester City,,Erling Haaland,a,NoGoal,EPL,Manchester City,1939,0.0,1849.0,0.0,90.0,0.0
22190,2023,8260,0,0.2329618781805038,90,2024-03-31,FW,Manchester City,Arsenal,,Erling Haaland,h,NoGoal,EPL,Manchester City,2029,0.0,1849.0,0.0,180.0,90.0
22207,2023,8260,1,0.9410296678543092,90,2024-04-06,FW,Crystal Palace,Manchester City,65.0,Erling Haaland,a,OpenPlay,EPL,Manchester City,2119,0.0,2094.0,245.0,25.0,180.0
22221,2023,8260,1,1.7268610000610352,83,2024-04-13,FW,Manchester City,Luton,75.0,Erling Haaland,h,Penalty,EPL,Manchester City,2202,0.0,2194.0,100.0,8.0,25.0
22242,2023,8260,1,0.4932685792446136,24,2024-04-28,Sub,Nottingham Forest,Manchester City,70.0,Erling Haaland,a,OpenPlay,EPL,Manchester City,2226,66.0,2206.0,12.0,20.0,8.0
22253,2023,8260,4,2.727445363998413,90,2024-05-04,FW,Manchester City,Wolverhampton Wanderers,11.0,Erling Haaland,h,Penalty,EPL,Manchester City,2316,0.0,2237.0,31.0,79.0,20.0
22253,2023,8260,4,2.727445363998413,90,2024-05-04,FW,Manchester City,Wolverhampton Wanderers,34.0,Erling Haaland,h,OpenPlay,EPL,Manchester City,2316,0.0,2260.0,23.0,56.0,20.0
22253,2023,8260,4,2.727445363998413,90,2024-05-04,FW,Manchester City,Wolverhampton Wanderers,47.0,Erling Haaland,h,Penalty,EPL,Manchester City,2316,0.0,2273.0,13.0,43.0,20.0
22253,2023,8260,4,2.727445363998413,90,2024-05-04,FW,Manchester City,Wolverhampton Wanderers,53.0,Erling Haaland,h,OpenPlay,EPL,Manchester City,2316,0.0,2279.0,6.0,37.0,20.0
22258,2023,8260,0,0.494983971118927,85,2024-05-11,FW,Fulham,Manchester City,,Erling Haaland,a,NoGoal,EPL,Manchester City,2401,0.0,2279.0,0.0,122.0,37.0
22233,2023,8260,2,1.7057511806488037,90,2024-05-14,FW,Tottenham,Manchester City,50.0,Erling Haaland,a,OpenPlay,EPL,Manchester City,2491,0.0,2451.0,172.0,40.0,122.0
22233,2023,8260,2,1.7057511806488037,90,2024-05-14,FW,Tottenham,Manchester City,90.0,Erling Haaland,a,Penalty,EPL,Manchester City,2491,0.0,2491.0,40.0,0.0,122.0
22273,2023,8260,0,0.9477797150611876,90,2024-05-19,FW,Manchester City,West Ham,,Erling Haaland,h,NoGoal,EPL,Manchester City,2581,0.0,2491.0,0.0,90.0,0.0
26610,2024,8260,1,0.6556934714317322,90,2024-08-18,FW,Chelsea,Manchester City,17.0,Erling Haaland,a,OpenPlay,EPL,Manchester City,2671,0.0,2598.0,107.0,73.0,90.0
26615,2024,8260,3,1.840464234352112,90,2024-08-24,FW,Manchester City,Ipswich,11.0,Erling Haaland,h,Penalty,EPL,Manchester City,2761,0.0,2682.0,84.0,79.0,73.0
26615,2024,8260,3,1.840464234352112,90,2024-08-24,FW,Manchester City,Ipswich,15.0,Erling Haaland,h,OpenPlay,EPL,Manchester City,2761,0.0,2686.0,4.0,75.0,73.0
26615,2024,8260,3,1.840464234352112,90,2024-08-24,FW,Manchester City,Ipswich,87.0,Erling Haaland,h,OpenPlay,EPL,Manchester City,2761,0.0,2758.0,72.0,3.0,73.0
26628,2024,8260,3,1.313664793968201,90,2024-08-31,FW,West Ham,Manchester City,9.0,Erling Haaland,a,OpenPlay,EPL,Manchester City,2851,0.0,2770.0,12.0,81.0,3.0
26628,2024,8260,3,1.313664793968201,90,2024-08-31,FW,West Ham,Manchester City,29.0,Erling Haaland,a,OpenPlay,EPL,Manchester City,2851,0.0,2790.0,20.0,61.0,3.0
26628,2024,8260,3,1.313664793968201,90,2024-08-31,FW,West Ham,Manchester City,82.0,Erling Haaland,a,OpenPlay,EPL,Manchester City,2851,0.0,2843.0,53.0,8.0,3.0
26637,2024,8260,2,0.7304578423500061,90,2024-09-14,FW,Manchester City,Brentford,19.0,Erling Haaland,h,OpenPlay,EPL,Manchester City,2941,0.0,2870.0,27.0,71.0,8.0
26637,2024,8260,2,0.7304578423500061,90,2024-09-14,FW,Manchester City,Brentford,31.0,Erling Haaland,h,OpenPlay,EPL,Manchester City,2941,0.0,2882.0,12.0,59.0,8.0
26651,2024,8260,1,0.829184889793396,90,2024-09-22,FW,Manchester City,Arsenal,8.0,Erling Haaland,h,OpenPlay,EPL,Manchester City,3031,0.0,2949.0,67.0,82.0,59.0
26652,2024,8260,0,0.3910007178783417,90,2024-09-28,FW,Newcastle United,Manchester City,,Erling Haaland,a,NoGoal,EPL,Manchester City,3121,0.0,2949.0,0.0,172.0,82.0
26664,2024,8260,0,0.2977975308895111,90,2024-10-05,FW,Manchester City,Fulham,,Erling Haaland,h,NoGoal,EPL,Manchester City,3211,0.0,2949.0,0.0,262.0,172.0
26681,2024,8260,0,0.0,90,2024-10-20,FW,Wolverhampton Wanderers,Manchester City,,Erling Haaland,a,NoGoal,EPL,Manchester City,3301,0.0,2949.0,0.0,352.0,262.0
26683,2024,8260,1,2.43924331665039,90,2024-10-26,FW,Manchester City,Southampton,4.0,Erling Haaland,h,OpenPlay,EPL,Manchester City,3391,0.0,3305.0,356.0,86.0,352.0
26692,2024,8260,0,1.597485899925232,90,2024-11-02,FW,Bournemouth,Manchester City,,Erling Haaland,a,NoGoal,EPL,Manchester City,3481,0.0,3305.0,0.0,176.0,86.0
26703,2024,8260,1,2.097343683242798,90,2024-11-09,FW,Brighton,Manchester City,22.0,Erling Haaland,a,OpenPlay,EPL,Manchester City,3571,0.0,3503.0,198.0,68.0,176.0
26720,2024,8260,0,1.0945842266082764,90,2024-11-23,FW,Manchester City,Tottenham,,Erling Haaland,h,NoGoal,EPL,Manchester City,3661,0.0,3503.0,0.0,158.0,68.0
26726,2024,8260,0,0.113553762435913,90,2024-12-01,FW,Liverpool,Manchester City,,Erling Haaland,a,NoGoal,EPL,Manchester City,3751,0.0,3503.0,0.0,248.0,158.0
26739,2024,8260,0,0.3447391390800476,90,2024-12-04,FW,Manchester City,Nottingham Forest,,Erling Haaland,h,NoGoal,EPL,Manchester City,3841,0.0,3503.0,0.0,338.0,248.0
26747,2024,8260,1,0.7886126637458801,90,2024-12-07,FW,Crystal Palace,Manchester City,29.0,Erling Haaland,a,OpenPlay,EPL,Manchester City,3931,0.0,3870.0,367.0,61.0,338.0
26753,2024,8260,0,0.12396240234375,90,2024-12-15,FW,Manchester City,Manchester United,,Erling Haaland,h,NoGoal,EPL,Manchester City,4021,0.0,3870.0,0.0,151.0,61.0
26762,2024,8260,0,0.0760026425123214,90,2024-12-21,FW,Aston Villa,Manchester City,,Erling Haaland,a,NoGoal,EPL,Manchester City,4111,0.0,3870.0,0.0,241.0,151.0
26777,2024,8260,0,0.8285613656044006,90,2024-12-26,FW,Manchester City,Everton,,Erling Haaland,h,NoGoal,EPL,Manchester City,4201,0.0,3870.0,0.0,331.0,241.0
26788,2024,8260,1,1.0498470067977903,90,2024-12-29,FW,Leicester,Manchester City,73.0,Erling Haaland,a,OpenPlay,EPL,Manchester City,4291,0.0,4274.0,404.0,17.0,331.0
26798,2024,8260,2,1.0754677057266235,85,2025-01-04,FW,Manchester City,West Ham,41.0,Erling Haaland,h,OpenPlay,EPL,Manchester City,4376,0.0,4332.0,58.0,44.0,17.0
26798,2024,8260,2,1.0754677057266235,85,2025-01-04,FW,Manchester City,West Ham,54.0,Erling Haaland,h,OpenPlay,EPL,Manchester City,4376,0.0,4345.0,13.0,31.0,17.0
26803,2024,8260,0,0.6800458431243896,90,2025-01-14,FW,Brentford,Manchester City,,Erling Haaland,a,NoGoal,EPL,Manchester City,4466,0.0,4345.0,0.0,121.0,31.0
26816,2024,8260,1,0.9210678339004515,64,2025-01-19,FW,Ipswich,Manchester City,56.0,Erling Haaland,a,OpenPlay,EPL,Manchester City,4530,0.0,4522.0,177.0,8.0,121.0
26828,2024,8260,1,0.440841406583786,90,2025-01-25,FW,Manchester City,Chelsea,67.0,Erling Haaland,h,OpenPlay,EPL,Manchester City,4620,0.0,4597.0,75.0,23.0,8.0
26833,2024,8260,1,0.4302590787410736,90,2025-02-02,FW,Arsenal,Manchester City,54.0,Erling Haaland,a,OpenPlay,EPL,Manchester City,4710,0.0,4674.0,77.0,36.0,23.0
26848,2024,8260,0,0.1085522547364234,89,2025-02-15,FW,Manchester City,Newcastle United,,Erling Haaland,h,NoGoal,EPL,Manchester City,4799,0.0,4674.0,0.0,125.0,36.0
26865,2024,8260,1,1.5959473848342896,90,2025-02-26,FW,Tottenham,Manchester City,11.0,Erling Haaland,a,OpenPlay,EPL,Manchester City,4889,0.0,4810.0,136.0,79.0,125.0
26878,2024,8260,0,0.1317379772663116,90,2025-03-08,FW,Nottingham Forest,Manchester City,,Erling Haaland,a,NoGoal,EPL,Manchester City,4979,0.0,4810.0,0.0,169.0,79.0
26889,2024,8260,1,0.8935716152191162,90,2025-03-15,FW,Manchester City,Brighton,10.0,Erling Haaland,h,Penalty,EPL,Manchester City,5069,0.0,4989.0,179.0,80.0,169.0
26959,2024,8260,0,0.0388482846319675,90,2025-05-10,FW,Southampton,Manchester City,,Erling Haaland,a,NoGoal,EPL,Manchester City,5159,0.0,4989.0,0.0,170.0,80.0
26970,2024,8260,0,0.1043332293629646,85,2025-05-20,FW,Manchester City,Bournemouth,,Erling Haaland,h,NoGoal,EPL,Manchester City,5244,0.0,4989.0,0.0,255.0,170.0
26981,2024,8260,1,0.9217206239700316,86,2025-05-25,FW,Fulham,Manchester City,71.0,Erling Haaland,a,Penalty,EPL,Manchester City,5330,0.0,5315.0,326.0,15.0,255.0
28783,2025,8260,2,1.7889983654022217,78,2025-08-16,FW,Wolverhampton Wanderers,Manchester City,33.0,Erling Haaland,a,OpenPlay,EPL,Manchester City,5408,0.0,5363.0,48.0,45.0,15.0
28783,2025,8260,2,1.7889983654022217,78,2025-08-16,FW,Wolverhampton Wanderers,Manchester City,60.0,Erling Haaland,a,OpenPlay,EPL,Manchester City,5408,0.0,5390.0,27.0,18.0,15.0
28789,2025,8260,0,0.4975411593914032,90,2025-08-23,FW,Manchester City,Tottenham,,Erling Haaland,h,NoGoal,EPL,Manchester City,5498,0.0,5390.0,0.0,108.0,18.0
28805,2025,8260,1,1.366497039794922,90,2025-08-31,FW,Brighton,Manchester City,33.0,Erling Haaland,a,OpenPlay,EPL,Manchester City,5588,0.0,5531.0,141.0,57.0,108.0
28817,2025,8260,2,1.2158007621765137,88,2025-09-14,FW,Manchester City,Manchester United,52.0,Erling Haaland,h,OpenPlay,EPL,Manchester City,5676,0.0,5640.0,109.0,36.0,57.0
28817,2025,8260,2,1.2158007621765137,88,2025-09-14,FW,Manchester City,Manchester United,67.0,Erling Haaland,h,OpenPlay,EPL,Manchester City,5676,0.0,5655.0,15.0,21.0,57.0
28827,2025,8260,1,0.6271476149559021,81,2025-09-21,FW,Arsenal,Manchester City,8.0,Erling Haaland,a,OpenPlay,EPL,Manchester City,5757,0.0,5684.0,29.0,73.0,21.0
28833,2025,8260,2,1.7436816692352295,90,2025-09-27,FW,Manchester City,Burnley,89.0,Erling Haaland,h,OpenPlay,EPL,Manchester City,5847,0.0,5846.0,162.0,1.0,73.0
28833,2025,8260,2,1.7436816692352295,90,2025-09-27,FW,Manchester City,Burnley,92.0,Erling Haaland,h,OpenPlay,EPL,Manchester City,5847,0.0,5849.0,3.0,0.0,73.0
28841,2025,8260,1,0.2928302586078644,90,2025-10-05,FW,Brentford,Manchester City,8.0,Erling Haaland,a,OpenPlay,EPL,Manchester City,5937,0.0,5855.0,6.0,82.0,0.0
28853,2025,8260,2,1.2514570951461792,90,2025-10-18,FW,Manchester City,Everton,57.0,Erling Haaland,h,OpenPlay,EPL,Manchester City,6027,0.0,5994.0,139.0,33.0,82.0
28853,2025,8260,2,1.2514570951461792,90,2025-10-18,FW,Manchester City,Everton,62.0,Erling Haaland,h,OpenPlay,EPL,Manchester City,6027,0.0,5999.0,5.0,28.0,82.0
28860,2025,8260,0,0.4114522933959961,90,2025-10-26,FW,Aston Villa,Manchester City,,Erling Haaland,a,NoGoal,EPL,Manchester City,6117,0.0,5999.0,0.0,118.0,28.0
28873,2025,8260,2,1.3544570207595823,87,2025-11-02,FW,Manchester City,Bournemouth,16.0,Erling Haaland,h,OpenPlay,EPL,Manchester City,6204,0.0,6133.0,134.0,71.0,118.0
28873,2025,8260,2,1.3544570207595823,87,2025-11-02,FW,Manchester City,Bournemouth,32.0,Erling Haaland,h,OpenPlay,EPL,Manchester City,6204,0.0,6149.0,16.0,55.0,118.0
28883,2025,8260,1,0.809876024723053,90,2025-11-09,FW,Manchester City,Liverpool,28.0,Erling Haaland,h,OpenPlay,EPL,Manchester City,6294,0.0,6232.0,83.0,62.0,55.0
28896,2025,8260,0,1.2715270519256592,90,2025-11-22,FW,Newcastle United,Manchester City,,Erling Haaland,a,NoGoal,EPL,Manchester City,6384,0.0,6232.0,0.0,152.0,62.0
28903,2025,8260,0,0.0687891915440559,90,2025-11-29,FW,Manchester City,Leeds,,Erling Haaland,h,NoGoal,EPL,Manchester City,6474,0.0,6232.0,0.0,242.0,152.0
28912,2025,8260,1,0.7861123085021973,90,2025-12-02,FW,Fulham,Manchester City,16.0,Erling Haaland,a,OpenPlay,EPL,Manchester City,6564,0.0,6490.0,258.0,74.0,242.0
28924,2025,8260,0,0.578275740146637,72,2025-12-06,FW,Manchester City,Sunderland,,Erling Haaland,h,NoGoal,EPL,Manchester City,6636,0.0,6490.0,0.0,146.0,74.0
28932,2025,8260,2,1.0563724040985107,90,2025-12-14,FW,Crystal Palace,Manchester City,40.0,Erling Haaland,a,OpenPlay,EPL,Manchester City,6726,0.0,6676.0,186.0,50.0,146.0
28932,2025,8260,2,1.0563724040985107,90,2025-12-14,FW,Crystal Palace,Manchester City,88.0,Erling Haaland,a,Penalty,EPL,Manchester City,6726,0.0,6724.0,48.0,2.0,146.0
28944,2025,8260,2,2.205475091934204,90,2025-12-20,FW,Manchester City,West Ham,4.0,Erling Haaland,h,OpenPlay,EPL,Manchester City,6816,0.0,6730.0,6.0,86.0,2.0
28944,2025,8260,2,2.205475091934204,90,2025-12-20,FW,Manchester City,West Ham,68.0,Erling Haaland,h,OpenPlay,EPL,Manchester City,6816,0.0,6794.0,64.0,22.0,2.0
28955,2025,8260,0,0.2036371529102325,90,2025-12-27,FW,Nottingham Forest,Manchester City,,Erling Haaland,a,NoGoal,EPL,Manchester City,6906,0.0,6794.0,0.0,112.0,22.0
28966,2025,8260,0,0.515969455242157,90,2026-01-01,FW,Sunderland,Manchester City,,Erling Haaland,a,NoGoal,EPL,Manchester City,6996,0.0,6794.0,0.0,202.0,112.0
28977,2025,8260,0,0.369107186794281,90,2026-01-04,FW,Manchester City,Chelsea,,Erling Haaland,h,NoGoal,EPL,Manchester City,7086,0.0,6794.0,0.0,292.0,202.0
28985,2025,8260,1,1.6204416751861572,90,2026-01-07,FW,Manchester City,Brighton,40.0,Erling Haaland,h,Penalty,EPL,Manchester City,7176,0.0,7126.0,332.0,50.0,292.0
28993,2025,8260,0,0.158374935388565,82,2026-01-17,FW,Manchester United,Manchester City,,Erling Haaland,a,NoGoal,EPL,Manchester City,7258,0.0,7126.0,0.0,132.0,50.0
29005,2025,8260,0,0.0,13,2026-01-24,Sub,Manchester City,Wolverhampton Wanderers,,Erling Haaland,h,NoGoal,EPL,Manchester City,7271,77.0,7126.0,0.0,145.0,132.0
29016,2025,8260,0,0.2686480283737182,90,2026-02-01,FW,Tottenham,Manchester City,,Erling Haaland,a,NoGoal,EPL,Manchester City,7361,0.0,7126.0,0.0,235.0,145.0
29024,2025,8260,1,1.2792962789535522,90,2026-02-08,FW,Liverpool,Manchester City,92.0,Erling Haaland,a,Penalty,EPL,Manchester City,7451,0.0,7453.0,327.0,0.0,235.0
29033,2025,8260,1,0.1625177711248397,48,2026-02-11,FW,Manchester City,Fulham,38.0,Erling Haaland,h,OpenPlay,EPL,Manchester City,7499,0.0,7489.0,36.0,10.0,0.0
29043,2025,8260,0,0.5676674842834473,90,2026-02-21,FW,Manchester City,Newcastle United,,Erling Haaland,h,NoGoal,EPL,Manchester City,7589,0.0,7489.0,0.0,100.0,10.0
29064,2025,8260,0,0.3581704795360565,90,2026-03-04,FW,Manchester City,Nottingham Forest,,Erling Haaland,h,NoGoal,EPL,Manchester City,7679,0.0,7489.0,0.0,190.0,100.0
29077,2025,8260,0,0.3068123757839203,90,2026-03-14,FW,West Ham,Manchester City,,Erling Haaland,a,NoGoal,EPL,Manchester City,7769,0.0,7489.0,0.0,280.0,190.0
29095,2025,8260,0,0.2821016609668731,90,2026-04-12,FW,Chelsea,Manchester City,,Erling Haaland,a,NoGoal,EPL,Manchester City,7859,0.0,7489.0,0.0,370.0,280.0
29104,2025,8260,1,1.5067534446716309,90,2026-04-19,FW,Manchester City,Arsenal,64.0,Erling Haaland,h,OpenPlay,EPL,Manchester City,7949,0.0,7923.0,434.0,26.0,370.0
29111,2025,8260,1,0.9561399817466736,90,2026-04-22,FW,Burnley,Manchester City,4.0,Erling Haaland,a,OpenPlay,EPL,Manchester City,8039,0.0,7953.0,30.0,86.0,26.0
29123,2025,8260,1,0.4635706543922424,90,2026-05-04,FW,Everton,Manchester City,82.0,Erling Haaland,a,OpenPlay,EPL,Manchester City,8129,0.0,8121.0,168.0,8.0,86.0
29133,2025,8260,1,2.29285192489624,90,2026-05-09,FW,Manchester City,Brentford,74.0,Erling Haaland,h,OpenPlay,EPL,Manchester City,8219,0.0,8203.0,82.0,16.0,8.0
29138,2025,8260,1,0.1569846272468567,90,2026-05-19,FW,Bournemouth,Manchester City,94.0,Erling Haaland,a,OpenPlay,EPL,Manchester City,8309,0.0,8313.0,110.0,0.0,16.0
22278,2023,8272,1,1.4254058599472046,89,2023-08-12,AMC,Brighton,Luton,70.0,João Pedro,h,Penalty,EPL,Brighton,89,0.0,70.0,,19.0,
22286,2023,8272,0,0.1286912262439727,31,2023-08-19,Sub,Wolverhampton Wanderers,Brighton,,João Pedro,a,NoGoal,EPL,Brighton,120,59.0,70.0,0.0,50.0,19.0
22301,2023,8272,0,0.0901620388031005,26,2023-08-26,Sub,Brighton,West Ham,,João Pedro,h,NoGoal,EPL,Brighton,146,64.0,70.0,0.0,76.0,50.0
21931,2023,8272,0,0.1651085764169693,79,2023-09-02,AMC,Brighton,Newcastle United,,João Pedro,h,NoGoal,EPL,Brighton,225,0.0,70.0,0.0,155.0,76.0
21940,2023,8272,1,0.1141157671809196,23,2023-09-16,Sub,Manchester United,Brighton,70.0,João Pedro,a,OpenPlay,EPL,Brighton,248,67.0,228.0,158.0,20.0,155.0
21951,2023,8272,0,0.1320712864398956,24,2023-09-24,Sub,Brighton,Bournemouth,,João Pedro,h,NoGoal,EPL,Brighton,272,66.0,228.0,0.0,44.0,20.0
21955,2023,8272,0,0.0324107743799686,39,2023-09-30,Sub,Aston Villa,Brighton,,João Pedro,a,NoGoal,EPL,Brighton,311,51.0,228.0,0.0,83.0,44.0
21966,2023,8272,0,0.552642822265625,90,2023-10-08,AMC,Brighton,Liverpool,,João Pedro,h,NoGoal,EPL,Brighton,401,0.0,228.0,0.0,173.0,83.0
21980,2023,8272,0,0.0,70,2023-10-21,FW,Manchester City,Brighton,,João Pedro,a,NoGoal,EPL,Brighton,471,0.0,228.0,0.0,243.0,173.0
21988,2023,8272,0,0.142799973487854,10,2023-10-29,Sub,Brighton,Fulham,,João Pedro,h,NoGoal,EPL,Brighton,481,80.0,228.0,0.0,253.0,243.0
21997,2023,8272,0,0.0857001766562461,40,2023-11-04,Sub,Everton,Brighton,,João Pedro,a,NoGoal,EPL,Brighton,521,50.0,228.0,0.0,293.0,253.0
22008,2023,8272,0,0.0857688710093498,40,2023-11-12,Sub,Brighton,Sheffield United,,João Pedro,h,NoGoal,EPL,Brighton,561,50.0,228.0,0.0,333.0,293.0
22022,2023,8272,2,0.7860375642776489,70,2023-11-25,Sub,Nottingham Forest,Brighton,48.0,João Pedro,a,OpenPlay,EPL,Brighton,631,20.0,589.0,361.0,42.0,333.0
22022,2023,8272,2,0.7860375642776489,70,2023-11-25,Sub,Nottingham Forest,Brighton,57.0,João Pedro,a,Penalty,EPL,Brighton,631,20.0,598.0,9.0,33.0,333.0
22029,2023,8272,1,0.2467242032289505,27,2023-12-03,Sub,Chelsea,Brighton,91.0,João Pedro,a,FromCorner,EPL,Brighton,658,64.0,658.0,60.0,0.0,33.0
22036,2023,8272,0,0.3902374804019928,76,2023-12-06,FW,Brighton,Brentford,,João Pedro,h,NoGoal,EPL,Brighton,734,0.0,658.0,0.0,76.0,0.0
22046,2023,8272,0,0.2103447169065475,90,2023-12-09,AML,Brighton,Burnley,,João Pedro,h,NoGoal,EPL,Brighton,824,0.0,658.0,0.0,166.0,76.0
22056,2023,8272,0,0.0842998698353767,26,2023-12-17,Sub,Arsenal,Brighton,,João Pedro,a,NoGoal,EPL,Brighton,850,64.0,658.0,0.0,192.0,166.0
22066,2023,8272,0,0.049953956156969,90,2023-12-21,FW,Crystal Palace,Brighton,,João Pedro,a,NoGoal,EPL,Brighton,940,0.0,658.0,0.0,282.0,192.0
22078,2023,8272,2,1.9922473430633545,90,2023-12-28,FW,Brighton,Tottenham,23.0,João Pedro,h,Penalty,EPL,Brighton,1030,0.0,963.0,305.0,67.0,282.0
22078,2023,8272,2,1.9922473430633545,90,2023-12-28,FW,Brighton,Tottenham,74.0,João Pedro,h,Penalty,EPL,Brighton,1030,0.0,1014.0,51.0,16.0,282.0
22093,2023,8272,0,0.2082947641611099,90,2024-01-02,FW,West Ham,Brighton,,João Pedro,a,NoGoal,EPL,Brighton,1120,0.0,1014.0,0.0,106.0,16.0
22095,2023,8272,0,0.3309235572814941,90,2024-01-22,FWL,Brighton,Wolverhampton Wanderers,,João Pedro,h,NoGoal,EPL,Brighton,1210,0.0,1014.0,0.0,196.0,106.0
22107,2023,8272,0,0.0530810691416263,76,2024-01-30,AMC,Luton,Brighton,,João Pedro,a,NoGoal,EPL,Brighton,1286,0.0,1014.0,0.0,272.0,196.0
22118,2023,8272,1,0.6871240735054016,90,2024-02-03,AMC,Brighton,Crystal Palace,83.0,João Pedro,h,OpenPlay,EPL,Brighton,1376,0.0,1369.0,355.0,7.0,272.0
22200,2023,8272,0,0.2485032230615615,90,2024-04-03,FW,Brentford,Brighton,,João Pedro,a,NoGoal,EPL,Brighton,1466,0.0,1369.0,0.0,97.0,7.0
22206,2023,8272,0,0.0699681788682937,20,2024-04-06,Sub,Brighton,Arsenal,,João Pedro,h,NoGoal,EPL,Brighton,1486,70.0,1369.0,0.0,117.0,97.0
22218,2023,8272,0,0.2025303095579147,90,2024-04-13,AML,Burnley,Brighton,,João Pedro,a,NoGoal,EPL,Brighton,1576,0.0,1369.0,0.0,207.0,117.0
22176,2023,8272,0,0.3314413428306579,90,2024-04-25,AML,Brighton,Manchester City,,João Pedro,h,NoGoal,EPL,Brighton,1666,0.0,1369.0,0.0,297.0,207.0
22235,2023,8272,0,0.237678125500679,90,2024-04-28,AMC,Bournemouth,Brighton,,João Pedro,a,NoGoal,EPL,Brighton,1756,0.0,1369.0,0.0,387.0,297.0
22247,2023,8272,1,1.6533310413360596,90,2024-05-05,AMC,Brighton,Aston Villa,86.0,João Pedro,h,SetPiece,EPL,Brighton,1846,0.0,1842.0,473.0,4.0,387.0
22226,2023,8272,0,0.0519511476159095,90,2024-05-15,FW,Brighton,Chelsea,,João Pedro,h,NoGoal,EPL,Brighton,1936,0.0,1842.0,0.0,94.0,4.0
22267,2023,8272,0,1.1293540000915527,90,2024-05-19,AML,Brighton,Manchester United,,João Pedro,h,NoGoal,EPL,Brighton,2026,0.0,1842.0,0.0,184.0,94.0
26605,2024,8272,0,0.0241545420140028,86,2024-08-17,AMC,Everton,Brighton,,João Pedro,a,NoGoal,EPL,Brighton,2112,0.0,1842.0,0.0,270.0,184.0
26612,2024,8272,1,0.4829488694667816,90,2024-08-24,AMC,Brighton,Manchester United,94.0,João Pedro,h,FromCorner,EPL,Brighton,2202,0.0,2206.0,364.0,0.0,270.0
26622,2024,8272,1,0.4235240817070007,90,2024-08-31,AMC,Arsenal,Brighton,57.0,João Pedro,a,OpenPlay,EPL,Brighton,2292,0.0,2259.0,53.0,33.0,0.0
26650,2024,8272,0,0.0268027447164058,15,2024-09-22,Sub,Brighton,Nottingham Forest,,João Pedro,h,NoGoal,EPL,Brighton,2307,75.0,2259.0,0.0,48.0,33.0
26703,2024,8272,1,0.6571820378303528,22,2024-11-09,Sub,Brighton,Manchester City,77.0,João Pedro,h,OpenPlay,EPL,Brighton,2329,68.0,2316.0,57.0,13.0,48.0
26712,2024,8272,1,0.6192044019699097,69,2024-11-23,AMC,Bournemouth,Brighton,3.0,João Pedro,a,OpenPlay,EPL,Brighton,2398,0.0,2332.0,16.0,66.0,13.0
26723,2024,8272,0,0.161085844039917,76,2024-11-29,FW,Brighton,Southampton,,João Pedro,h,NoGoal,EPL,Brighton,2474,0.0,2332.0,0.0,142.0,66.0
26736,2024,8272,0,0.1713314205408096,82,2024-12-05,FW,Fulham,Brighton,,João Pedro,a,NoGoal,EPL,Brighton,2556,0.0,2332.0,0.0,224.0,142.0
26751,2024,8272,0,0.1248700842261314,73,2024-12-08,AMC,Leicester,Brighton,,João Pedro,a,NoGoal,EPL,Brighton,2629,0.0,2332.0,0.0,297.0,224.0
26756,2024,8272,0,0.1683236360549926,90,2024-12-15,FW,Brighton,Crystal Palace,,João Pedro,h,NoGoal,EPL,Brighton,2719,0.0,2332.0,0.0,387.0,297.0
26767,2024,8272,0,0.0,90,2024-12-21,AMC,West Ham,Brighton,,João Pedro,a,NoGoal,EPL,Brighton,2809,0.0,2332.0,0.0,477.0,387.0
26774,2024,8272,0,0.1055698543787002,90,2024-12-27,FW,Brighton,Brentford,,João Pedro,h,NoGoal,EPL,Brighton,2899,0.0,2332.0,0.0,567.0,477.0
26782,2024,8272,0,0.1367924511432647,90,2024-12-30,FW,Aston Villa,Brighton,,João Pedro,a,NoGoal,EPL,Brighton,2989,0.0,2332.0,0.0,657.0,567.0
26794,2024,8272,1,0.7611688375473022,90,2025-01-04,FW,Brighton,Arsenal,60.0,João Pedro,h,Penalty,EPL,Brighton,3079,0.0,3049.0,717.0,30.0,657.0
26805,2024,8272,0,0.218747854232788,79,2025-01-16,FW,Ipswich,Brighton,,João Pedro,a,NoGoal,EPL,Brighton,3158,0.0,3049.0,0.0,109.0,30.0
26818,2024,8272,0,0.0,90,2025-01-19,FW,Manchester United,Brighton,,João Pedro,a,NoGoal,EPL,Brighton,3248,0.0,3049.0,0.0,199.0,109.0
26824,2024,8272,0,0.1663032621145248,90,2025-01-25,AMC,Brighton,Everton,,João Pedro,h,NoGoal,EPL,Brighton,3338,0.0,3049.0,0.0,289.0,199.0
26840,2024,8272,0,0.0780727118253707,50,2025-02-01,MC,Nottingham Forest,Brighton,,João Pedro,a,NoGoal,EPL,Brighton,3388,0.0,3049.0,0.0,339.0,289.0
26843,2024,8272,0,0.0842969268560409,13,2025-02-14,Sub,Brighton,Chelsea,,João Pedro,h,NoGoal,EPL,Brighton,3401,77.0,3049.0,0.0,352.0,339.0
26861,2024,8272,1,0.3402504920959472,90,2025-02-22,FW,Southampton,Brighton,22.0,João Pedro,a,OpenPlay,EPL,Brighton,3491,0.0,3423.0,374.0,68.0,352.0
26863,2024,8272,1,0.7611688375473022,76,2025-02-25,FW,Brighton,Bournemouth,11.0,João Pedro,h,Penalty,EPL,Brighton,3567,0.0,3502.0,79.0,65.0,68.0
26873,2024,8272,1,1.271384596824646,90,2025-03-08,FW,Brighton,Fulham,97.0,João Pedro,h,Penalty,EPL,Brighton,3657,0.0,3664.0,162.0,0.0,65.0
26889,2024,8272,0,0.3994613587856293,90,2025-03-15,FW,Manchester City,Brighton,,João Pedro,a,NoGoal,EPL,Brighton,3747,0.0,3664.0,0.0,83.0,0.0
26893,2024,8272,0,0.0462758503854274,73,2025-04-02,FW,Brighton,Aston Villa,,João Pedro,h,NoGoal,EPL,Brighton,3820,0.0,3664.0,0.0,156.0,83.0
26904,2024,8272,0,0.0,26,2025-04-05,Sub,Crystal Palace,Brighton,,João Pedro,a,NoGoal,EPL,Brighton,3846,64.0,3664.0,0.0,182.0,156.0
26914,2024,8272,2,1.6149706840515137,90,2025-04-12,MC,Brighton,Leicester,30.0,João Pedro,h,Penalty,EPL,Brighton,3936,0.0,3876.0,212.0,60.0,182.0
26914,2024,8272,2,1.6149706840515137,90,2025-04-12,MC,Brighton,Leicester,54.0,João Pedro,h,Penalty,EPL,Brighton,3936,0.0,3900.0,24.0,36.0,182.0
26923,2024,8272,0,0.0197134874761104,65,2025-04-19,AML,Brentford,Brighton,,João Pedro,a,NoGoal,EPL,Brighton,4001,0.0,3900.0,0.0,101.0,36.0
28784,2025,8272,0,0.1999123245477676,76,2025-08-17,FW,Chelsea,Crystal Palace,,João Pedro,h,NoGoal,EPL,Chelsea,4077,0.0,3900.0,0.0,177.0,101.0
28788,2025,8272,1,0.5926254987716675,90,2025-08-22,AMC,West Ham,Chelsea,14.0,João Pedro,a,FromCorner,EPL,Chelsea,4167,0.0,4091.0,191.0,76.0,177.0
28798,2025,8272,1,0.6562733054161072,90,2025-08-30,AMC,Chelsea,Fulham,53.0,João Pedro,h,FromCorner,EPL,Chelsea,4257,0.0,4220.0,129.0,37.0,76.0
28815,2025,8272,0,0.1063588634133338,80,2025-09-13,FW,Brentford,Chelsea,,João Pedro,a,NoGoal,EPL,Chelsea,4337,0.0,4220.0,0.0,117.0,37.0
28824,2025,8272,0,0.0,90,2025-09-20,FW,Manchester United,Chelsea,,João Pedro,a,NoGoal,EPL,Chelsea,4427,0.0,4220.0,0.0,207.0,117.0
28829,2025,8272,0,0.0,90,2025-09-27,FW,Chelsea,Brighton,,João Pedro,h,NoGoal,EPL,Chelsea,4517,0.0,4220.0,0.0,297.0,207.0
28842,2025,8272,0,0.0269479192793369,76,2025-10-04,FW,Chelsea,Liverpool,,João Pedro,h,NoGoal,EPL,Chelsea,4593,0.0,4220.0,0.0,373.0,297.0
28854,2025,8272,0,0.0587042979896068,90,2025-10-18,FW,Nottingham Forest,Chelsea,,João Pedro,a,NoGoal,EPL,Chelsea,4683,0.0,4220.0,0.0,463.0,373.0
28862,2025,8272,0,0.0,88,2025-10-25,AMC,Chelsea,Sunderland,,João Pedro,h,NoGoal,EPL,Chelsea,4771,0.0,4220.0,0.0,551.0,463.0
28876,2025,8272,1,1.711074709892273,90,2025-11-01,FW,Tottenham,Chelsea,33.0,João Pedro,a,OpenPlay,EPL,Chelsea,4861,0.0,4804.0,584.0,57.0,551.0
28880,2025,8272,1,0.6239708065986633,87,2025-11-08,AMC,Chelsea,Wolverhampton Wanderers,64.0,João Pedro,h,OpenPlay,EPL,Chelsea,4948,0.0,4925.0,121.0,23.0,57.0
28891,2025,8272,0,0.1510900557041168,78,2025-11-22,AMC,Burnley,Chelsea,,João Pedro,a,NoGoal,EPL,Chelsea,5026,0.0,4925.0,0.0,101.0,23.0
28900,2025,8272,0,0.2185799777507782,60,2025-11-30,FW,Chelsea,Arsenal,,João Pedro,h,NoGoal,EPL,Chelsea,5086,0.0,4925.0,0.0,161.0,101.0
28913,2025,8272,0,0.0182679146528244,90,2025-12-03,AMC,Leeds,Chelsea,,João Pedro,a,NoGoal,EPL,Chelsea,5176,0.0,4925.0,0.0,251.0,161.0
28918,2025,8272,0,0.0,28,2025-12-06,Sub,Bournemouth,Chelsea,,João Pedro,a,NoGoal,EPL,Chelsea,5204,62.0,4925.0,0.0,279.0,251.0
28931,2025,8272,0,0.1072699129581451,84,2025-12-13,FW,Chelsea,Everton,,João Pedro,h,NoGoal,EPL,Chelsea,5288,0.0,4925.0,0.0,363.0,279.0
28945,2025,8272,1,0.4130245447158813,90,2025-12-20,FW,Newcastle United,Chelsea,65.0,João Pedro,a,OpenPlay,EPL,Chelsea,5378,0.0,5353.0,428.0,25.0,363.0
28951,2025,8272,1,1.318881273269653,71,2025-12-27,FW,Chelsea,Aston Villa,36.0,João Pedro,h,FromCorner,EPL,Chelsea,5449,0.0,5414.0,61.0,35.0,25.0
28961,2025,8272,0,0.1250996887683868,19,2025-12-30,Sub,Chelsea,Bournemouth,,João Pedro,h,NoGoal,EPL,Chelsea,5468,71.0,5414.0,0.0,54.0,35.0
28977,2025,8272,0,0.0,64,2026-01-04,FW,Manchester City,Chelsea,,João Pedro,a,NoGoal,EPL,Chelsea,5532,0.0,5414.0,0.0,118.0,54.0
28984,2025,8272,0,0.0,8,2026-01-07,Sub,Fulham,Chelsea,,João Pedro,a,NoGoal,EPL,Chelsea,5540,82.0,5414.0,0.0,126.0,118.0
28990,2025,8272,1,0.1769481152296066,77,2026-01-17,FW,Chelsea,Brentford,25.0,João Pedro,h,OpenPlay,EPL,Chelsea,5617,0.0,5565.0,151.0,52.0,126.0
29002,2025,8272,1,0.9736271500587464,87,2026-01-25,FW,Crystal Palace,Chelsea,49.0,João Pedro,a,OpenPlay,EPL,Chelsea,5704,0.0,5666.0,101.0,38.0,52.0
29009,2025,8272,1,0.5738232135772705,39,2026-01-31,Sub,Chelsea,West Ham,56.0,João Pedro,h,OpenPlay,EPL,Chelsea,5743,51.0,5709.0,43.0,34.0,38.0
29027,2025,8272,0,0.1231615245342254,81,2026-02-07,FW,Wolverhampton Wanderers,Chelsea,,João Pedro,a,NoGoal,EPL,Chelsea,5824,0.0,5709.0,0.0,115.0,34.0
29030,2025,8272,1,1.1730031967163086,90,2026-02-10,FW,Chelsea,Leeds,23.0,João Pedro,h,OpenPlay,EPL,Chelsea,5914,0.0,5847.0,138.0,67.0,115.0
29040,2025,8272,1,1.5333372354507446,82,2026-02-21,FW,Chelsea,Burnley,3.0,João Pedro,h,OpenPlay,EPL,Chelsea,5996,0.0,5917.0,70.0,79.0,67.0
29049,2025,8272,0,0.61700040102005,90,2026-03-01,FW,Arsenal,Chelsea,,João Pedro,a,NoGoal,EPL,Chelsea,6086,0.0,5917.0,0.0,169.0,79.0
29059,2025,8272,3,2.3705861568450928,90,2026-03-04,FW,Aston Villa,Chelsea,34.0,João Pedro,a,OpenPlay,EPL,Chelsea,6176,0.0,6120.0,203.0,56.0,169.0
29059,2025,8272,3,2.3705861568450928,90,2026-03-04,FW,Aston Villa,Chelsea,50.0,João Pedro,a,OpenPlay,EPL,Chelsea,6176,0.0,6136.0,16.0,40.0,169.0
29059,2025,8272,3,2.3705861568450928,90,2026-03-04,FW,Aston Villa,Chelsea,63.0,João Pedro,a,OpenPlay,EPL,Chelsea,6176,0.0,6149.0,13.0,27.0,169.0
29071,2025,8272,0,0.1900036036968231,90,2026-03-14,FW,Chelsea,Newcastle United,,João Pedro,h,NoGoal,EPL,Chelsea,6266,0.0,6149.0,0.0,117.0,27.0
29081,2025,8272,0,0.0987797081470489,80,2026-03-21,FW,Everton,Chelsea,,João Pedro,a,NoGoal,EPL,Chelsea,6346,0.0,6149.0,0.0,197.0,117.0
29095,2025,8272,0,0.245728313922882,83,2026-04-12,FW,Chelsea,Manchester City,,João Pedro,h,NoGoal,EPL,Chelsea,6429,0.0,6149.0,0.0,280.0,197.0
29122,2025,8272,1,0.6006743907928467,90,2026-05-04,FW,Chelsea,Nottingham Forest,92.0,João Pedro,h,OpenPlay,EPL,Chelsea,6519,0.0,6521.0,372.0,0.0,280.0
29132,2025,8272,0,0.2160571962594986,90,2026-05-09,FW,Liverpool,Chelsea,,João Pedro,a,NoGoal,EPL,Chelsea,6609,0.0,6521.0,0.0,88.0,0.0
23073,2023,8393,0,0.0,3,2023-08-20,Sub,Eintracht Frankfurt,Darmstadt,,Omar Marmoush,h,NoGoal,Bundesliga,Eintracht Frankfurt,3,87.0,,,,
23081,2023,8393,1,0.6402778625488281,90,2023-08-27,AMC,Mainz 05,Eintracht Frankfurt,90.0,Omar Marmoush,a,OpenPlay,Bundesliga,Eintracht Frankfurt,93,0.0,93.0,,0.0,
23090,2023,8393,0,0.4050109088420868,70,2023-09-03,FW,Eintracht Frankfurt,FC Cologne,,Omar Marmoush,h,NoGoal,Bundesliga,Eintracht Frankfurt,163,0.0,93.0,0.0,70.0,0.0
23098,2023,8393,0,0.188655823469162,43,2023-09-16,Sub,Bochum,Eintracht Frankfurt,,Omar Marmoush,a,NoGoal,Bundesliga,Eintracht Frankfurt,206,47.0,93.0,0.0,113.0,70.0
23109,2023,8393,0,0.1248906403779983,69,2023-09-24,FW,Eintracht Frankfurt,Freiburg,,Omar Marmoush,h,NoGoal,Bundesliga,Eintracht Frankfurt,275,0.0,93.0,0.0,182.0,113.0
23113,2023,8393,0,0.1022706925868988,85,2023-09-30,FW,Wolfsburg,Eintracht Frankfurt,,Omar Marmoush,a,NoGoal,Bundesliga,Eintracht Frankfurt,360,0.0,93.0,0.0,267.0,182.0
23127,2023,8393,0,0.0,70,2023-10-08,AMC,Eintracht Frankfurt,FC Heidenheim,,Omar Marmoush,h,NoGoal,Bundesliga,Eintracht Frankfurt,430,0.0,93.0,0.0,337.0,267.0
23132,2023,8393,1,0.2548755407333374,80,2023-10-21,FW,Hoffenheim,Eintracht Frankfurt,10.0,Omar Marmoush,a,OpenPlay,Bundesliga,Eintracht Frankfurt,510,0.0,440.0,347.0,70.0,337.0
23140,2023,8393,2,2.103389978408813,90,2023-10-29,FW,Eintracht Frankfurt,Borussia Dortmund,7.0,Omar Marmoush,h,Penalty,Bundesliga,Eintracht Frankfurt,600,0.0,517.0,77.0,83.0,70.0
23140,2023,8393,2,2.103389978408813,90,2023-10-29,FW,Eintracht Frankfurt,Borussia Dortmund,23.0,Omar Marmoush,h,OpenPlay,Bundesliga,Eintracht Frankfurt,600,0.0,533.0,16.0,67.0,70.0
23147,2023,8393,2,0.8528183698654175,75,2023-11-04,FW,Union Berlin,Eintracht Frankfurt,1.0,Omar Marmoush,a,SetPiece,Bundesliga,Eintracht Frankfurt,675,0.0,601.0,68.0,74.0,67.0
23147,2023,8393,2,0.8528183698654175,75,2023-11-04,FW,Union Berlin,Eintracht Frankfurt,13.0,Omar Marmoush,a,OpenPlay,Bundesliga,Eintracht Frankfurt,675,0.0,613.0,12.0,62.0,67.0
23159,2023,8393,0,0.1934077590703964,90,2023-11-12,FW,Werder Bremen,Eintracht Frankfurt,,Omar Marmoush,a,NoGoal,Bundesliga,Eintracht Frankfurt,765,0.0,613.0,0.0,152.0,62.0
23167,2023,8393,0,0.0141498111188411,84,2023-11-25,FW,Eintracht Frankfurt,VfB Stuttgart,,Omar Marmoush,h,NoGoal,Bundesliga,Eintracht Frankfurt,849,0.0,613.0,0.0,236.0,152.0
23179,2023,8393,0,0.2107717245817184,90,2023-12-03,FW,Augsburg,Eintracht Frankfurt,,Omar Marmoush,a,NoGoal,Bundesliga,Eintracht Frankfurt,939,0.0,613.0,0.0,326.0,236.0
23184,2023,8393,1,0.0816254019737243,84,2023-12-09,FW,Eintracht Frankfurt,Bayern Munich,11.0,Omar Marmoush,h,OpenPlay,Bundesliga,Eintracht Frankfurt,1023,0.0,950.0,337.0,73.0,326.0
23203,2023,8393,0,0.088921844959259,90,2023-12-20,FW,Eintracht Frankfurt,Borussia M.Gladbach,,Omar Marmoush,h,NoGoal,Bundesliga,Eintracht Frankfurt,1113,0.0,950.0,0.0,163.0,73.0
23252,2023,8393,1,1.0702099800109863,69,2024-02-10,FW,Eintracht Frankfurt,Bochum,13.0,Omar Marmoush,h,OpenPlay,Bundesliga,Eintracht Frankfurt,1182,0.0,1126.0,176.0,56.0,163.0
23255,2023,8393,1,0.2783695161342621,90,2024-02-18,AMC,Freiburg,Eintracht Frankfurt,26.0,Omar Marmoush,a,OpenPlay,Bundesliga,Eintracht Frankfurt,1272,0.0,1208.0,82.0,64.0,56.0
23267,2023,8393,1,0.462655633687973,90,2024-02-25,FW,Eintracht Frankfurt,Wolfsburg,91.0,Omar Marmoush,h,OpenPlay,Bundesliga,Eintracht Frankfurt,1362,0.0,1363.0,155.0,0.0,64.0
23279,2023,8393,0,0.1504288017749786,81,2024-03-02,FW,FC Heidenheim,Eintracht Frankfurt,,Omar Marmoush,a,NoGoal,Bundesliga,Eintracht Frankfurt,1443,0.0,1363.0,0.0,80.0,0.0
23284,2023,8393,0,0.2569596171379089,90,2024-03-10,FW,Eintracht Frankfurt,Hoffenheim,,Omar Marmoush,h,NoGoal,Bundesliga,Eintracht Frankfurt,1533,0.0,1363.0,0.0,170.0,80.0
23290,2023,8393,0,0.5802022814750671,90,2024-03-17,FW,Borussia Dortmund,Eintracht Frankfurt,,Omar Marmoush,a,NoGoal,Bundesliga,Eintracht Frankfurt,1623,0.0,1363.0,0.0,260.0,170.0
23302,2023,8393,0,0.2245360016822815,90,2024-03-30,AMC,Eintracht Frankfurt,Union Berlin,,Omar Marmoush,h,NoGoal,Bundesliga,Eintracht Frankfurt,1713,0.0,1363.0,0.0,350.0,260.0
23311,2023,8393,0,0.4386093318462372,90,2024-04-05,FW,Eintracht Frankfurt,Werder Bremen,,Omar Marmoush,h,NoGoal,Bundesliga,Eintracht Frankfurt,1803,0.0,1363.0,0.0,440.0,350.0
23324,2023,8393,0,0.334645539522171,90,2024-04-13,FW,VfB Stuttgart,Eintracht Frankfurt,,Omar Marmoush,a,NoGoal,Bundesliga,Eintracht Frankfurt,1893,0.0,1363.0,0.0,530.0,440.0
23329,2023,8393,1,0.7043151259422302,90,2024-04-19,FW,Eintracht Frankfurt,Augsburg,94.0,Omar Marmoush,h,OpenPlay,Bundesliga,Eintracht Frankfurt,1983,0.0,1987.0,624.0,0.0,530.0
23335,2023,8393,0,0.0309750474989414,90,2024-04-27,FW,Bayern Munich,Eintracht Frankfurt,,Omar Marmoush,a,NoGoal,Bundesliga,Eintracht Frankfurt,2073,0.0,1987.0,0.0,86.0,0.0
23346,2023,8393,0,0.4622008204460144,90,2024-05-05,FW,Eintracht Frankfurt,Bayer Leverkusen,,Omar Marmoush,h,NoGoal,Bundesliga,Eintracht Frankfurt,2163,0.0,1987.0,0.0,176.0,86.0
23357,2023,8393,0,0.2059452682733535,90,2024-05-11,FW,Borussia M.Gladbach,Eintracht Frankfurt,,Omar Marmoush,a,NoGoal,Bundesliga,Eintracht Frankfurt,2253,0.0,1987.0,0.0,266.0,176.0
23365,2023,8393,1,0.9453231692314148,90,2024-05-18,AMC,Eintracht Frankfurt,RasenBallsport Leipzig,76.0,Omar Marmoush,h,Penalty,Bundesliga,Eintracht Frankfurt,2343,0.0,2329.0,342.0,14.0,266.0
27748,2024,8393,0,0.0438676476478576,71,2024-08-24,AMC,Borussia Dortmund,Eintracht Frankfurt,,Omar Marmoush,a,NoGoal,Bundesliga,Eintracht Frankfurt,2414,0.0,2329.0,0.0,85.0,14.0
27756,2024,8393,1,0.5457848906517029,81,2024-08-31,FWL,Eintracht Frankfurt,Hoffenheim,55.0,Omar Marmoush,h,OpenPlay,Bundesliga,Eintracht Frankfurt,2495,0.0,2469.0,140.0,26.0,85.0
27764,2024,8393,2,2.354611396789551,90,2024-09-14,FW,Wolfsburg,Eintracht Frankfurt,29.0,Omar Marmoush,a,OpenPlay,Bundesliga,Eintracht Frankfurt,2585,0.0,2524.0,55.0,61.0,26.0
27764,2024,8393,2,2.354611396789551,90,2024-09-14,FW,Wolfsburg,Eintracht Frankfurt,81.0,Omar Marmoush,a,Penalty,Bundesliga,Eintracht Frankfurt,2585,0.0,2576.0,52.0,9.0,26.0
27774,2024,8393,1,0.7090250253677368,86,2024-09-21,FW,Eintracht Frankfurt,Borussia M.Gladbach,79.0,Omar Marmoush,h,OpenPlay,Bundesliga,Eintracht Frankfurt,2671,0.0,2664.0,88.0,7.0,9.0
27785,2024,8393,2,0.9189143776893616,90,2024-09-29,FW,Holstein Kiel,Eintracht Frankfurt,24.0,Omar Marmoush,a,OpenPlay,Bundesliga,Eintracht Frankfurt,2761,0.0,2695.0,31.0,66.0,7.0
27785,2024,8393,2,0.9189143776893616,90,2024-09-29,FW,Holstein Kiel,Eintracht Frankfurt,64.0,Omar Marmoush,a,OpenPlay,Bundesliga,Eintracht Frankfurt,2761,0.0,2735.0,40.0,26.0,7.0
27787,2024,8393,2,0.5434688925743103,90,2024-10-06,FW,Eintracht Frankfurt,Bayern Munich,21.0,Omar Marmoush,h,OpenPlay,Bundesliga,Eintracht Frankfurt,2851,0.0,2782.0,47.0,69.0,26.0
27787,2024,8393,2,0.5434688925743103,90,2024-10-06,FW,Eintracht Frankfurt,Bayern Munich,93.0,Omar Marmoush,h,OpenPlay,Bundesliga,Eintracht Frankfurt,2851,0.0,2854.0,72.0,0.0,26.0
27796,2024,8393,1,0.9117100238800048,90,2024-10-19,FW,Bayer Leverkusen,Eintracht Frankfurt,15.0,Omar Marmoush,a,Penalty,Bundesliga,Eintracht Frankfurt,2941,0.0,2866.0,12.0,75.0,0.0
27811,2024,8393,0,0.164540484547615,85,2024-10-27,FW,Union Berlin,Eintracht Frankfurt,,Omar Marmoush,a,NoGoal,Bundesliga,Eintracht Frankfurt,3026,0.0,2866.0,0.0,160.0,75.0
27817,2024,8393,1,0.1316058039665222,77,2024-11-02,FW,Eintracht Frankfurt,Bochum,17.0,Omar Marmoush,h,DirectFreekick,Bundesliga,Eintracht Frankfurt,3103,0.0,3043.0,177.0,60.0,160.0
27823,2024,8393,1,0.4030808806419372,90,2024-11-10,FW,VfB Stuttgart,Eintracht Frankfurt,61.0,Omar Marmoush,a,DirectFreekick,Bundesliga,Eintracht Frankfurt,3193,0.0,3164.0,121.0,29.0,60.0
27836,2024,8393,0,0.1914305835962295,83,2024-11-23,FW,Eintracht Frankfurt,Werder Bremen,,Omar Marmoush,h,NoGoal,Bundesliga,Eintracht Frankfurt,3276,0.0,3164.0,0.0,112.0,29.0
27843,2024,8393,2,1.5304890871047974,90,2024-12-01,FW,FC Heidenheim,Eintracht Frankfurt,21.0,Omar Marmoush,a,OpenPlay,Bundesliga,Eintracht Frankfurt,3366,0.0,3297.0,133.0,69.0,112.0
27843,2024,8393,2,1.5304890871047974,90,2024-12-01,FW,FC Heidenheim,Eintracht Frankfurt,57.0,Omar Marmoush,a,OpenPlay,Bundesliga,Eintracht Frankfurt,3366,0.0,3333.0,36.0,33.0,112.0
27858,2024,8393,0,0.1876448094844818,90,2024-12-07,FW,Eintracht Frankfurt,Augsburg,,Omar Marmoush,h,NoGoal,Bundesliga,Eintracht Frankfurt,3456,0.0,3333.0,0.0,123.0,33.0
27859,2024,8393,0,0.1335783302783966,90,2024-12-15,FW,RasenBallsport Leipzig,Eintracht Frankfurt,,Omar Marmoush,a,NoGoal,Bundesliga,Eintracht Frankfurt,3546,0.0,3333.0,0.0,213.0,123.0
27871,2024,8393,0,0.5685128569602966,90,2024-12-21,FW,Eintracht Frankfurt,Mainz 05,,Omar Marmoush,h,NoGoal,Bundesliga,Eintracht Frankfurt,3636,0.0,3333.0,0.0,303.0,213.0
27885,2024,8393,1,0.4708472788333893,88,2025-01-11,FW,St. Pauli,Eintracht Frankfurt,31.0,Omar Marmoush,a,OpenPlay,Bundesliga,Eintracht Frankfurt,3724,0.0,3667.0,334.0,57.0,303.0
27889,2024,8393,1,0.6449174880981445,90,2025-01-14,FW,Eintracht Frankfurt,Freiburg,64.0,Omar Marmoush,h,OpenPlay,Bundesliga,Eintracht Frankfurt,3814,0.0,3788.0,121.0,26.0,57.0
26828,2024,8393,0,0.1179600730538368,76,2025-01-25,FWL,Manchester City,Chelsea,,Omar Marmoush,h,NoGoal,EPL,Manchester City,3890,0.0,3788.0,0.0,102.0,26.0
26833,2024,8393,0,0.0225296914577484,73,2025-02-02,AMC,Arsenal,Manchester City,,Omar Marmoush,a,NoGoal,EPL,Manchester City,3963,0.0,3788.0,0.0,175.0,102.0
26848,2024,8393,3,0.916047215461731,77,2025-02-15,AML,Manchester City,Newcastle United,18.0,Omar Marmoush,h,OpenPlay,EPL,Manchester City,4040,0.0,3981.0,193.0,59.0,175.0
26848,2024,8393,3,0.916047215461731,77,2025-02-15,AML,Manchester City,Newcastle United,23.0,Omar Marmoush,h,OpenPlay,EPL,Manchester City,4040,0.0,3986.0,5.0,54.0,175.0
26848,2024,8393,3,0.916047215461731,77,2025-02-15,AML,Manchester City,Newcastle United,32.0,Omar Marmoush,h,OpenPlay,EPL,Manchester City,4040,0.0,3995.0,9.0,45.0,175.0
26859,2024,8393,0,0.1277633905410766,79,2025-02-23,MC,Manchester City,Liverpool,,Omar Marmoush,h,NoGoal,EPL,Manchester City,4119,0.0,3995.0,0.0,124.0,45.0
26865,2024,8393,0,0.0486179552972316,75,2025-02-26,AMC,Tottenham,Manchester City,,Omar Marmoush,a,NoGoal,EPL,Manchester City,4194,0.0,3995.0,0.0,199.0,124.0
26878,2024,8393,0,0.0,19,2025-03-08,Sub,Nottingham Forest,Manchester City,,Omar Marmoush,a,NoGoal,EPL,Manchester City,4213,71.0,3995.0,0.0,218.0,199.0
26889,2024,8393,1,0.0711860880255699,90,2025-03-15,AMC,Manchester City,Brighton,38.0,Omar Marmoush,h,OpenPlay,EPL,Manchester City,4303,0.0,4251.0,256.0,52.0,218.0
26898,2024,8393,1,1.093100905418396,90,2025-04-02,FW,Manchester City,Leicester,28.0,Omar Marmoush,h,OpenPlay,EPL,Manchester City,4393,0.0,4331.0,80.0,62.0,52.0
26909,2024,8393,0,0.1491209864616394,90,2025-04-06,FW,Manchester United,Manchester City,,Omar Marmoush,a,NoGoal,EPL,Manchester City,4483,0.0,4331.0,0.0,152.0,62.0
26917,2024,8393,1,1.4986757040023804,85,2025-04-12,AML,Manchester City,Crystal Palace,35.0,Omar Marmoush,h,OpenPlay,EPL,Manchester City,4568,0.0,4518.0,187.0,50.0,152.0
26925,2024,8393,0,0.5843466520309448,90,2025-04-19,FW,Everton,Manchester City,,Omar Marmoush,a,NoGoal,EPL,Manchester City,4658,0.0,4518.0,0.0,140.0,50.0
26937,2024,8393,0,0.157521978020668,90,2025-04-22,ML,Manchester City,Aston Villa,,Omar Marmoush,h,NoGoal,EPL,Manchester City,4748,0.0,4518.0,0.0,230.0,140.0
26942,2024,8393,0,0.1363927572965622,84,2025-05-02,AMR,Manchester City,Wolverhampton Wanderers,,Omar Marmoush,h,NoGoal,EPL,Manchester City,4832,0.0,4518.0,0.0,314.0,230.0
26959,2024,8393,0,0.15122751891613,4,2025-05-10,Sub,Southampton,Manchester City,,Omar Marmoush,a,NoGoal,EPL,Manchester City,4836,86.0,4518.0,0.0,318.0,314.0
26970,2024,8393,1,0.1199693158268928,90,2025-05-20,AML,Manchester City,Bournemouth,13.0,Omar Marmoush,h,OpenPlay,EPL,Manchester City,4926,0.0,4849.0,331.0,77.0,318.0
26981,2024,8393,0,0.4553180932998657,83,2025-05-25,AMR,Fulham,Manchester City,,Omar Marmoush,a,NoGoal,EPL,Manchester City,5009,0.0,4849.0,0.0,160.0,77.0
28783,2025,8393,0,0.1576274335384369,19,2025-08-16,Sub,Wolverhampton Wanderers,Manchester City,,Omar Marmoush,a,NoGoal,EPL,Manchester City,5028,71.0,4849.0,0.0,179.0,160.0
28789,2025,8393,0,0.4316218495368957,61,2025-08-23,ML,Manchester City,Tottenham,,Omar Marmoush,h,NoGoal,EPL,Manchester City,5089,0.0,4849.0,0.0,240.0,179.0
28805,2025,8393,0,0.0824239328503608,77,2025-08-31,FWL,Brighton,Manchester City,,Omar Marmoush,a,NoGoal,EPL,Manchester City,5166,0.0,4849.0,0.0,317.0,240.0
28860,2025,8393,0,0.0,3,2025-10-26,Sub,Aston Villa,Manchester City,,Omar Marmoush,a,NoGoal,EPL,Manchester City,5169,87.0,4849.0,0.0,320.0,317.0
28873,2025,8393,0,0.1435091197490692,3,2025-11-02,Sub,Manchester City,Bournemouth,,Omar Marmoush,h,NoGoal,EPL,Manchester City,5172,87.0,4849.0,0.0,323.0,320.0
28883,2025,8393,0,0.1073572114109993,9,2025-11-09,Sub,Manchester City,Liverpool,,Omar Marmoush,h,NoGoal,EPL,Manchester City,5181,81.0,4849.0,0.0,332.0,323.0
28896,2025,8393,0,0.0687899440526962,1,2025-11-22,Sub,Newcastle United,Manchester City,,Omar Marmoush,a,NoGoal,EPL,Manchester City,5182,89.0,4849.0,0.0,333.0,332.0
28903,2025,8393,0,0.2284992635250091,1,2025-11-29,Sub,Manchester City,Leeds,,Omar Marmoush,h,NoGoal,EPL,Manchester City,5183,89.0,4849.0,0.0,334.0,333.0
28924,2025,8393,0,0.0,18,2025-12-06,Sub,Manchester City,Sunderland,,Omar Marmoush,h,NoGoal,EPL,Manchester City,5201,72.0,4849.0,0.0,352.0,334.0
28932,2025,8393,0,0.0,1,2025-12-14,Sub,Crystal Palace,Manchester City,,Omar Marmoush,a,NoGoal,EPL,Manchester City,5202,89.0,4849.0,0.0,353.0,352.0
29005,2025,8393,1,0.5053102970123291,78,2026-01-24,FW,Manchester City,Wolverhampton Wanderers,5.0,Omar Marmoush,h,OpenPlay,EPL,Manchester City,5280,0.0,5207.0,358.0,73.0,353.0
29016,2025,8393,0,0.0,1,2026-02-01,Sub,Tottenham,Manchester City,,Omar Marmoush,a,NoGoal,EPL,Manchester City,5281,89.0,5207.0,0.0,74.0,73.0
29024,2025,8393,0,0.1067337021231651,63,2026-02-08,FWL,Liverpool,Manchester City,,Omar Marmoush,a,NoGoal,EPL,Manchester City,5344,0.0,5207.0,0.0,137.0,74.0
29033,2025,8393,0,0.0,42,2026-02-11,Sub,Manchester City,Fulham,,Omar Marmoush,h,NoGoal,EPL,Manchester City,5386,48.0,5207.0,0.0,179.0,137.0
29043,2025,8393,0,0.5415875315666199,63,2026-02-21,FW,Manchester City,Newcastle United,,Omar Marmoush,h,NoGoal,EPL,Manchester City,5449,0.0,5207.0,0.0,242.0,179.0
29053,2025,8393,0,0.3861145377159118,71,2026-02-28,FW,Leeds,Manchester City,,Omar Marmoush,a,NoGoal,EPL,Manchester City,5520,0.0,5207.0,0.0,313.0,242.0
29077,2025,8393,0,0.0962898284196853,62,2026-03-14,FW,West Ham,Manchester City,,Omar Marmoush,a,NoGoal,EPL,Manchester City,5582,0.0,5207.0,0.0,375.0,313.0
29123,2025,8393,0,0.037268441170454,1,2026-05-04,Sub,Everton,Manchester City,,Omar Marmoush,a,NoGoal,EPL,Manchester City,5583,89.0,5207.0,0.0,376.0,375.0
29133,2025,8393,1,0.1345755755901336,28,2026-05-09,Sub,Manchester City,Brentford,91.0,Omar Marmoush,h,OpenPlay,EPL,Manchester City,5611,63.0,5611.0,404.0,0.0,376.0
29084,2025,8393,1,0.6211540102958679,79,2026-05-13,FW,Manchester City,Crystal Palace,39.0,Omar Marmoush,h,OpenPlay,EPL,Manchester City,5690,0.0,5650.0,39.0,40.0,0.0
29138,2025,8393,0,0.1165017038583755,12,2026-05-19,Sub,Bournemouth,Manchester City,,Omar Marmoush,a,NoGoal,EPL,Manchester City,5702,78.0,5650.0,0.0,52.0,40.0
22275,2023,8497,0,0.0,5,2023-08-11,Sub,Burnley,Manchester City,,Cole Palmer,a,NoGoal,EPL,"Chelsea,Manchester City",5,85.0,,,,
21930,2023,8497,0,0.0,23,2023-09-02,Sub,Chelsea,Nottingham Forest,,Cole Palmer,h,NoGoal,EPL,"Chelsea,Manchester City",28,67.0,,,,
21942,2023,8497,0,0.1421841084957122,26,2023-09-17,Sub,Bournemouth,Chelsea,,Cole Palmer,a,NoGoal,EPL,"Chelsea,Manchester City",54,64.0,,,,
21947,2023,8497,0,0.117127351462841,20,2023-09-24,Sub,Chelsea,Aston Villa,,Cole Palmer,h,NoGoal,EPL,"Chelsea,Manchester City",74,70.0,,,,
21964,2023,8497,0,0.039607785642147,80,2023-10-02,FWR,Fulham,Chelsea,,Cole Palmer,a,NoGoal,EPL,"Chelsea,Manchester City",154,0.0,,,,
21967,2023,8497,1,0.8296161890029907,89,2023-10-07,FWR,Burnley,Chelsea,49.0,Cole Palmer,a,Penalty,EPL,"Chelsea,Manchester City",243,0.0,203.0,,40.0,
21978,2023,8497,1,1.2962746620178225,86,2023-10-21,FW,Chelsea,Arsenal,14.0,Cole Palmer,h,Penalty,EPL,"Chelsea,Manchester City",329,0.0,257.0,54.0,72.0,40.0
21989,2023,8497,0,0.1827955842018127,90,2023-10-28,AMC,Chelsea,Brentford,,Cole Palmer,h,NoGoal,EPL,"Chelsea,Manchester City",419,0.0,257.0,0.0,162.0,72.0
22004,2023,8497,1,0.82674241065979,90,2023-11-06,AMR,Tottenham,Chelsea,34.0,Cole Palmer,a,Penalty,EPL,"Chelsea,Manchester City",509,0.0,453.0,196.0,56.0,162.0
22009,2023,8497,1,1.2737971544265747,90,2023-11-12,AMR,Chelsea,Manchester City,94.0,Cole Palmer,h,Penalty,EPL,"Chelsea,Manchester City",599,0.0,603.0,150.0,0.0,56.0
22021,2023,8497,0,0.0,78,2023-11-25,AMR,Newcastle United,Chelsea,,Cole Palmer,a,NoGoal,EPL,"Chelsea,Manchester City",677,0.0,603.0,0.0,74.0,0.0
22029,2023,8497,0,0.0113030355423688,18,2023-12-03,Sub,Chelsea,Brighton,,Cole Palmer,h,NoGoal,EPL,"Chelsea,Manchester City",695,72.0,603.0,0.0,92.0,74.0
22044,2023,8497,1,0.0779343619942665,90,2023-12-06,AMC,Manchester United,Chelsea,44.0,Cole Palmer,a,OpenPlay,EPL,"Chelsea,Manchester City",785,0.0,739.0,136.0,46.0,92.0
22048,2023,8497,0,0.2317649871110916,90,2023-12-10,AMR,Everton,Chelsea,,Cole Palmer,a,NoGoal,EPL,"Chelsea,Manchester City",875,0.0,739.0,0.0,136.0,46.0
22059,2023,8497,1,0.7780518531799316,90,2023-12-16,AMC,Chelsea,Sheffield United,53.0,Cole Palmer,h,OpenPlay,EPL,"Chelsea,Manchester City",965,0.0,928.0,189.0,37.0,136.0
22073,2023,8497,0,0.0713587999343872,90,2023-12-24,AMR,Wolverhampton Wanderers,Chelsea,,Cole Palmer,a,NoGoal,EPL,"Chelsea,Manchester City",1055,0.0,928.0,0.0,127.0,37.0
22089,2023,8497,2,1.0328525304794312,90,2023-12-30,AMC,Luton,Chelsea,11.0,Cole Palmer,a,OpenPlay,EPL,"Chelsea,Manchester City",1145,0.0,1066.0,138.0,79.0,127.0
22089,2023,8497,2,1.0328525304794312,90,2023-12-30,AMC,Luton,Chelsea,69.0,Cole Palmer,a,OpenPlay,EPL,"Chelsea,Manchester City",1145,0.0,1124.0,58.0,21.0,127.0
22097,2023,8497,1,0.8200441002845764,90,2024-01-13,AMR,Chelsea,Fulham,48.0,Cole Palmer,h,Penalty,EPL,"Chelsea,Manchester City",1235,0.0,1193.0,69.0,42.0,21.0
22113,2023,8497,0,0.0,90,2024-01-31,FW,Liverpool,Chelsea,,Cole Palmer,a,NoGoal,EPL,"Chelsea,Manchester City",1325,0.0,1193.0,0.0,132.0,42.0
22120,2023,8497,1,0.4979548454284668,90,2024-02-04,AMR,Chelsea,Wolverhampton Wanderers,18.0,Cole Palmer,h,OpenPlay,EPL,"Chelsea,Manchester City",1415,0.0,1343.0,150.0,72.0,132.0
22126,2023,8497,0,0.1010886877775192,90,2024-02-12,FW,Crystal Palace,Chelsea,,Cole Palmer,a,NoGoal,EPL,"Chelsea,Manchester City",1505,0.0,1343.0,0.0,162.0,72.0
22140,2023,8497,0,0.0,74,2024-02-17,AMR,Manchester City,Chelsea,,Cole Palmer,a,NoGoal,EPL,"Chelsea,Manchester City",1579,0.0,1343.0,0.0,236.0,162.0
22155,2023,8497,0,0.2866316139698028,90,2024-03-02,FW,Brentford,Chelsea,,Cole Palmer,a,NoGoal,EPL,"Chelsea,Manchester City",1669,0.0,1343.0,0.0,326.0,236.0
22169,2023,8497,1,0.0938626304268837,90,2024-03-11,AMR,Chelsea,Newcastle United,56.0,Cole Palmer,h,OpenPlay,EPL,"Chelsea,Manchester City",1759,0.0,1725.0,382.0,34.0,326.0
22188,2023,8497,2,1.5902503728866575,90,2024-03-30,AMR,Chelsea,Burnley,43.0,Cole Palmer,h,Penalty,EPL,"Chelsea,Manchester City",1849,0.0,1802.0,77.0,47.0,34.0
22188,2023,8497,2,1.5902503728866575,90,2024-03-30,AMR,Chelsea,Burnley,77.0,Cole Palmer,h,OpenPlay,EPL,"Chelsea,Manchester City",1849,0.0,1836.0,34.0,13.0,34.0
22201,2023,8497,3,1.801965355873108,90,2024-04-04,AMR,Chelsea,Manchester United,18.0,Cole Palmer,h,Penalty,EPL,"Chelsea,Manchester City",1939,0.0,1867.0,31.0,72.0,13.0
22201,2023,8497,3,1.801965355873108,90,2024-04-04,AMR,Chelsea,Manchester United,99.0,Cole Palmer,h,Penalty,EPL,"Chelsea,Manchester City",1939,0.0,1948.0,81.0,0.0,13.0
22201,2023,8497,3,1.801965355873108,90,2024-04-04,AMR,Chelsea,Manchester United,100.0,Cole Palmer,h,FromCorner,EPL,"Chelsea,Manchester City",1939,0.0,1949.0,1.0,0.0,13.0
22212,2023,8497,0,0.099655769765377,76,2024-04-07,AMC,Sheffield United,Chelsea,,Cole Palmer,a,NoGoal,EPL,"Chelsea,Manchester City",2015,0.0,1949.0,0.0,66.0,0.0
22219,2023,8497,4,2.4438910484313965,85,2024-04-15,AMC,Chelsea,Everton,12.0,Cole Palmer,h,OpenPlay,EPL,"Chelsea,Manchester City",2100,0.0,2027.0,78.0,73.0,66.0
22219,2023,8497,4,2.4438910484313965,85,2024-04-15,AMC,Chelsea,Everton,17.0,Cole Palmer,h,OpenPlay,EPL,"Chelsea,Manchester City",2100,0.0,2032.0,5.0,68.0,66.0
22219,2023,8497,4,2.4438910484313965,85,2024-04-15,AMC,Chelsea,Everton,28.0,Cole Palmer,h,OpenPlay,EPL,"Chelsea,Manchester City",2100,0.0,2043.0,11.0,57.0,66.0
22219,2023,8497,4,2.4438910484313965,85,2024-04-15,AMC,Chelsea,Everton,63.0,Cole Palmer,h,Penalty,EPL,"Chelsea,Manchester City",2100,0.0,2078.0,35.0,22.0,66.0
22236,2023,8497,0,0.6070273518562317,90,2024-04-27,AMC,Aston Villa,Chelsea,,Cole Palmer,a,NoGoal,EPL,"Chelsea,Manchester City",2190,0.0,2078.0,0.0,112.0,22.0
22149,2023,8497,0,1.1720051765441897,90,2024-05-02,AMC,Chelsea,Tottenham,,Cole Palmer,h,NoGoal,EPL,"Chelsea,Manchester City",2280,0.0,2078.0,0.0,202.0,112.0
22249,2023,8497,1,0.2426939606666565,90,2024-05-05,AMC,Chelsea,West Ham,14.0,Cole Palmer,h,OpenPlay,EPL,"Chelsea,Manchester City",2370,0.0,2294.0,216.0,76.0,202.0
22261,2023,8497,0,0.5342856049537659,90,2024-05-11,AMC,Nottingham Forest,Chelsea,,Cole Palmer,a,NoGoal,EPL,"Chelsea,Manchester City",2460,0.0,2294.0,0.0,166.0,76.0
22226,2023,8497,1,0.3642283380031585,90,2024-05-15,AMC,Brighton,Chelsea,33.0,Cole Palmer,a,OpenPlay,EPL,"Chelsea,Manchester City",2550,0.0,2493.0,199.0,57.0,166.0
22269,2023,8497,0,0.2652493417263031,90,2024-05-19,AMC,Chelsea,Bournemouth,,Cole Palmer,h,NoGoal,EPL,"Chelsea,Manchester City",2640,0.0,2493.0,0.0,147.0,57.0
26610,2024,8497,0,0.0622015334665775,90,2024-08-18,AMR,Chelsea,Manchester City,,Cole Palmer,h,NoGoal,EPL,Chelsea,2730,0.0,2493.0,0.0,237.0,147.0
26619,2024,8497,1,0.3881474733352661,90,2024-08-25,AMC,Wolverhampton Wanderers,Chelsea,44.0,Cole Palmer,a,OpenPlay,EPL,Chelsea,2820,0.0,2774.0,281.0,46.0,237.0
26630,2024,8497,0,0.0802133381366729,90,2024-09-01,AMC,Chelsea,Crystal Palace,,Cole Palmer,h,NoGoal,EPL,Chelsea,2910,0.0,2774.0,0.0,136.0,46.0
26639,2024,8497,0,0.0,90,2024-09-14,AMC,Bournemouth,Chelsea,,Cole Palmer,a,NoGoal,EPL,Chelsea,3000,0.0,2774.0,0.0,226.0,136.0
26642,2024,8497,1,0.3859724700450897,66,2024-09-21,AMC,West Ham,Chelsea,46.0,Cole Palmer,a,OpenPlay,EPL,Chelsea,3066,0.0,3046.0,272.0,20.0,226.0
26657,2024,8497,4,1.991017818450928,90,2024-09-28,AMC,Chelsea,Brighton,20.0,Cole Palmer,h,OpenPlay,EPL,Chelsea,3156,0.0,3086.0,40.0,70.0,20.0
26657,2024,8497,4,1.991017818450928,90,2024-09-28,AMC,Chelsea,Brighton,27.0,Cole Palmer,h,Penalty,EPL,Chelsea,3156,0.0,3093.0,7.0,63.0,20.0
26657,2024,8497,4,1.991017818450928,90,2024-09-28,AMC,Chelsea,Brighton,30.0,Cole Palmer,h,DirectFreekick,EPL,Chelsea,3156,0.0,3096.0,3.0,60.0,20.0
26657,2024,8497,4,1.991017818450928,90,2024-09-28,AMC,Chelsea,Brighton,40.0,Cole Palmer,h,OpenPlay,EPL,Chelsea,3156,0.0,3106.0,10.0,50.0,20.0
26668,2024,8497,0,0.3766070306301117,90,2024-10-06,AMC,Chelsea,Nottingham Forest,,Cole Palmer,h,NoGoal,EPL,Chelsea,3246,0.0,3106.0,0.0,140.0,50.0
26679,2024,8497,0,0.6646588444709778,90,2024-10-20,AMC,Liverpool,Chelsea,,Cole Palmer,a,NoGoal,EPL,Chelsea,3336,0.0,3106.0,0.0,230.0,140.0
26688,2024,8497,1,0.049186959862709,90,2024-10-27,AMC,Chelsea,Newcastle United,46.0,Cole Palmer,h,OpenPlay,EPL,Chelsea,3426,0.0,3382.0,276.0,44.0,230.0
26697,2024,8497,0,0.2972387075424194,90,2024-11-03,AMC,Manchester United,Chelsea,,Cole Palmer,a,NoGoal,EPL,Chelsea,3516,0.0,3382.0,0.0,134.0,44.0
26705,2024,8497,0,0.1674095243215561,90,2024-11-10,AMC,Chelsea,Arsenal,,Cole Palmer,h,NoGoal,EPL,Chelsea,3606,0.0,3382.0,0.0,224.0,134.0
26719,2024,8497,0,0.7025733590126038,90,2024-11-23,AMC,Leicester,Chelsea,,Cole Palmer,a,NoGoal,EPL,Chelsea,3696,0.0,3382.0,0.0,314.0,224.0
26724,2024,8497,1,0.4184116721153259,90,2024-12-01,AMC,Chelsea,Aston Villa,82.0,Cole Palmer,h,SetPiece,EPL,Chelsea,3786,0.0,3778.0,396.0,8.0,314.0
26741,2024,8497,1,1.5836530923843384,84,2024-12-04,AMC,Southampton,Chelsea,76.0,Cole Palmer,a,OpenPlay,EPL,Chelsea,3870,0.0,3862.0,84.0,8.0,8.0
26745,2024,8497,2,1.6307969093322754,90,2024-12-08,AMC,Tottenham,Chelsea,60.0,Cole Palmer,a,Penalty,EPL,Chelsea,3960,0.0,3930.0,68.0,30.0,8.0
26745,2024,8497,2,1.6307969093322754,90,2024-12-08,AMC,Tottenham,Chelsea,83.0,Cole Palmer,a,Penalty,EPL,Chelsea,3960,0.0,3953.0,23.0,7.0,8.0
26757,2024,8497,0,0.2292394936084747,90,2024-12-15,AMC,Chelsea,Brentford,,Cole Palmer,h,NoGoal,EPL,Chelsea,4050,0.0,3953.0,0.0,97.0,7.0
26764,2024,8497,0,0.0714250653982162,90,2024-12-22,AMC,Everton,Chelsea,,Cole Palmer,a,NoGoal,EPL,Chelsea,4140,0.0,3953.0,0.0,187.0,97.0
26775,2024,8497,1,0.2978372573852539,90,2024-12-26,AMC,Chelsea,Fulham,15.0,Cole Palmer,h,OpenPlay,EPL,Chelsea,4230,0.0,4155.0,202.0,75.0,187.0
26787,2024,8497,0,0.2061696648597717,90,2024-12-30,AMC,Ipswich,Chelsea,,Cole Palmer,a,NoGoal,EPL,Chelsea,4320,0.0,4155.0,0.0,165.0,75.0
26795,2024,8497,1,0.4996247291564941,90,2025-01-04,AMC,Crystal Palace,Chelsea,13.0,Cole Palmer,a,OpenPlay,EPL,Chelsea,4410,0.0,4333.0,178.0,77.0,165.0
26809,2024,8497,1,0.5565934777259827,90,2025-01-14,AMC,Chelsea,Bournemouth,12.0,Cole Palmer,h,OpenPlay,EPL,Chelsea,4500,0.0,4422.0,89.0,78.0,77.0
26814,2024,8497,0,0.1878786832094192,90,2025-01-20,AMC,Chelsea,Wolverhampton Wanderers,,Cole Palmer,h,NoGoal,EPL,Chelsea,4590,0.0,4422.0,0.0,168.0,78.0
26828,2024,8497,0,0.0361131578683853,90,2025-01-25,AMC,Manchester City,Chelsea,,Cole Palmer,a,NoGoal,EPL,Chelsea,4680,0.0,4422.0,0.0,258.0,168.0
26835,2024,8497,0,0.2787445485591888,90,2025-02-03,AMC,Chelsea,West Ham,,Cole Palmer,h,NoGoal,EPL,Chelsea,4770,0.0,4422.0,0.0,348.0,258.0
26843,2024,8497,0,0.127222940325737,90,2025-02-14,AMC,Brighton,Chelsea,,Cole Palmer,a,NoGoal,EPL,Chelsea,4860,0.0,4422.0,0.0,438.0,348.0
26854,2024,8497,0,0.2655441761016845,90,2025-02-22,AMR,Aston Villa,Chelsea,,Cole Palmer,a,NoGoal,EPL,Chelsea,4950,0.0,4422.0,0.0,528.0,438.0
26869,2024,8497,0,1.13455069065094,90,2025-02-25,AMC,Chelsea,Southampton,,Cole Palmer,h,NoGoal,EPL,Chelsea,5040,0.0,4422.0,0.0,618.0,528.0
26874,2024,8497,0,0.9188243746757508,79,2025-03-09,AMC,Chelsea,Leicester,,Cole Palmer,h,NoGoal,EPL,Chelsea,5119,0.0,4422.0,0.0,697.0,618.0
26897,2024,8497,0,0.1020345911383628,90,2025-04-03,AMC,Chelsea,Tottenham,,Cole Palmer,h,NoGoal,EPL,Chelsea,5209,0.0,4422.0,0.0,787.0,697.0
26903,2024,8497,0,0.2024209946393966,29,2025-04-06,Sub,Brentford,Chelsea,,Cole Palmer,a,NoGoal,EPL,Chelsea,5238,61.0,4422.0,0.0,816.0,787.0
26915,2024,8497,0,0.2970041632652282,90,2025-04-13,AMC,Chelsea,Ipswich,,Cole Palmer,h,NoGoal,EPL,Chelsea,5328,0.0,4422.0,0.0,906.0,816.0
26926,2024,8497,0,0.0741956457495689,90,2025-04-20,AMC,Fulham,Chelsea,,Cole Palmer,a,NoGoal,EPL,Chelsea,5418,0.0,4422.0,0.0,996.0,906.0
26935,2024,8497,0,0.0,90,2025-04-26,AMC,Chelsea,Everton,,Cole Palmer,h,NoGoal,EPL,Chelsea,5508,0.0,4422.0,0.0,1086.0,996.0
26948,2024,8497,1,1.3116668462753296,90,2025-05-04,AMC,Chelsea,Liverpool,95.0,Cole Palmer,h,Penalty,EPL,Chelsea,5598,0.0,5603.0,1181.0,0.0,1086.0
26957,2024,8497,0,0.0944609120488166,90,2025-05-11,AMC,Newcastle United,Chelsea,,Cole Palmer,a,NoGoal,EPL,Chelsea,5688,0.0,5603.0,0.0,85.0,0.0
26966,2024,8497,0,0.0536689460277557,90,2025-05-16,AMC,Chelsea,Manchester United,,Cole Palmer,h,NoGoal,EPL,Chelsea,5778,0.0,5603.0,0.0,175.0,85.0
26972,2024,8497,0,0.0309273600578308,90,2025-05-25,AMC,Nottingham Forest,Chelsea,,Cole Palmer,a,NoGoal,EPL,Chelsea,5868,0.0,5603.0,0.0,265.0,175.0
28784,2025,8497,0,0.2235148698091507,90,2025-08-17,AMC,Chelsea,Crystal Palace,,Cole Palmer,h,NoGoal,EPL,Chelsea,5958,0.0,5603.0,0.0,355.0,265.0
28815,2025,8497,1,0.2989346385002136,33,2025-09-13,Sub,Brentford,Chelsea,60.0,Cole Palmer,a,OpenPlay,EPL,Chelsea,5991,57.0,5961.0,358.0,30.0,355.0
28824,2025,8497,0,0.0,20,2025-09-20,AMC,Manchester United,Chelsea,,Cole Palmer,a,NoGoal,EPL,Chelsea,6011,0.0,5961.0,0.0,50.0,30.0
28913,2025,8497,0,0.1049608662724495,26,2025-12-03,Sub,Leeds,Chelsea,,Cole Palmer,a,NoGoal,EPL,Chelsea,6037,64.0,5961.0,0.0,76.0,50.0
28918,2025,8497,0,0.0605098344385623,62,2025-12-06,AMC,Bournemouth,Chelsea,,Cole Palmer,a,NoGoal,EPL,Chelsea,6099,0.0,5961.0,0.0,138.0,76.0
28931,2025,8497,1,0.3370308578014374,61,2025-12-13,AMC,Chelsea,Everton,20.0,Cole Palmer,h,OpenPlay,EPL,Chelsea,6160,0.0,6119.0,158.0,41.0,138.0
28945,2025,8497,0,0.0289868600666522,84,2025-12-20,AMC,Newcastle United,Chelsea,,Cole Palmer,a,NoGoal,EPL,Chelsea,6244,0.0,6119.0,0.0,125.0,41.0
28951,2025,8497,0,0.2044432312250137,74,2025-12-27,AMC,Chelsea,Aston Villa,,Cole Palmer,h,NoGoal,EPL,Chelsea,6318,0.0,6119.0,0.0,199.0,125.0
28961,2025,8497,1,0.8149824142456055,71,2025-12-30,AMC,Chelsea,Bournemouth,14.0,Cole Palmer,h,Penalty,EPL,Chelsea,6389,0.0,6332.0,213.0,57.0,199.0
28977,2025,8497,0,0.0796854421496391,90,2026-01-04,AMC,Manchester City,Chelsea,,Cole Palmer,a,NoGoal,EPL,Chelsea,6479,0.0,6332.0,0.0,147.0,57.0
28984,2025,8497,0,0.0702336654067039,82,2026-01-07,AMR,Fulham,Chelsea,,Cole Palmer,a,NoGoal,EPL,Chelsea,6561,0.0,6332.0,0.0,229.0,147.0
28990,2025,8497,1,0.800831139087677,90,2026-01-17,AMC,Chelsea,Brentford,75.0,Cole Palmer,h,Penalty,EPL,Chelsea,6651,0.0,6636.0,304.0,15.0,229.0
29009,2025,8497,0,0.5959059596061707,90,2026-01-31,MC,Chelsea,West Ham,,Cole Palmer,h,NoGoal,EPL,Chelsea,6741,0.0,6636.0,0.0,105.0,15.0
29027,2025,8497,3,2.11221694946289,67,2026-02-07,AMC,Wolverhampton Wanderers,Chelsea,12.0,Cole Palmer,a,Penalty,EPL,Chelsea,6808,0.0,6753.0,117.0,55.0,105.0
29027,2025,8497,3,2.11221694946289,67,2026-02-07,AMC,Wolverhampton Wanderers,Chelsea,34.0,Cole Palmer,a,Penalty,EPL,Chelsea,6808,0.0,6775.0,22.0,33.0,105.0
29027,2025,8497,3,2.11221694946289,67,2026-02-07,AMC,Wolverhampton Wanderers,Chelsea,37.0,Cole Palmer,a,OpenPlay,EPL,Chelsea,6808,0.0,6778.0,3.0,30.0,105.0
29030,2025,8497,1,1.5688852071762085,90,2026-02-10,AMC,Chelsea,Leeds,57.0,Cole Palmer,h,Penalty,EPL,Chelsea,6898,0.0,6865.0,87.0,33.0,30.0
29040,2025,8497,0,0.5845299959182739,77,2026-02-21,AMR,Chelsea,Burnley,,Cole Palmer,h,NoGoal,EPL,Chelsea,6975,0.0,6865.0,0.0,110.0,33.0
29049,2025,8497,0,0.0186372473835945,90,2026-03-01,FWL,Arsenal,Chelsea,,Cole Palmer,a,NoGoal,EPL,Chelsea,7065,0.0,6865.0,0.0,200.0,110.0
29059,2025,8497,1,0.1684024184942245,90,2026-03-04,FWR,Aston Villa,Chelsea,54.0,Cole Palmer,a,OpenPlay,EPL,Chelsea,7155,0.0,7119.0,254.0,36.0,200.0
29071,2025,8497,0,0.2737375199794769,90,2026-03-14,AMR,Chelsea,Newcastle United,,Cole Palmer,h,NoGoal,EPL,Chelsea,7245,0.0,7119.0,0.0,126.0,36.0
29081,2025,8497,0,0.0153318755328655,90,2026-03-21,AMR,Everton,Chelsea,,Cole Palmer,a,NoGoal,EPL,Chelsea,7335,0.0,7119.0,0.0,216.0,126.0
29095,2025,8497,0,0.2999266386032104,90,2026-04-12,AMC,Chelsea,Manchester City,,Cole Palmer,h,NoGoal,EPL,Chelsea,7425,0.0,7119.0,0.0,306.0,216.0
29100,2025,8497,0,0.2112454771995544,90,2026-04-18,AMC,Chelsea,Manchester United,,Cole Palmer,h,NoGoal,EPL,Chelsea,7515,0.0,7119.0,0.0,396.0,306.0
29122,2025,8497,0,0.8893759250640869,90,2026-05-04,AMR,Chelsea,Nottingham Forest,,Cole Palmer,h,NoGoal,EPL,Chelsea,7605,0.0,7119.0,0.0,486.0,396.0
29132,2025,8497,0,0.0,90,2026-05-09,AMR,Liverpool,Chelsea,,Cole Palmer,a,NoGoal,EPL,Chelsea,7695,0.0,7119.0,0.0,576.0,486.0
29142,2025,8497,0,0.1930542141199112,90,2026-05-19,AMC,Chelsea,Tottenham,,Cole Palmer,h,NoGoal,EPL,Chelsea,7785,0.0,7119.0,0.0,666.0,576.0
23377,2023,8636,0,0.1426002532243728,90,2023-08-12,FW,Nice,Lille,,Jonathan Christian David,a,NoGoal,Ligue_1,Lille,90,0.0,,,,
23383,2023,8636,1,0.9746270775794984,90,2023-08-20,FW,Lille,Nantes,65.0,Jonathan Christian David,h,OpenPlay,Ligue_1,Lille,180,0.0,155.0,,25.0,
23393,2023,8636,1,0.482832133769989,90,2023-08-27,FW,Lorient,Lille,54.0,Jonathan Christian David,a,OpenPlay,Ligue_1,Lille,270,0.0,234.0,79.0,36.0,25.0
23400,2023,8636,0,0.2279325574636459,90,2023-09-03,FW,Lille,Montpellier,,Jonathan Christian David,h,NoGoal,Ligue_1,Lille,360,0.0,234.0,0.0,126.0,36.0
23409,2023,8636,0,0.0678094029426574,90,2023-09-16,FW,Rennes,Lille,,Jonathan Christian David,a,NoGoal,Ligue_1,Lille,450,0.0,234.0,0.0,216.0,126.0
23418,2023,8636,0,0.1685820817947387,90,2023-09-26,FW,Lille,Reims,,Jonathan Christian David,h,NoGoal,Ligue_1,Lille,540,0.0,234.0,0.0,306.0,216.0
23433,2023,8636,0,0.1423710435628891,90,2023-10-01,FW,Le Havre,Lille,,Jonathan Christian David,a,NoGoal,Ligue_1,Lille,630,0.0,234.0,0.0,396.0,306.0
23439,2023,8636,0,0.0995436683297157,90,2023-10-08,FW,Lens,Lille,,Jonathan Christian David,a,NoGoal,Ligue_1,Lille,720,0.0,234.0,0.0,486.0,396.0
23447,2023,8636,0,0.3465591371059418,90,2023-10-22,FW,Lille,Brest,,Jonathan Christian David,h,NoGoal,Ligue_1,Lille,810,0.0,234.0,0.0,576.0,486.0
23454,2023,8636,0,0.0,17,2023-10-29,Sub,Lille,Monaco,,Jonathan Christian David,h,NoGoal,Ligue_1,Lille,827,73.0,234.0,0.0,593.0,576.0
23464,2023,8636,0,0.0,1,2023-11-04,Sub,Marseille,Lille,,Jonathan Christian David,a,NoGoal,Ligue_1,Lille,828,89.0,234.0,0.0,594.0,593.0
23471,2023,8636,0,1.8412240743637085,90,2023-11-12,FW,Lille,Toulouse,,Jonathan Christian David,h,NoGoal,Ligue_1,Lille,918,0.0,234.0,0.0,684.0,594.0
23483,2023,8636,1,0.5570064187049866,85,2023-11-26,FW,Lyon,Lille,26.0,Jonathan Christian David,a,OpenPlay,Ligue_1,Lille,1003,0.0,944.0,710.0,59.0,684.0
23491,2023,8636,1,1.451325535774231,90,2023-12-03,FW,Lille,Metz,50.0,Jonathan Christian David,h,Penalty,Ligue_1,Lille,1093,0.0,1053.0,109.0,40.0,59.0
23503,2023,8636,0,0.0695692226290702,70,2023-12-10,FW,Clermont Foot,Lille,,Jonathan Christian David,a,NoGoal,Ligue_1,Lille,1163,0.0,1053.0,0.0,110.0,40.0
23510,2023,8636,1,0.767726480960846,8,2023-12-17,Sub,Lille,Paris Saint Germain,93.0,Jonathan Christian David,h,OpenPlay,Ligue_1,Lille,1171,85.0,1171.0,118.0,0.0,110.0
23516,2023,8636,0,0.2756657004356384,83,2023-12-20,FW,Strasbourg,Lille,,Jonathan Christian David,a,NoGoal,Ligue_1,Lille,1254,0.0,1171.0,0.0,83.0,0.0
23527,2023,8636,1,1.384684443473816,90,2024-01-14,FW,Lille,Lorient,36.0,Jonathan Christian David,h,SetPiece,Ligue_1,Lille,1344,0.0,1290.0,119.0,54.0,83.0
23541,2023,8636,0,0.1609327644109726,78,2024-01-28,FW,Montpellier,Lille,,Jonathan Christian David,a,NoGoal,Ligue_1,Lille,1422,0.0,1290.0,0.0,132.0,54.0
23545,2023,8636,2,1.2202943563461304,89,2024-02-04,FW,Lille,Clermont Foot,9.0,Jonathan Christian David,h,OpenPlay,Ligue_1,Lille,1511,0.0,1431.0,141.0,80.0,132.0
23545,2023,8636,2,1.2202943563461304,89,2024-02-04,FW,Lille,Clermont Foot,37.0,Jonathan Christian David,h,OpenPlay,Ligue_1,Lille,1511,0.0,1459.0,28.0,52.0,132.0
23551,2023,8636,0,0.0,20,2024-02-10,Sub,Paris Saint Germain,Lille,,Jonathan Christian David,a,NoGoal,Ligue_1,Lille,1531,70.0,1459.0,0.0,72.0,52.0
23563,2023,8636,3,4.325216293334961,76,2024-02-17,FW,Lille,Le Havre,13.0,Jonathan Christian David,h,SetPiece,Ligue_1,Lille,1607,0.0,1544.0,85.0,63.0,72.0
23563,2023,8636,3,4.325216293334961,76,2024-02-17,FW,Lille,Le Havre,43.0,Jonathan Christian David,h,OpenPlay,Ligue_1,Lille,1607,0.0,1574.0,30.0,33.0,72.0
23563,2023,8636,3,4.325216293334961,76,2024-02-17,FW,Lille,Le Havre,48.0,Jonathan Christian David,h,SetPiece,Ligue_1,Lille,1607,0.0,1579.0,5.0,28.0,72.0
23576,2023,8636,0,0.1551302820444107,90,2024-02-25,FW,Toulouse,Lille,,Jonathan Christian David,a,NoGoal,Ligue_1,Lille,1697,0.0,1579.0,0.0,118.0,28.0
23583,2023,8636,1,0.834020733833313,90,2024-03-02,FW,Reims,Lille,55.0,Jonathan Christian David,a,OpenPlay,Ligue_1,Lille,1787,0.0,1752.0,173.0,35.0,118.0
23591,2023,8636,2,1.3314262628555298,90,2024-03-10,FW,Lille,Rennes,83.0,Jonathan Christian David,h,OpenPlay,Ligue_1,Lille,1877,0.0,1870.0,118.0,7.0,35.0
23591,2023,8636,2,1.3314262628555298,90,2024-03-10,FW,Lille,Rennes,91.0,Jonathan Christian David,h,OpenPlay,Ligue_1,Lille,1877,0.0,1878.0,8.0,0.0,35.0
23604,2023,8636,1,0.1944705694913864,90,2024-03-17,FW,Brest,Lille,66.0,Jonathan Christian David,a,OpenPlay,Ligue_1,Lille,1967,0.0,1943.0,65.0,24.0,0.0
23608,2023,8636,0,0.1968766748905182,90,2024-03-29,FW,Lille,Lens,,Jonathan Christian David,h,NoGoal,Ligue_1,Lille,2057,0.0,1943.0,0.0,114.0,24.0
23617,2023,8636,1,0.832709014415741,90,2024-04-05,FW,Lille,Marseille,53.0,Jonathan Christian David,h,Penalty,Ligue_1,Lille,2147,0.0,2110.0,167.0,37.0,114.0
23634,2023,8636,1,0.4068973660469055,88,2024-04-21,FW,Lille,Strasbourg,11.0,Jonathan Christian David,h,OpenPlay,Ligue_1,Lille,2235,0.0,2158.0,48.0,77.0,37.0
23626,2023,8636,0,0.0,67,2024-04-24,FW,Monaco,Lille,,Jonathan Christian David,a,NoGoal,Ligue_1,Lille,2302,0.0,2158.0,0.0,144.0,77.0
23648,2023,8636,0,0.0260473191738128,90,2024-04-28,FW,Metz,Lille,,Jonathan Christian David,a,NoGoal,Ligue_1,Lille,2392,0.0,2158.0,0.0,234.0,144.0
23652,2023,8636,0,0.1419683694839477,90,2024-05-06,FW,Lille,Lyon,,Jonathan Christian David,h,NoGoal,Ligue_1,Lille,2482,0.0,2158.0,0.0,324.0,234.0
23665,2023,8636,2,0.9762377142906188,90,2024-05-12,FW,Nantes,Lille,7.0,Jonathan Christian David,a,FromCorner,Ligue_1,Lille,2572,0.0,2489.0,331.0,83.0,324.0
23665,2023,8636,2,0.9762377142906188,90,2024-05-12,FW,Nantes,Lille,10.0,Jonathan Christian David,a,OpenPlay,Ligue_1,Lille,2572,0.0,2492.0,3.0,80.0,324.0
23673,2023,8636,0,0.4437021613121032,90,2024-05-19,FW,Lille,Nice,,Jonathan Christian David,h,NoGoal,Ligue_1,Lille,2662,0.0,2492.0,0.0,170.0,80.0
28050,2024,8636,1,0.6973151564598083,9,2024-08-17,Sub,Reims,Lille,92.0,Jonathan Christian David,a,OpenPlay,Ligue_1,Lille,2671,83.0,2671.0,179.0,0.0,170.0
28059,2024,8636,0,0.0,90,2024-08-24,FW,Lille,Angers,,Jonathan Christian David,h,NoGoal,Ligue_1,Lille,2761,0.0,2671.0,0.0,90.0,0.0
28074,2024,8636,0,0.0,21,2024-09-01,Sub,Lille,Paris Saint Germain,,Jonathan Christian David,h,NoGoal,Ligue_1,Lille,2782,69.0,2671.0,0.0,111.0,90.0
28075,2024,8636,0,0.3313935697078705,32,2024-09-13,Sub,Saint-Etienne,Lille,,Jonathan Christian David,a,NoGoal,Ligue_1,Lille,2814,58.0,2671.0,0.0,143.0,111.0
28090,2024,8636,1,0.7788837552070618,90,2024-09-21,FW,Lille,Strasbourg,83.0,Jonathan Christian David,h,Penalty,Ligue_1,Lille,2904,0.0,2897.0,226.0,7.0,143.0
28098,2024,8636,3,1.6513819694519043,90,2024-09-28,FW,Le Havre,Lille,22.0,Jonathan Christian David,a,OpenPlay,Ligue_1,Lille,2994,0.0,2926.0,29.0,68.0,7.0
28098,2024,8636,3,1.6513819694519043,90,2024-09-28,FW,Le Havre,Lille,34.0,Jonathan Christian David,a,OpenPlay,Ligue_1,Lille,2994,0.0,2938.0,12.0,56.0,7.0
28098,2024,8636,3,1.6513819694519043,90,2024-09-28,FW,Le Havre,Lille,78.0,Jonathan Christian David,a,OpenPlay,Ligue_1,Lille,2994,0.0,2982.0,44.0,12.0,7.0
28106,2024,8636,0,0.3256756961345672,90,2024-10-05,FW,Lille,Toulouse,,Jonathan Christian David,h,NoGoal,Ligue_1,Lille,3084,0.0,2982.0,0.0,102.0,12.0
28111,2024,8636,0,0.0842896625399589,90,2024-10-18,FW,Monaco,Lille,,Jonathan Christian David,a,NoGoal,Ligue_1,Lille,3174,0.0,2982.0,0.0,192.0,102.0
28120,2024,8636,1,1.0251423120498655,90,2024-10-26,FW,Lens,Lille,97.0,Jonathan Christian David,a,Penalty,Ligue_1,Lille,3264,0.0,3271.0,289.0,0.0,192.0
28136,2024,8636,1,0.4622608423233032,90,2024-11-01,FW,Lille,Lyon,16.0,Jonathan Christian David,h,OpenPlay,Ligue_1,Lille,3354,0.0,3280.0,9.0,74.0,0.0
28141,2024,8636,0,0.901252269744873,90,2024-11-10,FW,Nice,Lille,,Jonathan Christian David,a,NoGoal,Ligue_1,Lille,3444,0.0,3280.0,0.0,164.0,74.0
28151,2024,8636,0,0.0,90,2024-11-24,FW,Lille,Rennes,,Jonathan Christian David,h,NoGoal,Ligue_1,Lille,3534,0.0,3280.0,0.0,254.0,164.0
28160,2024,8636,2,1.5201902389526367,90,2024-12-01,FW,Montpellier,Lille,43.0,Jonathan Christian David,a,Penalty,Ligue_1,Lille,3624,0.0,3577.0,297.0,47.0,254.0
28160,2024,8636,2,1.5201902389526367,90,2024-12-01,FW,Montpellier,Lille,53.0,Jonathan Christian David,a,Penalty,Ligue_1,Lille,3624,0.0,3587.0,10.0,37.0,254.0
28169,2024,8636,2,1.9644893407821653,90,2024-12-06,FW,Lille,Brest,6.0,Jonathan Christian David,h,Penalty,Ligue_1,Lille,3714,0.0,3630.0,43.0,84.0,37.0
28169,2024,8636,2,1.9644893407821653,90,2024-12-06,FW,Lille,Brest,68.0,Jonathan Christian David,h,OpenPlay,Ligue_1,Lille,3714,0.0,3692.0,62.0,22.0,37.0
28181,2024,8636,0,0.4676496982574463,90,2024-12-14,FW,Marseille,Lille,,Jonathan Christian David,a,NoGoal,Ligue_1,Lille,3804,0.0,3692.0,0.0,112.0,22.0
28188,2024,8636,0,0.0,90,2025-01-04,FW,Lille,Nantes,,Jonathan Christian David,h,NoGoal,Ligue_1,Lille,3894,0.0,3692.0,0.0,202.0,112.0
28194,2024,8636,0,0.7600951194763184,90,2025-01-10,FW,Auxerre,Lille,,Jonathan Christian David,a,NoGoal,Ligue_1,Lille,3984,0.0,3692.0,0.0,292.0,202.0
28203,2024,8636,0,0.1002854704856872,90,2025-01-17,FW,Lille,Nice,,Jonathan Christian David,h,NoGoal,Ligue_1,Lille,4074,0.0,3692.0,0.0,382.0,292.0
28222,2024,8636,1,0.9929323196411132,90,2025-02-01,FW,Lille,Saint-Etienne,31.0,Jonathan Christian David,h,Penalty,Ligue_1,Lille,4164,0.0,4105.0,413.0,59.0,382.0
28231,2024,8636,0,1.0301179885864258,90,2025-02-08,FW,Lille,Le Havre,,Jonathan Christian David,h,NoGoal,Ligue_1,Lille,4254,0.0,4105.0,0.0,149.0,59.0
28248,2024,8636,0,0.0258911699056625,90,2025-02-22,FW,Lille,Monaco,,Jonathan Christian David,h,NoGoal,Ligue_1,Lille,4344,0.0,4105.0,0.0,239.0,149.0
28255,2024,8636,1,0.5829732418060303,24,2025-03-01,Sub,Paris Saint Germain,Lille,79.0,Jonathan Christian David,a,OpenPlay,Ligue_1,Lille,4368,66.0,4357.0,252.0,11.0,239.0
28270,2024,8636,1,1.0208816528320312,69,2025-03-08,FW,Lille,Montpellier,49.0,Jonathan Christian David,h,FromCorner,Ligue_1,Lille,4437,0.0,4417.0,60.0,20.0,11.0
28280,2024,8636,0,0.8982988595962524,90,2025-03-15,FW,Nantes,Lille,,Jonathan Christian David,a,NoGoal,Ligue_1,Lille,4527,0.0,4417.0,0.0,110.0,20.0
28289,2024,8636,0,0.072730503976345,90,2025-03-30,FW,Lille,Lens,,Jonathan Christian David,h,NoGoal,Ligue_1,Lille,4617,0.0,4417.0,0.0,200.0,110.0
28295,2024,8636,0,0.0,78,2025-04-05,FW,Lyon,Lille,,Jonathan Christian David,a,NoGoal,Ligue_1,Lille,4695,0.0,4417.0,0.0,278.0,200.0
28300,2024,8636,0,0.2940025925636291,67,2025-04-12,FW,Toulouse,Lille,,Jonathan Christian David,a,NoGoal,Ligue_1,Lille,4762,0.0,4417.0,0.0,345.0,278.0
28312,2024,8636,2,1.733418107032776,90,2025-04-20,FW,Lille,Auxerre,42.0,Jonathan Christian David,h,OpenPlay,Ligue_1,Lille,4852,0.0,4804.0,387.0,48.0,345.0
28312,2024,8636,2,1.733418107032776,90,2025-04-20,FW,Lille,Auxerre,96.0,Jonathan Christian David,h,OpenPlay,Ligue_1,Lille,4852,0.0,4858.0,54.0,0.0,345.0
28323,2024,8636,0,0.6063918471336365,90,2025-04-27,FW,Angers,Lille,,Jonathan Christian David,a,NoGoal,Ligue_1,Lille,4942,0.0,4858.0,0.0,84.0,0.0
28331,2024,8636,0,0.1399262100458145,90,2025-05-04,FW,Lille,Marseille,,Jonathan Christian David,h,NoGoal,Ligue_1,Lille,5032,0.0,4858.0,0.0,174.0,84.0
28343,2024,8636,0,0.8751346468925476,90,2025-05-10,FW,Brest,Lille,,Jonathan Christian David,a,NoGoal,Ligue_1,Lille,5122,0.0,4858.0,0.0,264.0,174.0
28353,2024,8636,0,0.1117645800113678,75,2025-05-17,FW,Lille,Reims,,Jonathan Christian David,h,NoGoal,Ligue_1,Lille,5197,0.0,4858.0,0.0,339.0,264.0
29851,2025,8636,1,1.0563100576400757,82,2025-08-24,FW,Juventus,Parma Calcio 1913,58.0,Jonathan Christian David,h,FromCorner,Serie_A,Juventus,5279,0.0,5255.0,397.0,24.0,339.0
29860,2025,8636,0,0.7514588236808777,63,2025-08-31,FW,Genoa,Juventus,,Jonathan Christian David,a,NoGoal,Serie_A,Juventus,5342,0.0,5255.0,0.0,87.0,24.0
29865,2025,8636,0,0.0,10,2025-09-13,Sub,Juventus,Inter,,Jonathan Christian David,h,NoGoal,Serie_A,Juventus,5352,80.0,5255.0,0.0,97.0,87.0
29876,2025,8636,0,0.0,18,2025-09-20,Sub,Verona,Juventus,,Jonathan Christian David,a,NoGoal,Serie_A,Juventus,5370,72.0,5255.0,0.0,115.0,97.0
29898,2025,8636,0,0.0,70,2025-10-05,FW,Juventus,AC Milan,,Jonathan Christian David,h,NoGoal,Serie_A,Juventus,5440,0.0,5255.0,0.0,185.0,115.0
29907,2025,8636,0,0.0,90,2025-10-19,FW,Como,Juventus,,Jonathan Christian David,a,NoGoal,Serie_A,Juventus,5530,0.0,5255.0,0.0,275.0,185.0
29918,2025,8636,0,0.3735989034175873,67,2025-10-26,FW,Lazio,Juventus,,Jonathan Christian David,a,NoGoal,Serie_A,Juventus,5597,0.0,5255.0,0.0,342.0,275.0
29930,2025,8636,0,0.1124815046787262,10,2025-10-29,Sub,Juventus,Udinese,,Jonathan Christian David,h,NoGoal,Serie_A,Juventus,5607,80.0,5255.0,0.0,352.0,342.0
29934,2025,8636,0,0.0,2,2025-11-01,Sub,Cremonese,Juventus,,Jonathan Christian David,a,NoGoal,Serie_A,Juventus,5609,88.0,5255.0,0.0,354.0,352.0
29949,2025,8636,0,0.6221712231636047,23,2025-11-08,Sub,Juventus,Torino,,Jonathan Christian David,h,NoGoal,Serie_A,Juventus,5632,67.0,5255.0,0.0,377.0,354.0
29957,2025,8636,0,0.0,1,2025-11-22,Sub,Fiorentina,Juventus,,Jonathan Christian David,a,NoGoal,Serie_A,Juventus,5633,89.0,5255.0,0.0,378.0,377.0
29968,2025,8636,0,0.0,60,2025-11-29,Sub,Juventus,Cagliari,,Jonathan Christian David,h,NoGoal,Serie_A,Juventus,5693,30.0,5255.0,0.0,438.0,378.0
29978,2025,8636,0,0.0,43,2025-12-07,Sub,Napoli,Juventus,,Jonathan Christian David,a,NoGoal,Serie_A,Juventus,5736,47.0,5255.0,0.0,481.0,438.0
29985,2025,8636,0,0.0,62,2025-12-14,FW,Bologna,Juventus,,Jonathan Christian David,a,NoGoal,Serie_A,Juventus,5798,0.0,5255.0,0.0,543.0,481.0
29999,2025,8636,0,0.0,7,2025-12-20,Sub,Juventus,Roma,,Jonathan Christian David,h,NoGoal,Serie_A,Juventus,5805,83.0,5255.0,0.0,550.0,543.0
30009,2025,8636,0,0.0,29,2025-12-27,Sub,Pisa,Juventus,,Jonathan Christian David,a,NoGoal,Serie_A,Juventus,5834,61.0,5255.0,0.0,579.0,550.0
30020,2025,8636,0,1.6352615356445312,90,2026-01-03,FW,Juventus,Lecce,,Jonathan Christian David,h,NoGoal,Serie_A,Juventus,5924,0.0,5255.0,0.0,669.0,579.0
30032,2025,8636,1,1.5192335844039917,78,2026-01-06,FW,Sassuolo,Juventus,62.0,Jonathan Christian David,a,OpenPlay,Serie_A,Juventus,6002,0.0,5986.0,731.0,16.0,669.0
30039,2025,8636,1,1.067764401435852,90,2026-01-12,FW,Juventus,Cremonese,14.0,Jonathan Christian David,h,OpenPlay,Serie_A,Juventus,6092,0.0,6016.0,30.0,76.0,16.0
30053,2025,8636,0,0.2124295979738235,90,2026-01-17,FW,Cagliari,Juventus,,Jonathan Christian David,a,NoGoal,Serie_A,Juventus,6182,0.0,6016.0,0.0,166.0,76.0
30059,2025,8636,1,0.4056761860847473,79,2026-01-25,FW,Juventus,Napoli,21.0,Jonathan Christian David,h,OpenPlay,Serie_A,Juventus,6261,0.0,6203.0,187.0,58.0,166.0
30070,2025,8636,1,1.750860571861267,84,2026-02-01,FW,Parma Calcio 1913,Juventus,63.0,Jonathan Christian David,a,OpenPlay,Serie_A,Juventus,6345,0.0,6324.0,121.0,21.0,58.0
30081,2025,8636,0,0.335135668516159,90,2026-02-08,FW,Juventus,Lazio,,Jonathan Christian David,h,NoGoal,Serie_A,Juventus,6435,0.0,6324.0,0.0,111.0,21.0
30087,2025,8636,0,0.0,63,2026-02-14,FW,Inter,Juventus,,Jonathan Christian David,a,NoGoal,Serie_A,Juventus,6498,0.0,6324.0,0.0,174.0,111.0
30099,2025,8636,0,0.4037162661552429,12,2026-02-21,Sub,Juventus,Como,,Jonathan Christian David,h,NoGoal,Serie_A,Juventus,6510,78.0,6324.0,0.0,186.0,174.0
30108,2025,8636,0,0.0219337921589612,64,2026-03-01,FW,Roma,Juventus,,Jonathan Christian David,a,NoGoal,Serie_A,Juventus,6574,0.0,6324.0,0.0,250.0,186.0
30119,2025,8636,0,0.4980567395687103,47,2026-03-07,FW,Juventus,Pisa,,Jonathan Christian David,h,NoGoal,Serie_A,Juventus,6621,0.0,6324.0,0.0,297.0,250.0
30132,2025,8636,0,0.0,1,2026-03-14,Sub,Udinese,Juventus,,Jonathan Christian David,a,NoGoal,Serie_A,Juventus,6622,89.0,6324.0,0.0,298.0,297.0
30146,2025,8636,0,0.0619694516062736,67,2026-04-06,FW,Juventus,Genoa,,Jonathan Christian David,h,NoGoal,Serie_A,Juventus,6689,0.0,6324.0,0.0,365.0,298.0
30154,2025,8636,0,0.0,29,2026-04-11,Sub,Atalanta,Juventus,,Jonathan Christian David,a,NoGoal,Serie_A,Juventus,6718,61.0,6324.0,0.0,394.0,365.0
30165,2025,8636,1,0.3400785326957702,74,2026-04-19,FW,Juventus,Bologna,1.0,Jonathan Christian David,h,FromCorner,Serie_A,Juventus,6792,0.0,6719.0,395.0,73.0,394.0
30179,2025,8636,0,0.1071761846542358,88,2026-04-26,FW,AC Milan,Juventus,,Jonathan Christian David,a,NoGoal,Serie_A,Juventus,6880,0.0,6719.0,0.0,161.0,73.0
30189,2025,8636,0,0.1890053898096084,70,2026-05-03,FW,Juventus,Verona,,Jonathan Christian David,h,NoGoal,Serie_A,Juventus,6950,0.0,6719.0,0.0,231.0,161.0
30199,2025,8636,0,0.0,6,2026-05-09,Sub,Lecce,Juventus,,Jonathan Christian David,a,NoGoal,Serie_A,Juventus,6956,84.0,6719.0,0.0,237.0,231.0
22689,2023,8824,1,0.1659473478794098,90,2023-08-12,AMC,Athletic Club,Real Madrid,35.0,Jude Bellingham,a,FromCorner,La_Liga,Real Madrid,90,0.0,35.0,,55.0,
22698,2023,8824,2,1.119186520576477,88,2023-08-19,AMC,Almeria,Real Madrid,18.0,Jude Bellingham,a,OpenPlay,La_Liga,Real Madrid,178,0.0,108.0,73.0,70.0,55.0
22698,2023,8824,2,1.119186520576477,88,2023-08-19,AMC,Almeria,Real Madrid,59.0,Jude Bellingham,a,OpenPlay,La_Liga,Real Madrid,178,0.0,149.0,41.0,29.0,55.0
22712,2023,8824,1,0.4650582373142242,90,2023-08-25,AMC,Celta Vigo,Real Madrid,80.0,Jude Bellingham,a,FromCorner,La_Liga,Real Madrid,268,0.0,258.0,109.0,10.0,29.0
22723,2023,8824,1,0.5694471001625061,90,2023-09-02,AMC,Real Madrid,Getafe,94.0,Jude Bellingham,h,OpenPlay,La_Liga,Real Madrid,358,0.0,362.0,104.0,0.0,10.0
22729,2023,8824,0,0.5139530301094055,90,2023-09-17,AMC,Real Madrid,Real Sociedad,,Jude Bellingham,h,NoGoal,La_Liga,Real Madrid,448,0.0,362.0,0.0,86.0,0.0
22736,2023,8824,0,0.0743148997426033,90,2023-09-24,FW,Atletico Madrid,Real Madrid,,Jude Bellingham,a,NoGoal,La_Liga,Real Madrid,538,0.0,362.0,0.0,176.0,86.0
22760,2023,8824,1,1.3226466178894043,78,2023-09-30,AMC,Girona,Real Madrid,70.0,Jude Bellingham,a,OpenPlay,La_Liga,Real Madrid,616,0.0,608.0,246.0,8.0,176.0
22772,2023,8824,2,0.5212011337280273,73,2023-10-07,AMC,Real Madrid,Osasuna,8.0,Jude Bellingham,h,OpenPlay,La_Liga,Real Madrid,689,0.0,624.0,16.0,65.0,8.0
22772,2023,8824,2,0.5212011337280273,73,2023-10-07,AMC,Real Madrid,Osasuna,53.0,Jude Bellingham,h,OpenPlay,La_Liga,Real Madrid,689,0.0,669.0,45.0,20.0,8.0
22782,2023,8824,0,0.046152476221323,90,2023-10-21,AMC,Sevilla,Real Madrid,,Jude Bellingham,a,NoGoal,La_Liga,Real Madrid,779,0.0,669.0,0.0,110.0,20.0
22787,2023,8824,2,0.5852720737457275,90,2023-10-28,MC,Barcelona,Real Madrid,67.0,Jude Bellingham,a,OpenPlay,La_Liga,Real Madrid,869,0.0,846.0,177.0,23.0,110.0
22787,2023,8824,2,0.5852720737457275,90,2023-10-28,MC,Barcelona,Real Madrid,91.0,Jude Bellingham,a,OpenPlay,La_Liga,Real Madrid,869,0.0,870.0,24.0,0.0,110.0
22803,2023,8824,0,0.1735472232103347,90,2023-11-05,AMC,Real Madrid,Rayo Vallecano,,Jude Bellingham,h,NoGoal,La_Liga,Real Madrid,959,0.0,870.0,0.0,89.0,0.0
22817,2023,8824,1,0.7557094693183899,81,2023-11-26,AMC,Cadiz,Real Madrid,73.0,Jude Bellingham,a,OpenPlay,La_Liga,Real Madrid,1040,0.0,1032.0,162.0,8.0,89.0
22833,2023,8824,0,0.9363800287246704,90,2023-12-02,ML,Real Madrid,Granada,,Jude Bellingham,h,NoGoal,La_Liga,Real Madrid,1130,0.0,1032.0,0.0,98.0,8.0
22836,2023,8824,1,0.3520843088626861,90,2023-12-09,AML,Real Betis,Real Madrid,52.0,Jude Bellingham,a,OpenPlay,La_Liga,Real Madrid,1220,0.0,1182.0,150.0,38.0,98.0
22849,2023,8824,1,0.8586456179618835,84,2023-12-17,ML,Real Madrid,Villarreal,24.0,Jude Bellingham,h,OpenPlay,La_Liga,Real Madrid,1304,0.0,1244.0,62.0,60.0,38.0
22862,2023,8824,0,0.0,90,2023-12-21,AMC,Alaves,Real Madrid,,Jude Bellingham,a,NoGoal,La_Liga,Real Madrid,1394,0.0,1244.0,0.0,150.0,60.0
22873,2023,8824,0,0.1432102471590042,90,2024-01-03,AMC,Real Madrid,Mallorca,,Jude Bellingham,h,NoGoal,La_Liga,Real Madrid,1484,0.0,1244.0,0.0,240.0,150.0
22888,2023,8824,1,0.900400698184967,90,2024-01-21,AMC,Real Madrid,Almeria,56.0,Jude Bellingham,h,Penalty,La_Liga,Real Madrid,1574,0.0,1540.0,296.0,34.0,240.0
22881,2023,8824,0,0.19085793197155,90,2024-02-01,MC,Getafe,Real Madrid,,Jude Bellingham,a,NoGoal,La_Liga,Real Madrid,1664,0.0,1540.0,0.0,124.0,34.0
22912,2023,8824,0,0.1736886948347091,89,2024-02-04,AMC,Real Madrid,Atletico Madrid,,Jude Bellingham,h,NoGoal,La_Liga,Real Madrid,1753,0.0,1540.0,0.0,213.0,124.0
22923,2023,8824,2,1.4230698347091677,61,2024-02-10,AMC,Real Madrid,Girona,34.0,Jude Bellingham,h,OpenPlay,La_Liga,Real Madrid,1814,0.0,1787.0,247.0,27.0,213.0
22923,2023,8824,2,1.4230698347091677,61,2024-02-10,AMC,Real Madrid,Girona,53.0,Jude Bellingham,h,OpenPlay,La_Liga,Real Madrid,1814,0.0,1806.0,19.0,8.0,213.0
22951,2023,8824,0,0.4049626290798187,90,2024-03-02,AMC,Valencia,Real Madrid,,Jude Bellingham,a,NoGoal,La_Liga,Real Madrid,1904,0.0,1806.0,0.0,98.0,8.0
22981,2023,8824,0,0.0217239782214164,90,2024-03-31,AMC,Real Madrid,Athletic Club,,Jude Bellingham,h,NoGoal,La_Liga,Real Madrid,1994,0.0,1806.0,0.0,188.0,98.0
22988,2023,8824,0,0.0841115489602088,64,2024-04-13,AMC,Mallorca,Real Madrid,,Jude Bellingham,a,NoGoal,La_Liga,Real Madrid,2058,0.0,1806.0,0.0,252.0,188.0
23000,2023,8824,1,0.2932809293270111,90,2024-04-21,AMC,Real Madrid,Barcelona,90.0,Jude Bellingham,h,OpenPlay,La_Liga,Real Madrid,2148,0.0,2148.0,342.0,0.0,252.0
23021,2023,8824,1,0.5848566889762878,23,2024-05-04,Sub,Real Madrid,Cadiz,67.0,Jude Bellingham,h,OpenPlay,La_Liga,Real Madrid,2171,67.0,2148.0,0.0,23.0,0.0
23044,2023,8824,1,0.224073588848114,90,2024-05-14,AMC,Real Madrid,Alaves,9.0,Jude Bellingham,h,OpenPlay,La_Liga,Real Madrid,2261,0.0,2180.0,32.0,81.0,23.0
23063,2023,8824,0,0.0707334205508232,90,2024-05-25,AMC,Real Madrid,Real Betis,,Jude Bellingham,h,NoGoal,La_Liga,Real Madrid,2351,0.0,2180.0,0.0,171.0,81.0
26989,2024,8824,0,0.0,90,2024-08-18,MC,Mallorca,Real Madrid,,Jude Bellingham,a,NoGoal,La_Liga,Real Madrid,2441,0.0,2180.0,0.0,261.0,171.0
27041,2024,8824,0,0.1705493777990341,84,2024-09-21,MC,Real Madrid,Espanyol,,Jude Bellingham,h,NoGoal,La_Liga,Real Madrid,2525,0.0,2180.0,0.0,345.0,261.0
27051,2024,8824,0,0.0,90,2024-09-24,MC,Real Madrid,Alaves,,Jude Bellingham,h,NoGoal,La_Liga,Real Madrid,2615,0.0,2180.0,0.0,435.0,345.0
27053,2024,8824,0,0.1986496299505233,90,2024-09-29,ML,Atletico Madrid,Real Madrid,,Jude Bellingham,a,NoGoal,La_Liga,Real Madrid,2705,0.0,2180.0,0.0,525.0,435.0
27063,2024,8824,0,0.0468508191406726,90,2024-10-05,ML,Real Madrid,Villarreal,,Jude Bellingham,h,NoGoal,La_Liga,Real Madrid,2795,0.0,2180.0,0.0,615.0,525.0
27075,2024,8824,0,0.0439619086682796,90,2024-10-19,AMC,Celta Vigo,Real Madrid,,Jude Bellingham,a,NoGoal,La_Liga,Real Madrid,2885,0.0,2180.0,0.0,705.0,615.0
27085,2024,8824,0,0.4312012791633606,90,2024-10-26,MR,Real Madrid,Barcelona,,Jude Bellingham,h,NoGoal,La_Liga,Real Madrid,2975,0.0,2180.0,0.0,795.0,705.0
27109,2024,8824,1,0.4300544261932373,81,2024-11-09,MC,Real Madrid,Osasuna,41.0,Jude Bellingham,h,OpenPlay,La_Liga,Real Madrid,3056,0.0,3016.0,836.0,40.0,795.0
27116,2024,8824,1,0.4451882243156433,88,2024-11-24,ML,Leganes,Real Madrid,84.0,Jude Bellingham,a,FromCorner,La_Liga,Real Madrid,3144,0.0,3140.0,124.0,4.0,40.0
27127,2024,8824,1,0.7654581665992737,51,2024-12-01,MC,Real Madrid,Getafe,29.0,Jude Bellingham,h,Penalty,La_Liga,Real Madrid,3195,0.0,3173.0,33.0,22.0,4.0
27162,2024,8824,1,0.473797470331192,90,2024-12-04,ML,Athletic Club,Real Madrid,77.0,Jude Bellingham,a,OpenPlay,La_Liga,Real Madrid,3285,0.0,3272.0,99.0,13.0,22.0
27137,2024,8824,1,0.0753669589757919,62,2024-12-07,AMC,Girona,Real Madrid,35.0,Jude Bellingham,a,OpenPlay,La_Liga,Real Madrid,3347,0.0,3320.0,48.0,27.0,13.0
27144,2024,8824,1,0.328457623720169,90,2024-12-14,AMC,Rayo Vallecano,Real Madrid,44.0,Jude Bellingham,a,OpenPlay,La_Liga,Real Madrid,3437,0.0,3391.0,71.0,46.0,27.0
27157,2024,8824,0,0.1337219327688217,79,2024-12-22,AMC,Real Madrid,Sevilla,,Jude Bellingham,h,NoGoal,La_Liga,Real Madrid,3516,0.0,3391.0,0.0,125.0,46.0
27099,2024,8824,1,1.1351701021194458,90,2025-01-03,AMC,Valencia,Real Madrid,94.0,Jude Bellingham,a,OpenPlay,La_Liga,Real Madrid,3606,0.0,3610.0,219.0,0.0,125.0
27180,2024,8824,0,1.8603640794754028,90,2025-01-19,AMC,Real Madrid,Las Palmas,,Jude Bellingham,h,NoGoal,La_Liga,Real Madrid,3696,0.0,3610.0,0.0,86.0,0.0
27190,2024,8824,0,0.2146948724985122,90,2025-01-25,AMC,Real Valladolid,Real Madrid,,Jude Bellingham,a,NoGoal,La_Liga,Real Madrid,3786,0.0,3610.0,0.0,176.0,86.0
27201,2024,8824,0,0.2814168930053711,90,2025-02-01,AMC,Espanyol,Real Madrid,,Jude Bellingham,a,NoGoal,La_Liga,Real Madrid,3876,0.0,3610.0,0.0,266.0,176.0
27205,2024,8824,0,1.3712824583053589,90,2025-02-08,AMC,Real Madrid,Atletico Madrid,,Jude Bellingham,h,NoGoal,La_Liga,Real Madrid,3966,0.0,3610.0,0.0,356.0,266.0
27220,2024,8824,0,0.0,38,2025-02-15,ML,Osasuna,Real Madrid,,Jude Bellingham,a,NoGoal,La_Liga,Real Madrid,4004,0.0,3610.0,0.0,394.0,356.0
27251,2024,8824,0,0.0,90,2025-03-09,ML,Real Madrid,Rayo Vallecano,,Jude Bellingham,h,NoGoal,La_Liga,Real Madrid,4094,0.0,3610.0,0.0,484.0,394.0
27259,2024,8824,0,0.0,90,2025-03-15,AMC,Villarreal,Real Madrid,,Jude Bellingham,a,NoGoal,La_Liga,Real Madrid,4184,0.0,3610.0,0.0,574.0,484.0
27268,2024,8824,1,1.0046430826187134,90,2025-03-29,AMC,Real Madrid,Leganes,46.0,Jude Bellingham,h,OpenPlay,La_Liga,Real Madrid,4274,0.0,4230.0,620.0,44.0,574.0
27273,2024,8824,0,0.2144643366336822,90,2025-04-05,ML,Real Madrid,Valencia,,Jude Bellingham,h,NoGoal,La_Liga,Real Madrid,4364,0.0,4230.0,0.0,134.0,44.0
27287,2024,8824,0,0.5247297286987305,22,2025-04-13,Sub,Alaves,Real Madrid,,Jude Bellingham,a,NoGoal,La_Liga,Real Madrid,4386,68.0,4230.0,0.0,156.0,134.0
27294,2024,8824,0,1.470897912979126,90,2025-04-20,AMC,Real Madrid,Athletic Club,,Jude Bellingham,h,NoGoal,La_Liga,Real Madrid,4476,0.0,4230.0,0.0,246.0,156.0
27308,2024,8824,0,0.0,25,2025-04-23,Sub,Getafe,Real Madrid,,Jude Bellingham,a,NoGoal,La_Liga,Real Madrid,4501,65.0,4230.0,0.0,271.0,246.0
27317,2024,8824,0,0.1736311912536621,90,2025-05-04,AMC,Real Madrid,Celta Vigo,,Jude Bellingham,h,NoGoal,La_Liga,Real Madrid,4591,0.0,4230.0,0.0,361.0,271.0
27324,2024,8824,0,0.0,90,2025-05-11,AMC,Barcelona,Real Madrid,,Jude Bellingham,a,NoGoal,La_Liga,Real Madrid,4681,0.0,4230.0,0.0,451.0,361.0
27339,2024,8824,0,0.2350604832172393,90,2025-05-14,ML,Real Madrid,Mallorca,,Jude Bellingham,h,NoGoal,La_Liga,Real Madrid,4771,0.0,4230.0,0.0,541.0,451.0
27348,2024,8824,1,1.0545313358306885,90,2025-05-18,ML,Sevilla,Real Madrid,86.0,Jude Bellingham,a,OpenPlay,La_Liga,Real Madrid,4861,0.0,4857.0,627.0,4.0,541.0
29206,2025,8824,0,0.0,1,2025-09-20,Sub,Real Madrid,Espanyol,,Jude Bellingham,h,NoGoal,La_Liga,Real Madrid,4862,89.0,4857.0,0.0,5.0,4.0
29210,2025,8824,0,0.3272441029548645,18,2025-09-23,Sub,Levante,Real Madrid,,Jude Bellingham,a,NoGoal,La_Liga,Real Madrid,4880,72.0,4857.0,0.0,23.0,5.0
29219,2025,8824,0,0.0665510594844818,77,2025-09-27,AMC,Atletico Madrid,Real Madrid,,Jude Bellingham,a,NoGoal,La_Liga,Real Madrid,4957,0.0,4857.0,0.0,100.0,23.0
29231,2025,8824,0,0.7294355630874634,25,2025-10-04,Sub,Real Madrid,Villarreal,,Jude Bellingham,h,NoGoal,La_Liga,Real Madrid,4982,65.0,4857.0,0.0,125.0,100.0
29242,2025,8824,0,0.4224880337715149,88,2025-10-19,AMC,Getafe,Real Madrid,,Jude Bellingham,a,NoGoal,La_Liga,Real Madrid,5070,0.0,4857.0,0.0,213.0,125.0
29254,2025,8824,1,0.9925813674926758,90,2025-10-26,MR,Real Madrid,Barcelona,42.0,Jude Bellingham,h,SetPiece,La_Liga,Real Madrid,5160,0.0,5112.0,255.0,48.0,213.0
29263,2025,8824,1,0.1473845988512039,90,2025-11-01,MC,Real Madrid,Valencia,43.0,Jude Bellingham,h,OpenPlay,La_Liga,Real Madrid,5250,0.0,5203.0,91.0,47.0,48.0
29272,2025,8824,0,0.0867304727435112,90,2025-11-09,AMC,Rayo Vallecano,Real Madrid,,Jude Bellingham,a,NoGoal,La_Liga,Real Madrid,5340,0.0,5203.0,0.0,137.0,47.0
29280,2025,8824,1,1.015797138214111,90,2025-11-23,AMC,Elche,Real Madrid,86.0,Jude Bellingham,a,SetPiece,La_Liga,Real Madrid,5430,0.0,5426.0,223.0,4.0,137.0
29290,2025,8824,0,0.1362122744321823,90,2025-11-30,MC,Girona,Real Madrid,,Jude Bellingham,a,NoGoal,La_Liga,Real Madrid,5520,0.0,5426.0,0.0,94.0,4.0
29338,2025,8824,0,0.0,90,2025-12-03,MC,Athletic Club,Real Madrid,,Jude Bellingham,a,NoGoal,La_Liga,Real Madrid,5610,0.0,5426.0,0.0,184.0,94.0
29303,2025,8824,0,0.5128158926963806,90,2025-12-07,ML,Real Madrid,Celta Vigo,,Jude Bellingham,h,NoGoal,La_Liga,Real Madrid,5700,0.0,5426.0,0.0,274.0,184.0
29308,2025,8824,0,0.6980933547019958,90,2025-12-14,ML,Alaves,Real Madrid,,Jude Bellingham,a,NoGoal,La_Liga,Real Madrid,5790,0.0,5426.0,0.0,364.0,274.0
29322,2025,8824,1,0.4454247057437897,90,2025-12-20,MC,Real Madrid,Sevilla,37.0,Jude Bellingham,h,SetPiece,La_Liga,Real Madrid,5880,0.0,5827.0,401.0,53.0,364.0
29334,2025,8824,0,0.0828973948955535,90,2026-01-04,ML,Real Madrid,Real Betis,,Jude Bellingham,h,NoGoal,La_Liga,Real Madrid,5970,0.0,5827.0,0.0,143.0,53.0
29351,2025,8824,0,0.5494435429573059,90,2026-01-17,MC,Real Madrid,Levante,,Jude Bellingham,h,NoGoal,La_Liga,Real Madrid,6060,0.0,5827.0,0.0,233.0,143.0
29367,2025,8824,0,0.0,90,2026-01-24,MC,Villarreal,Real Madrid,,Jude Bellingham,a,NoGoal,La_Liga,Real Madrid,6150,0.0,5827.0,0.0,323.0,233.0
29377,2025,8824,0,0.0,9,2026-02-01,ML,Real Madrid,Rayo Vallecano,,Jude Bellingham,h,NoGoal,La_Liga,Real Madrid,6159,0.0,5827.0,0.0,332.0,323.0
29446,2025,8824,0,0.0,15,2026-03-22,Sub,Real Madrid,Atletico Madrid,,Jude Bellingham,h,NoGoal,La_Liga,Real Madrid,6174,75.0,5827.0,0.0,347.0,332.0
29452,2025,8824,0,0.0,30,2026-04-04,Sub,Mallorca,Real Madrid,,Jude Bellingham,a,NoGoal,La_Liga,Real Madrid,6204,60.0,5827.0,0.0,377.0,347.0
29462,2025,8824,0,0.5185344219207764,65,2026-04-10,MC,Real Madrid,Girona,,Jude Bellingham,h,NoGoal,La_Liga,Real Madrid,6269,0.0,5827.0,0.0,442.0,377.0
29483,2025,8824,0,0.2178222090005874,64,2026-04-21,MC,Real Madrid,Alaves,,Jude Bellingham,h,NoGoal,La_Liga,Real Madrid,6333,0.0,5827.0,0.0,506.0,442.0
29474,2025,8824,0,0.180113673210144,90,2026-04-24,MC,Real Betis,Real Madrid,,Jude Bellingham,a,NoGoal,La_Liga,Real Madrid,6423,0.0,5827.0,0.0,596.0,506.0
29494,2025,8824,0,0.3112837672233581,90,2026-05-03,AMC,Espanyol,Real Madrid,,Jude Bellingham,a,NoGoal,La_Liga,Real Madrid,6513,0.0,5827.0,0.0,686.0,596.0
29500,2025,8824,0,0.0,90,2026-05-10,AMC,Barcelona,Real Madrid,,Jude Bellingham,a,NoGoal,La_Liga,Real Madrid,6603,0.0,5827.0,0.0,776.0,686.0
29517,2025,8824,1,0.1234529092907905,26,2026-05-14,Sub,Real Madrid,Real Oviedo,79.0,Jude Bellingham,h,OpenPlay,La_Liga,Real Madrid,6629,64.0,6618.0,791.0,11.0,776.0
29524,2025,8824,0,0.0,88,2026-05-17,MC,Sevilla,Real Madrid,,Jude Bellingham,a,NoGoal,La_Liga,Real Madrid,6717,0.0,6618.0,0.0,99.0,11.0
22281,2023,8865,0,0.365252822637558,90,2023-08-12,FW,Newcastle United,Aston Villa,,Ollie Watkins,a,NoGoal,EPL,Aston Villa,90,0.0,,,,
22292,2023,8865,0,0.4207921028137207,83,2023-08-20,FW,Aston Villa,Everton,,Ollie Watkins,h,NoGoal,EPL,Aston Villa,173,0.0,,,,
22302,2023,8865,0,1.131255865097046,89,2023-08-27,FW,Burnley,Aston Villa,,Ollie Watkins,a,NoGoal,EPL,Aston Villa,262,0.0,,,,
21933,2023,8865,0,0.1703733205795288,77,2023-09-03,FW,Liverpool,Aston Villa,,Ollie Watkins,a,NoGoal,EPL,Aston Villa,339,0.0,,,,
21938,2023,8865,0,0.3245986700057983,90,2023-09-16,FW,Aston Villa,Crystal Palace,,Ollie Watkins,h,NoGoal,EPL,Aston Villa,429,0.0,,,,
21947,2023,8865,1,0.1780399829149246,90,2023-09-24,FW,Chelsea,Aston Villa,72.0,Ollie Watkins,a,OpenPlay,EPL,Aston Villa,519,0.0,501.0,,18.0,
21955,2023,8865,3,1.160372614860535,90,2023-09-30,FW,Aston Villa,Brighton,13.0,Ollie Watkins,h,OpenPlay,EPL,Aston Villa,609,0.0,532.0,31.0,77.0,18.0
21955,2023,8865,3,1.160372614860535,90,2023-09-30,FW,Aston Villa,Brighton,20.0,Ollie Watkins,h,OpenPlay,EPL,Aston Villa,609,0.0,539.0,7.0,70.0,18.0
21955,2023,8865,3,1.160372614860535,90,2023-09-30,FW,Aston Villa,Brighton,64.0,Ollie Watkins,h,OpenPlay,EPL,Aston Villa,609,0.0,583.0,44.0,26.0,18.0
21974,2023,8865,0,0.2326953709125518,90,2023-10-08,FW,Wolverhampton Wanderers,Aston Villa,,Ollie Watkins,a,NoGoal,EPL,Aston Villa,699,0.0,583.0,0.0,116.0,26.0
21976,2023,8865,1,0.8829790949821472,90,2023-10-22,FW,Aston Villa,West Ham,73.0,Ollie Watkins,h,OpenPlay,EPL,Aston Villa,789,0.0,772.0,189.0,17.0,116.0
21987,2023,8865,0,1.1947060823440552,90,2023-10-29,FW,Aston Villa,Luton,,Ollie Watkins,h,NoGoal,EPL,Aston Villa,879,0.0,772.0,0.0,107.0,17.0
22002,2023,8865,0,0.3440543413162231,90,2023-11-05,FW,Nottingham Forest,Aston Villa,,Ollie Watkins,a,NoGoal,EPL,Aston Villa,969,0.0,772.0,0.0,197.0,107.0
22007,2023,8865,1,1.6989550590515137,90,2023-11-12,FW,Aston Villa,Fulham,63.0,Ollie Watkins,h,OpenPlay,EPL,Aston Villa,1059,0.0,1032.0,260.0,27.0,197.0
22024,2023,8865,1,1.1738481521606443,90,2023-11-26,FW,Tottenham,Aston Villa,60.0,Ollie Watkins,a,OpenPlay,EPL,Aston Villa,1149,0.0,1119.0,87.0,30.0,27.0
22025,2023,8865,1,0.1337975114583969,90,2023-12-03,FW,Bournemouth,Aston Villa,89.0,Ollie Watkins,a,OpenPlay,EPL,Aston Villa,1239,0.0,1238.0,119.0,1.0,30.0
22035,2023,8865,0,0.3147320747375488,90,2023-12-06,FW,Aston Villa,Manchester City,,Ollie Watkins,h,NoGoal,EPL,Aston Villa,1329,0.0,1238.0,0.0,91.0,1.0
22045,2023,8865,0,0.2061479687690735,90,2023-12-09,FW,Aston Villa,Arsenal,,Ollie Watkins,h,NoGoal,EPL,Aston Villa,1419,0.0,1238.0,0.0,181.0,91.0
22057,2023,8865,1,0.1171250417828559,90,2023-12-17,FW,Brentford,Aston Villa,84.0,Ollie Watkins,a,FromCorner,EPL,Aston Villa,1509,0.0,1503.0,265.0,6.0,181.0
22065,2023,8865,0,0.2240127921104431,90,2023-12-22,FW,Aston Villa,Sheffield United,,Ollie Watkins,h,NoGoal,EPL,Aston Villa,1599,0.0,1503.0,0.0,96.0,6.0
22082,2023,8865,0,0.0,90,2023-12-26,FW,Manchester United,Aston Villa,,Ollie Watkins,a,NoGoal,EPL,Aston Villa,1689,0.0,1503.0,0.0,186.0,96.0
22085,2023,8865,0,0.1800564974546432,90,2023-12-30,FW,Aston Villa,Burnley,,Ollie Watkins,h,NoGoal,EPL,Aston Villa,1779,0.0,1503.0,0.0,276.0,186.0
22098,2023,8865,0,0.326587826013565,90,2024-01-14,FW,Everton,Aston Villa,,Ollie Watkins,a,NoGoal,EPL,Aston Villa,1869,0.0,1503.0,0.0,366.0,276.0
22105,2023,8865,1,0.5471787452697754,90,2024-01-30,FW,Aston Villa,Newcastle United,70.0,Ollie Watkins,h,OpenPlay,EPL,Aston Villa,1959,0.0,1939.0,436.0,20.0,366.0
22124,2023,8865,1,0.9180476069450378,90,2024-02-03,FW,Sheffield United,Aston Villa,15.0,Ollie Watkins,a,OpenPlay,EPL,Aston Villa,2049,0.0,1974.0,35.0,75.0,20.0
22125,2023,8865,0,0.8623842597007751,90,2024-02-11,FW,Aston Villa,Manchester United,,Ollie Watkins,h,NoGoal,EPL,Aston Villa,2139,0.0,1974.0,0.0,165.0,75.0
22138,2023,8865,2,0.8723471164703369,90,2024-02-17,FW,Fulham,Aston Villa,22.0,Ollie Watkins,a,OpenPlay,EPL,Aston Villa,2229,0.0,2161.0,187.0,68.0,165.0
22138,2023,8865,2,0.8723471164703369,90,2024-02-17,FW,Fulham,Aston Villa,55.0,Ollie Watkins,a,OpenPlay,EPL,Aston Villa,2229,0.0,2194.0,33.0,35.0,165.0
22147,2023,8865,1,1.5927510261535645,90,2024-02-24,FW,Aston Villa,Nottingham Forest,3.0,Ollie Watkins,h,OpenPlay,EPL,Aston Villa,2319,0.0,2232.0,38.0,87.0,35.0
22159,2023,8865,2,0.693005383014679,90,2024-03-02,FW,Luton,Aston Villa,23.0,Ollie Watkins,a,FromCorner,EPL,Aston Villa,2409,0.0,2342.0,110.0,67.0,87.0
22159,2023,8865,2,0.693005383014679,90,2024-03-02,FW,Luton,Aston Villa,37.0,Ollie Watkins,a,SetPiece,EPL,Aston Villa,2409,0.0,2356.0,14.0,53.0,87.0
22167,2023,8865,0,0.139100044965744,90,2024-03-10,FW,Aston Villa,Tottenham,,Ollie Watkins,h,NoGoal,EPL,Aston Villa,2499,0.0,2356.0,0.0,143.0,53.0
22183,2023,8865,0,0.0686307623982429,90,2024-03-17,FW,West Ham,Aston Villa,,Ollie Watkins,a,NoGoal,EPL,Aston Villa,2589,0.0,2356.0,0.0,233.0,143.0
22186,2023,8865,0,0.3208831250667572,48,2024-03-30,FW,Aston Villa,Wolverhampton Wanderers,,Ollie Watkins,h,NoGoal,EPL,Aston Villa,2637,0.0,2356.0,0.0,281.0,233.0
22205,2023,8865,2,0.4979851543903351,90,2024-04-06,FW,Aston Villa,Brentford,38.0,Ollie Watkins,h,OpenPlay,EPL,Aston Villa,2727,0.0,2675.0,319.0,52.0,281.0
22205,2023,8865,2,0.4979851543903351,90,2024-04-06,FW,Aston Villa,Brentford,79.0,Ollie Watkins,h,OpenPlay,EPL,Aston Villa,2727,0.0,2716.0,41.0,11.0,281.0
22216,2023,8865,1,0.50828617811203,90,2024-04-14,FW,Arsenal,Aston Villa,86.0,Ollie Watkins,a,OpenPlay,EPL,Aston Villa,2817,0.0,2813.0,97.0,4.0,11.0
22225,2023,8865,0,0.5201835036277771,90,2024-04-21,FW,Aston Villa,Bournemouth,,Ollie Watkins,h,NoGoal,EPL,Aston Villa,2907,0.0,2813.0,0.0,94.0,4.0
22236,2023,8865,0,0.2465727776288986,90,2024-04-27,FW,Aston Villa,Chelsea,,Ollie Watkins,h,NoGoal,EPL,Aston Villa,2997,0.0,2813.0,0.0,184.0,94.0
22247,2023,8865,0,0.0,90,2024-05-05,FW,Brighton,Aston Villa,,Ollie Watkins,a,NoGoal,EPL,Aston Villa,3087,0.0,2813.0,0.0,274.0,184.0
22256,2023,8865,0,0.5268839001655579,90,2024-05-13,FW,Aston Villa,Liverpool,,Ollie Watkins,h,NoGoal,EPL,Aston Villa,3177,0.0,2813.0,0.0,364.0,274.0
22270,2023,8865,0,0.1699755936861038,73,2024-05-19,FW,Crystal Palace,Aston Villa,,Ollie Watkins,a,NoGoal,EPL,Aston Villa,3250,0.0,2813.0,0.0,437.0,364.0
26608,2024,8865,0,0.0,65,2024-08-17,FW,West Ham,Aston Villa,,Ollie Watkins,a,NoGoal,EPL,Aston Villa,3315,0.0,2813.0,0.0,502.0,437.0
26618,2024,8865,0,0.8521124720573425,71,2024-08-24,FW,Aston Villa,Arsenal,,Ollie Watkins,h,NoGoal,EPL,Aston Villa,3386,0.0,2813.0,0.0,573.0,502.0
26626,2024,8865,0,0.8392611145973206,63,2024-08-31,FW,Leicester,Aston Villa,,Ollie Watkins,a,NoGoal,EPL,Aston Villa,3449,0.0,2813.0,0.0,636.0,573.0
26638,2024,8865,2,2.166302442550659,90,2024-09-14,FW,Aston Villa,Everton,35.0,Ollie Watkins,h,OpenPlay,EPL,Aston Villa,3539,0.0,3484.0,671.0,55.0,636.0
26638,2024,8865,2,2.166302442550659,90,2024-09-14,FW,Aston Villa,Everton,57.0,Ollie Watkins,h,OpenPlay,EPL,Aston Villa,3539,0.0,3506.0,22.0,33.0,636.0
26647,2024,8865,1,0.8843710422515869,90,2024-09-21,FW,Aston Villa,Wolverhampton Wanderers,72.0,Ollie Watkins,h,OpenPlay,EPL,Aston Villa,3629,0.0,3611.0,105.0,18.0,33.0
26659,2024,8865,1,0.5488311648368835,87,2024-09-29,FW,Ipswich,Aston Villa,31.0,Ollie Watkins,a,OpenPlay,EPL,Aston Villa,3716,0.0,3660.0,49.0,56.0,18.0
26670,2024,8865,0,0.0874978378415107,90,2024-10-06,FW,Aston Villa,Manchester United,,Ollie Watkins,h,NoGoal,EPL,Aston Villa,3806,0.0,3660.0,0.0,146.0,56.0
26673,2024,8865,1,0.3862773478031158,79,2024-10-19,FW,Fulham,Aston Villa,58.0,Ollie Watkins,a,FromCorner,EPL,Aston Villa,3885,0.0,3864.0,204.0,21.0,146.0
26684,2024,8865,0,0.2233870774507522,86,2024-10-26,FW,Aston Villa,Bournemouth,,Ollie Watkins,h,NoGoal,EPL,Aston Villa,3971,0.0,3864.0,0.0,107.0,21.0
26700,2024,8865,0,0.7986211180686951,90,2024-11-03,FW,Tottenham,Aston Villa,,Ollie Watkins,a,NoGoal,EPL,Aston Villa,4061,0.0,3864.0,0.0,197.0,107.0
26707,2024,8865,0,0.5301581621170044,68,2024-11-09,FW,Liverpool,Aston Villa,,Ollie Watkins,a,NoGoal,EPL,Aston Villa,4129,0.0,3864.0,0.0,265.0,197.0
26716,2024,8865,1,1.080899357795715,90,2024-11-23,FW,Aston Villa,Crystal Palace,35.0,Ollie Watkins,h,OpenPlay,EPL,Aston Villa,4219,0.0,4164.0,300.0,55.0,265.0
26724,2024,8865,0,0.388162612915039,89,2024-12-01,FW,Chelsea,Aston Villa,,Ollie Watkins,a,NoGoal,EPL,Aston Villa,4308,0.0,4164.0,0.0,144.0,55.0
26734,2024,8865,1,1.5067274570465088,68,2024-12-04,FW,Aston Villa,Brentford,27.0,Ollie Watkins,h,Penalty,EPL,Aston Villa,4376,0.0,4335.0,171.0,41.0,144.0
26742,2024,8865,0,0.3170668184757232,31,2024-12-07,Sub,Aston Villa,Southampton,,Ollie Watkins,h,NoGoal,EPL,Aston Villa,4407,59.0,4335.0,0.0,72.0,41.0
26761,2024,8865,0,0.0,13,2024-12-14,Sub,Nottingham Forest,Aston Villa,,Ollie Watkins,a,NoGoal,EPL,Aston Villa,4420,77.0,4335.0,0.0,85.0,72.0
26762,2024,8865,0,0.1330056190490722,9,2024-12-21,Sub,Aston Villa,Manchester City,,Ollie Watkins,h,NoGoal,EPL,Aston Villa,4429,81.0,4335.0,0.0,94.0,85.0
26778,2024,8865,0,0.0,40,2024-12-26,Sub,Newcastle United,Aston Villa,,Ollie Watkins,a,NoGoal,EPL,Aston Villa,4469,50.0,4335.0,0.0,134.0,94.0
26782,2024,8865,1,1.1078153848648071,90,2024-12-30,FW,Aston Villa,Brighton,35.0,Ollie Watkins,h,Penalty,EPL,Aston Villa,4559,0.0,4504.0,169.0,55.0,134.0
26793,2024,8865,0,0.7242773771286011,90,2025-01-04,FW,Aston Villa,Leicester,,Ollie Watkins,h,NoGoal,EPL,Aston Villa,4649,0.0,4504.0,0.0,145.0,55.0
26804,2024,8865,1,0.4585499465465545,90,2025-01-15,FW,Everton,Aston Villa,50.0,Ollie Watkins,a,OpenPlay,EPL,Aston Villa,4739,0.0,4699.0,195.0,40.0,145.0
26812,2024,8865,1,0.6846120953559875,82,2025-01-18,FW,Arsenal,Aston Villa,67.0,Ollie Watkins,a,SetPiece,EPL,Aston Villa,4821,0.0,4806.0,107.0,15.0,40.0
26823,2024,8865,0,0.1238968446850776,75,2025-01-26,FW,Aston Villa,West Ham,,Ollie Watkins,h,NoGoal,EPL,Aston Villa,4896,0.0,4806.0,0.0,90.0,15.0
26841,2024,8865,0,0.0,50,2025-02-01,FW,Wolverhampton Wanderers,Aston Villa,,Ollie Watkins,a,NoGoal,EPL,Aston Villa,4946,0.0,4806.0,0.0,140.0,90.0
26842,2024,8865,1,0.751914918422699,90,2025-02-15,FW,Aston Villa,Ipswich,68.0,Ollie Watkins,h,SetPiece,EPL,Aston Villa,5036,0.0,5014.0,208.0,22.0,140.0
26884,2024,8865,1,0.3393578827381134,90,2025-02-19,FW,Aston Villa,Liverpool,47.0,Ollie Watkins,h,OpenPlay,EPL,Aston Villa,5126,0.0,5083.0,69.0,43.0,22.0
26854,2024,8865,0,0.7324151992797852,83,2025-02-22,FW,Aston Villa,Chelsea,,Ollie Watkins,h,NoGoal,EPL,Aston Villa,5209,0.0,5083.0,0.0,126.0,43.0
26868,2024,8865,0,0.0,72,2025-02-25,FW,Crystal Palace,Aston Villa,,Ollie Watkins,a,NoGoal,EPL,Aston Villa,5281,0.0,5083.0,0.0,198.0,126.0
26872,2024,8865,1,0.5448225736618042,90,2025-03-08,FW,Brentford,Aston Villa,48.0,Ollie Watkins,a,OpenPlay,EPL,Aston Villa,5371,0.0,5329.0,246.0,42.0,198.0
26893,2024,8865,0,0.0,24,2025-04-02,Sub,Brighton,Aston Villa,,Ollie Watkins,a,NoGoal,EPL,Aston Villa,5395,66.0,5329.0,0.0,66.0,42.0
26902,2024,8865,0,0.0,63,2025-04-05,FW,Aston Villa,Nottingham Forest,,Ollie Watkins,h,NoGoal,EPL,Aston Villa,5458,0.0,5329.0,0.0,129.0,66.0
26921,2024,8865,1,0.3467516601085663,23,2025-04-12,Sub,Southampton,Aston Villa,72.0,Ollie Watkins,a,OpenPlay,EPL,Aston Villa,5481,67.0,5463.0,134.0,18.0,129.0
26922,2024,8865,1,0.7475376129150391,86,2025-04-19,FW,Aston Villa,Newcastle United,0.0,Ollie Watkins,h,OpenPlay,EPL,Aston Villa,5567,0.0,5481.0,18.0,86.0,18.0
26937,2024,8865,0,0.0,10,2025-04-22,Sub,Manchester City,Aston Villa,,Ollie Watkins,a,NoGoal,EPL,Aston Villa,5577,80.0,5481.0,0.0,96.0,86.0
26946,2024,8865,0,0.1528158187866211,72,2025-05-03,FW,Aston Villa,Fulham,,Ollie Watkins,h,NoGoal,EPL,Aston Villa,5649,0.0,5481.0,0.0,168.0,96.0
26955,2024,8865,1,0.5449903607368469,90,2025-05-10,FW,Bournemouth,Aston Villa,50.0,Ollie Watkins,a,OpenPlay,EPL,Aston Villa,5739,0.0,5699.0,218.0,40.0,168.0
26963,2024,8865,0,0.6300190091133118,87,2025-05-16,FW,Aston Villa,Tottenham,,Ollie Watkins,h,NoGoal,EPL,Aston Villa,5826,0.0,5699.0,0.0,127.0,40.0
26974,2024,8865,0,0.0,90,2025-05-25,FW,Manchester United,Aston Villa,,Ollie Watkins,a,NoGoal,EPL,Aston Villa,5916,0.0,5699.0,0.0,217.0,127.0
28779,2025,8865,0,0.0799555703997612,90,2025-08-16,FW,Aston Villa,Newcastle United,,Ollie Watkins,h,NoGoal,EPL,Aston Villa,6006,0.0,5699.0,0.0,307.0,217.0
28790,2025,8865,0,0.3496893644332886,90,2025-08-23,FW,Brentford,Aston Villa,,Ollie Watkins,a,NoGoal,EPL,Aston Villa,6096,0.0,5699.0,0.0,397.0,307.0
28807,2025,8865,0,0.5413566827774048,90,2025-08-31,FW,Aston Villa,Crystal Palace,,Ollie Watkins,h,NoGoal,EPL,Aston Villa,6186,0.0,5699.0,0.0,487.0,397.0
28812,2025,8865,0,0.0,85,2025-09-13,FW,Everton,Aston Villa,,Ollie Watkins,a,NoGoal,EPL,Aston Villa,6271,0.0,5699.0,0.0,572.0,487.0
28826,2025,8865,0,0.0,90,2025-09-21,FW,Sunderland,Aston Villa,,Ollie Watkins,a,NoGoal,EPL,Aston Villa,6361,0.0,5699.0,0.0,662.0,572.0
28831,2025,8865,1,0.2963070869445801,90,2025-09-28,FW,Aston Villa,Fulham,36.0,Ollie Watkins,h,OpenPlay,EPL,Aston Villa,6451,0.0,6397.0,698.0,54.0,662.0
28840,2025,8865,0,0.1747788488864898,70,2025-10-05,FW,Aston Villa,Burnley,,Ollie Watkins,h,NoGoal,EPL,Aston Villa,6521,0.0,6397.0,0.0,124.0,54.0
28856,2025,8865,0,0.0880443975329399,24,2025-10-19,Sub,Tottenham,Aston Villa,,Ollie Watkins,a,NoGoal,EPL,Aston Villa,6545,66.0,6397.0,0.0,148.0,124.0
28860,2025,8865,0,0.1763026565313339,89,2025-10-26,FW,Aston Villa,Manchester City,,Ollie Watkins,h,NoGoal,EPL,Aston Villa,6634,0.0,6397.0,0.0,237.0,148.0
28872,2025,8865,0,0.0,79,2025-11-01,FW,Liverpool,Aston Villa,,Ollie Watkins,a,NoGoal,EPL,Aston Villa,6713,0.0,6397.0,0.0,316.0,237.0
28878,2025,8865,0,0.8464891314506531,88,2025-11-09,FW,Aston Villa,Bournemouth,,Ollie Watkins,h,NoGoal,EPL,Aston Villa,6801,0.0,6397.0,0.0,404.0,316.0
28893,2025,8865,0,0.5314382314682007,74,2025-11-23,FW,Leeds,Aston Villa,,Ollie Watkins,a,NoGoal,EPL,Aston Villa,6875,0.0,6397.0,0.0,478.0,404.0
28898,2025,8865,0,0.0,34,2025-11-30,Sub,Aston Villa,Wolverhampton Wanderers,,Ollie Watkins,h,NoGoal,EPL,Aston Villa,6909,56.0,6397.0,0.0,512.0,478.0
28910,2025,8865,2,1.0198954343795776,90,2025-12-03,FW,Brighton,Aston Villa,36.0,Ollie Watkins,a,OpenPlay,EPL,Aston Villa,6999,0.0,6945.0,548.0,54.0,512.0
28910,2025,8865,2,1.0198954343795776,90,2025-12-03,FW,Brighton,Aston Villa,51.0,Ollie Watkins,a,OpenPlay,EPL,Aston Villa,6999,0.0,6960.0,15.0,39.0,512.0
28919,2025,8865,0,0.7124260663986206,67,2025-12-06,FW,Aston Villa,Arsenal,,Ollie Watkins,h,NoGoal,EPL,Aston Villa,7066,0.0,6960.0,0.0,106.0,39.0
28937,2025,8865,0,0.0,77,2025-12-14,FW,West Ham,Aston Villa,,Ollie Watkins,a,NoGoal,EPL,Aston Villa,7143,0.0,6960.0,0.0,183.0,106.0
28939,2025,8865,0,0.6074949502944946,79,2025-12-21,FW,Aston Villa,Manchester United,,Ollie Watkins,h,NoGoal,EPL,Aston Villa,7222,0.0,6960.0,0.0,262.0,183.0
28951,2025,8865,2,1.199978947639465,29,2025-12-27,Sub,Chelsea,Aston Villa,62.0,Ollie Watkins,a,OpenPlay,EPL,Aston Villa,7251,61.0,7223.0,263.0,28.0,262.0
28951,2025,8865,2,1.199978947639465,29,2025-12-27,Sub,Chelsea,Aston Villa,83.0,Ollie Watkins,a,FromCorner,EPL,Aston Villa,7251,61.0,7244.0,21.0,7.0,262.0
28958,2025,8865,1,1.57807719707489,90,2025-12-30,FW,Arsenal,Aston Villa,93.0,Ollie Watkins,a,OpenPlay,EPL,Aston Villa,7341,0.0,7344.0,100.0,0.0,7.0
28972,2025,8865,1,0.5146124958992004,85,2026-01-03,FW,Aston Villa,Nottingham Forest,45.0,Ollie Watkins,h,OpenPlay,EPL,Aston Villa,7426,0.0,7386.0,42.0,40.0,0.0
28983,2025,8865,0,1.0495721101760864,90,2026-01-07,FW,Crystal Palace,Aston Villa,,Ollie Watkins,a,NoGoal,EPL,Aston Villa,7516,0.0,7386.0,0.0,130.0,40.0
28988,2025,8865,0,0.0918790847063064,90,2026-01-18,FW,Aston Villa,Everton,,Ollie Watkins,h,NoGoal,EPL,Aston Villa,7606,0.0,7386.0,0.0,220.0,130.0
29006,2025,8865,1,0.8624435663223267,90,2026-01-25,FW,Newcastle United,Aston Villa,87.0,Ollie Watkins,a,FromCorner,EPL,Aston Villa,7696,0.0,7693.0,307.0,3.0,220.0
29018,2025,8865,0,0.0965082198381424,89,2026-02-07,FW,Bournemouth,Aston Villa,,Ollie Watkins,a,NoGoal,EPL,Aston Villa,7785,0.0,7693.0,0.0,92.0,3.0
29028,2025,8865,0,0.015966122969985,77,2026-02-11,FW,Aston Villa,Brighton,,Ollie Watkins,h,NoGoal,EPL,Aston Villa,7862,0.0,7693.0,0.0,169.0,92.0
29038,2025,8865,0,0.1746861189603805,90,2026-02-21,FW,Aston Villa,Leeds,,Ollie Watkins,h,NoGoal,EPL,Aston Villa,7952,0.0,7693.0,0.0,259.0,169.0
29057,2025,8865,0,0.0926277935504913,87,2026-02-27,FW,Wolverhampton Wanderers,Aston Villa,,Ollie Watkins,a,NoGoal,EPL,Aston Villa,8039,0.0,7693.0,0.0,346.0,259.0
29059,2025,8865,0,0.3829356133937835,81,2026-03-04,FW,Aston Villa,Chelsea,,Ollie Watkins,h,NoGoal,EPL,Aston Villa,8120,0.0,7693.0,0.0,427.0,346.0
29074,2025,8865,0,0.0,61,2026-03-15,FW,Manchester United,Aston Villa,,Ollie Watkins,a,NoGoal,EPL,Aston Villa,8181,0.0,7693.0,0.0,488.0,427.0
29079,2025,8865,1,1.000862717628479,90,2026-03-22,FW,Aston Villa,West Ham,67.0,Ollie Watkins,h,OpenPlay,EPL,Aston Villa,8271,0.0,8248.0,555.0,23.0,488.0
29089,2025,8865,0,0.333867460489273,90,2026-04-12,FW,Nottingham Forest,Aston Villa,,Ollie Watkins,a,NoGoal,EPL,Aston Villa,8361,0.0,8248.0,0.0,113.0,23.0
29098,2025,8865,2,1.8708590269088743,82,2026-04-19,FW,Aston Villa,Sunderland,1.0,Ollie Watkins,h,OpenPlay,EPL,Aston Villa,8443,0.0,8362.0,114.0,81.0,113.0
29098,2025,8865,2,1.8708590269088743,82,2026-04-19,FW,Aston Villa,Sunderland,35.0,Ollie Watkins,h,OpenPlay,EPL,Aston Villa,8443,0.0,8396.0,34.0,47.0,113.0
29112,2025,8865,0,0.161218836903572,82,2026-04-25,FW,Fulham,Aston Villa,,Ollie Watkins,a,NoGoal,EPL,Aston Villa,8525,0.0,8396.0,0.0,129.0,47.0
29120,2025,8865,0,0.0102011496201157,29,2026-05-03,Sub,Aston Villa,Tottenham,,Ollie Watkins,h,NoGoal,EPL,Aston Villa,8554,61.0,8396.0,0.0,158.0,129.0
29129,2025,8865,1,0.3746309280395508,90,2026-05-10,FW,Burnley,Aston Villa,55.0,Ollie Watkins,a,OpenPlay,EPL,Aston Villa,8644,0.0,8609.0,213.0,35.0,158.0
29140,2025,8865,2,2.162132024765014,90,2026-05-15,FW,Aston Villa,Liverpool,56.0,Ollie Watkins,h,OpenPlay,EPL,Aston Villa,8734,0.0,8700.0,91.0,34.0,35.0
29140,2025,8865,2,2.162132024765014,90,2026-05-15,FW,Aston Villa,Liverpool,72.0,Ollie Watkins,h,FromCorner,EPL,Aston Villa,8734,0.0,8716.0,16.0,18.0,35.0
22688,2023,9002,0,1.49879252910614,90,2023-08-12,FW,Las Palmas,Mallorca,,Vedat Muriqi,a,NoGoal,La_Liga,Mallorca,90,0.0,,,,
22695,2023,9002,0,0.0218051206320524,90,2023-08-18,FW,Mallorca,Villarreal,,Vedat Muriqi,h,NoGoal,La_Liga,Mallorca,180,0.0,,,,
22708,2023,9002,0,0.7843033075332642,90,2023-08-26,FW,Granada,Mallorca,,Vedat Muriqi,a,NoGoal,La_Liga,Mallorca,270,0.0,,,,
22721,2023,9002,0,0.1038956567645073,90,2023-09-03,FW,Mallorca,Athletic Club,,Vedat Muriqi,h,NoGoal,La_Liga,Mallorca,360,0.0,,,,
22727,2023,9002,1,0.6350519061088562,90,2023-09-16,FW,Celta Vigo,Mallorca,84.0,Vedat Muriqi,a,OpenPlay,La_Liga,Mallorca,450,0.0,444.0,,6.0,
22739,2023,9002,1,0.7905476689338684,86,2023-09-23,FW,Girona,Mallorca,3.0,Vedat Muriqi,a,Penalty,La_Liga,Mallorca,536,0.0,453.0,9.0,83.0,6.0
22749,2023,9002,1,0.5270295739173889,90,2023-09-26,FW,Mallorca,Barcelona,7.0,Vedat Muriqi,h,OpenPlay,La_Liga,Mallorca,626,0.0,543.0,90.0,83.0,83.0
22764,2023,9002,1,0.7928944826126099,90,2023-09-30,FW,Rayo Vallecano,Mallorca,43.0,Vedat Muriqi,a,SetPiece,La_Liga,Mallorca,716,0.0,669.0,126.0,47.0,83.0
22768,2023,9002,0,0.0582480765879154,90,2023-10-07,FW,Mallorca,Valencia,,Vedat Muriqi,h,NoGoal,La_Liga,Mallorca,806,0.0,669.0,0.0,137.0,47.0
22781,2023,9002,0,0.5288906693458557,90,2023-10-21,FW,Real Sociedad,Mallorca,,Vedat Muriqi,a,NoGoal,La_Liga,Mallorca,896,0.0,669.0,0.0,227.0,137.0
22793,2023,9002,0,0.1366939693689346,90,2023-10-28,FW,Mallorca,Getafe,,Vedat Muriqi,h,NoGoal,La_Liga,Mallorca,986,0.0,669.0,0.0,317.0,227.0
22795,2023,9002,0,0.3953795433044433,86,2023-11-04,FW,Real Betis,Mallorca,,Vedat Muriqi,a,NoGoal,La_Liga,Mallorca,1072,0.0,669.0,0.0,403.0,317.0
22893,2023,9002,0,0.0,9,2024-01-20,Sub,Villarreal,Mallorca,,Vedat Muriqi,a,NoGoal,La_Liga,Mallorca,1081,81.0,669.0,0.0,412.0,403.0
22901,2023,9002,0,0.475550502538681,24,2024-01-27,Sub,Mallorca,Real Betis,,Vedat Muriqi,h,NoGoal,La_Liga,Mallorca,1105,66.0,669.0,0.0,436.0,412.0
22905,2023,9002,0,0.0,42,2024-02-02,Sub,Athletic Club,Mallorca,,Vedat Muriqi,a,NoGoal,La_Liga,Mallorca,1147,48.0,669.0,0.0,478.0,436.0
22917,2023,9002,1,0.5765436887741089,90,2024-02-11,FW,Mallorca,Rayo Vallecano,90.0,Vedat Muriqi,h,FromCorner,La_Liga,Mallorca,1237,0.0,1237.0,568.0,0.0,478.0
22927,2023,9002,0,0.0,90,2024-02-18,FW,Mallorca,Real Sociedad,,Vedat Muriqi,h,NoGoal,La_Liga,Mallorca,1327,0.0,1237.0,0.0,90.0,0.0
22943,2023,9002,0,0.0434484221041202,90,2024-02-24,FW,Alaves,Mallorca,,Vedat Muriqi,a,NoGoal,La_Liga,Mallorca,1417,0.0,1237.0,0.0,180.0,90.0
22950,2023,9002,0,0.1283038854598999,90,2024-03-03,FW,Mallorca,Girona,,Vedat Muriqi,h,NoGoal,La_Liga,Mallorca,1507,0.0,1237.0,0.0,270.0,180.0
22956,2023,9002,0,0.1979719847440719,90,2024-03-08,FW,Barcelona,Mallorca,,Vedat Muriqi,a,NoGoal,La_Liga,Mallorca,1597,0.0,1237.0,0.0,360.0,270.0
22973,2023,9002,0,0.6950759291648865,90,2024-03-16,FW,Mallorca,Granada,,Vedat Muriqi,h,NoGoal,La_Liga,Mallorca,1687,0.0,1237.0,0.0,450.0,360.0
22984,2023,9002,0,0.2854245901107788,90,2024-03-30,FW,Valencia,Mallorca,,Vedat Muriqi,a,NoGoal,La_Liga,Mallorca,1777,0.0,1237.0,0.0,540.0,450.0
22988,2023,9002,0,0.3539755642414093,90,2024-04-13,FW,Mallorca,Real Madrid,,Vedat Muriqi,h,NoGoal,La_Liga,Mallorca,1867,0.0,1237.0,0.0,630.0,540.0
23003,2023,9002,0,0.5434494614601135,83,2024-04-22,FW,Sevilla,Mallorca,,Vedat Muriqi,a,NoGoal,La_Liga,Mallorca,1950,0.0,1237.0,0.0,713.0,630.0
23008,2023,9002,1,0.2081398367881775,89,2024-04-28,FW,Cadiz,Mallorca,11.0,Vedat Muriqi,a,OpenPlay,La_Liga,Mallorca,2039,0.0,1961.0,724.0,78.0,713.0
23018,2023,9002,0,0.1669620871543884,90,2024-05-04,FW,Mallorca,Atletico Madrid,,Vedat Muriqi,h,NoGoal,La_Liga,Mallorca,2129,0.0,1961.0,0.0,168.0,78.0
23034,2023,9002,0,0.0761159881949424,83,2024-05-11,FW,Mallorca,Las Palmas,,Vedat Muriqi,h,NoGoal,La_Liga,Mallorca,2212,0.0,1961.0,0.0,251.0,168.0
23051,2023,9002,0,0.4492711722850799,90,2024-05-19,FW,Mallorca,Almeria,,Vedat Muriqi,h,NoGoal,La_Liga,Mallorca,2302,0.0,1961.0,0.0,341.0,251.0
23057,2023,9002,1,0.7467690110206604,33,2024-05-26,Sub,Getafe,Mallorca,89.0,Vedat Muriqi,a,FromCorner,La_Liga,Mallorca,2335,57.0,2334.0,373.0,1.0,341.0
26989,2024,9002,1,0.8748745918273926,90,2024-08-18,FW,Mallorca,Real Madrid,52.0,Vedat Muriqi,h,FromCorner,La_Liga,Mallorca,2425,0.0,2387.0,53.0,38.0,1.0
26994,2024,9002,0,0.0768294930458068,90,2024-08-24,FW,Osasuna,Mallorca,,Vedat Muriqi,a,NoGoal,La_Liga,Mallorca,2515,0.0,2387.0,0.0,128.0,38.0
27003,2024,9002,0,0.7248470783233643,83,2024-08-27,FW,Mallorca,Sevilla,,Vedat Muriqi,h,NoGoal,La_Liga,Mallorca,2598,0.0,2387.0,0.0,211.0,128.0
27016,2024,9002,0,0.0216163806617259,90,2024-08-31,FW,Leganes,Mallorca,,Vedat Muriqi,a,NoGoal,La_Liga,Mallorca,2688,0.0,2387.0,0.0,301.0,211.0
27026,2024,9002,0,0.0153022799640893,90,2024-09-14,FW,Mallorca,Villarreal,,Vedat Muriqi,h,NoGoal,La_Liga,Mallorca,2778,0.0,2387.0,0.0,391.0,301.0
27045,2024,9002,0,0.5395001173019409,25,2024-09-17,Sub,Mallorca,Real Sociedad,,Vedat Muriqi,h,NoGoal,La_Liga,Mallorca,2803,65.0,2387.0,0.0,416.0,391.0
27077,2024,9002,1,1.152685046195984,86,2024-10-20,FW,Mallorca,Rayo Vallecano,75.0,Vedat Muriqi,h,FromCorner,La_Liga,Mallorca,2889,0.0,2878.0,491.0,11.0,416.0
27083,2024,9002,0,0.4292206466197967,90,2024-10-28,FW,Mallorca,Athletic Club,,Vedat Muriqi,h,NoGoal,La_Liga,Mallorca,2979,0.0,2878.0,0.0,101.0,11.0
27097,2024,9002,0,0.1117271408438682,31,2024-11-01,Sub,Alaves,Mallorca,,Vedat Muriqi,a,NoGoal,La_Liga,Mallorca,3010,59.0,2878.0,0.0,132.0,101.0
27107,2024,9002,0,0.222936138510704,90,2024-11-10,FW,Mallorca,Atletico Madrid,,Vedat Muriqi,h,NoGoal,La_Liga,Mallorca,3100,0.0,2878.0,0.0,222.0,132.0
27115,2024,9002,0,0.1921153515577316,88,2024-11-23,FW,Las Palmas,Mallorca,,Vedat Muriqi,a,NoGoal,La_Liga,Mallorca,3188,0.0,2878.0,0.0,310.0,222.0
27167,2024,9002,1,0.7417718172073364,81,2024-12-03,FW,Mallorca,Barcelona,42.0,Vedat Muriqi,h,OpenPlay,La_Liga,Mallorca,3269,0.0,3230.0,352.0,39.0,310.0
27136,2024,9002,0,0.0,30,2024-12-06,Sub,Celta Vigo,Mallorca,,Vedat Muriqi,a,NoGoal,La_Liga,Mallorca,3299,60.0,3230.0,0.0,69.0,39.0
27146,2024,9002,0,0.0,31,2024-12-14,FW,Mallorca,Girona,,Vedat Muriqi,h,NoGoal,La_Liga,Mallorca,3330,0.0,3230.0,0.0,100.0,69.0
27178,2024,9002,0,0.1837221682071685,90,2025-01-20,FW,Villarreal,Mallorca,,Vedat Muriqi,a,NoGoal,La_Liga,Mallorca,3420,0.0,3230.0,0.0,190.0,100.0
27187,2024,9002,0,0.0,25,2025-01-25,Sub,Mallorca,Real Betis,,Vedat Muriqi,h,NoGoal,La_Liga,Mallorca,3445,65.0,3230.0,0.0,215.0,190.0
27192,2024,9002,0,0.0744046345353126,90,2025-02-01,FW,Atletico Madrid,Mallorca,,Vedat Muriqi,a,NoGoal,La_Liga,Mallorca,3535,0.0,3230.0,0.0,305.0,215.0
27210,2024,9002,1,0.8937986493110657,83,2025-02-10,FW,Mallorca,Osasuna,80.0,Vedat Muriqi,h,Penalty,La_Liga,Mallorca,3618,0.0,3615.0,385.0,3.0,305.0
27217,2024,9002,2,1.1092917919158936,89,2025-02-16,FW,Mallorca,Las Palmas,6.0,Vedat Muriqi,h,OpenPlay,La_Liga,Mallorca,3707,0.0,3624.0,9.0,83.0,3.0
27217,2024,9002,2,1.1092917919158936,89,2025-02-16,FW,Mallorca,Las Palmas,27.0,Vedat Muriqi,h,OpenPlay,La_Liga,Mallorca,3707,0.0,3645.0,21.0,62.0,3.0
27229,2024,9002,0,0.2034159004688263,80,2025-02-24,FW,Sevilla,Mallorca,,Vedat Muriqi,a,NoGoal,La_Liga,Mallorca,3787,0.0,3645.0,0.0,142.0,62.0
27240,2024,9002,0,1.2863482236862185,90,2025-03-02,FW,Mallorca,Alaves,,Vedat Muriqi,h,NoGoal,La_Liga,Mallorca,3877,0.0,3645.0,0.0,232.0,142.0
27243,2024,9002,0,0.2985928356647491,86,2025-03-09,FW,Athletic Club,Mallorca,,Vedat Muriqi,a,NoGoal,La_Liga,Mallorca,3963,0.0,3645.0,0.0,318.0,232.0
27261,2024,9002,1,1.5930415391921997,90,2025-03-15,FW,Mallorca,Espanyol,96.0,Vedat Muriqi,h,Penalty,La_Liga,Mallorca,4053,0.0,4059.0,414.0,0.0,318.0
27278,2024,9002,0,0.0,36,2025-04-05,FW,Mallorca,Celta Vigo,,Vedat Muriqi,h,NoGoal,La_Liga,Mallorca,4089,0.0,4059.0,0.0,30.0,0.0
27312,2024,9002,0,0.0,16,2025-05-05,Sub,Girona,Mallorca,,Vedat Muriqi,a,NoGoal,La_Liga,Mallorca,4105,74.0,4059.0,0.0,46.0,30.0
27328,2024,9002,0,0.0903592556715011,68,2025-05-10,FW,Mallorca,Real Valladolid,,Vedat Muriqi,h,NoGoal,La_Liga,Mallorca,4173,0.0,4059.0,0.0,114.0,46.0
27339,2024,9002,0,0.0,90,2025-05-14,FW,Real Madrid,Mallorca,,Vedat Muriqi,a,NoGoal,La_Liga,Mallorca,4263,0.0,4059.0,0.0,204.0,114.0
27346,2024,9002,0,0.0,83,2025-05-18,FW,Mallorca,Getafe,,Vedat Muriqi,h,NoGoal,La_Liga,Mallorca,4346,0.0,4059.0,0.0,287.0,204.0
27360,2024,9002,0,0.1491011381149292,70,2025-05-24,FW,Rayo Vallecano,Mallorca,,Vedat Muriqi,a,NoGoal,La_Liga,Mallorca,4416,0.0,4059.0,0.0,357.0,287.0
29160,2025,9002,0,0.455783873796463,38,2025-08-16,FW,Mallorca,Barcelona,,Vedat Muriqi,h,NoGoal,La_Liga,Mallorca,4454,0.0,4059.0,0.0,395.0,357.0
29184,2025,9002,1,0.2201105207204818,90,2025-08-30,FW,Real Madrid,Mallorca,17.0,Vedat Muriqi,a,FromCorner,La_Liga,Mallorca,4544,0.0,4471.0,412.0,73.0,395.0
29198,2025,9002,2,1.6488595008850098,90,2025-09-15,FW,Espanyol,Mallorca,44.0,Vedat Muriqi,a,Penalty,La_Liga,Mallorca,4634,0.0,4588.0,117.0,46.0,73.0
29198,2025,9002,2,1.6488595008850098,90,2025-09-15,FW,Espanyol,Mallorca,64.0,Vedat Muriqi,a,OpenPlay,La_Liga,Mallorca,4634,0.0,4608.0,20.0,26.0,73.0
29204,2025,9002,1,0.3548421859741211,90,2025-09-21,FW,Mallorca,Atletico Madrid,84.0,Vedat Muriqi,h,OpenPlay,La_Liga,Mallorca,4724,0.0,4718.0,110.0,6.0,26.0
29215,2025,9002,0,0.0263132266700267,90,2025-09-24,FW,Real Sociedad,Mallorca,,Vedat Muriqi,a,NoGoal,La_Liga,Mallorca,4814,0.0,4718.0,0.0,96.0,6.0
29224,2025,9002,0,0.0186899974942207,70,2025-09-27,FW,Mallorca,Alaves,,Vedat Muriqi,h,NoGoal,La_Liga,Mallorca,4884,0.0,4718.0,0.0,166.0,96.0
29229,2025,9002,0,0.1212792471051216,90,2025-10-04,FW,Athletic Club,Mallorca,,Vedat Muriqi,a,NoGoal,La_Liga,Mallorca,4974,0.0,4718.0,0.0,256.0,166.0
29247,2025,9002,1,0.3038504421710968,90,2025-10-18,FW,Sevilla,Mallorca,66.0,Vedat Muriqi,a,OpenPlay,La_Liga,Mallorca,5064,0.0,5040.0,322.0,24.0,256.0
29257,2025,9002,0,0.4105409383773803,87,2025-10-26,FW,Mallorca,Levante,,Vedat Muriqi,h,NoGoal,La_Liga,Mallorca,5151,0.0,5040.0,0.0,111.0,24.0
29261,2025,9002,0,0.3321996927261352,82,2025-11-02,FW,Real Betis,Mallorca,,Vedat Muriqi,a,NoGoal,La_Liga,Mallorca,5233,0.0,5040.0,0.0,193.0,111.0
29276,2025,9002,1,0.4846874177455902,90,2025-11-09,FW,Mallorca,Getafe,13.0,Vedat Muriqi,h,OpenPlay,La_Liga,Mallorca,5323,0.0,5246.0,206.0,77.0,193.0
29287,2025,9002,0,0.509282112121582,14,2025-11-22,Sub,Villarreal,Mallorca,,Vedat Muriqi,a,NoGoal,La_Liga,Mallorca,5337,76.0,5246.0,0.0,91.0,77.0
29291,2025,9002,2,0.8142930865287781,90,2025-11-29,FW,Mallorca,Osasuna,61.0,Vedat Muriqi,h,Penalty,La_Liga,Mallorca,5427,0.0,5398.0,152.0,29.0,91.0
29291,2025,9002,2,0.8142930865287781,90,2025-11-29,FW,Mallorca,Osasuna,65.0,Vedat Muriqi,h,OpenPlay,La_Liga,Mallorca,5427,0.0,5402.0,4.0,25.0,91.0
29306,2025,9002,0,0.0288854036480188,90,2025-12-05,FW,Real Oviedo,Mallorca,,Vedat Muriqi,a,NoGoal,La_Liga,Mallorca,5517,0.0,5402.0,0.0,115.0,25.0
29314,2025,9002,1,1.4998257160186768,90,2025-12-13,FW,Mallorca,Elche,88.0,Vedat Muriqi,h,OpenPlay,La_Liga,Mallorca,5607,0.0,5605.0,203.0,2.0,115.0
29327,2025,9002,0,0.0829179808497428,90,2025-12-19,FW,Valencia,Mallorca,,Vedat Muriqi,a,NoGoal,La_Liga,Mallorca,5697,0.0,5605.0,0.0,92.0,2.0
29336,2025,9002,1,0.8222829699516296,90,2026-01-04,FW,Mallorca,Girona,90.0,Vedat Muriqi,h,Penalty,La_Liga,Mallorca,5787,0.0,5787.0,182.0,0.0,92.0
29347,2025,9002,1,0.7780746817588806,90,2026-01-11,FW,Rayo Vallecano,Mallorca,29.0,Vedat Muriqi,a,OpenPlay,La_Liga,Mallorca,5877,0.0,5816.0,29.0,61.0,0.0
29349,2025,9002,3,3.049044370651245,90,2026-01-17,FW,Mallorca,Athletic Club,4.0,Vedat Muriqi,h,OpenPlay,La_Liga,Mallorca,5967,0.0,5881.0,65.0,86.0,61.0
29349,2025,9002,3,3.049044370651245,90,2026-01-17,FW,Mallorca,Athletic Club,41.0,Vedat Muriqi,h,SetPiece,La_Liga,Mallorca,5967,0.0,5918.0,37.0,49.0,61.0
29349,2025,9002,3,3.049044370651245,90,2026-01-17,FW,Mallorca,Athletic Club,68.0,Vedat Muriqi,h,Penalty,La_Liga,Mallorca,5967,0.0,5945.0,27.0,22.0,61.0
29360,2025,9002,0,0.2648214101791382,90,2026-01-25,FW,Atletico Madrid,Mallorca,,Vedat Muriqi,a,NoGoal,La_Liga,Mallorca,6057,0.0,5945.0,0.0,112.0,22.0
29369,2025,9002,1,1.0614417791366575,90,2026-02-02,FW,Mallorca,Sevilla,25.0,Vedat Muriqi,h,Penalty,La_Liga,Mallorca,6147,0.0,6082.0,137.0,65.0,112.0
29381,2025,9002,0,0.5477319955825806,81,2026-02-07,FW,Barcelona,Mallorca,,Vedat Muriqi,a,NoGoal,La_Liga,Mallorca,6228,0.0,6082.0,0.0,146.0,65.0
29396,2025,9002,1,0.2593059837818146,90,2026-02-15,FW,Mallorca,Real Betis,65.0,Vedat Muriqi,h,OpenPlay,La_Liga,Mallorca,6318,0.0,6293.0,211.0,25.0,146.0
29403,2025,9002,0,0.0,78,2026-02-22,FW,Celta Vigo,Mallorca,,Vedat Muriqi,a,NoGoal,La_Liga,Mallorca,6396,0.0,6293.0,0.0,103.0,25.0
29411,2025,9002,0,0.4891586899757385,90,2026-02-28,FW,Mallorca,Real Sociedad,,Vedat Muriqi,h,NoGoal,La_Liga,Mallorca,6486,0.0,6293.0,0.0,193.0,103.0
29426,2025,9002,2,0.3970361649990082,90,2026-03-07,FW,Osasuna,Mallorca,34.0,Vedat Muriqi,a,OpenPlay,La_Liga,Mallorca,6576,0.0,6520.0,227.0,56.0,193.0
29426,2025,9002,2,0.3970361649990082,90,2026-03-07,FW,Osasuna,Mallorca,60.0,Vedat Muriqi,a,OpenPlay,La_Liga,Mallorca,6576,0.0,6546.0,26.0,30.0,193.0
29435,2025,9002,0,0.3421841561794281,90,2026-03-15,FW,Mallorca,Espanyol,,Vedat Muriqi,h,NoGoal,La_Liga,Mallorca,6666,0.0,6546.0,0.0,120.0,30.0
29440,2025,9002,0,1.2042995691299438,90,2026-03-21,FW,Elche,Mallorca,,Vedat Muriqi,a,NoGoal,La_Liga,Mallorca,6756,0.0,6546.0,0.0,210.0,120.0
29452,2025,9002,1,0.2136209905147552,90,2026-04-04,FW,Mallorca,Real Madrid,90.0,Vedat Muriqi,h,OpenPlay,La_Liga,Mallorca,6846,0.0,6846.0,300.0,0.0,210.0
29466,2025,9002,2,1.0181574821472168,90,2026-04-12,FW,Mallorca,Rayo Vallecano,35.0,Vedat Muriqi,h,FromCorner,La_Liga,Mallorca,6936,0.0,6881.0,35.0,55.0,0.0
29466,2025,9002,2,1.0181574821472168,90,2026-04-12,FW,Mallorca,Rayo Vallecano,39.0,Vedat Muriqi,h,OpenPlay,La_Liga,Mallorca,6936,0.0,6885.0,4.0,51.0,0.0
29481,2025,9002,0,0.8043422102928162,90,2026-04-21,FW,Mallorca,Valencia,,Vedat Muriqi,h,NoGoal,La_Liga,Mallorca,7026,0.0,6885.0,0.0,141.0,51.0
29473,2025,9002,0,0.0,90,2026-04-25,FW,Alaves,Mallorca,,Vedat Muriqi,a,NoGoal,La_Liga,Mallorca,7116,0.0,6885.0,0.0,231.0,141.0
29497,2025,9002,0,0.1523227095603943,90,2026-05-01,FW,Girona,Mallorca,,Vedat Muriqi,a,NoGoal,La_Liga,Mallorca,7206,0.0,6885.0,0.0,321.0,231.0
29502,2025,9002,1,0.8808956146240234,90,2026-05-10,FW,Mallorca,Villarreal,46.0,Vedat Muriqi,h,OpenPlay,La_Liga,Mallorca,7296,0.0,7252.0,367.0,44.0,321.0
29511,2025,9002,0,0.0679920762777328,90,2026-05-13,FW,Getafe,Mallorca,,Vedat Muriqi,a,NoGoal,La_Liga,Mallorca,7386,0.0,7252.0,0.0,134.0,44.0
29525,2025,9002,0,0.0385393463075161,90,2026-05-17,FW,Levante,Mallorca,,Vedat Muriqi,a,NoGoal,La_Liga,Mallorca,7476,0.0,7252.0,0.0,224.0,134.0
23071,2023,9749,1,0.1318504512310028,90,2023-08-19,AMR,Borussia Dortmund,FC Cologne,87.0,Donyell Malen,h,FromCorner,Bundesliga,Borussia Dortmund,90,0.0,87.0,,3.0,
23077,2023,9749,1,0.1160556003451347,82,2023-08-26,AMR,Bochum,Borussia Dortmund,55.0,Donyell Malen,a,OpenPlay,Bundesliga,Borussia Dortmund,172,0.0,145.0,58.0,27.0,3.0
23083,2023,9749,0,0.5894009470939636,90,2023-09-01,FWR,Borussia Dortmund,FC Heidenheim,,Donyell Malen,h,NoGoal,Bundesliga,Borussia Dortmund,262,0.0,145.0,0.0,117.0,27.0
23094,2023,9749,1,0.3770447671413421,90,2023-09-16,FWR,Freiburg,Borussia Dortmund,59.0,Donyell Malen,a,OpenPlay,Bundesliga,Borussia Dortmund,352,0.0,321.0,176.0,31.0,117.0
23105,2023,9749,0,0.1286914944648742,26,2023-09-23,Sub,Borussia Dortmund,Wolfsburg,,Donyell Malen,h,NoGoal,Bundesliga,Borussia Dortmund,378,64.0,321.0,0.0,57.0,31.0
23110,2023,9749,0,0.0871351584792137,83,2023-09-29,AML,Hoffenheim,Borussia Dortmund,,Donyell Malen,a,NoGoal,Bundesliga,Borussia Dortmund,461,0.0,321.0,0.0,140.0,57.0
23120,2023,9749,0,0.0478850416839122,70,2023-10-07,AMR,Borussia Dortmund,Union Berlin,,Donyell Malen,h,NoGoal,Bundesliga,Borussia Dortmund,531,0.0,321.0,0.0,210.0,140.0
23128,2023,9749,0,0.3926927149295807,79,2023-10-20,MR,Borussia Dortmund,Werder Bremen,,Donyell Malen,h,NoGoal,Bundesliga,Borussia Dortmund,610,0.0,321.0,0.0,289.0,210.0
23140,2023,9749,0,0.5674393773078918,54,2023-10-29,AMR,Eintracht Frankfurt,Borussia Dortmund,,Donyell Malen,a,NoGoal,Bundesliga,Borussia Dortmund,664,0.0,321.0,0.0,343.0,289.0
23146,2023,9749,0,0.2460914701223373,59,2023-11-04,AML,Borussia Dortmund,Bayern Munich,,Donyell Malen,h,NoGoal,Bundesliga,Borussia Dortmund,723,0.0,321.0,0.0,402.0,343.0
23162,2023,9749,0,0.0,39,2023-11-11,Sub,VfB Stuttgart,Borussia Dortmund,,Donyell Malen,a,NoGoal,Bundesliga,Borussia Dortmund,762,51.0,321.0,0.0,441.0,402.0
23164,2023,9749,1,0.7123941779136658,19,2023-11-25,Sub,Borussia Dortmund,Borussia M.Gladbach,96.0,Donyell Malen,h,OpenPlay,Bundesliga,Borussia Dortmund,781,77.0,781.0,460.0,0.0,441.0
23182,2023,9749,0,0.0573005005717277,2,2023-12-09,Sub,Borussia Dortmund,RasenBallsport Leipzig,,Donyell Malen,h,NoGoal,Bundesliga,Borussia Dortmund,783,88.0,781.0,0.0,2.0,0.0
23198,2023,9749,1,0.5093531608581543,90,2023-12-16,FWR,Augsburg,Borussia Dortmund,34.0,Donyell Malen,a,OpenPlay,Bundesliga,Borussia Dortmund,873,0.0,817.0,36.0,56.0,2.0
23200,2023,9749,0,0.3222920000553131,90,2023-12-19,FWR,Borussia Dortmund,Mainz 05,,Donyell Malen,h,NoGoal,Bundesliga,Borussia Dortmund,963,0.0,817.0,0.0,146.0,56.0
23217,2023,9749,0,0.0494786500930786,90,2024-01-13,FWL,Darmstadt,Borussia Dortmund,,Donyell Malen,a,NoGoal,Bundesliga,Borussia Dortmund,1053,0.0,817.0,0.0,236.0,146.0
23223,2023,9749,2,0.5329006910324097,90,2024-01-20,FWR,FC Cologne,Borussia Dortmund,11.0,Donyell Malen,a,FromCorner,Bundesliga,Borussia Dortmund,1143,0.0,1064.0,247.0,79.0,236.0
23223,2023,9749,2,0.5329006910324097,90,2024-01-20,FWR,FC Cologne,Borussia Dortmund,60.0,Donyell Malen,a,OpenPlay,Bundesliga,Borussia Dortmund,1143,0.0,1113.0,49.0,30.0,236.0
23227,2023,9749,0,0.1286020874977111,74,2024-01-28,AMC,Borussia Dortmund,Bochum,,Donyell Malen,h,NoGoal,Bundesliga,Borussia Dortmund,1217,0.0,1113.0,0.0,104.0,30.0
23243,2023,9749,0,0.0633535385131836,90,2024-02-02,AMC,FC Heidenheim,Borussia Dortmund,,Donyell Malen,a,NoGoal,Bundesliga,Borussia Dortmund,1307,0.0,1113.0,0.0,194.0,104.0
23246,2023,9749,2,0.3670504689216614,90,2024-02-09,FW,Borussia Dortmund,Freiburg,15.0,Donyell Malen,h,OpenPlay,Bundesliga,Borussia Dortmund,1397,0.0,1322.0,209.0,75.0,194.0
23246,2023,9749,2,0.3670504689216614,90,2024-02-09,FW,Borussia Dortmund,Freiburg,51.0,Donyell Malen,h,OpenPlay,Bundesliga,Borussia Dortmund,1397,0.0,1358.0,36.0,39.0,194.0
23270,2023,9749,1,0.8661054372787476,90,2024-02-25,AML,Borussia Dortmund,Hoffenheim,20.0,Donyell Malen,h,FromCorner,Bundesliga,Borussia Dortmund,1487,0.0,1417.0,59.0,70.0,39.0
23286,2023,9749,1,0.2338889837265014,48,2024-03-09,AML,Werder Bremen,Borussia Dortmund,20.0,Donyell Malen,a,OpenPlay,Bundesliga,Borussia Dortmund,1535,0.0,1507.0,90.0,28.0,70.0
23290,2023,9749,0,0.0449318662285804,90,2024-03-17,FWR,Borussia Dortmund,Eintracht Frankfurt,,Donyell Malen,h,NoGoal,Bundesliga,Borussia Dortmund,1625,0.0,1507.0,0.0,118.0,28.0
23321,2023,9749,0,0.1521271020174026,32,2024-04-13,Sub,Borussia M.Gladbach,Borussia Dortmund,,Donyell Malen,a,NoGoal,Bundesliga,Borussia Dortmund,1657,58.0,1507.0,0.0,150.0,118.0
23344,2023,9749,1,1.022182822227478,65,2024-05-04,AMR,Borussia Dortmund,Augsburg,19.0,Donyell Malen,h,OpenPlay,Bundesliga,Borussia Dortmund,1722,0.0,1676.0,169.0,46.0,150.0
23356,2023,9749,0,0.0,47,2024-05-11,FWR,Mainz 05,Borussia Dortmund,,Donyell Malen,a,NoGoal,Bundesliga,Borussia Dortmund,1769,0.0,1676.0,0.0,93.0,46.0
23362,2023,9749,1,1.6336262226104736,28,2024-05-18,Sub,Borussia Dortmund,Darmstadt,87.0,Donyell Malen,h,OpenPlay,Bundesliga,Borussia Dortmund,1797,62.0,1794.0,118.0,3.0,93.0
27748,2024,9749,0,0.0,61,2024-08-24,DML,Borussia Dortmund,Eintracht Frankfurt,,Donyell Malen,h,NoGoal,Bundesliga,Borussia Dortmund,1858,0.0,1794.0,0.0,64.0,3.0
27753,2024,9749,0,0.0584606006741523,18,2024-08-31,Sub,Werder Bremen,Borussia Dortmund,,Donyell Malen,a,NoGoal,Bundesliga,Borussia Dortmund,1876,72.0,1794.0,0.0,82.0,64.0
27760,2024,9749,1,0.2157200425863266,61,2024-09-13,AMR,Borussia Dortmund,FC Heidenheim,10.0,Donyell Malen,h,OpenPlay,Bundesliga,Borussia Dortmund,1937,0.0,1886.0,92.0,51.0,82.0
27776,2024,9749,0,0.0,24,2024-09-22,Sub,VfB Stuttgart,Borussia Dortmund,,Donyell Malen,a,NoGoal,Bundesliga,Borussia Dortmund,1961,66.0,1886.0,0.0,75.0,51.0
27791,2024,9749,0,0.0,24,2024-10-05,Sub,Union Berlin,Borussia Dortmund,,Donyell Malen,a,NoGoal,Bundesliga,Borussia Dortmund,1985,66.0,1886.0,0.0,99.0,75.0
27798,2024,9749,0,1.2406816482543943,79,2024-10-18,AMR,Borussia Dortmund,St. Pauli,,Donyell Malen,h,NoGoal,Bundesliga,Borussia Dortmund,2064,0.0,1886.0,0.0,178.0,99.0
27809,2024,9749,1,0.3995875120162964,90,2024-10-26,AMR,Augsburg,Borussia Dortmund,3.0,Donyell Malen,a,OpenPlay,Bundesliga,Borussia Dortmund,2154,0.0,2067.0,181.0,87.0,178.0
27816,2024,9749,0,0.0,7,2024-11-02,Sub,Borussia Dortmund,RasenBallsport Leipzig,,Donyell Malen,h,NoGoal,Bundesliga,Borussia Dortmund,2161,83.0,2067.0,0.0,94.0,87.0
27828,2024,9749,0,0.0,28,2024-11-09,Sub,Mainz 05,Borussia Dortmund,,Donyell Malen,a,NoGoal,Bundesliga,Borussia Dortmund,2189,62.0,2067.0,0.0,122.0,94.0
27835,2024,9749,0,0.337409496307373,90,2024-11-23,MR,Borussia Dortmund,Freiburg,,Donyell Malen,h,NoGoal,Bundesliga,Borussia Dortmund,2279,0.0,2067.0,0.0,212.0,122.0
27842,2024,9749,0,0.0,13,2024-11-30,Sub,Borussia Dortmund,Bayern Munich,,Donyell Malen,h,NoGoal,Bundesliga,Borussia Dortmund,2292,77.0,2067.0,0.0,225.0,212.0
27854,2024,9749,0,0.1558343172073364,31,2024-12-07,Sub,Borussia M.Gladbach,Borussia Dortmund,,Donyell Malen,a,NoGoal,Bundesliga,Borussia Dortmund,2323,59.0,2067.0,0.0,256.0,225.0
27874,2024,9749,1,0.734190821647644,66,2024-12-22,MC,Wolfsburg,Borussia Dortmund,24.0,Donyell Malen,a,FromCorner,Bundesliga,Borussia Dortmund,2389,0.0,2347.0,280.0,42.0,256.0
27878,2024,9749,0,0.0799039080739021,10,2025-01-10,Sub,Borussia Dortmund,Bayer Leverkusen,,Donyell Malen,h,NoGoal,Bundesliga,Borussia Dortmund,2399,80.0,2347.0,0.0,52.0,42.0
26823,2024,9749,0,0.0578569844365119,16,2025-01-26,Sub,Aston Villa,West Ham,,Donyell Malen,h,NoGoal,EPL,Aston Villa,2415,74.0,2347.0,0.0,68.0,52.0
26841,2024,9749,0,0.4067702293395996,40,2025-02-01,Sub,Wolverhampton Wanderers,Aston Villa,,Donyell Malen,a,NoGoal,EPL,Aston Villa,2455,50.0,2347.0,0.0,108.0,68.0
26842,2024,9749,0,0.0673820972442627,67,2025-02-15,AMR,Aston Villa,Ipswich,,Donyell Malen,h,NoGoal,EPL,Aston Villa,2522,0.0,2347.0,0.0,175.0,108.0
26884,2024,9749,0,0.0690538883209228,20,2025-02-19,Sub,Aston Villa,Liverpool,,Donyell Malen,h,NoGoal,EPL,Aston Villa,2542,70.0,2347.0,0.0,195.0,175.0
26854,2024,9749,0,0.6195170283317566,6,2025-02-22,Sub,Aston Villa,Chelsea,,Donyell Malen,h,NoGoal,EPL,Aston Villa,2548,84.0,2347.0,0.0,201.0,195.0
26872,2024,9749,0,0.0,1,2025-03-08,Sub,Brentford,Aston Villa,,Donyell Malen,a,NoGoal,EPL,Aston Villa,2549,89.0,2347.0,0.0,202.0,201.0
26893,2024,9749,1,0.1128844320774078,1,2025-04-02,Sub,Brighton,Aston Villa,99.0,Donyell Malen,a,OpenPlay,EPL,Aston Villa,2550,98.0,2550.0,203.0,0.0,202.0
26902,2024,9749,1,0.6297279596328735,63,2025-04-05,AMR,Aston Villa,Nottingham Forest,14.0,Donyell Malen,h,OpenPlay,EPL,Aston Villa,2613,0.0,2564.0,14.0,49.0,0.0
26921,2024,9749,1,0.2669849395751953,23,2025-04-12,Sub,Southampton,Aston Villa,78.0,Donyell Malen,a,OpenPlay,EPL,Aston Villa,2636,67.0,2624.0,60.0,12.0,49.0
26922,2024,9749,0,0.0736905708909034,5,2025-04-19,Sub,Aston Villa,Newcastle United,,Donyell Malen,h,NoGoal,EPL,Aston Villa,2641,85.0,2624.0,0.0,17.0,12.0
26937,2024,9749,0,0.0196680333465337,1,2025-04-22,Sub,Manchester City,Aston Villa,,Donyell Malen,a,NoGoal,EPL,Aston Villa,2642,89.0,2624.0,0.0,18.0,17.0
26946,2024,9749,0,0.6964486241340637,18,2025-05-03,Sub,Aston Villa,Fulham,,Donyell Malen,h,NoGoal,EPL,Aston Villa,2660,72.0,2624.0,0.0,36.0,18.0
26963,2024,9749,0,0.0,3,2025-05-16,Sub,Aston Villa,Tottenham,,Donyell Malen,h,NoGoal,EPL,Aston Villa,2663,87.0,2624.0,0.0,39.0,36.0
26974,2024,9749,0,0.0,1,2025-05-25,Sub,Manchester United,Aston Villa,,Donyell Malen,a,NoGoal,EPL,Aston Villa,2664,89.0,2624.0,0.0,40.0,39.0
28779,2025,9749,0,0.0634842738509178,6,2025-08-16,Sub,Aston Villa,Newcastle United,,Donyell Malen,h,NoGoal,EPL,Aston Villa,2670,84.0,2624.0,0.0,46.0,40.0
28790,2025,9749,0,0.0,18,2025-08-23,Sub,Brentford,Aston Villa,,Donyell Malen,a,NoGoal,EPL,Aston Villa,2688,72.0,2624.0,0.0,64.0,46.0
28807,2025,9749,0,0.307823896408081,87,2025-08-31,AMR,Aston Villa,Crystal Palace,,Donyell Malen,h,NoGoal,EPL,Aston Villa,2775,0.0,2624.0,0.0,151.0,64.0
28812,2025,9749,0,0.0,5,2025-09-13,Sub,Everton,Aston Villa,,Donyell Malen,a,NoGoal,EPL,Aston Villa,2780,85.0,2624.0,0.0,156.0,151.0
28826,2025,9749,0,0.0522415861487388,14,2025-09-21,Sub,Sunderland,Aston Villa,,Donyell Malen,a,NoGoal,EPL,Aston Villa,2794,76.0,2624.0,0.0,170.0,156.0
28831,2025,9749,0,0.0,1,2025-09-28,Sub,Aston Villa,Fulham,,Donyell Malen,h,NoGoal,EPL,Aston Villa,2795,89.0,2624.0,0.0,171.0,170.0
28840,2025,9749,2,0.8129495978355408,87,2025-10-05,AMR,Aston Villa,Burnley,24.0,Donyell Malen,h,OpenPlay,EPL,Aston Villa,2882,0.0,2819.0,195.0,63.0,171.0
28840,2025,9749,2,0.8129495978355408,87,2025-10-05,AMR,Aston Villa,Burnley,62.0,Donyell Malen,h,OpenPlay,EPL,Aston Villa,2882,0.0,2857.0,38.0,25.0,171.0
28856,2025,9749,0,0.0862246677279472,66,2025-10-19,FW,Tottenham,Aston Villa,,Donyell Malen,a,NoGoal,EPL,Aston Villa,2948,0.0,2857.0,0.0,91.0,25.0
28860,2025,9749,0,0.0,1,2025-10-26,Sub,Aston Villa,Manchester City,,Donyell Malen,h,NoGoal,EPL,Aston Villa,2949,89.0,2857.0,0.0,92.0,91.0
28872,2025,9749,0,0.0570139437913894,27,2025-11-01,Sub,Liverpool,Aston Villa,,Donyell Malen,a,NoGoal,EPL,Aston Villa,2976,63.0,2857.0,0.0,119.0,92.0
28878,2025,9749,1,0.5298733115196228,2,2025-11-09,Sub,Aston Villa,Bournemouth,81.0,Donyell Malen,h,FromCorner,EPL,Aston Villa,2978,88.0,2969.0,112.0,9.0,119.0
28893,2025,9749,0,0.3115747570991516,38,2025-11-23,Sub,Leeds,Aston Villa,,Donyell Malen,a,NoGoal,EPL,Aston Villa,3016,52.0,2969.0,0.0,47.0,9.0
28898,2025,9749,0,0.4504647552967071,77,2025-11-30,FW,Aston Villa,Wolverhampton Wanderers,,Donyell Malen,h,NoGoal,EPL,Aston Villa,3093,0.0,2969.0,0.0,124.0,47.0
28910,2025,9749,1,0.6705970764160156,5,2025-12-03,Sub,Brighton,Aston Villa,77.0,Donyell Malen,a,OpenPlay,EPL,Aston Villa,3098,85.0,3085.0,116.0,13.0,124.0
28919,2025,9749,0,0.3274087309837341,23,2025-12-06,Sub,Aston Villa,Arsenal,,Donyell Malen,h,NoGoal,EPL,Aston Villa,3121,67.0,3085.0,0.0,36.0,13.0
28937,2025,9749,0,0.0095172226428985,24,2025-12-14,Sub,West Ham,Aston Villa,,Donyell Malen,a,NoGoal,EPL,Aston Villa,3145,66.0,3085.0,0.0,60.0,36.0
28939,2025,9749,0,0.0,11,2025-12-21,Sub,Aston Villa,Manchester United,,Donyell Malen,h,NoGoal,EPL,Aston Villa,3156,79.0,3085.0,0.0,71.0,60.0
28951,2025,9749,0,0.0,61,2025-12-27,FW,Chelsea,Aston Villa,,Donyell Malen,a,NoGoal,EPL,Aston Villa,3217,0.0,3085.0,0.0,132.0,71.0
28958,2025,9749,0,1.059762716293335,26,2025-12-30,Sub,Arsenal,Aston Villa,,Donyell Malen,a,NoGoal,EPL,Aston Villa,3243,64.0,3085.0,0.0,158.0,132.0
28972,2025,9749,0,0.0,5,2026-01-03,Sub,Aston Villa,Nottingham Forest,,Donyell Malen,h,NoGoal,EPL,Aston Villa,3248,85.0,3085.0,0.0,163.0,158.0
28983,2025,9749,0,0.0,16,2026-01-07,Sub,Crystal Palace,Aston Villa,,Donyell Malen,a,NoGoal,EPL,Aston Villa,3264,74.0,3085.0,0.0,179.0,163.0
30050,2025,9749,1,0.8635678291320801,79,2026-01-18,FW,Torino,Roma,25.0,Donyell Malen,a,OpenPlay,Serie_A,Roma,3343,0.0,3289.0,204.0,54.0,179.0
30061,2025,9749,0,0.8406404256820679,70,2026-01-25,FW,Roma,AC Milan,,Donyell Malen,h,NoGoal,Serie_A,Roma,3413,0.0,3289.0,0.0,124.0,54.0
30073,2025,9749,0,0.2868611514568329,90,2026-02-02,FW,Udinese,Roma,,Donyell Malen,a,NoGoal,Serie_A,Roma,3503,0.0,3289.0,0.0,214.0,124.0
30076,2025,9749,2,1.3153151273727417,85,2026-02-09,FW,Roma,Cagliari,24.0,Donyell Malen,h,OpenPlay,Serie_A,Roma,3588,0.0,3527.0,238.0,61.0,214.0
30076,2025,9749,2,1.3153151273727417,85,2026-02-09,FW,Roma,Cagliari,64.0,Donyell Malen,h,OpenPlay,Serie_A,Roma,3588,0.0,3567.0,40.0,21.0,214.0
30089,2025,9749,2,1.5050348043441772,75,2026-02-15,FW,Napoli,Roma,6.0,Donyell Malen,a,OpenPlay,Serie_A,Roma,3663,0.0,3594.0,27.0,69.0,21.0
30089,2025,9749,2,1.5050348043441772,75,2026-02-15,FW,Napoli,Roma,70.0,Donyell Malen,a,Penalty,Serie_A,Roma,3663,0.0,3658.0,64.0,5.0,21.0
30102,2025,9749,0,0.4191972911357879,90,2026-02-22,FW,Roma,Cremonese,,Donyell Malen,h,NoGoal,Serie_A,Roma,3753,0.0,3658.0,0.0,95.0,5.0
30108,2025,9749,1,1.2222446203231812,90,2026-03-01,FW,Roma,Juventus,64.0,Donyell Malen,h,OpenPlay,Serie_A,Roma,3843,0.0,3817.0,159.0,26.0,95.0
30118,2025,9749,0,0.1265836209058761,90,2026-03-08,FW,Genoa,Roma,,Donyell Malen,a,NoGoal,Serie_A,Roma,3933,0.0,3817.0,0.0,116.0,26.0
30124,2025,9749,1,0.8644810318946838,69,2026-03-15,FW,Como,Roma,6.0,Donyell Malen,a,Penalty,Serie_A,Roma,4002,0.0,3939.0,122.0,63.0,116.0
30143,2025,9749,0,0.2530734241008758,76,2026-03-22,FW,Roma,Lecce,,Donyell Malen,h,NoGoal,Serie_A,Roma,4078,0.0,3939.0,0.0,139.0,63.0
30145,2025,9749,0,0.1845162361860275,90,2026-04-05,FW,Inter,Roma,,Donyell Malen,a,NoGoal,Serie_A,Roma,4168,0.0,3939.0,0.0,229.0,139.0
30162,2025,9749,3,1.2414138317108154,80,2026-04-10,FW,Roma,Pisa,2.0,Donyell Malen,h,OpenPlay,Serie_A,Roma,4248,0.0,4170.0,231.0,78.0,229.0
30162,2025,9749,3,1.2414138317108154,80,2026-04-10,FW,Roma,Pisa,42.0,Donyell Malen,h,OpenPlay,Serie_A,Roma,4248,0.0,4210.0,40.0,38.0,229.0
30162,2025,9749,3,1.2414138317108154,80,2026-04-10,FW,Roma,Pisa,51.0,Donyell Malen,h,OpenPlay,Serie_A,Roma,4248,0.0,4219.0,9.0,29.0,229.0
30169,2025,9749,0,0.9273576736450196,90,2026-04-18,FW,Roma,Atalanta,,Donyell Malen,h,NoGoal,Serie_A,Roma,4338,0.0,4219.0,0.0,119.0,29.0
30174,2025,9749,1,0.7801730632781982,79,2026-04-25,FW,Bologna,Roma,6.0,Donyell Malen,a,OpenPlay,Serie_A,Roma,4417,0.0,4344.0,125.0,73.0,119.0
30191,2025,9749,0,0.4759263098239898,84,2026-05-04,FW,Roma,Fiorentina,,Donyell Malen,h,NoGoal,Serie_A,Roma,4501,0.0,4344.0,0.0,157.0,73.0
30202,2025,9749,2,1.846505045890808,90,2026-05-10,FW,Parma Calcio 1913,Roma,21.0,Donyell Malen,a,OpenPlay,Serie_A,Roma,4591,0.0,4522.0,178.0,69.0,157.0
30202,2025,9749,2,1.846505045890808,90,2026-05-10,FW,Parma Calcio 1913,Roma,100.0,Donyell Malen,a,Penalty,Serie_A,Roma,4591,0.0,4601.0,79.0,0.0,157.0
30211,2025,9749,0,0.1670995950698852,87,2026-05-17,FW,Roma,Lazio,,Donyell Malen,h,NoGoal,Serie_A,Roma,4678,0.0,4601.0,0.0,77.0,0.0
22010,2023,9948,0,0.0297025125473737,18,2023-11-11,Sub,Crystal Palace,Everton,,Michael Olise,h,NoGoal,EPL,Crystal Palace,18,72.0,,,,
22019,2023,9948,1,0.267702043056488,90,2023-11-25,AMR,Luton,Crystal Palace,73.0,Michael Olise,a,OpenPlay,EPL,Crystal Palace,108,0.0,91.0,,17.0,
22034,2023,9948,0,0.0738049149513244,90,2023-12-03,AMR,West Ham,Crystal Palace,,Michael Olise,a,NoGoal,EPL,Crystal Palace,198,0.0,91.0,0.0,107.0,17.0
22043,2023,9948,0,0.1363936960697174,90,2023-12-06,AMR,Crystal Palace,Bournemouth,,Michael Olise,h,NoGoal,EPL,Crystal Palace,288,0.0,91.0,0.0,197.0,107.0
22047,2023,9948,0,0.0,17,2023-12-09,Sub,Crystal Palace,Liverpool,,Michael Olise,h,NoGoal,EPL,Crystal Palace,305,73.0,91.0,0.0,214.0,197.0
22061,2023,9948,1,0.8163619637489319,90,2023-12-16,MR,Manchester City,Crystal Palace,94.0,Michael Olise,a,Penalty,EPL,Crystal Palace,395,0.0,399.0,308.0,0.0,214.0
22066,2023,9948,0,0.1894114911556244,90,2023-12-21,FWR,Crystal Palace,Brighton,,Michael Olise,h,NoGoal,EPL,Crystal Palace,485,0.0,399.0,0.0,86.0,0.0
22080,2023,9948,1,0.6209186315536499,90,2023-12-27,FWR,Chelsea,Crystal Palace,45.0,Michael Olise,a,OpenPlay,EPL,Crystal Palace,575,0.0,530.0,131.0,45.0,86.0
22086,2023,9948,2,0.8409315943717957,90,2023-12-30,FWR,Crystal Palace,Brentford,13.0,Michael Olise,h,OpenPlay,EPL,Crystal Palace,665,0.0,588.0,58.0,77.0,45.0
22086,2023,9948,2,0.8409315943717957,90,2023-12-30,FWR,Crystal Palace,Brentford,57.0,Michael Olise,h,OpenPlay,EPL,Crystal Palace,665,0.0,632.0,44.0,33.0,45.0
22112,2023,9948,1,0.1408526003360748,74,2024-01-30,FWR,Crystal Palace,Sheffield United,66.0,Michael Olise,h,OpenPlay,EPL,Crystal Palace,739,0.0,731.0,99.0,8.0,33.0
22118,2023,9948,0,0.0,10,2024-02-03,Sub,Brighton,Crystal Palace,,Michael Olise,a,NoGoal,EPL,Crystal Palace,749,80.0,731.0,0.0,18.0,8.0
22207,2023,9948,0,0.0,13,2024-04-06,Sub,Crystal Palace,Manchester City,,Michael Olise,h,NoGoal,EPL,Crystal Palace,762,77.0,731.0,0.0,31.0,18.0
22220,2023,9948,0,0.1363804191350937,70,2024-04-14,FWR,Liverpool,Crystal Palace,,Michael Olise,a,NoGoal,EPL,Crystal Palace,832,0.0,731.0,0.0,101.0,31.0
22227,2023,9948,1,0.5910210609436035,75,2024-04-21,AMC,Crystal Palace,West Ham,6.0,Michael Olise,h,FromCorner,EPL,Crystal Palace,907,0.0,838.0,107.0,69.0,101.0
22178,2023,9948,0,0.0513569265604019,16,2024-04-24,Sub,Crystal Palace,Newcastle United,,Michael Olise,h,NoGoal,EPL,Crystal Palace,923,74.0,838.0,0.0,85.0,69.0
22238,2023,9948,0,0.4299505949020386,90,2024-04-27,AMC,Fulham,Crystal Palace,,Michael Olise,a,NoGoal,EPL,Crystal Palace,1013,0.0,838.0,0.0,175.0,85.0
22250,2023,9948,2,0.4861536920070648,88,2024-05-06,AMC,Crystal Palace,Manchester United,11.0,Michael Olise,h,OpenPlay,EPL,Crystal Palace,1101,0.0,1024.0,186.0,77.0,175.0
22250,2023,9948,2,0.4861536920070648,88,2024-05-06,AMC,Crystal Palace,Manchester United,65.0,Michael Olise,h,OpenPlay,EPL,Crystal Palace,1101,0.0,1078.0,54.0,23.0,175.0
22264,2023,9948,1,0.3240227699279785,90,2024-05-11,AMC,Wolverhampton Wanderers,Crystal Palace,25.0,Michael Olise,a,OpenPlay,EPL,Crystal Palace,1191,0.0,1126.0,48.0,65.0,23.0
22270,2023,9948,0,0.5524482727050781,90,2024-05-19,AMC,Crystal Palace,Aston Villa,,Michael Olise,h,NoGoal,EPL,Crystal Palace,1281,0.0,1126.0,0.0,155.0,65.0
27749,2024,9948,0,0.0604786537587642,78,2024-08-25,AMR,Wolfsburg,Bayern Munich,,Michael Olise,a,NoGoal,Bundesliga,Bayern Munich,1359,0.0,1126.0,0.0,233.0,155.0
27759,2024,9948,0,0.1672388613224029,63,2024-09-01,MC,Bayern Munich,Freiburg,,Michael Olise,h,NoGoal,Bundesliga,Bayern Munich,1422,0.0,1126.0,0.0,296.0,233.0
27766,2024,9948,1,0.0990447252988815,43,2024-09-14,Sub,Holstein Kiel,Bayern Munich,64.0,Michael Olise,a,OpenPlay,Bundesliga,Bayern Munich,1465,47.0,1439.0,313.0,26.0,296.0
27773,2024,9948,2,0.5403935313224792,71,2024-09-21,AMR,Werder Bremen,Bayern Munich,22.0,Michael Olise,a,OpenPlay,Bundesliga,Bayern Munich,1536,0.0,1487.0,48.0,49.0,26.0
27773,2024,9948,2,0.5403935313224792,71,2024-09-21,AMR,Werder Bremen,Bayern Munich,59.0,Michael Olise,a,OpenPlay,Bundesliga,Bayern Munich,1536,0.0,1524.0,37.0,12.0,26.0
27784,2024,9948,0,0.5146434307098389,78,2024-09-28,AMR,Bayern Munich,Bayer Leverkusen,,Michael Olise,h,NoGoal,Bundesliga,Bayern Munich,1614,0.0,1524.0,0.0,90.0,12.0
27787,2024,9948,1,0.6544288396835327,90,2024-10-06,AMR,Eintracht Frankfurt,Bayern Munich,52.0,Michael Olise,a,OpenPlay,Bundesliga,Bayern Munich,1704,0.0,1666.0,142.0,38.0,90.0
27797,2024,9948,0,0.1047378107905387,69,2024-10-19,AMR,Bayern Munich,VfB Stuttgart,,Michael Olise,h,NoGoal,Bundesliga,Bayern Munich,1773,0.0,1666.0,0.0,107.0,38.0
27812,2024,9948,1,0.235747829079628,63,2024-10-27,AMR,Bochum,Bayern Munich,15.0,Michael Olise,a,DirectFreekick,Bundesliga,Bayern Munich,1836,0.0,1788.0,122.0,48.0,107.0
27815,2024,9948,0,0.0764676481485366,72,2024-11-02,AMR,Bayern Munich,Union Berlin,,Michael Olise,h,NoGoal,Bundesliga,Bayern Munich,1908,0.0,1788.0,0.0,120.0,48.0
27831,2024,9948,0,0.0,7,2024-11-09,Sub,St. Pauli,Bayern Munich,,Michael Olise,a,NoGoal,Bundesliga,Bayern Munich,1915,83.0,1788.0,0.0,127.0,120.0
27834,2024,9948,0,0.1118163466453552,79,2024-11-22,AMR,Bayern Munich,Augsburg,,Michael Olise,h,NoGoal,Bundesliga,Bayern Munich,1994,0.0,1788.0,0.0,206.0,127.0
27842,2024,9948,0,0.0,7,2024-11-30,Sub,Borussia Dortmund,Bayern Munich,,Michael Olise,a,NoGoal,Bundesliga,Bayern Munich,2001,83.0,1788.0,0.0,213.0,206.0
27857,2024,9948,0,0.5552218556404114,71,2024-12-07,AMR,Bayern Munich,FC Heidenheim,,Michael Olise,h,NoGoal,Bundesliga,Bayern Munich,2072,0.0,1788.0,0.0,284.0,213.0
27864,2024,9948,0,0.2447035908699035,90,2024-12-14,AMR,Mainz 05,Bayern Munich,,Michael Olise,a,NoGoal,Bundesliga,Bayern Munich,2162,0.0,1788.0,0.0,374.0,284.0
27870,2024,9948,0,0.2186369448900222,84,2024-12-20,AMR,Bayern Munich,RasenBallsport Leipzig,,Michael Olise,h,NoGoal,Bundesliga,Bayern Munich,2246,0.0,1788.0,0.0,458.0,374.0
27884,2024,9948,0,0.2439365983009338,90,2025-01-11,AMR,Borussia M.Gladbach,Bayern Munich,,Michael Olise,a,NoGoal,Bundesliga,Bayern Munich,2336,0.0,1788.0,0.0,548.0,458.0
27888,2024,9948,0,0.1968467682600021,19,2025-01-15,Sub,Bayern Munich,Hoffenheim,,Michael Olise,h,NoGoal,Bundesliga,Bayern Munich,2355,71.0,1788.0,0.0,567.0,548.0
27897,2024,9948,1,0.1103512346744537,90,2025-01-18,AMC,Bayern Munich,Wolfsburg,38.0,Michael Olise,h,OpenPlay,Bundesliga,Bayern Munich,2445,0.0,2393.0,605.0,52.0,567.0
27912,2024,9948,0,0.0,26,2025-01-25,Sub,Freiburg,Bayern Munich,,Michael Olise,a,NoGoal,Bundesliga,Bayern Munich,2471,64.0,2393.0,0.0,78.0,52.0
27918,2024,9948,0,0.1341449469327926,49,2025-02-01,AMR,Bayern Munich,Holstein Kiel,,Michael Olise,h,NoGoal,Bundesliga,Bayern Munich,2520,0.0,2393.0,0.0,127.0,78.0
27922,2024,9948,0,0.2853007018566131,90,2025-02-07,AMR,Bayern Munich,Werder Bremen,,Michael Olise,h,NoGoal,Bundesliga,Bayern Munich,2610,0.0,2393.0,0.0,217.0,127.0
27931,2024,9948,0,0.0,70,2025-02-15,AMR,Bayer Leverkusen,Bayern Munich,,Michael Olise,a,NoGoal,Bundesliga,Bayern Munich,2680,0.0,2393.0,0.0,287.0,217.0
27940,2024,9948,1,1.5605586767196655,90,2025-02-23,AMR,Bayern Munich,Eintracht Frankfurt,46.0,Michael Olise,h,OpenPlay,Bundesliga,Bayern Munich,2770,0.0,2726.0,333.0,44.0,287.0
27949,2024,9948,1,0.5565739274024963,90,2025-02-28,AMR,VfB Stuttgart,Bayern Munich,44.0,Michael Olise,a,OpenPlay,Bundesliga,Bayern Munich,2860,0.0,2814.0,88.0,46.0,44.0
27959,2024,9948,0,0.0575901120901107,24,2025-03-08,Sub,Bayern Munich,Bochum,,Michael Olise,h,NoGoal,Bundesliga,Bayern Munich,2884,66.0,2814.0,0.0,70.0,46.0
27973,2024,9948,0,0.1573150157928466,83,2025-03-15,AMR,Union Berlin,Bayern Munich,,Michael Olise,a,NoGoal,Bundesliga,Bayern Munich,2967,0.0,2814.0,0.0,153.0,70.0
27977,2024,9948,0,0.163284420967102,90,2025-03-29,AMR,Bayern Munich,St. Pauli,,Michael Olise,h,NoGoal,Bundesliga,Bayern Munich,3057,0.0,2814.0,0.0,243.0,153.0
27989,2024,9948,0,0.2488100677728653,69,2025-04-04,AMR,Augsburg,Bayern Munich,,Michael Olise,a,NoGoal,Bundesliga,Bayern Munich,3126,0.0,2814.0,0.0,312.0,243.0
27996,2024,9948,0,0.7265764474868774,90,2025-04-12,AMR,Bayern Munich,Borussia Dortmund,,Michael Olise,h,NoGoal,Bundesliga,Bayern Munich,3216,0.0,2814.0,0.0,402.0,312.0
28005,2024,9948,0,0.8469064831733704,75,2025-04-19,AMR,FC Heidenheim,Bayern Munich,,Michael Olise,a,NoGoal,Bundesliga,Bayern Munich,3291,0.0,2814.0,0.0,477.0,402.0
28014,2024,9948,1,0.2179349064826965,90,2025-04-26,AMC,Bayern Munich,Mainz 05,39.0,Michael Olise,h,OpenPlay,Bundesliga,Bayern Munich,3381,0.0,3330.0,516.0,51.0,477.0
28021,2024,9948,1,0.191366359591484,90,2025-05-03,MR,RasenBallsport Leipzig,Bayern Munich,62.0,Michael Olise,a,OpenPlay,Bundesliga,Bayern Munich,3471,0.0,3443.0,113.0,28.0,51.0
28032,2024,9948,1,0.5819995403289795,90,2025-05-10,AMR,Bayern Munich,Borussia M.Gladbach,89.0,Michael Olise,h,OpenPlay,Bundesliga,Bayern Munich,3561,0.0,3560.0,117.0,1.0,28.0
28041,2024,9948,1,0.1651515066623687,90,2025-05-17,AMR,Hoffenheim,Bayern Munich,32.0,Michael Olise,a,DirectFreekick,Bundesliga,Bayern Munich,3651,0.0,3593.0,33.0,58.0,1.0
30224,2025,9948,2,0.6583802103996277,90,2025-08-22,AMR,Bayern Munich,RasenBallsport Leipzig,26.0,Michael Olise,h,OpenPlay,Bundesliga,Bayern Munich,3741,0.0,3677.0,84.0,64.0,58.0
30224,2025,9948,2,0.6583802103996277,90,2025-08-22,AMR,Bayern Munich,RasenBallsport Leipzig,41.0,Michael Olise,h,FromCorner,Bundesliga,Bayern Munich,3741,0.0,3692.0,15.0,49.0,58.0
30238,2025,9948,1,1.084267258644104,90,2025-08-30,AMR,Augsburg,Bayern Munich,47.0,Michael Olise,a,OpenPlay,Bundesliga,Bayern Munich,3831,0.0,3788.0,96.0,43.0,49.0
30248,2025,9948,0,0.3454213142395019,90,2025-09-13,AMR,Bayern Munich,Hamburger SV,,Michael Olise,h,NoGoal,Bundesliga,Bayern Munich,3921,0.0,3788.0,0.0,133.0,43.0
30255,2025,9948,0,0.1261668354272842,23,2025-09-20,Sub,Hoffenheim,Bayern Munich,,Michael Olise,a,NoGoal,Bundesliga,Bayern Munich,3944,67.0,3788.0,0.0,156.0,133.0
30260,2025,9948,0,0.5952722430229187,81,2025-09-26,AMR,Bayern Munich,Werder Bremen,,Michael Olise,h,NoGoal,Bundesliga,Bayern Munich,4025,0.0,3788.0,0.0,237.0,156.0
30272,2025,9948,0,0.0,90,2025-10-04,AMR,Eintracht Frankfurt,Bayern Munich,,Michael Olise,a,NoGoal,Bundesliga,Bayern Munich,4115,0.0,3788.0,0.0,327.0,237.0
30278,2025,9948,1,1.248194932937622,90,2025-10-18,AMR,Bayern Munich,Borussia Dortmund,77.0,Michael Olise,h,OpenPlay,Bundesliga,Bayern Munich,4205,0.0,4192.0,404.0,13.0,327.0
30289,2025,9948,0,0.2461636662483215,90,2025-10-25,AMR,Borussia M.Gladbach,Bayern Munich,,Michael Olise,a,NoGoal,Bundesliga,Bayern Munich,4295,0.0,4192.0,0.0,103.0,13.0
30297,2025,9948,0,0.1776574105024337,29,2025-11-01,Sub,Bayern Munich,Bayer Leverkusen,,Michael Olise,h,NoGoal,Bundesliga,Bayern Munich,4324,61.0,4192.0,0.0,132.0,103.0
30312,2025,9948,0,0.287511944770813,90,2025-11-08,AMR,Union Berlin,Bayern Munich,,Michael Olise,a,NoGoal,Bundesliga,Bayern Munich,4414,0.0,4192.0,0.0,222.0,132.0
30315,2025,9948,2,0.4497606754302978,90,2025-11-22,AMR,Bayern Munich,Freiburg,46.0,Michael Olise,h,OpenPlay,Bundesliga,Bayern Munich,4504,0.0,4460.0,268.0,44.0,222.0
30315,2025,9948,2,0.4497606754302978,90,2025-11-22,AMR,Bayern Munich,Freiburg,83.0,Michael Olise,h,OpenPlay,Bundesliga,Bayern Munich,4504,0.0,4497.0,37.0,7.0,222.0
30324,2025,9948,0,0.0,42,2025-11-29,Sub,Bayern Munich,St. Pauli,,Michael Olise,h,NoGoal,Bundesliga,Bayern Munich,4546,48.0,4497.0,0.0,49.0,7.0
30332,2025,9948,0,0.58772212266922,90,2025-12-06,AMR,VfB Stuttgart,Bayern Munich,,Michael Olise,a,NoGoal,Bundesliga,Bayern Munich,4636,0.0,4497.0,0.0,139.0,49.0
30342,2025,9948,0,0.0309773199260234,90,2025-12-14,AMR,Bayern Munich,Mainz 05,,Michael Olise,h,NoGoal,Bundesliga,Bayern Munich,4726,0.0,4497.0,0.0,229.0,139.0
30354,2025,9948,1,0.3656876981258392,90,2025-12-21,AMR,FC Heidenheim,Bayern Munich,31.0,Michael Olise,a,OpenPlay,Bundesliga,Bayern Munich,4816,0.0,4757.0,260.0,59.0,229.0
30360,2025,9948,2,0.8391338586807251,86,2026-01-11,AMR,Bayern Munich,Wolfsburg,49.0,Michael Olise,h,OpenPlay,Bundesliga,Bayern Munich,4902,0.0,4865.0,108.0,37.0,59.0
30360,2025,9948,2,0.8391338586807251,86,2026-01-11,AMR,Bayern Munich,Wolfsburg,75.0,Michael Olise,h,OpenPlay,Bundesliga,Bayern Munich,4902,0.0,4891.0,26.0,11.0,59.0
30370,2025,9948,0,0.2135397046804428,90,2026-01-14,AMR,FC Cologne,Bayern Munich,,Michael Olise,a,NoGoal,Bundesliga,Bayern Munich,4992,0.0,4891.0,0.0,101.0,11.0
30382,2025,9948,1,0.3654552698135376,30,2026-01-17,Sub,RasenBallsport Leipzig,Bayern Munich,87.0,Michael Olise,a,OpenPlay,Bundesliga,Bayern Munich,5022,60.0,5019.0,128.0,3.0,101.0
30387,2025,9948,0,0.0369550250470638,90,2026-01-24,AMR,Bayern Munich,Augsburg,,Michael Olise,h,NoGoal,Bundesliga,Bayern Munich,5112,0.0,5019.0,0.0,93.0,3.0
30399,2025,9948,0,0.2713690996170044,90,2026-01-31,AMR,Hamburger SV,Bayern Munich,,Michael Olise,a,NoGoal,Bundesliga,Bayern Munich,5202,0.0,5019.0,0.0,183.0,93.0
30404,2025,9948,0,0.0270653869956731,67,2026-02-08,AMR,Bayern Munich,Hoffenheim,,Michael Olise,h,NoGoal,Bundesliga,Bayern Munich,5269,0.0,5019.0,0.0,250.0,183.0
30422,2025,9948,0,0.4324170053005218,90,2026-02-21,AMR,Bayern Munich,Eintracht Frankfurt,,Michael Olise,h,NoGoal,Bundesliga,Bayern Munich,5359,0.0,5019.0,0.0,340.0,250.0
30434,2025,9948,0,0.1132481098175048,90,2026-02-28,AMR,Borussia Dortmund,Bayern Munich,,Michael Olise,a,NoGoal,Bundesliga,Bayern Munich,5449,0.0,5019.0,0.0,430.0,340.0
30449,2025,9948,0,0.1640623062849044,90,2026-03-14,AMR,Bayer Leverkusen,Bayern Munich,,Michael Olise,a,NoGoal,Bundesliga,Bayern Munich,5539,0.0,5019.0,0.0,520.0,430.0
30459,2025,9948,1,1.176136136054993,90,2026-03-21,AMR,Bayern Munich,Union Berlin,42.0,Michael Olise,h,OpenPlay,Bundesliga,Bayern Munich,5629,0.0,5581.0,562.0,48.0,520.0
30470,2025,9948,0,0.4377060532569885,32,2026-04-04,Sub,Freiburg,Bayern Munich,,Michael Olise,a,NoGoal,Bundesliga,Bayern Munich,5661,58.0,5581.0,0.0,80.0,48.0
30482,2025,9948,1,0.4326786398887634,60,2026-04-11,AMR,St. Pauli,Bayern Munich,53.0,Michael Olise,a,OpenPlay,Bundesliga,Bayern Munich,5721,0.0,5714.0,133.0,7.0,80.0
30486,2025,9948,0,0.4484851956367492,41,2026-04-19,Sub,Bayern Munich,VfB Stuttgart,,Michael Olise,h,NoGoal,Bundesliga,Bayern Munich,5762,49.0,5714.0,0.0,48.0,7.0
30499,2025,9948,1,0.0245765894651412,40,2026-04-25,Sub,Mainz 05,Bayern Munich,72.0,Michael Olise,a,OpenPlay,Bundesliga,Bayern Munich,5802,50.0,5784.0,70.0,18.0,48.0
30504,2025,9948,1,0.0823796167969703,41,2026-05-02,Sub,Bayern Munich,FC Heidenheim,99.0,Michael Olise,h,FromCorner,Bundesliga,Bayern Munich,5843,58.0,5843.0,59.0,0.0,18.0
30520,2025,9948,1,0.1433290243148803,90,2026-05-09,AMR,Wolfsburg,Bayern Munich,55.0,Michael Olise,a,OpenPlay,Bundesliga,Bayern Munich,5933,0.0,5898.0,55.0,35.0,0.0
30522,2025,9948,0,0.1339890360832214,26,2026-05-16,Sub,Bayern Munich,FC Cologne,,Michael Olise,h,NoGoal,Bundesliga,Bayern Munich,5959,64.0,5898.0,0.0,61.0,35.0
22283,2023,10408,1,0.9190951585769652,84,2023-08-13,FWL,Chelsea,Liverpool,17.0,Luis Díaz,a,OpenPlay,EPL,Liverpool,84,0.0,17.0,,67.0,
22288,2023,10408,1,0.1896604001522064,90,2023-08-19,FWL,Liverpool,Bournemouth,27.0,Luis Díaz,h,OpenPlay,EPL,Liverpool,174,0.0,111.0,94.0,63.0,67.0
22304,2023,10408,0,0.1372654438018798,32,2023-08-27,FWL,Newcastle United,Liverpool,,Luis Díaz,a,NoGoal,EPL,Liverpool,206,0.0,111.0,0.0,95.0,63.0
21933,2023,10408,0,0.0667573362588882,69,2023-09-03,FWL,Liverpool,Aston Villa,,Luis Díaz,h,NoGoal,EPL,Liverpool,275,0.0,111.0,0.0,164.0,95.0
21935,2023,10408,0,0.4229370355606079,42,2023-09-16,Sub,Wolverhampton Wanderers,Liverpool,,Luis Díaz,a,NoGoal,EPL,Liverpool,317,48.0,111.0,0.0,206.0,164.0
21953,2023,10408,0,0.0159557368606328,85,2023-09-24,FWL,Liverpool,West Ham,,Luis Díaz,h,NoGoal,EPL,Liverpool,402,0.0,111.0,0.0,291.0,206.0
21962,2023,10408,0,0.6269582509994507,80,2023-09-30,FWL,Tottenham,Liverpool,,Luis Díaz,a,NoGoal,EPL,Liverpool,482,0.0,111.0,0.0,371.0,291.0
21966,2023,10408,0,0.0986960157752037,90,2023-10-08,FWL,Brighton,Liverpool,,Luis Díaz,a,NoGoal,EPL,Liverpool,572,0.0,111.0,0.0,461.0,371.0
21979,2023,10408,0,0.2571544349193573,83,2023-10-21,FWL,Liverpool,Everton,,Luis Díaz,h,NoGoal,EPL,Liverpool,655,0.0,111.0,0.0,544.0,461.0
21999,2023,10408,1,0.0787223801016807,5,2023-11-05,Sub,Luton,Liverpool,94.0,Luis Díaz,a,OpenPlay,EPL,Liverpool,660,89.0,660.0,549.0,0.0,544.0
22011,2023,10408,0,0.0,1,2023-11-12,Sub,Liverpool,Brentford,,Luis Díaz,h,NoGoal,EPL,Liverpool,661,89.0,660.0,0.0,1.0,0.0
22020,2023,10408,0,0.0,35,2023-11-25,Sub,Manchester City,Liverpool,,Luis Díaz,a,NoGoal,EPL,Liverpool,696,55.0,660.0,0.0,36.0,1.0
22030,2023,10408,0,0.3117713630199432,90,2023-12-03,FWL,Liverpool,Fulham,,Luis Díaz,h,NoGoal,EPL,Liverpool,786,0.0,660.0,0.0,126.0,36.0
22040,2023,10408,0,0.0,73,2023-12-06,FWL,Sheffield United,Liverpool,,Luis Díaz,a,NoGoal,EPL,Liverpool,859,0.0,660.0,0.0,199.0,126.0
22047,2023,10408,0,0.0517296679317951,90,2023-12-09,FWL,Crystal Palace,Liverpool,,Luis Díaz,a,NoGoal,EPL,Liverpool,949,0.0,660.0,0.0,289.0,199.0
22060,2023,10408,0,0.1562007665634155,80,2023-12-17,FWL,Liverpool,Manchester United,,Luis Díaz,h,NoGoal,EPL,Liverpool,1029,0.0,660.0,0.0,369.0,289.0
22068,2023,10408,0,0.1049194633960723,72,2023-12-23,FWL,Liverpool,Arsenal,,Luis Díaz,h,NoGoal,EPL,Liverpool,1101,0.0,660.0,0.0,441.0,369.0
22079,2023,10408,0,0.300415426492691,21,2023-12-26,Sub,Burnley,Liverpool,,Luis Díaz,a,NoGoal,EPL,Liverpool,1122,69.0,660.0,0.0,462.0,441.0
22088,2023,10408,0,0.0989528968930244,69,2024-01-01,FWL,Liverpool,Newcastle United,,Luis Díaz,h,NoGoal,EPL,Liverpool,1191,0.0,660.0,0.0,531.0,462.0
22102,2023,10408,0,0.0185290575027465,66,2024-01-21,FWR,Bournemouth,Liverpool,,Luis Díaz,a,NoGoal,EPL,Liverpool,1257,0.0,660.0,0.0,597.0,531.0
22113,2023,10408,1,0.7130740880966187,90,2024-01-31,FWL,Liverpool,Chelsea,78.0,Luis Díaz,h,OpenPlay,EPL,Liverpool,1347,0.0,1335.0,675.0,12.0,597.0
22116,2023,10408,0,0.2111467868089676,90,2024-02-04,FWL,Arsenal,Liverpool,,Luis Díaz,a,NoGoal,EPL,Liverpool,1437,0.0,1335.0,0.0,102.0,12.0
22128,2023,10408,1,0.9054759740829468,85,2024-02-10,FWL,Liverpool,Burnley,51.0,Luis Díaz,h,OpenPlay,EPL,Liverpool,1522,0.0,1488.0,153.0,34.0,102.0
22135,2023,10408,0,0.1672019362449646,90,2024-02-17,FWL,Brentford,Liverpool,,Luis Díaz,a,NoGoal,EPL,Liverpool,1612,0.0,1488.0,0.0,124.0,34.0
22151,2023,10408,1,1.928354859352112,90,2024-02-21,FWL,Liverpool,Luton,70.0,Luis Díaz,h,OpenPlay,EPL,Liverpool,1702,0.0,1682.0,194.0,20.0,124.0
22162,2023,10408,0,0.3571093678474426,90,2024-03-02,FWL,Nottingham Forest,Liverpool,,Luis Díaz,a,NoGoal,EPL,Liverpool,1792,0.0,1682.0,0.0,110.0,20.0
22171,2023,10408,0,0.3430991172790527,90,2024-03-10,FWL,Liverpool,Manchester City,,Luis Díaz,h,NoGoal,EPL,Liverpool,1882,0.0,1682.0,0.0,200.0,110.0
22189,2023,10408,1,0.7261301875114441,90,2024-03-31,FWL,Liverpool,Brighton,26.0,Luis Díaz,h,FromCorner,EPL,Liverpool,1972,0.0,1908.0,226.0,64.0,200.0
22203,2023,10408,0,0.1696856319904327,90,2024-04-04,FWL,Liverpool,Sheffield United,,Luis Díaz,h,NoGoal,EPL,Liverpool,2062,0.0,1908.0,0.0,154.0,64.0
22211,2023,10408,1,1.2849652767181396,90,2024-04-07,FWL,Manchester United,Liverpool,22.0,Luis Díaz,a,FromCorner,EPL,Liverpool,2152,0.0,2084.0,176.0,68.0,154.0
22220,2023,10408,0,0.1015399992465972,68,2024-04-14,FWL,Liverpool,Crystal Palace,,Luis Díaz,h,NoGoal,EPL,Liverpool,2220,0.0,2084.0,0.0,136.0,68.0
22229,2023,10408,0,0.2419987767934799,78,2024-04-21,FWR,Fulham,Liverpool,,Luis Díaz,a,NoGoal,EPL,Liverpool,2298,0.0,2084.0,0.0,214.0,136.0
22179,2023,10408,0,0.5318039655685425,90,2024-04-24,FWL,Everton,Liverpool,,Luis Díaz,a,NoGoal,EPL,Liverpool,2388,0.0,2084.0,0.0,304.0,214.0
22243,2023,10408,0,0.2634337544441223,82,2024-04-27,FWL,West Ham,Liverpool,,Luis Díaz,a,NoGoal,EPL,Liverpool,2470,0.0,2084.0,0.0,386.0,304.0
22251,2023,10408,0,0.2456720322370529,77,2024-05-05,FWL,Liverpool,Tottenham,,Luis Díaz,h,NoGoal,EPL,Liverpool,2547,0.0,2084.0,0.0,463.0,386.0
22256,2023,10408,0,0.0,81,2024-05-13,FWL,Aston Villa,Liverpool,,Luis Díaz,a,NoGoal,EPL,Liverpool,2628,0.0,2084.0,0.0,544.0,463.0
22271,2023,10408,0,0.8181827664375305,78,2024-05-19,FWL,Liverpool,Wolverhampton Wanderers,,Luis Díaz,h,NoGoal,EPL,Liverpool,2706,0.0,2084.0,0.0,622.0,544.0
26603,2024,10408,0,0.9157669544219972,90,2024-08-17,AML,Ipswich,Liverpool,,Luis Díaz,a,NoGoal,EPL,Liverpool,2796,0.0,2084.0,0.0,712.0,622.0
26621,2024,10408,1,0.60528963804245,74,2024-08-25,AML,Liverpool,Brentford,12.0,Luis Díaz,h,OpenPlay,EPL,Liverpool,2870,0.0,2808.0,724.0,62.0,712.0
26631,2024,10408,2,0.7775499820709229,71,2024-09-01,AML,Manchester United,Liverpool,34.0,Luis Díaz,a,OpenPlay,EPL,Liverpool,2941,0.0,2904.0,96.0,37.0,62.0
26631,2024,10408,2,0.7775499820709229,71,2024-09-01,AML,Manchester United,Liverpool,41.0,Luis Díaz,a,OpenPlay,EPL,Liverpool,2941,0.0,2911.0,7.0,30.0,62.0
26635,2024,10408,0,0.0448982082307338,64,2024-09-14,AML,Liverpool,Nottingham Forest,,Luis Díaz,h,NoGoal,EPL,Liverpool,3005,0.0,2911.0,0.0,94.0,30.0
26645,2024,10408,2,0.9615097045898438,75,2024-09-21,AML,Liverpool,Bournemouth,25.0,Luis Díaz,h,OpenPlay,EPL,Liverpool,3080,0.0,3030.0,119.0,50.0,94.0
26645,2024,10408,2,0.9615097045898438,75,2024-09-21,AML,Liverpool,Bournemouth,27.0,Luis Díaz,h,OpenPlay,EPL,Liverpool,3080,0.0,3032.0,2.0,48.0,94.0
26658,2024,10408,0,0.0614988505840301,77,2024-09-28,AML,Wolverhampton Wanderers,Liverpool,,Luis Díaz,a,NoGoal,EPL,Liverpool,3157,0.0,3032.0,0.0,125.0,48.0
26662,2024,10408,0,0.0926545783877372,15,2024-10-05,Sub,Crystal Palace,Liverpool,,Luis Díaz,a,NoGoal,EPL,Liverpool,3172,75.0,3032.0,0.0,140.0,125.0
26679,2024,10408,0,0.100581593811512,16,2024-10-20,Sub,Liverpool,Chelsea,,Luis Díaz,h,NoGoal,EPL,Liverpool,3188,74.0,3032.0,0.0,156.0,140.0
26691,2024,10408,0,0.0,67,2024-10-27,AML,Arsenal,Liverpool,,Luis Díaz,a,NoGoal,EPL,Liverpool,3255,0.0,3032.0,0.0,223.0,156.0
26696,2024,10408,0,0.0,22,2024-11-02,Sub,Liverpool,Brighton,,Luis Díaz,h,NoGoal,EPL,Liverpool,3277,68.0,3032.0,0.0,245.0,223.0
26707,2024,10408,0,0.0190092530101537,90,2024-11-09,AML,Liverpool,Aston Villa,,Luis Díaz,h,NoGoal,EPL,Liverpool,3367,0.0,3032.0,0.0,335.0,245.0
26721,2024,10408,0,0.1473012119531631,22,2024-11-24,Sub,Southampton,Liverpool,,Luis Díaz,a,NoGoal,EPL,Liverpool,3389,68.0,3032.0,0.0,357.0,335.0
26726,2024,10408,0,0.0,90,2024-12-01,FW,Liverpool,Manchester City,,Luis Díaz,h,NoGoal,EPL,Liverpool,3479,0.0,3032.0,0.0,447.0,357.0
26740,2024,10408,0,0.0993802025914192,20,2024-12-04,Sub,Newcastle United,Liverpool,,Luis Díaz,a,NoGoal,EPL,Liverpool,3499,70.0,3032.0,0.0,467.0,447.0
26752,2024,10408,0,0.4311287999153137,90,2024-12-14,FW,Liverpool,Fulham,,Luis Díaz,h,NoGoal,EPL,Liverpool,3589,0.0,3032.0,0.0,557.0,467.0
26768,2024,10408,2,0.8733575344085693,89,2024-12-22,FW,Tottenham,Liverpool,22.0,Luis Díaz,a,OpenPlay,EPL,Liverpool,3678,0.0,3611.0,579.0,67.0,557.0
26768,2024,10408,2,0.8733575344085693,89,2024-12-22,FW,Tottenham,Liverpool,84.0,Luis Díaz,a,OpenPlay,EPL,Liverpool,3678,0.0,3673.0,62.0,5.0,557.0
26791,2024,10408,1,0.3274079859256744,90,2024-12-29,FW,West Ham,Liverpool,29.0,Luis Díaz,a,OpenPlay,EPL,Liverpool,3768,0.0,3707.0,34.0,61.0,5.0
26797,2024,10408,0,0.1000831872224807,62,2025-01-05,FW,Liverpool,Manchester United,,Luis Díaz,h,NoGoal,EPL,Liverpool,3830,0.0,3707.0,0.0,123.0,61.0
26807,2024,10408,0,0.0236861016601324,76,2025-01-14,FW,Nottingham Forest,Liverpool,,Luis Díaz,a,NoGoal,EPL,Liverpool,3906,0.0,3707.0,0.0,199.0,123.0
26813,2024,10408,0,0.8492019176483154,66,2025-01-18,FW,Brentford,Liverpool,,Luis Díaz,a,NoGoal,EPL,Liverpool,3972,0.0,3707.0,0.0,265.0,199.0
26827,2024,10408,0,0.0,90,2025-01-25,FW,Liverpool,Ipswich,,Luis Díaz,h,NoGoal,EPL,Liverpool,4062,0.0,3707.0,0.0,355.0,265.0
26832,2024,10408,0,0.6758312582969666,90,2025-02-01,FW,Bournemouth,Liverpool,,Luis Díaz,a,NoGoal,EPL,Liverpool,4152,0.0,3707.0,0.0,445.0,355.0
26748,2024,10408,0,0.0530325472354888,90,2025-02-12,FW,Everton,Liverpool,,Luis Díaz,a,NoGoal,EPL,Liverpool,4242,0.0,3707.0,0.0,535.0,445.0
26847,2024,10408,1,0.5212099552154541,74,2025-02-16,AML,Liverpool,Wolverhampton Wanderers,14.0,Luis Díaz,h,OpenPlay,EPL,Liverpool,4316,0.0,4256.0,549.0,60.0,535.0
26884,2024,10408,0,0.0,6,2025-02-19,Sub,Aston Villa,Liverpool,,Luis Díaz,a,NoGoal,EPL,Liverpool,4322,84.0,4256.0,0.0,66.0,60.0
26859,2024,10408,0,0.0582109801471233,81,2025-02-23,AMC,Manchester City,Liverpool,,Luis Díaz,a,NoGoal,EPL,Liverpool,4403,0.0,4256.0,0.0,147.0,66.0
26870,2024,10408,0,0.498851329088211,87,2025-02-26,AML,Liverpool,Newcastle United,,Luis Díaz,h,NoGoal,EPL,Liverpool,4490,0.0,4256.0,0.0,234.0,147.0
26876,2024,10408,0,0.2687983214855194,90,2025-03-08,FWL,Liverpool,Southampton,,Luis Díaz,h,NoGoal,EPL,Liverpool,4580,0.0,4256.0,0.0,324.0,234.0
26901,2024,10408,0,0.2271640747785568,90,2025-04-02,AML,Liverpool,Everton,,Luis Díaz,h,NoGoal,EPL,Liverpool,4670,0.0,4256.0,0.0,414.0,324.0
26906,2024,10408,1,0.3000154197216034,32,2025-04-06,Sub,Fulham,Liverpool,71.0,Luis Díaz,a,OpenPlay,EPL,Liverpool,4702,58.0,4683.0,427.0,19.0,414.0
26916,2024,10408,1,0.6107775568962097,90,2025-04-13,AML,Liverpool,West Ham,17.0,Luis Díaz,h,OpenPlay,EPL,Liverpool,4792,0.0,4719.0,36.0,73.0,19.0
26928,2024,10408,0,0.2444928139448166,90,2025-04-20,FW,Leicester,Liverpool,,Luis Díaz,a,NoGoal,EPL,Liverpool,4882,0.0,4719.0,0.0,163.0,73.0
26936,2024,10408,1,0.7251431941986084,80,2025-04-27,FW,Liverpool,Tottenham,15.0,Luis Díaz,h,OpenPlay,EPL,Liverpool,4962,0.0,4897.0,178.0,65.0,163.0
26952,2024,10408,1,1.2759265899658203,82,2025-05-11,FW,Liverpool,Arsenal,20.0,Luis Díaz,h,OpenPlay,EPL,Liverpool,5044,0.0,4982.0,85.0,62.0,65.0
26965,2024,10408,0,0.0317763015627861,25,2025-05-19,Sub,Brighton,Liverpool,,Luis Díaz,a,NoGoal,EPL,Liverpool,5069,65.0,4982.0,0.0,87.0,62.0
26975,2024,10408,0,0.4347938001155853,70,2025-05-25,FW,Liverpool,Crystal Palace,,Luis Díaz,h,NoGoal,EPL,Liverpool,5139,0.0,4982.0,0.0,157.0,87.0
30224,2025,10408,1,0.4198751151561737,90,2025-08-22,AML,Bayern Munich,RasenBallsport Leipzig,31.0,Luis Díaz,h,OpenPlay,Bundesliga,Bayern Munich,5229,0.0,5170.0,188.0,59.0,157.0
30238,2025,10408,1,1.0657165050506592,90,2025-08-30,AML,Augsburg,Bayern Munich,48.0,Luis Díaz,a,OpenPlay,Bundesliga,Bayern Munich,5319,0.0,5277.0,107.0,42.0,59.0
30248,2025,10408,1,0.5906157493591309,82,2025-09-13,AML,Bayern Munich,Hamburger SV,28.0,Luis Díaz,h,SetPiece,Bundesliga,Bayern Munich,5401,0.0,5347.0,70.0,54.0,42.0
30255,2025,10408,0,0.5401203632354736,90,2025-09-20,AML,Hoffenheim,Bayern Munich,,Luis Díaz,a,NoGoal,Bundesliga,Bayern Munich,5491,0.0,5347.0,0.0,144.0,54.0
30260,2025,10408,0,0.1458319276571273,87,2025-09-26,AML,Bayern Munich,Werder Bremen,,Luis Díaz,h,NoGoal,Bundesliga,Bayern Munich,5578,0.0,5347.0,0.0,231.0,144.0
30272,2025,10408,2,1.0336878299713137,90,2025-10-04,AML,Eintracht Frankfurt,Bayern Munich,0.0,Luis Díaz,a,OpenPlay,Bundesliga,Bayern Munich,5668,0.0,5578.0,231.0,90.0,231.0
30272,2025,10408,2,1.0336878299713137,90,2025-10-04,AML,Eintracht Frankfurt,Bayern Munich,83.0,Luis Díaz,a,OpenPlay,Bundesliga,Bayern Munich,5668,0.0,5661.0,83.0,7.0,231.0
30278,2025,10408,0,0.844913899898529,90,2025-10-18,AML,Bayern Munich,Borussia Dortmund,,Luis Díaz,h,NoGoal,Bundesliga,Bayern Munich,5758,0.0,5661.0,0.0,97.0,7.0
30289,2025,10408,0,0.5925281047821045,81,2025-10-25,AML,Borussia M.Gladbach,Bayern Munich,,Luis Díaz,a,NoGoal,Bundesliga,Bayern Munich,5839,0.0,5661.0,0.0,178.0,97.0
30297,2025,10408,0,0.0,29,2025-11-01,Sub,Bayern Munich,Bayer Leverkusen,,Luis Díaz,h,NoGoal,Bundesliga,Bayern Munich,5868,61.0,5661.0,0.0,207.0,178.0
30312,2025,10408,1,0.4097228944301605,90,2025-11-08,AML,Union Berlin,Bayern Munich,37.0,Luis Díaz,a,OpenPlay,Bundesliga,Bayern Munich,5958,0.0,5905.0,244.0,53.0,207.0
30315,2025,10408,0,0.1990515738725662,90,2025-11-22,AML,Bayern Munich,Freiburg,,Luis Díaz,h,NoGoal,Bundesliga,Bayern Munich,6048,0.0,5905.0,0.0,143.0,53.0
30324,2025,10408,1,0.5473702549934387,90,2025-11-29,AML,Bayern Munich,St. Pauli,92.0,Luis Díaz,h,OpenPlay,Bundesliga,Bayern Munich,6138,0.0,6140.0,235.0,0.0,143.0
30332,2025,10408,0,0.1498617231845855,90,2025-12-06,AML,VfB Stuttgart,Bayern Munich,,Luis Díaz,a,NoGoal,Bundesliga,Bayern Munich,6228,0.0,6140.0,0.0,88.0,0.0
30354,2025,10408,1,0.827031135559082,90,2025-12-21,AML,FC Heidenheim,Bayern Munich,85.0,Luis Díaz,a,OpenPlay,Bundesliga,Bayern Munich,6318,0.0,6313.0,173.0,5.0,88.0
30360,2025,10408,1,0.9072203636169434,90,2026-01-11,AML,Bayern Munich,Wolfsburg,29.0,Luis Díaz,h,OpenPlay,Bundesliga,Bayern Munich,6408,0.0,6347.0,34.0,61.0,5.0
30370,2025,10408,0,0.1399663537740707,90,2026-01-14,AML,FC Cologne,Bayern Munich,,Luis Díaz,a,NoGoal,Bundesliga,Bayern Munich,6498,0.0,6347.0,0.0,151.0,61.0
30382,2025,10408,0,0.604285478591919,90,2026-01-17,AML,RasenBallsport Leipzig,Bayern Munich,,Luis Díaz,a,NoGoal,Bundesliga,Bayern Munich,6588,0.0,6347.0,0.0,241.0,151.0
30387,2025,10408,0,0.3576896488666534,90,2026-01-24,AML,Bayern Munich,Augsburg,,Luis Díaz,h,NoGoal,Bundesliga,Bayern Munich,6678,0.0,6347.0,0.0,331.0,241.0
30399,2025,10408,1,0.5371531844139099,38,2026-01-31,Sub,Hamburger SV,Bayern Munich,45.0,Luis Díaz,a,OpenPlay,Bundesliga,Bayern Munich,6716,52.0,6671.0,324.0,45.0,331.0
30404,2025,10408,3,1.563118577003479,90,2026-02-08,AML,Bayern Munich,Hoffenheim,46.0,Luis Díaz,h,OpenPlay,Bundesliga,Bayern Munich,6806,0.0,6762.0,91.0,44.0,45.0
30404,2025,10408,3,1.563118577003479,90,2026-02-08,AML,Bayern Munich,Hoffenheim,61.0,Luis Díaz,h,OpenPlay,Bundesliga,Bayern Munich,6806,0.0,6777.0,15.0,29.0,45.0
30404,2025,10408,3,1.563118577003479,90,2026-02-08,AML,Bayern Munich,Hoffenheim,88.0,Luis Díaz,h,OpenPlay,Bundesliga,Bayern Munich,6806,0.0,6804.0,27.0,2.0,45.0
30421,2025,10408,0,0.4539639055728912,90,2026-02-14,AML,Werder Bremen,Bayern Munich,,Luis Díaz,a,NoGoal,Bundesliga,Bayern Munich,6896,0.0,6804.0,0.0,92.0,2.0
30422,2025,10408,0,0.1380072981119156,90,2026-02-21,AML,Bayern Munich,Eintracht Frankfurt,,Luis Díaz,h,NoGoal,Bundesliga,Bayern Munich,6986,0.0,6804.0,0.0,182.0,92.0
30434,2025,10408,0,0.1869890987873077,90,2026-02-28,AML,Borussia Dortmund,Bayern Munich,,Luis Díaz,a,NoGoal,Bundesliga,Bayern Munich,7076,0.0,6804.0,0.0,272.0,182.0
30440,2025,10408,1,0.1254269182682037,62,2026-03-06,AML,Bayern Munich,Borussia M.Gladbach,32.0,Luis Díaz,h,OpenPlay,Bundesliga,Bayern Munich,7138,0.0,7108.0,304.0,30.0,272.0
30449,2025,10408,1,0.7644959688186646,88,2026-03-14,AML,Bayer Leverkusen,Bayern Munich,68.0,Luis Díaz,a,OpenPlay,Bundesliga,Bayern Munich,7226,0.0,7206.0,98.0,20.0,30.0
30470,2025,10408,0,0.326302170753479,90,2026-04-04,AML,Freiburg,Bayern Munich,,Luis Díaz,a,NoGoal,Bundesliga,Bayern Munich,7316,0.0,7206.0,0.0,110.0,20.0
30482,2025,10408,0,0.2109957039356231,30,2026-04-11,Sub,St. Pauli,Bayern Munich,,Luis Díaz,a,NoGoal,Bundesliga,Bayern Munich,7346,60.0,7206.0,0.0,140.0,110.0
30486,2025,10408,0,0.354256808757782,49,2026-04-19,AML,Bayern Munich,VfB Stuttgart,,Luis Díaz,h,NoGoal,Bundesliga,Bayern Munich,7395,0.0,7206.0,0.0,189.0,140.0
30499,2025,10408,0,0.0,50,2026-04-25,AML,Mainz 05,Bayern Munich,,Luis Díaz,a,NoGoal,Bundesliga,Bayern Munich,7445,0.0,7206.0,0.0,239.0,189.0
30504,2025,10408,0,0.101710557937622,41,2026-05-02,Sub,Bayern Munich,FC Heidenheim,,Luis Díaz,h,NoGoal,Bundesliga,Bayern Munich,7486,49.0,7206.0,0.0,280.0,239.0
30520,2025,10408,0,0.1273659169673919,27,2026-05-09,Sub,Wolfsburg,Bayern Munich,,Luis Díaz,a,NoGoal,Bundesliga,Bayern Munich,7513,63.0,7206.0,0.0,307.0,280.0
30522,2025,10408,0,0.5947014689445496,90,2026-05-16,AML,Bayern Munich,FC Cologne,,Luis Díaz,h,NoGoal,Bundesliga,Bayern Munich,7603,0.0,7206.0,0.0,397.0,307.0
23096,2023,10804,0,0.0197328832000494,3,2023-09-16,Sub,Mainz 05,VfB Stuttgart,,Deniz Undav,a,NoGoal,Bundesliga,VfB Stuttgart,3,87.0,,,,
23101,2023,10804,0,0.4829568266868591,9,2023-09-22,Sub,VfB Stuttgart,Darmstadt,,Deniz Undav,h,NoGoal,Bundesliga,VfB Stuttgart,12,81.0,,,,
23115,2023,10804,2,1.1030925512313845,25,2023-09-30,Sub,FC Cologne,VfB Stuttgart,67.0,Deniz Undav,a,OpenPlay,Bundesliga,VfB Stuttgart,37,65.0,14.0,,23.0,23.0
23115,2023,10804,2,1.1030925512313845,25,2023-09-30,Sub,FC Cologne,VfB Stuttgart,87.0,Deniz Undav,a,OpenPlay,Bundesliga,VfB Stuttgart,37,65.0,34.0,20.0,3.0,23.0
23123,2023,10804,0,0.0832863077521324,24,2023-10-07,Sub,VfB Stuttgart,Wolfsburg,,Deniz Undav,h,NoGoal,Bundesliga,VfB Stuttgart,61,66.0,34.0,0.0,27.0,3.0
23129,2023,10804,1,0.4524111151695251,61,2023-10-21,Sub,Union Berlin,VfB Stuttgart,87.0,Deniz Undav,a,OpenPlay,Bundesliga,VfB Stuttgart,122,29.0,119.0,85.0,3.0,27.0
23145,2023,10804,1,2.166920661926269,90,2023-10-28,FW,VfB Stuttgart,Hoffenheim,72.0,Deniz Undav,h,OpenPlay,Bundesliga,VfB Stuttgart,212,0.0,194.0,75.0,18.0,3.0
23153,2023,10804,0,0.2202170193195343,90,2023-11-05,FW,FC Heidenheim,VfB Stuttgart,,Deniz Undav,a,NoGoal,Bundesliga,VfB Stuttgart,302,0.0,194.0,0.0,108.0,18.0
23162,2023,10804,1,0.74820876121521,82,2023-11-11,FW,VfB Stuttgart,Borussia Dortmund,41.0,Deniz Undav,h,OpenPlay,Bundesliga,VfB Stuttgart,384,0.0,343.0,149.0,41.0,108.0
23167,2023,10804,2,0.9379922151565552,84,2023-11-25,FW,Eintracht Frankfurt,VfB Stuttgart,0.0,Deniz Undav,a,OpenPlay,Bundesliga,VfB Stuttgart,468,0.0,384.0,41.0,84.0,41.0
23167,2023,10804,2,0.9379922151565552,84,2023-11-25,FW,Eintracht Frankfurt,VfB Stuttgart,45.0,Deniz Undav,a,OpenPlay,Bundesliga,VfB Stuttgart,468,0.0,429.0,45.0,39.0,41.0
23180,2023,10804,1,1.170494794845581,72,2023-12-02,FW,VfB Stuttgart,Werder Bremen,16.0,Deniz Undav,h,OpenPlay,Bundesliga,VfB Stuttgart,540,0.0,484.0,55.0,56.0,39.0
23189,2023,10804,0,0.8775560259819031,89,2023-12-10,AMR,VfB Stuttgart,Bayer Leverkusen,,Deniz Undav,h,NoGoal,Bundesliga,VfB Stuttgart,629,0.0,484.0,0.0,145.0,56.0
23191,2023,10804,0,0.0428595766425132,79,2023-12-17,FW,Bayern Munich,VfB Stuttgart,,Deniz Undav,a,NoGoal,Bundesliga,VfB Stuttgart,708,0.0,484.0,0.0,224.0,145.0
23207,2023,10804,1,0.2374043613672256,79,2023-12-20,FW,VfB Stuttgart,Augsburg,17.0,Deniz Undav,h,FromCorner,Bundesliga,VfB Stuttgart,787,0.0,725.0,241.0,62.0,224.0
23213,2023,10804,0,0.6900075674057007,90,2024-01-14,FW,Borussia M.Gladbach,VfB Stuttgart,,Deniz Undav,a,NoGoal,Bundesliga,VfB Stuttgart,877,0.0,725.0,0.0,152.0,62.0
23224,2023,10804,0,0.9748674631118774,90,2024-01-20,FW,Bochum,VfB Stuttgart,,Deniz Undav,a,NoGoal,Bundesliga,VfB Stuttgart,967,0.0,725.0,0.0,242.0,152.0
23235,2023,10804,3,1.0688848495483398,90,2024-01-27,FW,VfB Stuttgart,RasenBallsport Leipzig,29.0,Deniz Undav,h,OpenPlay,Bundesliga,VfB Stuttgart,1057,0.0,996.0,271.0,61.0,242.0
23235,2023,10804,3,1.0688848495483398,90,2024-01-27,FW,VfB Stuttgart,RasenBallsport Leipzig,55.0,Deniz Undav,h,FromCorner,Bundesliga,VfB Stuttgart,1057,0.0,1022.0,26.0,35.0,242.0
23235,2023,10804,3,1.0688848495483398,90,2024-01-27,FW,VfB Stuttgart,RasenBallsport Leipzig,74.0,Deniz Undav,h,SetPiece,Bundesliga,VfB Stuttgart,1057,0.0,1041.0,19.0,16.0,242.0
23238,2023,10804,1,0.597040057182312,90,2024-02-03,FW,Freiburg,VfB Stuttgart,2.0,Deniz Undav,a,OpenPlay,Bundesliga,VfB Stuttgart,1147,0.0,1059.0,18.0,88.0,16.0
23253,2023,10804,1,0.4704776108264923,90,2024-02-11,FW,VfB Stuttgart,Mainz 05,72.0,Deniz Undav,h,OpenPlay,Bundesliga,VfB Stuttgart,1237,0.0,1219.0,160.0,18.0,88.0
23262,2023,10804,0,0.1965142637491226,90,2024-02-17,AMC,Darmstadt,VfB Stuttgart,,Deniz Undav,a,NoGoal,Bundesliga,VfB Stuttgart,1327,0.0,1219.0,0.0,108.0,18.0
23274,2023,10804,0,0.0,17,2024-03-02,Sub,Wolfsburg,VfB Stuttgart,,Deniz Undav,a,NoGoal,Bundesliga,VfB Stuttgart,1344,73.0,1219.0,0.0,125.0,108.0
23289,2023,10804,0,0.0,27,2024-03-08,Sub,VfB Stuttgart,Union Berlin,,Deniz Undav,h,NoGoal,Bundesliga,VfB Stuttgart,1371,63.0,1219.0,0.0,152.0,125.0
23296,2023,10804,0,0.6974056959152222,68,2024-03-16,AMC,Hoffenheim,VfB Stuttgart,,Deniz Undav,a,NoGoal,Bundesliga,VfB Stuttgart,1439,0.0,1219.0,0.0,220.0,152.0
23307,2023,10804,1,0.5531115531921387,90,2024-03-31,FW,VfB Stuttgart,FC Heidenheim,97.0,Deniz Undav,h,OpenPlay,Bundesliga,VfB Stuttgart,1529,0.0,1536.0,317.0,0.0,220.0
23308,2023,10804,0,0.143957570195198,90,2024-04-06,AMC,Borussia Dortmund,VfB Stuttgart,,Deniz Undav,a,NoGoal,Bundesliga,VfB Stuttgart,1619,0.0,1536.0,0.0,83.0,0.0
23324,2023,10804,1,0.2183203399181366,84,2024-04-13,AMC,VfB Stuttgart,Eintracht Frankfurt,16.0,Deniz Undav,h,OpenPlay,Bundesliga,VfB Stuttgart,1703,0.0,1635.0,99.0,68.0,83.0
23333,2023,10804,1,1.7003190517425537,90,2024-04-21,FW,Werder Bremen,VfB Stuttgart,70.0,Deniz Undav,a,OpenPlay,Bundesliga,VfB Stuttgart,1793,0.0,1773.0,138.0,20.0,68.0
23338,2023,10804,1,0.0999530777335167,76,2024-04-27,FW,Bayer Leverkusen,VfB Stuttgart,55.0,Deniz Undav,a,OpenPlay,Bundesliga,VfB Stuttgart,1869,0.0,1848.0,75.0,21.0,20.0
23351,2023,10804,0,0.3750953376293182,90,2024-05-04,FW,VfB Stuttgart,Bayern Munich,,Deniz Undav,h,NoGoal,Bundesliga,VfB Stuttgart,1959,0.0,1848.0,0.0,111.0,21.0
23360,2023,10804,0,0.4286719858646393,86,2024-05-10,FW,Augsburg,VfB Stuttgart,,Deniz Undav,a,NoGoal,Bundesliga,VfB Stuttgart,2045,0.0,1848.0,0.0,197.0,111.0
23369,2023,10804,0,0.3355302214622497,90,2024-05-18,AMC,VfB Stuttgart,Borussia M.Gladbach,,Deniz Undav,h,NoGoal,Bundesliga,VfB Stuttgart,2135,0.0,1848.0,0.0,287.0,197.0
27745,2024,10804,0,0.0366545021533966,68,2024-08-24,AMC,Freiburg,VfB Stuttgart,,Deniz Undav,a,NoGoal,Bundesliga,VfB Stuttgart,2203,0.0,1848.0,0.0,355.0,287.0
27755,2024,10804,0,0.5528020858764648,76,2024-08-31,FW,VfB Stuttgart,Mainz 05,,Deniz Undav,h,NoGoal,Bundesliga,VfB Stuttgart,2279,0.0,1848.0,0.0,431.0,355.0
27765,2024,10804,1,0.9762572050094604,64,2024-09-14,FW,Borussia M.Gladbach,VfB Stuttgart,20.0,Deniz Undav,a,OpenPlay,Bundesliga,VfB Stuttgart,2343,0.0,2299.0,451.0,44.0,431.0
27776,2024,10804,2,1.360235571861267,90,2024-09-22,FW,VfB Stuttgart,Borussia Dortmund,3.0,Deniz Undav,h,OpenPlay,Bundesliga,VfB Stuttgart,2433,0.0,2346.0,47.0,87.0,44.0
27776,2024,10804,2,1.360235571861267,90,2024-09-22,FW,VfB Stuttgart,Borussia Dortmund,89.0,Deniz Undav,h,OpenPlay,Bundesliga,VfB Stuttgart,2433,0.0,2432.0,86.0,1.0,44.0
27780,2024,10804,1,0.3174770474433899,31,2024-09-28,Sub,Wolfsburg,VfB Stuttgart,96.0,Deniz Undav,a,OpenPlay,Bundesliga,VfB Stuttgart,2464,65.0,2464.0,32.0,0.0,1.0
27795,2024,10804,0,0.3540489077568054,90,2024-10-06,FW,VfB Stuttgart,Hoffenheim,,Deniz Undav,h,NoGoal,Bundesliga,VfB Stuttgart,2554,0.0,2464.0,0.0,90.0,0.0
27797,2024,10804,0,0.1151986792683601,75,2024-10-19,AMC,Bayern Munich,VfB Stuttgart,,Deniz Undav,a,NoGoal,Bundesliga,VfB Stuttgart,2629,0.0,2464.0,0.0,165.0,90.0
27805,2024,10804,1,0.6263020038604736,71,2024-10-26,FW,VfB Stuttgart,Holstein Kiel,18.0,Deniz Undav,h,OpenPlay,Bundesliga,VfB Stuttgart,2700,0.0,2647.0,183.0,53.0,165.0
27814,2024,10804,0,0.0994559079408645,90,2024-11-01,FW,Bayer Leverkusen,VfB Stuttgart,,Deniz Undav,a,NoGoal,Bundesliga,VfB Stuttgart,2790,0.0,2647.0,0.0,143.0,53.0
27882,2024,10804,1,1.45602548122406,25,2025-01-12,Sub,Augsburg,VfB Stuttgart,64.0,Deniz Undav,a,OpenPlay,Bundesliga,VfB Stuttgart,2815,65.0,2789.0,142.0,26.0,143.0
27887,2024,10804,0,1.1629478931427002,78,2025-01-15,FW,VfB Stuttgart,RasenBallsport Leipzig,,Deniz Undav,h,NoGoal,Bundesliga,VfB Stuttgart,2893,0.0,2789.0,0.0,104.0,26.0
27896,2024,10804,1,0.2272733300924301,16,2025-01-18,Sub,VfB Stuttgart,Freiburg,79.0,Deniz Undav,h,OpenPlay,Bundesliga,VfB Stuttgart,2909,74.0,2898.0,109.0,11.0,104.0
27909,2024,10804,0,0.5801413655281067,90,2025-01-25,FW,Mainz 05,VfB Stuttgart,,Deniz Undav,a,NoGoal,Bundesliga,VfB Stuttgart,2999,0.0,2898.0,0.0,101.0,11.0
27917,2024,10804,0,0.0,19,2025-02-01,Sub,VfB Stuttgart,Borussia M.Gladbach,,Deniz Undav,h,NoGoal,Bundesliga,VfB Stuttgart,3018,71.0,2898.0,0.0,120.0,101.0
27924,2024,10804,0,0.0529066883027553,71,2025-02-08,FW,Borussia Dortmund,VfB Stuttgart,,Deniz Undav,a,NoGoal,Bundesliga,VfB Stuttgart,3089,0.0,2898.0,0.0,191.0,120.0
27932,2024,10804,0,0.112040176987648,76,2025-02-15,FW,VfB Stuttgart,Wolfsburg,,Deniz Undav,h,NoGoal,Bundesliga,VfB Stuttgart,3165,0.0,2898.0,0.0,267.0,191.0
27943,2024,10804,0,0.8381447792053223,83,2025-02-23,FW,Hoffenheim,VfB Stuttgart,,Deniz Undav,a,NoGoal,Bundesliga,VfB Stuttgart,3248,0.0,2898.0,0.0,350.0,267.0
27949,2024,10804,0,0.2626823186874389,90,2025-02-28,FW,VfB Stuttgart,Bayern Munich,,Deniz Undav,h,NoGoal,Bundesliga,VfB Stuttgart,3338,0.0,2898.0,0.0,440.0,350.0
27966,2024,10804,0,0.4344806373119354,47,2025-03-08,FW,Holstein Kiel,VfB Stuttgart,,Deniz Undav,a,NoGoal,Bundesliga,VfB Stuttgart,3385,0.0,2898.0,0.0,487.0,440.0
27967,2024,10804,0,0.0998207554221153,21,2025-03-16,Sub,VfB Stuttgart,Bayer Leverkusen,,Deniz Undav,h,NoGoal,Bundesliga,VfB Stuttgart,3406,69.0,2898.0,0.0,508.0,487.0
27978,2024,10804,0,0.1248863488435745,9,2025-03-29,Sub,Eintracht Frankfurt,VfB Stuttgart,,Deniz Undav,a,NoGoal,Bundesliga,VfB Stuttgart,3415,81.0,2898.0,0.0,517.0,508.0
27995,2024,10804,0,0.0,3,2025-04-13,Sub,VfB Stuttgart,Werder Bremen,,Deniz Undav,h,NoGoal,Bundesliga,VfB Stuttgart,3418,87.0,2898.0,0.0,520.0,517.0
28010,2024,10804,1,0.0541555546224117,90,2025-04-19,AMC,Union Berlin,VfB Stuttgart,22.0,Deniz Undav,a,OpenPlay,Bundesliga,VfB Stuttgart,3508,0.0,3440.0,542.0,68.0,520.0
28013,2024,10804,0,0.3144444823265075,90,2025-04-25,AMC,VfB Stuttgart,FC Heidenheim,,Deniz Undav,h,NoGoal,Bundesliga,VfB Stuttgart,3598,0.0,3440.0,0.0,158.0,68.0
28029,2024,10804,0,0.2122037708759308,90,2025-05-03,AMC,St. Pauli,VfB Stuttgart,,Deniz Undav,a,NoGoal,Bundesliga,VfB Stuttgart,3688,0.0,3440.0,0.0,248.0,158.0
28031,2024,10804,0,0.4553021490573883,90,2025-05-11,AMR,VfB Stuttgart,Augsburg,,Deniz Undav,h,NoGoal,Bundesliga,VfB Stuttgart,3778,0.0,3440.0,0.0,338.0,248.0
28039,2024,10804,1,1.1491868495941162,90,2025-05-17,AMC,RasenBallsport Leipzig,VfB Stuttgart,22.0,Deniz Undav,a,OpenPlay,Bundesliga,VfB Stuttgart,3868,0.0,3800.0,360.0,68.0,338.0
30227,2025,10804,0,0.1897024512290954,90,2025-08-23,AMC,Union Berlin,VfB Stuttgart,,Deniz Undav,a,NoGoal,Bundesliga,VfB Stuttgart,3958,0.0,3800.0,0.0,158.0,68.0
30237,2025,10804,0,0.0,13,2025-08-30,AMC,VfB Stuttgart,Borussia M.Gladbach,,Deniz Undav,h,NoGoal,Bundesliga,VfB Stuttgart,3971,0.0,3800.0,0.0,171.0,158.0
30286,2025,10804,0,0.0500813238322734,23,2025-10-18,Sub,Wolfsburg,VfB Stuttgart,,Deniz Undav,a,NoGoal,Bundesliga,VfB Stuttgart,3994,67.0,3800.0,0.0,194.0,171.0
30294,2025,10804,1,0.7633439302444458,90,2025-10-26,FW,VfB Stuttgart,Mainz 05,78.0,Deniz Undav,h,OpenPlay,Bundesliga,VfB Stuttgart,4084,0.0,4072.0,272.0,12.0,194.0
30301,2025,10804,0,0.4716185629367828,79,2025-11-01,FW,RasenBallsport Leipzig,VfB Stuttgart,,Deniz Undav,a,NoGoal,Bundesliga,VfB Stuttgart,4163,0.0,4072.0,0.0,91.0,12.0
30311,2025,10804,2,0.6550549268722534,90,2025-11-09,FW,VfB Stuttgart,Augsburg,38.0,Deniz Undav,h,OpenPlay,Bundesliga,VfB Stuttgart,4253,0.0,4201.0,129.0,52.0,91.0
30311,2025,10804,2,0.6550549268722534,90,2025-11-09,FW,VfB Stuttgart,Augsburg,79.0,Deniz Undav,h,OpenPlay,Bundesliga,VfB Stuttgart,4253,0.0,4242.0,41.0,11.0,91.0
30316,2025,10804,3,1.2227683067321775,90,2025-11-22,FW,Borussia Dortmund,VfB Stuttgart,46.0,Deniz Undav,a,OpenPlay,Bundesliga,VfB Stuttgart,4343,0.0,4299.0,57.0,44.0,11.0
30316,2025,10804,3,1.2227683067321775,90,2025-11-22,FW,Borussia Dortmund,VfB Stuttgart,70.0,Deniz Undav,a,FromCorner,Bundesliga,VfB Stuttgart,4343,0.0,4323.0,24.0,20.0,11.0
30316,2025,10804,3,1.2227683067321775,90,2025-11-22,FW,Borussia Dortmund,VfB Stuttgart,90.0,Deniz Undav,a,OpenPlay,Bundesliga,VfB Stuttgart,4343,0.0,4343.0,20.0,0.0,11.0
30328,2025,10804,1,0.6922802925109863,51,2025-11-30,Sub,Hamburger SV,VfB Stuttgart,53.0,Deniz Undav,a,OpenPlay,Bundesliga,VfB Stuttgart,4394,39.0,4357.0,14.0,37.0,0.0
30332,2025,10804,0,0.3261316120624542,90,2025-12-06,FW,VfB Stuttgart,Bayern Munich,,Deniz Undav,h,NoGoal,Bundesliga,VfB Stuttgart,4484,0.0,4357.0,0.0,127.0,37.0
30349,2025,10804,1,0.8970494866371155,90,2025-12-14,FW,Werder Bremen,VfB Stuttgart,78.0,Deniz Undav,a,OpenPlay,Bundesliga,VfB Stuttgart,4574,0.0,4562.0,205.0,12.0,127.0
30357,2025,10804,0,0.2351941615343094,90,2025-12-20,FW,VfB Stuttgart,Hoffenheim,,Deniz Undav,h,NoGoal,Bundesliga,VfB Stuttgart,4664,0.0,4562.0,0.0,102.0,12.0
30359,2025,10804,1,0.5493818521499634,90,2026-01-10,FW,Bayer Leverkusen,VfB Stuttgart,46.0,Deniz Undav,a,OpenPlay,Bundesliga,VfB Stuttgart,4754,0.0,4710.0,148.0,44.0,102.0
30375,2025,10804,1,1.2319129705429075,90,2026-01-13,FW,VfB Stuttgart,Eintracht Frankfurt,34.0,Deniz Undav,h,OpenPlay,Bundesliga,VfB Stuttgart,4844,0.0,4788.0,78.0,56.0,44.0
30383,2025,10804,0,0.6566771268844604,90,2026-01-18,FW,VfB Stuttgart,Union Berlin,,Deniz Undav,h,NoGoal,Bundesliga,VfB Stuttgart,4934,0.0,4788.0,0.0,146.0,56.0
30388,2025,10804,1,0.0926721841096878,26,2026-01-25,Sub,Borussia M.Gladbach,VfB Stuttgart,73.0,Deniz Undav,a,OpenPlay,Bundesliga,VfB Stuttgart,4960,64.0,4943.0,155.0,17.0,146.0
30402,2025,10804,0,1.676297903060913,90,2026-02-01,FW,VfB Stuttgart,Freiburg,,Deniz Undav,h,NoGoal,Bundesliga,VfB Stuttgart,5050,0.0,4943.0,0.0,107.0,17.0
30410,2025,10804,0,0.3214810788631439,90,2026-02-07,AMC,St. Pauli,VfB Stuttgart,,Deniz Undav,a,NoGoal,Bundesliga,VfB Stuttgart,5140,0.0,4943.0,0.0,197.0,107.0
30420,2025,10804,1,1.1226744651794434,90,2026-02-14,AMC,VfB Stuttgart,FC Cologne,91.0,Deniz Undav,h,OpenPlay,Bundesliga,VfB Stuttgart,5230,0.0,5231.0,288.0,0.0,197.0
30425,2025,10804,1,0.8907544612884521,31,2026-02-22,Sub,FC Heidenheim,VfB Stuttgart,87.0,Deniz Undav,a,OpenPlay,Bundesliga,VfB Stuttgart,5261,59.0,5258.0,27.0,3.0,0.0
30438,2025,10804,1,0.8086132407188416,79,2026-03-01,FW,VfB Stuttgart,Wolfsburg,20.0,Deniz Undav,h,OpenPlay,Bundesliga,VfB Stuttgart,5340,0.0,5281.0,23.0,59.0,3.0
30444,2025,10804,1,0.4945280849933624,85,2026-03-07,AMC,Mainz 05,VfB Stuttgart,76.0,Deniz Undav,a,OpenPlay,Bundesliga,VfB Stuttgart,5425,0.0,5416.0,135.0,9.0,59.0
30456,2025,10804,1,1.6073728799819946,90,2026-03-15,FW,VfB Stuttgart,RasenBallsport Leipzig,55.0,Deniz Undav,h,OpenPlay,Bundesliga,VfB Stuttgart,5515,0.0,5480.0,64.0,35.0,9.0
30458,2025,10804,2,1.3513598442077637,90,2026-03-22,FW,Augsburg,VfB Stuttgart,11.0,Deniz Undav,a,OpenPlay,Bundesliga,VfB Stuttgart,5605,0.0,5526.0,46.0,79.0,35.0
30458,2025,10804,2,1.3513598442077637,90,2026-03-22,FW,Augsburg,VfB Stuttgart,57.0,Deniz Undav,a,OpenPlay,Bundesliga,VfB Stuttgart,5605,0.0,5572.0,46.0,33.0,35.0
30473,2025,10804,0,0.1128735393285751,90,2026-04-04,FW,VfB Stuttgart,Borussia Dortmund,,Deniz Undav,h,NoGoal,Bundesliga,VfB Stuttgart,5695,0.0,5572.0,0.0,123.0,33.0
30483,2025,10804,0,1.4887189865112305,89,2026-04-12,AMC,VfB Stuttgart,Hamburger SV,,Deniz Undav,h,NoGoal,Bundesliga,VfB Stuttgart,5784,0.0,5572.0,0.0,212.0,123.0
30501,2025,10804,0,0.2181892246007919,90,2026-04-26,FW,VfB Stuttgart,Werder Bremen,,Deniz Undav,h,NoGoal,Bundesliga,VfB Stuttgart,5874,0.0,5572.0,0.0,302.0,212.0
30508,2025,10804,0,0.0883985608816146,90,2026-05-02,FW,Hoffenheim,VfB Stuttgart,,Deniz Undav,a,NoGoal,Bundesliga,VfB Stuttgart,5964,0.0,5572.0,0.0,392.0,302.0
30519,2025,10804,1,0.8242568373680115,75,2026-05-09,FW,VfB Stuttgart,Bayer Leverkusen,57.0,Deniz Undav,h,OpenPlay,Bundesliga,VfB Stuttgart,6039,0.0,6021.0,449.0,18.0,392.0
30524,2025,10804,0,0.0181589368730783,90,2026-05-16,FW,Eintracht Frankfurt,VfB Stuttgart,,Deniz Undav,a,NoGoal,Bundesliga,VfB Stuttgart,6129,0.0,6021.0,0.0,108.0,18.0
23066,2023,10832,1,1.0831037759780884,78,2023-08-19,FW,Bayer Leverkusen,RasenBallsport Leipzig,70.0,Loïs Openda,a,SetPiece,Bundesliga,RasenBallsport Leipzig,78,0.0,70.0,,8.0,
23074,2023,10832,1,1.0085593461990356,85,2023-08-25,FW,RasenBallsport Leipzig,VfB Stuttgart,65.0,Loïs Openda,h,OpenPlay,Bundesliga,RasenBallsport Leipzig,163,0.0,143.0,73.0,20.0,8.0
23091,2023,10832,0,0.0585951618850231,76,2023-09-03,FW,Union Berlin,RasenBallsport Leipzig,,Loïs Openda,a,NoGoal,Bundesliga,RasenBallsport Leipzig,239,0.0,143.0,0.0,96.0,20.0
23093,2023,10832,1,0.808950662612915,68,2023-09-16,FW,RasenBallsport Leipzig,Augsburg,10.0,Loïs Openda,h,OpenPlay,Bundesliga,RasenBallsport Leipzig,307,0.0,249.0,106.0,58.0,96.0
23103,2023,10832,0,0.0586907342076301,71,2023-09-23,FW,Borussia M.Gladbach,RasenBallsport Leipzig,,Loïs Openda,a,NoGoal,Bundesliga,RasenBallsport Leipzig,378,0.0,249.0,0.0,129.0,58.0
23116,2023,10832,1,0.1194633916020393,89,2023-09-30,FW,RasenBallsport Leipzig,Bayern Munich,19.0,Loïs Openda,h,OpenPlay,Bundesliga,RasenBallsport Leipzig,467,0.0,397.0,148.0,70.0,129.0
23121,2023,10832,0,0.1101143583655357,80,2023-10-07,FW,RasenBallsport Leipzig,Bochum,,Loïs Openda,h,NoGoal,Bundesliga,RasenBallsport Leipzig,547,0.0,397.0,0.0,150.0,70.0
23133,2023,10832,2,0.4921186864376068,83,2023-10-21,FW,Darmstadt,RasenBallsport Leipzig,0.0,Loïs Openda,a,OpenPlay,Bundesliga,RasenBallsport Leipzig,630,0.0,547.0,150.0,83.0,150.0
23133,2023,10832,2,0.4921186864376068,83,2023-10-21,FW,Darmstadt,RasenBallsport Leipzig,71.0,Loïs Openda,a,OpenPlay,Bundesliga,RasenBallsport Leipzig,630,0.0,618.0,71.0,12.0,150.0
23138,2023,10832,2,1.6495698690414429,79,2023-10-28,FW,RasenBallsport Leipzig,FC Cologne,39.0,Loïs Openda,h,OpenPlay,Bundesliga,RasenBallsport Leipzig,709,0.0,669.0,51.0,40.0,12.0
23138,2023,10832,2,1.6495698690414429,79,2023-10-28,FW,RasenBallsport Leipzig,FC Cologne,47.0,Loïs Openda,h,OpenPlay,Bundesliga,RasenBallsport Leipzig,709,0.0,677.0,8.0,32.0,12.0
23150,2023,10832,0,0.1094890981912612,71,2023-11-04,FW,Mainz 05,RasenBallsport Leipzig,,Loïs Openda,a,NoGoal,Bundesliga,RasenBallsport Leipzig,780,0.0,677.0,0.0,103.0,32.0
23156,2023,10832,1,1.477621078491211,90,2023-11-12,FW,RasenBallsport Leipzig,Freiburg,78.0,Loïs Openda,h,Penalty,Bundesliga,RasenBallsport Leipzig,870,0.0,858.0,181.0,12.0,103.0
23168,2023,10832,0,0.9551900625228882,90,2023-11-25,FW,Wolfsburg,RasenBallsport Leipzig,,Loïs Openda,a,NoGoal,Bundesliga,RasenBallsport Leipzig,960,0.0,858.0,0.0,102.0,12.0
23174,2023,10832,1,2.408957004547119,90,2023-12-02,FW,RasenBallsport Leipzig,FC Heidenheim,28.0,Loïs Openda,h,Penalty,Bundesliga,RasenBallsport Leipzig,1050,0.0,988.0,130.0,62.0,102.0
23182,2023,10832,0,0.3114823698997497,81,2023-12-09,FW,Borussia Dortmund,RasenBallsport Leipzig,,Loïs Openda,a,NoGoal,Bundesliga,RasenBallsport Leipzig,1131,0.0,988.0,0.0,143.0,62.0
23192,2023,10832,0,0.1779774725437164,86,2023-12-16,FW,RasenBallsport Leipzig,Hoffenheim,,Loïs Openda,h,NoGoal,Bundesliga,RasenBallsport Leipzig,1217,0.0,988.0,0.0,229.0,143.0
23206,2023,10832,1,1.3952544927597046,90,2023-12-19,FW,Werder Bremen,RasenBallsport Leipzig,46.0,Loïs Openda,a,OpenPlay,Bundesliga,RasenBallsport Leipzig,1307,0.0,1263.0,275.0,44.0,229.0
23210,2023,10832,0,1.0085808038711548,90,2024-01-13,FW,RasenBallsport Leipzig,Eintracht Frankfurt,,Loïs Openda,h,NoGoal,Bundesliga,RasenBallsport Leipzig,1397,0.0,1263.0,0.0,134.0,44.0
23219,2023,10832,1,0.5932930111885071,90,2024-01-20,FW,RasenBallsport Leipzig,Bayer Leverkusen,55.0,Loïs Openda,h,OpenPlay,Bundesliga,RasenBallsport Leipzig,1487,0.0,1452.0,189.0,35.0,134.0
23235,2023,10832,1,0.0306653063744306,90,2024-01-27,FW,VfB Stuttgart,RasenBallsport Leipzig,54.0,Loïs Openda,a,OpenPlay,Bundesliga,RasenBallsport Leipzig,1577,0.0,1541.0,89.0,36.0,35.0
23237,2023,10832,1,0.610607922077179,81,2024-02-04,FW,RasenBallsport Leipzig,Union Berlin,10.0,Loïs Openda,h,SetPiece,Bundesliga,RasenBallsport Leipzig,1658,0.0,1587.0,46.0,71.0,36.0
23251,2023,10832,1,1.1518808603286743,90,2024-02-10,FW,Augsburg,RasenBallsport Leipzig,38.0,Loïs Openda,a,OpenPlay,Bundesliga,RasenBallsport Leipzig,1748,0.0,1696.0,109.0,52.0,71.0
23254,2023,10832,1,0.4036433398723602,90,2024-02-17,FW,RasenBallsport Leipzig,Borussia M.Gladbach,56.0,Loïs Openda,h,OpenPlay,Bundesliga,RasenBallsport Leipzig,1838,0.0,1804.0,108.0,34.0,52.0
23271,2023,10832,0,0.0,74,2024-02-24,FW,Bayern Munich,RasenBallsport Leipzig,,Loïs Openda,a,NoGoal,Bundesliga,RasenBallsport Leipzig,1912,0.0,1804.0,0.0,108.0,34.0
23278,2023,10832,1,0.5443804860115051,21,2024-03-02,Sub,Bochum,RasenBallsport Leipzig,67.0,Loïs Openda,a,OpenPlay,Bundesliga,RasenBallsport Leipzig,1933,69.0,1910.0,106.0,23.0,108.0
23282,2023,10832,0,2.139103651046753,73,2024-03-09,FW,RasenBallsport Leipzig,Darmstadt,,Loïs Openda,h,NoGoal,Bundesliga,RasenBallsport Leipzig,2006,0.0,1910.0,0.0,96.0,23.0
23295,2023,10832,2,1.6370580196380615,78,2024-03-15,FW,FC Cologne,RasenBallsport Leipzig,62.0,Loïs Openda,a,OpenPlay,Bundesliga,RasenBallsport Leipzig,2084,0.0,2068.0,158.0,16.0,96.0
23295,2023,10832,2,1.6370580196380615,78,2024-03-15,FW,FC Cologne,RasenBallsport Leipzig,66.0,Loïs Openda,a,OpenPlay,Bundesliga,RasenBallsport Leipzig,2084,0.0,2072.0,4.0,12.0,96.0
23300,2023,10832,0,0.7994805574417114,71,2024-03-30,FW,RasenBallsport Leipzig,Mainz 05,,Loïs Openda,h,NoGoal,Bundesliga,RasenBallsport Leipzig,2155,0.0,2072.0,0.0,83.0,12.0
23310,2023,10832,2,1.192706823348999,90,2024-04-06,FW,Freiburg,RasenBallsport Leipzig,17.0,Loïs Openda,a,OpenPlay,Bundesliga,RasenBallsport Leipzig,2245,0.0,2172.0,100.0,73.0,83.0
23310,2023,10832,2,1.192706823348999,90,2024-04-06,FW,Freiburg,RasenBallsport Leipzig,43.0,Loïs Openda,a,OpenPlay,Bundesliga,RasenBallsport Leipzig,2245,0.0,2198.0,26.0,47.0,83.0
23318,2023,10832,1,0.3998689651489258,89,2024-04-13,FW,RasenBallsport Leipzig,Wolfsburg,81.0,Loïs Openda,h,OpenPlay,Bundesliga,RasenBallsport Leipzig,2334,0.0,2326.0,128.0,8.0,47.0
23334,2023,10832,1,0.9383053183555604,90,2024-04-20,FW,FC Heidenheim,RasenBallsport Leipzig,84.0,Loïs Openda,a,OpenPlay,Bundesliga,RasenBallsport Leipzig,2424,0.0,2418.0,92.0,6.0,8.0
23336,2023,10832,1,0.6639420986175537,90,2024-04-27,FW,RasenBallsport Leipzig,Borussia Dortmund,22.0,Loïs Openda,h,OpenPlay,Bundesliga,RasenBallsport Leipzig,2514,0.0,2446.0,28.0,68.0,6.0
23349,2023,10832,0,0.2030414789915084,78,2024-05-03,FW,Hoffenheim,RasenBallsport Leipzig,,Loïs Openda,a,NoGoal,Bundesliga,RasenBallsport Leipzig,2592,0.0,2446.0,0.0,146.0,68.0
23354,2023,10832,0,0.1040148511528968,90,2024-05-11,FW,RasenBallsport Leipzig,Werder Bremen,,Loïs Openda,h,NoGoal,Bundesliga,RasenBallsport Leipzig,2682,0.0,2446.0,0.0,236.0,146.0
23365,2023,10832,0,0.0975836142897605,90,2024-05-18,FW,Eintracht Frankfurt,RasenBallsport Leipzig,,Loïs Openda,a,NoGoal,Bundesliga,RasenBallsport Leipzig,2772,0.0,2446.0,0.0,326.0,236.0
27743,2024,10832,0,0.1769809573888778,89,2024-08-24,FW,RasenBallsport Leipzig,Bochum,,Loïs Openda,h,NoGoal,Bundesliga,RasenBallsport Leipzig,2861,0.0,2446.0,0.0,415.0,326.0
27757,2024,10832,2,0.3157040774822235,90,2024-08-31,FW,Bayer Leverkusen,RasenBallsport Leipzig,56.0,Loïs Openda,a,OpenPlay,Bundesliga,RasenBallsport Leipzig,2951,0.0,2917.0,471.0,34.0,415.0
27757,2024,10832,2,0.3157040774822235,90,2024-08-31,FW,Bayer Leverkusen,RasenBallsport Leipzig,79.0,Loïs Openda,a,OpenPlay,Bundesliga,RasenBallsport Leipzig,2951,0.0,2940.0,23.0,11.0,415.0
27763,2024,10832,0,0.857913613319397,90,2024-09-14,FW,RasenBallsport Leipzig,Union Berlin,,Loïs Openda,h,NoGoal,Bundesliga,RasenBallsport Leipzig,3041,0.0,2940.0,0.0,101.0,11.0
27777,2024,10832,0,0.0921707153320312,27,2024-09-22,Sub,St. Pauli,RasenBallsport Leipzig,,Loïs Openda,a,NoGoal,Bundesliga,RasenBallsport Leipzig,3068,63.0,2940.0,0.0,128.0,101.0
27783,2024,10832,1,1.2359310388565063,90,2024-09-28,FW,RasenBallsport Leipzig,Augsburg,45.0,Loïs Openda,h,OpenPlay,Bundesliga,RasenBallsport Leipzig,3158,0.0,3113.0,173.0,45.0,128.0
27788,2024,10832,1,0.8633362054824829,90,2024-10-06,FW,FC Heidenheim,RasenBallsport Leipzig,58.0,Loïs Openda,a,OpenPlay,Bundesliga,RasenBallsport Leipzig,3248,0.0,3216.0,103.0,32.0,45.0
27802,2024,10832,0,0.1129084378480911,85,2024-10-19,FW,Mainz 05,RasenBallsport Leipzig,,Loïs Openda,a,NoGoal,Bundesliga,RasenBallsport Leipzig,3333,0.0,3216.0,0.0,117.0,32.0
27806,2024,10832,1,0.8518804907798767,90,2024-10-26,FW,RasenBallsport Leipzig,Freiburg,77.0,Loïs Openda,h,OpenPlay,Bundesliga,RasenBallsport Leipzig,3423,0.0,3410.0,194.0,13.0,117.0
27816,2024,10832,0,0.0705116987228393,90,2024-11-02,FW,Borussia Dortmund,RasenBallsport Leipzig,,Loïs Openda,a,NoGoal,Bundesliga,RasenBallsport Leipzig,3513,0.0,3410.0,0.0,103.0,13.0
27824,2024,10832,0,0.1037589386105537,90,2024-11-09,FW,RasenBallsport Leipzig,Borussia M.Gladbach,,Loïs Openda,h,NoGoal,Bundesliga,RasenBallsport Leipzig,3603,0.0,3410.0,0.0,193.0,103.0
27837,2024,10832,0,0.3744387030601501,83,2024-11-23,FW,Hoffenheim,RasenBallsport Leipzig,,Loïs Openda,a,NoGoal,Bundesliga,RasenBallsport Leipzig,3686,0.0,3410.0,0.0,276.0,193.0
27841,2024,10832,0,0.1875083744525909,90,2024-11-30,FW,RasenBallsport Leipzig,Wolfsburg,,Loïs Openda,h,NoGoal,Bundesliga,RasenBallsport Leipzig,3776,0.0,3410.0,0.0,366.0,276.0
27856,2024,10832,0,0.5150763392448425,90,2024-12-07,FW,Holstein Kiel,RasenBallsport Leipzig,,Loïs Openda,a,NoGoal,Bundesliga,RasenBallsport Leipzig,3866,0.0,3410.0,0.0,456.0,366.0
27859,2024,10832,1,0.621722936630249,83,2024-12-15,FW,RasenBallsport Leipzig,Eintracht Frankfurt,50.0,Loïs Openda,h,FromCorner,Bundesliga,RasenBallsport Leipzig,3949,0.0,3916.0,506.0,33.0,456.0
27870,2024,10832,0,0.0821331664919853,90,2024-12-20,FW,Bayern Munich,RasenBallsport Leipzig,,Loïs Openda,a,NoGoal,Bundesliga,RasenBallsport Leipzig,4039,0.0,3916.0,0.0,123.0,33.0
27877,2024,10832,0,0.4821297228336334,90,2025-01-12,AMC,RasenBallsport Leipzig,Werder Bremen,,Loïs Openda,h,NoGoal,Bundesliga,RasenBallsport Leipzig,4129,0.0,3916.0,0.0,213.0,123.0
27887,2024,10832,0,0.1035078093409538,90,2025-01-15,AMC,VfB Stuttgart,RasenBallsport Leipzig,,Loïs Openda,a,NoGoal,Bundesliga,RasenBallsport Leipzig,4219,0.0,3916.0,0.0,303.0,213.0
27904,2024,10832,0,0.0409230440855026,77,2025-01-25,FW,RasenBallsport Leipzig,Bayer Leverkusen,,Loïs Openda,h,NoGoal,Bundesliga,RasenBallsport Leipzig,4296,0.0,3916.0,0.0,380.0,303.0
27913,2024,10832,0,0.0,47,2025-02-01,FW,Union Berlin,RasenBallsport Leipzig,,Loïs Openda,a,NoGoal,Bundesliga,RasenBallsport Leipzig,4343,0.0,3916.0,0.0,427.0,380.0
27923,2024,10832,0,0.6757107377052307,16,2025-02-09,Sub,RasenBallsport Leipzig,St. Pauli,,Loïs Openda,h,NoGoal,Bundesliga,RasenBallsport Leipzig,4359,74.0,3916.0,0.0,443.0,427.0
27936,2024,10832,0,0.0,26,2025-02-14,Sub,Augsburg,RasenBallsport Leipzig,,Loïs Openda,a,NoGoal,Bundesliga,RasenBallsport Leipzig,4385,64.0,3916.0,0.0,469.0,443.0
27941,2024,10832,1,0.3309603631496429,90,2025-02-23,FW,RasenBallsport Leipzig,FC Heidenheim,46.0,Loïs Openda,h,OpenPlay,Bundesliga,RasenBallsport Leipzig,4475,0.0,4431.0,515.0,44.0,469.0
27950,2024,10832,0,0.0819656923413276,76,2025-03-01,FW,RasenBallsport Leipzig,Mainz 05,,Loïs Openda,h,NoGoal,Bundesliga,RasenBallsport Leipzig,4551,0.0,4431.0,0.0,120.0,44.0
27963,2024,10832,0,0.2555516064167022,90,2025-03-08,FW,Freiburg,RasenBallsport Leipzig,,Loïs Openda,a,NoGoal,Bundesliga,RasenBallsport Leipzig,4641,0.0,4431.0,0.0,210.0,120.0
27968,2024,10832,1,0.7385436296463013,69,2025-03-15,FW,RasenBallsport Leipzig,Borussia Dortmund,47.0,Loïs Openda,h,FromCorner,Bundesliga,RasenBallsport Leipzig,4710,0.0,4688.0,257.0,22.0,210.0
27980,2024,10832,0,0.3522703647613525,85,2025-03-29,FW,Borussia M.Gladbach,RasenBallsport Leipzig,,Loïs Openda,a,NoGoal,Bundesliga,RasenBallsport Leipzig,4795,0.0,4688.0,0.0,107.0,22.0
27985,2024,10832,0,0.1049304530024528,83,2025-04-05,FW,RasenBallsport Leipzig,Hoffenheim,,Loïs Openda,h,NoGoal,Bundesliga,RasenBallsport Leipzig,4878,0.0,4688.0,0.0,190.0,107.0
27999,2024,10832,1,0.0880801007151603,79,2025-04-11,FW,Wolfsburg,RasenBallsport Leipzig,10.0,Loïs Openda,a,OpenPlay,Bundesliga,RasenBallsport Leipzig,4957,0.0,4888.0,200.0,69.0,190.0
28003,2024,10832,0,0.1135729327797889,90,2025-04-19,FW,RasenBallsport Leipzig,Holstein Kiel,,Loïs Openda,h,NoGoal,Bundesliga,RasenBallsport Leipzig,5047,0.0,4888.0,0.0,159.0,69.0
28015,2024,10832,0,0.1451242566108703,41,2025-04-26,Sub,Eintracht Frankfurt,RasenBallsport Leipzig,,Loïs Openda,a,NoGoal,Bundesliga,RasenBallsport Leipzig,5088,49.0,4888.0,0.0,200.0,159.0
28021,2024,10832,0,0.0592629238963127,88,2025-05-03,FW,RasenBallsport Leipzig,Bayern Munich,,Loïs Openda,h,NoGoal,Bundesliga,RasenBallsport Leipzig,5176,0.0,4888.0,0.0,288.0,200.0
28034,2024,10832,0,0.0,73,2025-05-10,FW,Werder Bremen,RasenBallsport Leipzig,,Loïs Openda,a,NoGoal,Bundesliga,RasenBallsport Leipzig,5249,0.0,4888.0,0.0,361.0,288.0
28039,2024,10832,0,0.0,12,2025-05-17,Sub,RasenBallsport Leipzig,VfB Stuttgart,,Loïs Openda,h,NoGoal,Bundesliga,RasenBallsport Leipzig,5261,78.0,4888.0,0.0,373.0,361.0
30224,2025,10832,0,0.046745765954256,51,2025-08-22,FW,Bayern Munich,RasenBallsport Leipzig,,Loïs Openda,a,NoGoal,Bundesliga,RasenBallsport Leipzig,5312,0.0,4888.0,0.0,424.0,373.0
30235,2025,10832,0,0.108299471437931,3,2025-08-30,Sub,RasenBallsport Leipzig,FC Heidenheim,,Loïs Openda,h,NoGoal,Bundesliga,RasenBallsport Leipzig,5315,87.0,4888.0,0.0,427.0,424.0
29865,2025,10832,0,0.015579012222588,16,2025-09-13,Sub,Juventus,Inter,,Loïs Openda,h,NoGoal,Serie_A,Juventus,5331,74.0,4888.0,0.0,443.0,427.0
29876,2025,10832,0,0.0323937609791755,31,2025-09-20,Sub,Verona,Juventus,,Loïs Openda,a,NoGoal,Serie_A,Juventus,5362,59.0,4888.0,0.0,474.0,443.0
29887,2025,10832,0,0.061980802565813,67,2025-09-27,FW,Juventus,Atalanta,,Loïs Openda,h,NoGoal,Serie_A,Juventus,5429,0.0,4888.0,0.0,541.0,474.0
29898,2025,10832,0,0.0302439983934164,20,2025-10-05,Sub,Juventus,AC Milan,,Loïs Openda,h,NoGoal,Serie_A,Juventus,5449,70.0,4888.0,0.0,561.0,541.0
29918,2025,10832,0,0.0,11,2025-10-26,Sub,Lazio,Juventus,,Loïs Openda,a,NoGoal,Serie_A,Juventus,5460,79.0,4888.0,0.0,572.0,561.0
29930,2025,10832,0,0.4535147547721863,80,2025-10-29,FW,Juventus,Udinese,,Loïs Openda,h,NoGoal,Serie_A,Juventus,5540,0.0,4888.0,0.0,652.0,572.0
29934,2025,10832,0,0.2883103489875793,67,2025-11-01,AMC,Cremonese,Juventus,,Loïs Openda,a,NoGoal,Serie_A,Juventus,5607,0.0,4888.0,0.0,719.0,652.0
29949,2025,10832,0,0.0,4,2025-11-08,Sub,Juventus,Torino,,Loïs Openda,h,NoGoal,Serie_A,Juventus,5611,86.0,4888.0,0.0,723.0,719.0
29957,2025,10832,0,0.0,1,2025-11-22,Sub,Fiorentina,Juventus,,Loïs Openda,a,NoGoal,Serie_A,Juventus,5612,89.0,4888.0,0.0,724.0,723.0
29968,2025,10832,0,0.0,2,2025-11-29,Sub,Juventus,Cagliari,,Loïs Openda,h,NoGoal,Serie_A,Juventus,5614,88.0,4888.0,0.0,726.0,724.0
29978,2025,10832,0,0.0,13,2025-12-07,Sub,Napoli,Juventus,,Loïs Openda,a,NoGoal,Serie_A,Juventus,5627,77.0,4888.0,0.0,739.0,726.0
29985,2025,10832,0,0.710716187953949,28,2025-12-14,Sub,Bologna,Juventus,,Loïs Openda,a,NoGoal,Serie_A,Juventus,5655,62.0,4888.0,0.0,767.0,739.0
29999,2025,10832,1,0.8095673322677612,83,2025-12-20,FW,Juventus,Roma,69.0,Loïs Openda,h,OpenPlay,Serie_A,Juventus,5738,0.0,5724.0,836.0,14.0,767.0
30009,2025,10832,0,0.0976433306932449,61,2025-12-27,FW,Pisa,Juventus,,Loïs Openda,a,NoGoal,Serie_A,Juventus,5799,0.0,5724.0,0.0,75.0,14.0
30020,2025,10832,0,0.2662134766578674,10,2026-01-03,Sub,Juventus,Lecce,,Loïs Openda,h,NoGoal,Serie_A,Juventus,5809,80.0,5724.0,0.0,85.0,75.0
30032,2025,10832,0,0.0,12,2026-01-06,Sub,Sassuolo,Juventus,,Loïs Openda,a,NoGoal,Serie_A,Juventus,5821,78.0,5724.0,0.0,97.0,85.0
30039,2025,10832,0,0.0,2,2026-01-12,Sub,Juventus,Cremonese,,Loïs Openda,h,NoGoal,Serie_A,Juventus,5823,88.0,5724.0,0.0,99.0,97.0
30053,2025,10832,0,0.0751449689269065,22,2026-01-17,Sub,Cagliari,Juventus,,Loïs Openda,a,NoGoal,Serie_A,Juventus,5845,68.0,5724.0,0.0,121.0,99.0
30070,2025,10832,0,0.3126931488513946,6,2026-02-01,Sub,Parma Calcio 1913,Juventus,,Loïs Openda,a,NoGoal,Serie_A,Juventus,5851,84.0,5724.0,0.0,127.0,121.0
30081,2025,10832,0,0.1513707637786865,4,2026-02-08,Sub,Juventus,Lazio,,Loïs Openda,h,NoGoal,Serie_A,Juventus,5855,86.0,5724.0,0.0,131.0,127.0
30087,2025,10832,0,0.0,10,2026-02-14,Sub,Inter,Juventus,,Loïs Openda,a,NoGoal,Serie_A,Juventus,5865,80.0,5724.0,0.0,141.0,131.0
30099,2025,10832,0,0.3413258492946625,78,2026-02-21,FW,Juventus,Como,,Loïs Openda,h,NoGoal,Serie_A,Juventus,5943,0.0,5724.0,0.0,219.0,141.0
30108,2025,10832,0,0.0,1,2026-03-01,Sub,Roma,Juventus,,Loïs Openda,a,NoGoal,Serie_A,Juventus,5944,89.0,5724.0,0.0,220.0,219.0
30165,2025,10832,0,0.0,2,2026-04-19,Sub,Juventus,Bologna,,Loïs Openda,h,NoGoal,Serie_A,Juventus,5946,88.0,5724.0,0.0,222.0,220.0
22275,2023,10846,0,0.2900267243385315,90,2023-08-11,AMC,Burnley,Manchester City,,Julián Álvarez,a,NoGoal,EPL,Manchester City,90,0.0,,,,
22291,2023,10846,1,0.3054761886596679,90,2023-08-19,AMC,Manchester City,Newcastle United,30.0,Julián Álvarez,h,OpenPlay,EPL,Manchester City,180,0.0,120.0,,60.0,
22303,2023,10846,0,1.0106762647628784,90,2023-08-27,AMC,Sheffield United,Manchester City,,Julián Álvarez,a,NoGoal,EPL,Manchester City,270,0.0,120.0,0.0,150.0,60.0
21927,2023,10846,1,0.6909951567649841,90,2023-09-02,AMC,Manchester City,Fulham,30.0,Julián Álvarez,h,OpenPlay,EPL,Manchester City,360,0.0,300.0,180.0,60.0,150.0
21937,2023,10846,0,0.0690292045474052,90,2023-09-16,AMC,West Ham,Manchester City,,Julián Álvarez,a,NoGoal,EPL,Manchester City,450,0.0,300.0,0.0,150.0,60.0
21946,2023,10846,0,0.3378515541553497,62,2023-09-23,AMC,Manchester City,Nottingham Forest,,Julián Álvarez,h,NoGoal,EPL,Manchester City,512,0.0,300.0,0.0,212.0,150.0
21961,2023,10846,1,0.1104302182793617,90,2023-09-30,AMC,Wolverhampton Wanderers,Manchester City,57.0,Julián Álvarez,a,DirectFreekick,EPL,Manchester City,602,0.0,569.0,269.0,33.0,212.0
21965,2023,10846,0,0.100006528198719,69,2023-10-08,FWR,Arsenal,Manchester City,,Julián Álvarez,a,NoGoal,EPL,Manchester City,671,0.0,569.0,0.0,102.0,33.0
21980,2023,10846,1,0.4424210488796234,90,2023-10-21,AMC,Manchester City,Brighton,6.0,Julián Álvarez,h,OpenPlay,EPL,Manchester City,761,0.0,677.0,108.0,84.0,102.0
21992,2023,10846,0,0.1561998575925827,90,2023-10-29,AMC,Manchester United,Manchester City,,Julián Álvarez,a,NoGoal,EPL,Manchester City,851,0.0,677.0,0.0,174.0,84.0
22000,2023,10846,0,0.0536939799785614,75,2023-11-04,AMC,Manchester City,Bournemouth,,Julián Álvarez,h,NoGoal,EPL,Manchester City,926,0.0,677.0,0.0,249.0,174.0
22009,2023,10846,0,0.1378030180931091,85,2023-11-12,AMC,Chelsea,Manchester City,,Julián Álvarez,a,NoGoal,EPL,Manchester City,1011,0.0,677.0,0.0,334.0,249.0
22020,2023,10846,0,0.2022873312234878,90,2023-11-25,AMC,Manchester City,Liverpool,,Julián Álvarez,h,NoGoal,EPL,Manchester City,1101,0.0,677.0,0.0,424.0,334.0
22031,2023,10846,0,0.0751005634665489,90,2023-12-03,AMC,Manchester City,Tottenham,,Julián Álvarez,h,NoGoal,EPL,Manchester City,1191,0.0,677.0,0.0,514.0,424.0
22035,2023,10846,0,0.0,70,2023-12-06,AMC,Aston Villa,Manchester City,,Julián Álvarez,a,NoGoal,EPL,Manchester City,1261,0.0,677.0,0.0,584.0,514.0
22050,2023,10846,0,0.5852301120758057,90,2023-12-10,FW,Luton,Manchester City,,Julián Álvarez,a,NoGoal,EPL,Manchester City,1351,0.0,677.0,0.0,674.0,584.0
22061,2023,10846,0,0.2242481857538223,90,2023-12-16,FW,Manchester City,Crystal Palace,,Julián Álvarez,h,NoGoal,EPL,Manchester City,1441,0.0,677.0,0.0,764.0,674.0
22081,2023,10846,1,1.1123021841049194,90,2023-12-27,FW,Everton,Manchester City,63.0,Julián Álvarez,a,Penalty,EPL,Manchester City,1531,0.0,1504.0,827.0,27.0,764.0
22090,2023,10846,1,1.1569503545761108,90,2023-12-30,FW,Manchester City,Sheffield United,60.0,Julián Álvarez,h,OpenPlay,EPL,Manchester City,1621,0.0,1591.0,87.0,30.0,27.0
22100,2023,10846,0,0.4226050674915313,90,2024-01-13,FW,Newcastle United,Manchester City,,Julián Álvarez,a,NoGoal,EPL,Manchester City,1711,0.0,1591.0,0.0,120.0,30.0
22114,2023,10846,2,1.07920503616333,89,2024-01-31,FW,Manchester City,Burnley,15.0,Julián Álvarez,h,OpenPlay,EPL,Manchester City,1800,0.0,1726.0,135.0,74.0,120.0
22114,2023,10846,2,1.07920503616333,89,2024-01-31,FW,Manchester City,Burnley,21.0,Julián Álvarez,h,SetPiece,EPL,Manchester City,1800,0.0,1732.0,6.0,68.0,120.0
22117,2023,10846,0,0.2047132700681686,90,2024-02-05,MC,Brentford,Manchester City,,Julián Álvarez,a,NoGoal,EPL,Manchester City,1890,0.0,1732.0,0.0,158.0,68.0
22130,2023,10846,0,0.0835197195410728,80,2024-02-10,MC,Manchester City,Everton,,Julián Álvarez,h,NoGoal,EPL,Manchester City,1970,0.0,1732.0,0.0,238.0,158.0
22140,2023,10846,0,0.2583097815513611,67,2024-02-17,MC,Manchester City,Chelsea,,Julián Álvarez,h,NoGoal,EPL,Manchester City,2037,0.0,1732.0,0.0,305.0,238.0
22074,2023,10846,0,0.14640474319458,90,2024-02-20,AMC,Manchester City,Brentford,,Julián Álvarez,h,NoGoal,EPL,Manchester City,2127,0.0,1732.0,0.0,395.0,305.0
22145,2023,10846,0,0.0,12,2024-02-24,Sub,Bournemouth,Manchester City,,Julián Álvarez,a,NoGoal,EPL,Manchester City,2139,78.0,1732.0,0.0,407.0,395.0
22160,2023,10846,0,0.0,28,2024-03-03,Sub,Manchester City,Manchester United,,Julián Álvarez,h,NoGoal,EPL,Manchester City,2167,62.0,1732.0,0.0,435.0,407.0
22171,2023,10846,0,0.0991337746381759,71,2024-03-10,AML,Liverpool,Manchester City,,Julián Álvarez,a,NoGoal,EPL,Manchester City,2238,0.0,1732.0,0.0,506.0,435.0
22204,2023,10846,0,1.504536509513855,90,2024-04-03,FW,Manchester City,Aston Villa,,Julián Álvarez,h,NoGoal,EPL,Manchester City,2328,0.0,1732.0,0.0,596.0,506.0
22207,2023,10846,0,0.5846669673919678,77,2024-04-06,AMC,Crystal Palace,Manchester City,,Julián Álvarez,a,NoGoal,EPL,Manchester City,2405,0.0,1732.0,0.0,673.0,596.0
22221,2023,10846,0,0.8659121990203857,90,2024-04-13,AMR,Manchester City,Luton,,Julián Álvarez,h,NoGoal,EPL,Manchester City,2495,0.0,1732.0,0.0,763.0,673.0
22176,2023,10846,1,0.7724228501319885,90,2024-04-25,FW,Brighton,Manchester City,61.0,Julián Álvarez,a,OpenPlay,EPL,Manchester City,2585,0.0,2556.0,824.0,29.0,763.0
22242,2023,10846,0,0.1539615839719772,90,2024-04-28,FW,Nottingham Forest,Manchester City,,Julián Álvarez,a,NoGoal,EPL,Manchester City,2675,0.0,2556.0,0.0,119.0,29.0
22253,2023,10846,1,0.3762824237346649,1,2024-05-04,Sub,Manchester City,Wolverhampton Wanderers,84.0,Julián Álvarez,h,OpenPlay,EPL,Manchester City,2676,89.0,2670.0,114.0,6.0,119.0
22258,2023,10846,1,0.7611688375473022,5,2024-05-11,Sub,Fulham,Manchester City,95.0,Julián Álvarez,a,Penalty,EPL,Manchester City,2681,90.0,2681.0,11.0,0.0,6.0
22233,2023,10846,0,0.0,1,2024-05-14,Sub,Tottenham,Manchester City,,Julián Álvarez,a,NoGoal,EPL,Manchester City,2682,89.0,2681.0,0.0,1.0,0.0
26991,2024,10846,0,0.0,7,2024-08-19,Sub,Villarreal,Atletico Madrid,,Julián Álvarez,a,NoGoal,La_Liga,Atletico Madrid,2689,83.0,2681.0,0.0,8.0,1.0
27001,2024,10846,0,0.0236894730478525,84,2024-08-25,FW,Atletico Madrid,Girona,,Julián Álvarez,h,NoGoal,La_Liga,Atletico Madrid,2773,0.0,2681.0,0.0,92.0,8.0
27009,2024,10846,0,0.6139064431190491,49,2024-08-28,FW,Atletico Madrid,Espanyol,,Julián Álvarez,h,NoGoal,La_Liga,Atletico Madrid,2822,0.0,2681.0,0.0,141.0,92.0
27013,2024,10846,0,0.0873659029603004,70,2024-08-31,FW,Athletic Club,Atletico Madrid,,Julián Álvarez,a,NoGoal,La_Liga,Atletico Madrid,2892,0.0,2681.0,0.0,211.0,141.0
27023,2024,10846,1,0.6345689296722412,28,2024-09-15,Sub,Atletico Madrid,Valencia,93.0,Julián Álvarez,h,OpenPlay,La_Liga,Atletico Madrid,2920,65.0,2920.0,239.0,0.0,211.0
27036,2024,10846,0,0.0365802720189094,90,2024-09-22,FW,Rayo Vallecano,Atletico Madrid,,Julián Álvarez,a,NoGoal,La_Liga,Atletico Madrid,3010,0.0,2920.0,0.0,90.0,0.0
27048,2024,10846,1,0.5213834047317505,35,2024-09-26,Sub,Celta Vigo,Atletico Madrid,89.0,Julián Álvarez,a,OpenPlay,La_Liga,Atletico Madrid,3045,55.0,3044.0,124.0,1.0,90.0
27053,2024,10846,0,0.0919874161481857,75,2024-09-29,ML,Atletico Madrid,Real Madrid,,Julián Álvarez,h,NoGoal,La_Liga,Atletico Madrid,3120,0.0,3044.0,0.0,76.0,1.0
27067,2024,10846,1,0.0842038765549659,75,2024-10-06,FW,Real Sociedad,Atletico Madrid,0.0,Julián Álvarez,a,OpenPlay,La_Liga,Atletico Madrid,3195,0.0,3120.0,76.0,75.0,76.0
27073,2024,10846,0,0.1100797057151794,31,2024-10-20,Sub,Atletico Madrid,Leganes,,Julián Álvarez,h,NoGoal,La_Liga,Atletico Madrid,3226,59.0,3120.0,0.0,106.0,75.0
27084,2024,10846,0,0.0445848107337951,90,2024-10-27,FW,Real Betis,Atletico Madrid,,Julián Álvarez,a,NoGoal,La_Liga,Atletico Madrid,3316,0.0,3120.0,0.0,196.0,106.0
27093,2024,10846,0,0.1726206243038177,68,2024-11-03,FW,Atletico Madrid,Las Palmas,,Julián Álvarez,h,NoGoal,La_Liga,Atletico Madrid,3384,0.0,3120.0,0.0,264.0,196.0
27107,2024,10846,1,0.6581178903579712,63,2024-11-10,FW,Mallorca,Atletico Madrid,60.0,Julián Álvarez,a,OpenPlay,La_Liga,Atletico Madrid,3447,0.0,3444.0,324.0,3.0,264.0
27120,2024,10846,0,0.0,29,2024-11-23,Sub,Atletico Madrid,Alaves,,Julián Álvarez,h,NoGoal,La_Liga,Atletico Madrid,3476,61.0,3444.0,0.0,32.0,3.0
27126,2024,10846,1,0.5819783210754395,70,2024-11-30,FW,Real Valladolid,Atletico Madrid,34.0,Julián Álvarez,a,OpenPlay,La_Liga,Atletico Madrid,3546,0.0,3510.0,66.0,36.0,32.0
27135,2024,10846,0,0.0174930430948734,79,2024-12-08,FW,Atletico Madrid,Sevilla,,Julián Álvarez,h,NoGoal,La_Liga,Atletico Madrid,3625,0.0,3510.0,0.0,115.0,36.0
27142,2024,10846,0,0.0792871713638305,90,2024-12-15,FW,Atletico Madrid,Getafe,,Julián Álvarez,h,NoGoal,La_Liga,Atletico Madrid,3715,0.0,3510.0,0.0,205.0,115.0
27160,2024,10846,0,0.0074365860782563,90,2024-12-21,FW,Barcelona,Atletico Madrid,,Julián Álvarez,a,NoGoal,La_Liga,Atletico Madrid,3805,0.0,3510.0,0.0,295.0,205.0
27163,2024,10846,1,1.3956115245819092,80,2025-01-12,FW,Atletico Madrid,Osasuna,54.0,Julián Álvarez,h,FromCorner,La_Liga,Atletico Madrid,3885,0.0,3859.0,349.0,26.0,295.0
27176,2024,10846,0,0.5357438325881958,90,2025-01-18,FW,Leganes,Atletico Madrid,,Julián Álvarez,a,NoGoal,La_Liga,Atletico Madrid,3975,0.0,3859.0,0.0,116.0,26.0
27183,2024,10846,0,0.3031900227069855,90,2025-01-25,FW,Atletico Madrid,Villarreal,,Julián Álvarez,h,NoGoal,La_Liga,Atletico Madrid,4065,0.0,3859.0,0.0,206.0,116.0
27192,2024,10846,0,0.023203756660223,62,2025-02-01,FW,Atletico Madrid,Mallorca,,Julián Álvarez,h,NoGoal,La_Liga,Atletico Madrid,4127,0.0,3859.0,0.0,268.0,206.0
27205,2024,10846,1,0.8794333338737488,86,2025-02-08,FW,Real Madrid,Atletico Madrid,34.0,Julián Álvarez,a,Penalty,La_Liga,Atletico Madrid,4213,0.0,4161.0,302.0,52.0,268.0
27212,2024,10846,0,0.0743394121527671,90,2025-02-15,FW,Atletico Madrid,Celta Vigo,,Julián Álvarez,h,NoGoal,La_Liga,Atletico Madrid,4303,0.0,4161.0,0.0,142.0,52.0
27225,2024,10846,2,1.5189268589019775,77,2025-02-22,FW,Valencia,Atletico Madrid,11.0,Julián Álvarez,a,OpenPlay,La_Liga,Atletico Madrid,4380,0.0,4314.0,153.0,66.0,142.0
27225,2024,10846,2,1.5189268589019775,77,2025-02-22,FW,Valencia,Atletico Madrid,29.0,Julián Álvarez,a,OpenPlay,La_Liga,Atletico Madrid,4380,0.0,4332.0,18.0,48.0,142.0
27236,2024,10846,1,0.4371210932731628,31,2025-03-01,Sub,Atletico Madrid,Athletic Club,65.0,Julián Álvarez,h,OpenPlay,La_Liga,Atletico Madrid,4411,59.0,4386.0,54.0,25.0,48.0
27250,2024,10846,0,0.0,59,2025-03-09,FW,Getafe,Atletico Madrid,,Julián Álvarez,a,NoGoal,La_Liga,Atletico Madrid,4470,0.0,4386.0,0.0,84.0,25.0
27252,2024,10846,1,0.4226571917533874,62,2025-03-16,FW,Atletico Madrid,Barcelona,44.0,Julián Álvarez,h,OpenPlay,La_Liga,Atletico Madrid,4532,0.0,4514.0,128.0,18.0,84.0
27262,2024,10846,0,0.1172336637973785,23,2025-03-29,Sub,Espanyol,Atletico Madrid,,Julián Álvarez,a,NoGoal,La_Liga,Atletico Madrid,4555,67.0,4514.0,0.0,41.0,18.0
27277,2024,10846,1,0.8765916228294373,90,2025-04-06,FW,Sevilla,Atletico Madrid,24.0,Julián Álvarez,a,Penalty,La_Liga,Atletico Madrid,4645,0.0,4579.0,65.0,66.0,41.0
27284,2024,10846,2,1.713337540626526,90,2025-04-14,FW,Atletico Madrid,Real Valladolid,24.0,Julián Álvarez,h,Penalty,La_Liga,Atletico Madrid,4735,0.0,4669.0,90.0,66.0,66.0
27284,2024,10846,2,1.713337540626526,90,2025-04-14,FW,Atletico Madrid,Real Valladolid,70.0,Julián Álvarez,h,Penalty,La_Liga,Atletico Madrid,4735,0.0,4715.0,46.0,20.0,66.0
27295,2024,10846,0,0.4530342817306518,65,2025-04-19,FW,Las Palmas,Atletico Madrid,,Julián Álvarez,a,NoGoal,La_Liga,Atletico Madrid,4800,0.0,4715.0,0.0,85.0,20.0
27304,2024,10846,1,0.4370136260986328,90,2025-04-24,FW,Atletico Madrid,Rayo Vallecano,76.0,Julián Álvarez,h,OpenPlay,La_Liga,Atletico Madrid,4890,0.0,4876.0,161.0,14.0,85.0
27314,2024,10846,0,0.0,90,2025-05-03,FW,Alaves,Atletico Madrid,,Julián Álvarez,a,NoGoal,La_Liga,Atletico Madrid,4980,0.0,4876.0,0.0,104.0,14.0
27335,2024,10846,0,0.0,65,2025-05-15,FW,Osasuna,Atletico Madrid,,Julián Álvarez,a,NoGoal,La_Liga,Atletico Madrid,5045,0.0,4876.0,0.0,169.0,104.0
27342,2024,10846,2,1.0828807353973389,90,2025-05-18,FW,Atletico Madrid,Real Betis,9.0,Julián Álvarez,h,DirectFreekick,La_Liga,Atletico Madrid,5135,0.0,5054.0,178.0,81.0,169.0
27342,2024,10846,2,1.0828807353973389,90,2025-05-18,FW,Atletico Madrid,Real Betis,74.0,Julián Álvarez,h,OpenPlay,La_Liga,Atletico Madrid,5135,0.0,5119.0,65.0,16.0,169.0
27358,2024,10846,0,0.1236949115991592,90,2025-05-25,FW,Girona,Atletico Madrid,,Julián Álvarez,a,NoGoal,La_Liga,Atletico Madrid,5225,0.0,5119.0,0.0,106.0,16.0
29165,2025,10846,1,0.7007614970207214,86,2025-08-17,FW,Espanyol,Atletico Madrid,36.0,Julián Álvarez,a,DirectFreekick,La_Liga,Atletico Madrid,5311,0.0,5261.0,142.0,50.0,106.0
29170,2025,10846,0,0.0,90,2025-08-23,FW,Atletico Madrid,Elche,,Julián Álvarez,h,NoGoal,La_Liga,Atletico Madrid,5401,0.0,5261.0,0.0,140.0,50.0
29181,2025,10846,0,0.0671481862664222,90,2025-08-30,FW,Alaves,Atletico Madrid,,Julián Álvarez,a,NoGoal,La_Liga,Atletico Madrid,5491,0.0,5261.0,0.0,230.0,140.0
29193,2025,10846,0,0.0448692291975021,47,2025-09-13,FW,Atletico Madrid,Villarreal,,Julián Álvarez,h,NoGoal,La_Liga,Atletico Madrid,5538,0.0,5261.0,0.0,277.0,230.0
29204,2025,10846,0,0.8816547989845276,67,2025-09-21,FW,Mallorca,Atletico Madrid,,Julián Álvarez,a,NoGoal,La_Liga,Atletico Madrid,5605,0.0,5261.0,0.0,344.0,277.0
29216,2025,10846,3,1.6848822832107544,90,2025-09-24,FW,Atletico Madrid,Rayo Vallecano,14.0,Julián Álvarez,h,OpenPlay,La_Liga,Atletico Madrid,5695,0.0,5619.0,358.0,76.0,344.0
29216,2025,10846,3,1.6848822832107544,90,2025-09-24,FW,Atletico Madrid,Rayo Vallecano,79.0,Julián Álvarez,h,OpenPlay,La_Liga,Atletico Madrid,5695,0.0,5684.0,65.0,11.0,344.0
29216,2025,10846,3,1.6848822832107544,90,2025-09-24,FW,Atletico Madrid,Rayo Vallecano,87.0,Julián Álvarez,h,OpenPlay,La_Liga,Atletico Madrid,5695,0.0,5692.0,8.0,3.0,344.0
29219,2025,10846,2,0.906493365764618,90,2025-09-27,FW,Atletico Madrid,Real Madrid,50.0,Julián Álvarez,h,Penalty,La_Liga,Atletico Madrid,5785,0.0,5745.0,53.0,40.0,3.0
29219,2025,10846,2,0.906493365764618,90,2025-09-27,FW,Atletico Madrid,Real Madrid,63.0,Julián Álvarez,h,DirectFreekick,La_Liga,Atletico Madrid,5785,0.0,5758.0,13.0,27.0,3.0
29232,2025,10846,0,0.0,84,2025-10-05,FW,Celta Vigo,Atletico Madrid,,Julián Álvarez,a,NoGoal,La_Liga,Atletico Madrid,5869,0.0,5758.0,0.0,111.0,27.0
29239,2025,10846,0,0.3830434679985046,87,2025-10-18,FW,Atletico Madrid,Osasuna,,Julián Álvarez,h,NoGoal,La_Liga,Atletico Madrid,5956,0.0,5758.0,0.0,198.0,111.0
29253,2025,10846,0,0.4905256628990173,63,2025-10-27,FW,Real Betis,Atletico Madrid,,Julián Álvarez,a,NoGoal,La_Liga,Atletico Madrid,6019,0.0,5758.0,0.0,261.0,198.0
29259,2025,10846,1,0.8164743185043335,88,2025-11-01,FW,Atletico Madrid,Sevilla,63.0,Julián Álvarez,h,Penalty,La_Liga,Atletico Madrid,6107,0.0,6082.0,324.0,25.0,261.0
29269,2025,10846,0,0.5363896489143372,90,2025-11-08,FW,Atletico Madrid,Levante,,Julián Álvarez,h,NoGoal,La_Liga,Atletico Madrid,6197,0.0,6082.0,0.0,115.0,25.0
29285,2025,10846,0,0.4878823459148407,60,2025-11-23,FW,Getafe,Atletico Madrid,,Julián Álvarez,a,NoGoal,La_Liga,Atletico Madrid,6257,0.0,6082.0,0.0,175.0,115.0
29288,2025,10846,0,0.0,25,2025-11-29,Sub,Atletico Madrid,Real Oviedo,,Julián Álvarez,h,NoGoal,La_Liga,Atletico Madrid,6282,65.0,6082.0,0.0,200.0,175.0
29342,2025,10846,0,0.0462034195661544,90,2025-12-02,FW,Barcelona,Atletico Madrid,,Julián Álvarez,a,NoGoal,La_Liga,Atletico Madrid,6372,0.0,6082.0,0.0,290.0,200.0
29299,2025,10846,0,0.0530391037464141,68,2025-12-06,FW,Athletic Club,Atletico Madrid,,Julián Álvarez,a,NoGoal,La_Liga,Atletico Madrid,6440,0.0,6082.0,0.0,358.0,290.0
29309,2025,10846,0,0.026430245488882,62,2025-12-13,FW,Atletico Madrid,Valencia,,Julián Álvarez,h,NoGoal,La_Liga,Atletico Madrid,6502,0.0,6082.0,0.0,420.0,358.0
29324,2025,10846,0,0.0213764328509569,80,2025-12-21,FW,Girona,Atletico Madrid,,Julián Álvarez,a,NoGoal,La_Liga,Atletico Madrid,6582,0.0,6082.0,0.0,500.0,420.0
29332,2025,10846,0,0.1539472937583923,61,2026-01-04,FW,Real Sociedad,Atletico Madrid,,Julián Álvarez,a,NoGoal,La_Liga,Atletico Madrid,6643,0.0,6082.0,0.0,561.0,500.0
29348,2025,10846,0,0.2014316022396087,64,2026-01-18,FW,Atletico Madrid,Alaves,,Julián Álvarez,h,NoGoal,La_Liga,Atletico Madrid,6707,0.0,6082.0,0.0,625.0,561.0
29360,2025,10846,0,0.0891662016510963,90,2026-01-25,FW,Atletico Madrid,Mallorca,,Julián Álvarez,h,NoGoal,La_Liga,Atletico Madrid,6797,0.0,6082.0,0.0,715.0,625.0
29372,2025,10846,0,0.1572750508785247,64,2026-01-31,Sub,Levante,Atletico Madrid,,Julián Álvarez,a,NoGoal,La_Liga,Atletico Madrid,6861,26.0,6082.0,0.0,779.0,715.0
29380,2025,10846,0,0.0606190264225006,47,2026-02-08,FW,Atletico Madrid,Real Betis,,Julián Álvarez,h,NoGoal,La_Liga,Atletico Madrid,6908,0.0,6082.0,0.0,826.0,779.0
29394,2025,10846,0,0.0,30,2026-02-15,Sub,Rayo Vallecano,Atletico Madrid,,Julián Álvarez,a,NoGoal,La_Liga,Atletico Madrid,6938,60.0,6082.0,0.0,856.0,826.0
29400,2025,10846,0,0.0,27,2026-02-21,Sub,Atletico Madrid,Espanyol,,Julián Álvarez,h,NoGoal,La_Liga,Atletico Madrid,6965,63.0,6082.0,0.0,883.0,856.0
29414,2025,10846,1,0.3585826456546783,43,2026-02-28,Sub,Real Oviedo,Atletico Madrid,93.0,Julián Álvarez,a,OpenPlay,La_Liga,Atletico Madrid,7008,50.0,7008.0,926.0,0.0,883.0
29419,2025,10846,0,0.0,31,2026-03-07,Sub,Atletico Madrid,Real Sociedad,,Julián Álvarez,h,NoGoal,La_Liga,Atletico Madrid,7039,59.0,7008.0,0.0,31.0,0.0
29429,2025,10846,0,0.5639365911483765,22,2026-03-14,Sub,Atletico Madrid,Getafe,,Julián Álvarez,h,NoGoal,La_Liga,Atletico Madrid,7061,68.0,7008.0,0.0,53.0,31.0
29446,2025,10846,0,0.1624682545661926,90,2026-03-22,FW,Real Madrid,Atletico Madrid,,Julián Álvarez,a,NoGoal,La_Liga,Atletico Madrid,7151,0.0,7008.0,0.0,143.0,53.0
22277,2023,11363,0,0.041573341935873,14,2023-08-12,Sub,Bournemouth,West Ham,,Antoine Semenyo,h,NoGoal,EPL,Bournemouth,14,76.0,,,,
22288,2023,11363,1,0.1357619315385818,80,2023-08-19,AMR,Liverpool,Bournemouth,2.0,Antoine Semenyo,a,OpenPlay,EPL,Bournemouth,94,0.0,16.0,,78.0,
22296,2023,11363,0,0.0974843874573707,78,2023-08-26,AMR,Bournemouth,Tottenham,,Antoine Semenyo,h,NoGoal,EPL,Bournemouth,172,0.0,16.0,0.0,156.0,78.0
21928,2023,11363,0,0.3245506584644317,63,2023-09-02,AMR,Brentford,Bournemouth,,Antoine Semenyo,a,NoGoal,EPL,Bournemouth,235,0.0,16.0,0.0,219.0,156.0
21951,2023,11363,0,0.1000442281365394,23,2023-09-24,Sub,Brighton,Bournemouth,,Antoine Semenyo,a,NoGoal,EPL,Bournemouth,258,67.0,16.0,0.0,242.0,219.0
21959,2023,11363,0,0.0,2,2023-09-30,Sub,Bournemouth,Arsenal,,Antoine Semenyo,h,NoGoal,EPL,Bournemouth,260,88.0,16.0,0.0,244.0,242.0
21985,2023,11363,1,0.0954557061195373,72,2023-10-28,AMR,Bournemouth,Burnley,21.0,Antoine Semenyo,h,OpenPlay,EPL,Bournemouth,332,0.0,281.0,265.0,51.0,244.0
22000,2023,11363,0,0.0,15,2023-11-04,Sub,Manchester City,Bournemouth,,Antoine Semenyo,a,NoGoal,EPL,Bournemouth,347,75.0,281.0,0.0,66.0,51.0
22005,2023,11363,0,0.237436443567276,87,2023-11-11,AMR,Bournemouth,Newcastle United,,Antoine Semenyo,h,NoGoal,EPL,Bournemouth,434,0.0,281.0,0.0,153.0,66.0
22023,2023,11363,0,0.1596271842718124,70,2023-11-25,AMR,Sheffield United,Bournemouth,,Antoine Semenyo,a,NoGoal,EPL,Bournemouth,504,0.0,281.0,0.0,223.0,153.0
22025,2023,11363,1,0.4324333071708679,80,2023-12-03,AML,Bournemouth,Aston Villa,9.0,Antoine Semenyo,h,OpenPlay,EPL,Bournemouth,584,0.0,513.0,232.0,71.0,223.0
22043,2023,11363,0,0.1256605833768844,65,2023-12-06,AMR,Crystal Palace,Bournemouth,,Antoine Semenyo,a,NoGoal,EPL,Bournemouth,649,0.0,513.0,0.0,136.0,71.0
22051,2023,11363,0,0.0,62,2023-12-09,AMR,Manchester United,Bournemouth,,Antoine Semenyo,a,NoGoal,EPL,Bournemouth,711,0.0,513.0,0.0,198.0,136.0
22070,2023,11363,0,0.5834763050079346,76,2023-12-23,AMR,Nottingham Forest,Bournemouth,,Antoine Semenyo,a,NoGoal,EPL,Bournemouth,787,0.0,513.0,0.0,274.0,198.0
22075,2023,11363,0,0.0189007092267274,75,2023-12-26,AMR,Bournemouth,Fulham,,Antoine Semenyo,h,NoGoal,EPL,Bournemouth,862,0.0,513.0,0.0,349.0,274.0
22092,2023,11363,0,0.1056509092450141,20,2023-12-31,Sub,Tottenham,Bournemouth,,Antoine Semenyo,a,NoGoal,EPL,Bournemouth,882,70.0,513.0,0.0,369.0,349.0
22110,2023,11363,0,0.5649046897888184,70,2024-02-01,AMR,West Ham,Bournemouth,,Antoine Semenyo,a,NoGoal,EPL,Bournemouth,952,0.0,513.0,0.0,439.0,369.0
22115,2023,11363,0,0.0198403187096118,52,2024-02-04,AMR,Bournemouth,Nottingham Forest,,Antoine Semenyo,h,NoGoal,EPL,Bournemouth,1004,0.0,513.0,0.0,491.0,439.0
22127,2023,11363,0,0.0622727423906326,20,2024-02-10,Sub,Fulham,Bournemouth,,Antoine Semenyo,a,NoGoal,EPL,Bournemouth,1024,70.0,513.0,0.0,511.0,491.0
22141,2023,11363,1,0.0754833966493606,82,2024-02-17,AMR,Newcastle United,Bournemouth,68.0,Antoine Semenyo,a,OpenPlay,EPL,Bournemouth,1106,0.0,1092.0,579.0,14.0,511.0
22145,2023,11363,0,0.0,90,2024-02-24,AMR,Bournemouth,Manchester City,,Antoine Semenyo,h,NoGoal,EPL,Bournemouth,1196,0.0,1092.0,0.0,104.0,14.0
22156,2023,11363,1,0.3171196281909942,90,2024-03-03,AMR,Burnley,Bournemouth,87.0,Antoine Semenyo,a,OpenPlay,EPL,Bournemouth,1286,0.0,1283.0,191.0,3.0,104.0
22165,2023,11363,0,0.5521568655967712,90,2024-03-09,AMR,Bournemouth,Sheffield United,,Antoine Semenyo,h,NoGoal,EPL,Bournemouth,1376,0.0,1283.0,0.0,93.0,3.0
25861,2023,11363,2,0.5649370551109314,90,2024-03-13,AMR,Bournemouth,Luton,63.0,Antoine Semenyo,h,OpenPlay,EPL,Bournemouth,1466,0.0,1439.0,156.0,27.0,93.0
25861,2023,11363,2,0.5649370551109314,90,2024-03-13,AMR,Bournemouth,Luton,82.0,Antoine Semenyo,h,OpenPlay,EPL,Bournemouth,1466,0.0,1458.0,19.0,8.0,93.0
22185,2023,11363,0,0.2246472388505935,90,2024-03-30,AMR,Bournemouth,Everton,,Antoine Semenyo,h,NoGoal,EPL,Bournemouth,1556,0.0,1458.0,0.0,98.0,8.0
22195,2023,11363,0,0.3609554171562195,41,2024-04-02,Sub,Bournemouth,Crystal Palace,,Antoine Semenyo,h,NoGoal,EPL,Bournemouth,1597,49.0,1458.0,0.0,139.0,98.0
22210,2023,11363,0,0.0,72,2024-04-06,AML,Luton,Bournemouth,,Antoine Semenyo,a,NoGoal,EPL,Bournemouth,1669,0.0,1458.0,0.0,211.0,139.0
22225,2023,11363,0,0.1204524338245391,22,2024-04-21,Sub,Aston Villa,Bournemouth,,Antoine Semenyo,a,NoGoal,EPL,Bournemouth,1691,68.0,1458.0,0.0,233.0,211.0
22184,2023,11363,1,0.7082683444023132,90,2024-04-24,AMR,Wolverhampton Wanderers,Bournemouth,36.0,Antoine Semenyo,a,OpenPlay,EPL,Bournemouth,1781,0.0,1727.0,269.0,54.0,233.0
22235,2023,11363,0,0.0735633224248886,90,2024-04-28,MR,Bournemouth,Brighton,,Antoine Semenyo,h,NoGoal,EPL,Bournemouth,1871,0.0,1727.0,0.0,144.0,54.0
22245,2023,11363,0,0.025426659733057,90,2024-05-04,AMR,Arsenal,Bournemouth,,Antoine Semenyo,a,NoGoal,EPL,Bournemouth,1961,0.0,1727.0,0.0,234.0,144.0
22255,2023,11363,0,0.1666453182697296,90,2024-05-11,AMR,Bournemouth,Brentford,,Antoine Semenyo,h,NoGoal,EPL,Bournemouth,2051,0.0,1727.0,0.0,324.0,234.0
22269,2023,11363,0,0.1291015148162841,90,2024-05-19,AMR,Chelsea,Bournemouth,,Antoine Semenyo,a,NoGoal,EPL,Bournemouth,2141,0.0,1727.0,0.0,414.0,324.0
26607,2024,11363,1,0.7865713238716125,90,2024-08-17,FW,Nottingham Forest,Bournemouth,85.0,Antoine Semenyo,a,OpenPlay,EPL,Bournemouth,2231,0.0,2226.0,499.0,5.0,414.0
26620,2024,11363,0,0.4047765731811523,90,2024-08-25,AMR,Bournemouth,Newcastle United,,Antoine Semenyo,h,NoGoal,EPL,Bournemouth,2321,0.0,2226.0,0.0,95.0,5.0
26624,2024,11363,1,0.8046465516090393,90,2024-08-31,AMR,Everton,Bournemouth,86.0,Antoine Semenyo,a,OpenPlay,EPL,Bournemouth,2411,0.0,2407.0,181.0,4.0,95.0
26639,2024,11363,0,0.0997376292943954,90,2024-09-14,AMR,Bournemouth,Chelsea,,Antoine Semenyo,h,NoGoal,EPL,Bournemouth,2501,0.0,2407.0,0.0,94.0,4.0
26645,2024,11363,0,0.4660230278968811,73,2024-09-21,AMR,Liverpool,Bournemouth,,Antoine Semenyo,a,NoGoal,EPL,Bournemouth,2574,0.0,2407.0,0.0,167.0,94.0
26661,2024,11363,1,0.2992951571941376,90,2024-09-30,AMR,Bournemouth,Southampton,38.0,Antoine Semenyo,h,OpenPlay,EPL,Bournemouth,2664,0.0,2612.0,205.0,52.0,167.0
26663,2024,11363,0,0.163442462682724,90,2024-10-05,AMR,Leicester,Bournemouth,,Antoine Semenyo,a,NoGoal,EPL,Bournemouth,2754,0.0,2612.0,0.0,142.0,52.0
26680,2024,11363,0,0.7980775833129883,90,2024-10-19,AML,Bournemouth,Arsenal,,Antoine Semenyo,h,NoGoal,EPL,Bournemouth,2844,0.0,2612.0,0.0,232.0,142.0
26684,2024,11363,0,0.0850384905934333,90,2024-10-26,AML,Aston Villa,Bournemouth,,Antoine Semenyo,a,NoGoal,EPL,Bournemouth,2934,0.0,2612.0,0.0,322.0,232.0
26692,2024,11363,1,1.0588160753250122,90,2024-11-02,AMR,Bournemouth,Manchester City,8.0,Antoine Semenyo,h,OpenPlay,EPL,Bournemouth,3024,0.0,2942.0,330.0,82.0,322.0
26702,2024,11363,0,0.2416921257972717,90,2024-11-09,AMR,Brentford,Bournemouth,,Antoine Semenyo,a,NoGoal,EPL,Bournemouth,3114,0.0,2942.0,0.0,172.0,82.0
26712,2024,11363,0,0.2763837575912475,90,2024-11-23,AML,Bournemouth,Brighton,,Antoine Semenyo,h,NoGoal,EPL,Bournemouth,3204,0.0,2942.0,0.0,262.0,172.0
26732,2024,11363,0,0.1335737407207489,86,2024-12-05,AMR,Bournemouth,Tottenham,,Antoine Semenyo,h,NoGoal,EPL,Bournemouth,3290,0.0,2942.0,0.0,348.0,262.0
26750,2024,11363,0,0.1283157616853714,90,2024-12-08,AML,Ipswich,Bournemouth,,Antoine Semenyo,a,NoGoal,EPL,Bournemouth,3380,0.0,2942.0,0.0,438.0,348.0
26754,2024,11363,0,0.5357174873352051,70,2024-12-16,AMR,Bournemouth,West Ham,,Antoine Semenyo,h,NoGoal,EPL,Bournemouth,3450,0.0,2942.0,0.0,508.0,438.0
26769,2024,11363,1,0.6720215678215027,90,2024-12-22,AMR,Manchester United,Bournemouth,62.0,Antoine Semenyo,a,OpenPlay,EPL,Bournemouth,3540,0.0,3512.0,570.0,28.0,508.0
26772,2024,11363,0,0.4540216326713562,90,2024-12-26,AMR,Bournemouth,Crystal Palace,,Antoine Semenyo,h,NoGoal,EPL,Bournemouth,3630,0.0,3512.0,0.0,118.0,28.0
26786,2024,11363,0,0.3128150105476379,90,2024-12-29,AML,Fulham,Bournemouth,,Antoine Semenyo,a,NoGoal,EPL,Bournemouth,3720,0.0,3512.0,0.0,208.0,118.0
26792,2024,11363,0,1.12820565700531,90,2025-01-04,AMR,Bournemouth,Everton,,Antoine Semenyo,h,NoGoal,EPL,Bournemouth,3810,0.0,3512.0,0.0,298.0,208.0
26809,2024,11363,1,0.0605663657188415,90,2025-01-14,AML,Chelsea,Bournemouth,67.0,Antoine Semenyo,a,OpenPlay,EPL,Bournemouth,3900,0.0,3877.0,365.0,23.0,298.0
26819,2024,11363,0,0.1600304245948791,90,2025-01-18,AML,Newcastle United,Bournemouth,,Antoine Semenyo,a,NoGoal,EPL,Bournemouth,3990,0.0,3877.0,0.0,113.0,23.0
26822,2024,11363,1,0.5629667639732361,90,2025-01-25,AML,Bournemouth,Nottingham Forest,90.0,Antoine Semenyo,h,OpenPlay,EPL,Bournemouth,4080,0.0,4080.0,203.0,0.0,113.0
26832,2024,11363,0,0.8002693057060242,90,2025-02-01,AML,Bournemouth,Liverpool,,Antoine Semenyo,h,NoGoal,EPL,Bournemouth,4170,0.0,4080.0,0.0,90.0,0.0
26849,2024,11363,0,0.7929445505142212,90,2025-02-15,AML,Southampton,Bournemouth,,Antoine Semenyo,a,NoGoal,EPL,Bournemouth,4260,0.0,4080.0,0.0,180.0,90.0
26852,2024,11363,0,0.0353026241064071,90,2025-02-22,AML,Bournemouth,Wolverhampton Wanderers,,Antoine Semenyo,h,NoGoal,EPL,Bournemouth,4350,0.0,4080.0,0.0,270.0,180.0
26863,2024,11363,0,0.2644925117492676,90,2025-02-25,AML,Brighton,Bournemouth,,Antoine Semenyo,a,NoGoal,EPL,Bournemouth,4440,0.0,4080.0,0.0,360.0,270.0
26879,2024,11363,0,0.1585455685853958,90,2025-03-09,AML,Tottenham,Bournemouth,,Antoine Semenyo,a,NoGoal,EPL,Bournemouth,4530,0.0,4080.0,0.0,450.0,360.0
26882,2024,11363,0,0.5419512391090393,90,2025-03-15,AML,Bournemouth,Brentford,,Antoine Semenyo,h,NoGoal,EPL,Bournemouth,4620,0.0,4080.0,0.0,540.0,450.0
26896,2024,11363,0,0.1689716875553131,90,2025-04-02,AML,Bournemouth,Ipswich,,Antoine Semenyo,h,NoGoal,EPL,Bournemouth,4710,0.0,4080.0,0.0,630.0,540.0
26911,2024,11363,0,0.1945053488016128,90,2025-04-05,AMR,West Ham,Bournemouth,,Antoine Semenyo,a,NoGoal,EPL,Bournemouth,4800,0.0,4080.0,0.0,720.0,630.0
26912,2024,11363,1,0.1052287817001342,90,2025-04-14,AMR,Bournemouth,Fulham,0.0,Antoine Semenyo,h,OpenPlay,EPL,Bournemouth,4890,0.0,4800.0,720.0,90.0,720.0
26924,2024,11363,0,0.1563488543033599,90,2025-04-19,AMR,Crystal Palace,Bournemouth,,Antoine Semenyo,a,NoGoal,EPL,Bournemouth,4980,0.0,4800.0,0.0,180.0,90.0
26932,2024,11363,1,0.2047844529151916,87,2025-04-27,AMR,Bournemouth,Manchester United,22.0,Antoine Semenyo,h,OpenPlay,EPL,Bournemouth,5067,0.0,5002.0,202.0,65.0,180.0
26945,2024,11363,0,0.0,23,2025-05-03,Sub,Arsenal,Bournemouth,,Antoine Semenyo,a,NoGoal,EPL,Bournemouth,5090,67.0,5002.0,0.0,88.0,65.0
26955,2024,11363,0,0.3323409259319305,90,2025-05-10,AML,Bournemouth,Aston Villa,,Antoine Semenyo,h,NoGoal,EPL,Bournemouth,5180,0.0,5002.0,0.0,178.0,88.0
26970,2024,11363,0,0.0746283754706382,90,2025-05-20,AMR,Manchester City,Bournemouth,,Antoine Semenyo,a,NoGoal,EPL,Bournemouth,5270,0.0,5002.0,0.0,268.0,178.0
26979,2024,11363,2,1.0862969160079956,90,2025-05-25,AML,Bournemouth,Leicester,73.0,Antoine Semenyo,h,FromCorner,EPL,Bournemouth,5360,0.0,5343.0,341.0,17.0,268.0
26979,2024,11363,2,1.0862969160079956,90,2025-05-25,AML,Bournemouth,Leicester,87.0,Antoine Semenyo,h,OpenPlay,EPL,Bournemouth,5360,0.0,5357.0,14.0,3.0,268.0
28778,2025,11363,2,0.8385053277015686,90,2025-08-15,MR,Liverpool,Bournemouth,63.0,Antoine Semenyo,a,OpenPlay,EPL,"Bournemouth,Manchester City",5450,0.0,5423.0,66.0,27.0,3.0
28778,2025,11363,2,0.8385053277015686,90,2025-08-15,MR,Liverpool,Bournemouth,75.0,Antoine Semenyo,a,OpenPlay,EPL,"Bournemouth,Manchester City",5450,0.0,5435.0,12.0,15.0,3.0
28792,2025,11363,0,1.2542041540145874,90,2025-08-23,ML,Bournemouth,Wolverhampton Wanderers,,Antoine Semenyo,h,NoGoal,EPL,"Bournemouth,Manchester City",5540,0.0,5435.0,0.0,105.0,15.0
28799,2025,11363,0,0.5632739067077637,90,2025-08-30,AML,Tottenham,Bournemouth,,Antoine Semenyo,a,NoGoal,EPL,"Bournemouth,Manchester City",5630,0.0,5435.0,0.0,195.0,105.0
28810,2025,11363,1,0.840731143951416,90,2025-09-13,AMR,Bournemouth,Brighton,60.0,Antoine Semenyo,h,Penalty,EPL,"Bournemouth,Manchester City",5720,0.0,5690.0,255.0,30.0,195.0
28823,2025,11363,0,0.0989817455410957,90,2025-09-21,AMR,Bournemouth,Newcastle United,,Antoine Semenyo,h,NoGoal,EPL,"Bournemouth,Manchester City",5810,0.0,5690.0,0.0,120.0,30.0
28832,2025,11363,1,0.1562103182077407,90,2025-09-27,AMR,Leeds,Bournemouth,25.0,Antoine Semenyo,a,DirectFreekick,EPL,"Bournemouth,Manchester City",5900,0.0,5835.0,145.0,65.0,120.0
28838,2025,11363,2,0.5812520384788513,90,2025-10-03,AML,Bournemouth,Fulham,77.0,Antoine Semenyo,h,OpenPlay,EPL,"Bournemouth,Manchester City",5990,0.0,5977.0,142.0,13.0,65.0
28838,2025,11363,2,0.5812520384788513,90,2025-10-03,AML,Bournemouth,Fulham,95.0,Antoine Semenyo,h,OpenPlay,EPL,"Bournemouth,Manchester City",5990,0.0,5995.0,18.0,0.0,65.0
28850,2025,11363,0,0.1731259524822235,90,2025-10-18,AML,Crystal Palace,Bournemouth,,Antoine Semenyo,a,NoGoal,EPL,"Bournemouth,Manchester City",6080,0.0,5995.0,0.0,85.0,0.0
28858,2025,11363,0,0.0368268750607967,90,2025-10-26,AML,Bournemouth,Nottingham Forest,,Antoine Semenyo,h,NoGoal,EPL,"Bournemouth,Manchester City",6170,0.0,5995.0,0.0,175.0,85.0
28873,2025,11363,0,0.0189201664179563,90,2025-11-02,AML,Manchester City,Bournemouth,,Antoine Semenyo,a,NoGoal,EPL,"Bournemouth,Manchester City",6260,0.0,5995.0,0.0,265.0,175.0
28878,2025,11363,0,0.7611688375473022,90,2025-11-09,AMR,Aston Villa,Bournemouth,,Antoine Semenyo,a,NoGoal,EPL,"Bournemouth,Manchester City",6350,0.0,5995.0,0.0,355.0,265.0
28905,2025,11363,0,0.2127362638711929,90,2025-11-29,AML,Sunderland,Bournemouth,,Antoine Semenyo,a,NoGoal,EPL,"Bournemouth,Manchester City",6440,0.0,5995.0,0.0,445.0,355.0
28908,2025,11363,0,0.2135909050703048,90,2025-12-02,AML,Bournemouth,Everton,,Antoine Semenyo,h,NoGoal,EPL,"Bournemouth,Manchester City",6530,0.0,5995.0,0.0,535.0,445.0
28918,2025,11363,0,0.2432592064142227,90,2025-12-06,AML,Bournemouth,Chelsea,,Antoine Semenyo,h,NoGoal,EPL,"Bournemouth,Manchester City",6620,0.0,5995.0,0.0,625.0,535.0
28934,2025,11363,1,0.0491848848760128,90,2025-12-15,AML,Manchester United,Bournemouth,39.0,Antoine Semenyo,a,OpenPlay,EPL,"Bournemouth,Manchester City",6710,0.0,6659.0,664.0,51.0,625.0
28938,2025,11363,1,0.1279290169477462,90,2025-12-20,AML,Bournemouth,Burnley,66.0,Antoine Semenyo,h,OpenPlay,EPL,"Bournemouth,Manchester City",6800,0.0,6776.0,117.0,24.0,51.0
28949,2025,11363,1,1.0699719190597534,90,2025-12-27,AML,Brentford,Bournemouth,74.0,Antoine Semenyo,a,OpenPlay,EPL,"Bournemouth,Manchester City",6890,0.0,6874.0,98.0,16.0,24.0
28961,2025,11363,0,0.4959340393543243,90,2025-12-30,AML,Chelsea,Bournemouth,,Antoine Semenyo,a,NoGoal,EPL,"Bournemouth,Manchester City",6980,0.0,6874.0,0.0,106.0,16.0
28971,2025,11363,0,0.0748633295297622,90,2026-01-03,AMR,Bournemouth,Arsenal,,Antoine Semenyo,h,NoGoal,EPL,"Bournemouth,Manchester City",7070,0.0,6874.0,0.0,196.0,106.0
28979,2025,11363,1,0.1218651086091995,90,2026-01-07,AML,Bournemouth,Tottenham,94.0,Antoine Semenyo,h,OpenPlay,EPL,"Bournemouth,Manchester City",7160,0.0,7164.0,290.0,0.0,196.0
28993,2025,11363,0,0.0318509079515934,90,2026-01-17,MR,Manchester United,Manchester City,,Antoine Semenyo,a,NoGoal,EPL,"Bournemouth,Manchester City",7250,0.0,7164.0,0.0,86.0,0.0
29005,2025,11363,1,0.3204915821552276,90,2026-01-24,MR,Manchester City,Wolverhampton Wanderers,46.0,Antoine Semenyo,h,OpenPlay,EPL,"Bournemouth,Manchester City",7340,0.0,7296.0,132.0,44.0,86.0
29016,2025,11363,1,0.485664963722229,90,2026-02-01,ML,Tottenham,Manchester City,43.0,Antoine Semenyo,a,OpenPlay,EPL,"Bournemouth,Manchester City",7430,0.0,7383.0,87.0,47.0,44.0
29024,2025,11363,0,0.1235924661159515,90,2026-02-08,FWR,Liverpool,Manchester City,,Antoine Semenyo,a,NoGoal,EPL,"Bournemouth,Manchester City",7520,0.0,7383.0,0.0,137.0,47.0
29033,2025,11363,1,0.6171725392341614,90,2026-02-11,FWL,Manchester City,Fulham,23.0,Antoine Semenyo,h,OpenPlay,EPL,"Bournemouth,Manchester City",7610,0.0,7543.0,160.0,67.0,137.0
29043,2025,11363,0,0.3285068273544311,90,2026-02-21,MC,Manchester City,Newcastle United,,Antoine Semenyo,h,NoGoal,EPL,"Bournemouth,Manchester City",7700,0.0,7543.0,0.0,157.0,67.0
29053,2025,11363,1,0.7244165539741516,90,2026-02-28,FW,Leeds,Manchester City,46.0,Antoine Semenyo,a,OpenPlay,EPL,"Bournemouth,Manchester City",7790,0.0,7746.0,203.0,44.0,157.0
29064,2025,11363,1,0.5543949007987976,90,2026-03-04,FW,Manchester City,Nottingham Forest,30.0,Antoine Semenyo,h,OpenPlay,EPL,"Bournemouth,Manchester City",7880,0.0,7820.0,74.0,60.0,44.0
29077,2025,11363,0,0.0830989554524421,77,2026-03-14,MC,West Ham,Manchester City,,Antoine Semenyo,a,NoGoal,EPL,"Bournemouth,Manchester City",7957,0.0,7820.0,0.0,137.0,60.0
29095,2025,11363,0,0.3955862522125244,90,2026-04-12,AMR,Chelsea,Manchester City,,Antoine Semenyo,a,NoGoal,EPL,"Bournemouth,Manchester City",8047,0.0,7820.0,0.0,227.0,137.0
29104,2025,11363,0,0.058967750519514,90,2026-04-19,AMR,Manchester City,Arsenal,,Antoine Semenyo,h,NoGoal,EPL,"Bournemouth,Manchester City",8137,0.0,7820.0,0.0,317.0,227.0
29111,2025,11363,0,0.2374604344367981,67,2026-04-22,AMR,Burnley,Manchester City,,Antoine Semenyo,a,NoGoal,EPL,"Bournemouth,Manchester City",8204,0.0,7820.0,0.0,384.0,317.0
29123,2025,11363,0,0.1095313355326652,77,2026-05-04,AMR,Everton,Manchester City,,Antoine Semenyo,a,NoGoal,EPL,"Bournemouth,Manchester City",8281,0.0,7820.0,0.0,461.0,384.0
29133,2025,11363,0,0.0629098787903785,90,2026-05-09,AMR,Manchester City,Brentford,,Antoine Semenyo,h,NoGoal,EPL,"Bournemouth,Manchester City",8371,0.0,7820.0,0.0,551.0,461.0
29084,2025,11363,1,0.3288593888282776,90,2026-05-13,FW,Manchester City,Crystal Palace,31.0,Antoine Semenyo,h,OpenPlay,EPL,"Bournemouth,Manchester City",8461,0.0,8402.0,582.0,59.0,551.0
29138,2025,11363,0,0.0215206257998943,58,2026-05-19,MR,Bournemouth,Manchester City,,Antoine Semenyo,h,NoGoal,EPL,"Bournemouth,Manchester City",8519,0.0,8402.0,0.0,117.0,59.0
22687,2023,11736,1,0.5289545059204102,21,2023-08-12,Sub,Real Sociedad,Girona,71.0,Artem Dovbyk,a,OpenPlay,La_Liga,Girona,21,69.0,2.0,,19.0,
22700,2023,11736,0,0.1319008320569992,13,2023-08-20,Sub,Girona,Getafe,,Artem Dovbyk,h,NoGoal,La_Liga,Girona,34,77.0,2.0,0.0,32.0,19.0
22709,2023,11736,0,0.4675168991088867,22,2023-08-26,Sub,Sevilla,Girona,,Artem Dovbyk,a,NoGoal,La_Liga,Girona,56,68.0,2.0,0.0,54.0,32.0
22719,2023,11736,0,0.1530148983001709,26,2023-09-03,Sub,Girona,Las Palmas,,Artem Dovbyk,h,NoGoal,La_Liga,Girona,82,64.0,2.0,0.0,80.0,54.0
22732,2023,11736,0,0.0916643515229225,74,2023-09-18,FW,Granada,Girona,,Artem Dovbyk,a,NoGoal,La_Liga,Girona,156,0.0,2.0,0.0,154.0,80.0
22739,2023,11736,1,1.090484857559204,69,2023-09-23,FW,Girona,Mallorca,32.0,Artem Dovbyk,h,Penalty,La_Liga,Girona,225,0.0,188.0,186.0,37.0,154.0
22751,2023,11736,1,1.1807258129119873,70,2023-09-27,FW,Villarreal,Girona,55.0,Artem Dovbyk,a,OpenPlay,La_Liga,Girona,295,0.0,280.0,92.0,15.0,37.0
22760,2023,11736,0,0.0440326184034347,64,2023-09-30,FW,Girona,Real Madrid,,Artem Dovbyk,h,NoGoal,La_Liga,Girona,359,0.0,280.0,0.0,79.0,15.0
22766,2023,11736,0,0.0,82,2023-10-07,FW,Cadiz,Girona,,Artem Dovbyk,a,NoGoal,La_Liga,Girona,441,0.0,280.0,0.0,161.0,79.0
22776,2023,11736,2,0.2366892099380493,72,2023-10-22,FW,Girona,Almeria,38.0,Artem Dovbyk,h,OpenPlay,La_Liga,Girona,513,0.0,479.0,199.0,34.0,161.0
22776,2023,11736,2,0.2366892099380493,72,2023-10-22,FW,Girona,Almeria,42.0,Artem Dovbyk,h,OpenPlay,La_Liga,Girona,513,0.0,483.0,4.0,30.0,161.0
22792,2023,11736,0,0.1599258184432983,76,2023-10-27,FW,Girona,Celta Vigo,,Artem Dovbyk,h,NoGoal,La_Liga,Girona,589,0.0,483.0,0.0,106.0,30.0
22802,2023,11736,1,0.8837571740150452,87,2023-11-04,FW,Osasuna,Girona,70.0,Artem Dovbyk,a,OpenPlay,La_Liga,Girona,676,0.0,659.0,176.0,17.0,106.0
22812,2023,11736,1,1.9443042278289795,83,2023-11-11,FW,Rayo Vallecano,Girona,41.0,Artem Dovbyk,a,OpenPlay,La_Liga,Girona,759,0.0,717.0,58.0,42.0,17.0
22827,2023,11736,0,0.0608793832361698,90,2023-12-02,FW,Girona,Valencia,,Artem Dovbyk,h,NoGoal,La_Liga,Girona,849,0.0,717.0,0.0,132.0,42.0
22835,2023,11736,1,0.5761622786521912,76,2023-12-10,FW,Barcelona,Girona,11.0,Artem Dovbyk,a,OpenPlay,La_Liga,Girona,925,0.0,860.0,143.0,65.0,132.0
22854,2023,11736,2,1.2628172636032104,90,2023-12-18,FW,Girona,Alaves,22.0,Artem Dovbyk,h,OpenPlay,La_Liga,Girona,1015,0.0,947.0,87.0,68.0,65.0
22854,2023,11736,2,1.2628172636032104,90,2023-12-18,FW,Girona,Alaves,58.0,Artem Dovbyk,h,Penalty,La_Liga,Girona,1015,0.0,983.0,36.0,32.0,65.0
22857,2023,11736,1,0.7432776093482971,70,2023-12-21,FW,Real Betis,Girona,38.0,Artem Dovbyk,a,Penalty,La_Liga,Girona,1085,0.0,1053.0,70.0,32.0,32.0
22869,2023,11736,0,0.49715057015419,72,2024-01-03,FW,Girona,Atletico Madrid,,Artem Dovbyk,h,NoGoal,La_Liga,Girona,1157,0.0,1053.0,0.0,104.0,32.0
22875,2023,11736,0,0.0,71,2024-01-14,FW,Almeria,Girona,,Artem Dovbyk,a,NoGoal,La_Liga,Girona,1228,0.0,1053.0,0.0,175.0,104.0
22886,2023,11736,3,0.7123000025749207,78,2024-01-21,FW,Girona,Sevilla,12.0,Artem Dovbyk,h,OpenPlay,La_Liga,Girona,1306,0.0,1240.0,187.0,66.0,175.0
22886,2023,11736,3,0.7123000025749207,78,2024-01-21,FW,Girona,Sevilla,14.0,Artem Dovbyk,h,OpenPlay,La_Liga,Girona,1306,0.0,1242.0,2.0,64.0,175.0
22886,2023,11736,3,0.7123000025749207,78,2024-01-21,FW,Girona,Sevilla,18.0,Artem Dovbyk,h,OpenPlay,La_Liga,Girona,1306,0.0,1246.0,4.0,60.0,175.0
22897,2023,11736,0,0.1628404706716537,90,2024-01-28,FW,Celta Vigo,Girona,,Artem Dovbyk,a,NoGoal,La_Liga,Girona,1396,0.0,1246.0,0.0,150.0,60.0
22923,2023,11736,0,0.1214699819684028,74,2024-02-10,FW,Real Madrid,Girona,,Artem Dovbyk,a,NoGoal,La_Liga,Girona,1470,0.0,1246.0,0.0,224.0,150.0
22925,2023,11736,0,0.05064282938838,90,2024-02-19,FW,Athletic Club,Girona,,Artem Dovbyk,a,NoGoal,La_Liga,Girona,1560,0.0,1246.0,0.0,314.0,224.0
22938,2023,11736,0,0.517920196056366,73,2024-02-26,FW,Girona,Rayo Vallecano,,Artem Dovbyk,h,NoGoal,La_Liga,Girona,1633,0.0,1246.0,0.0,387.0,314.0
22950,2023,11736,0,0.0,90,2024-03-03,FW,Mallorca,Girona,,Artem Dovbyk,a,NoGoal,La_Liga,Girona,1723,0.0,1246.0,0.0,477.0,387.0
22958,2023,11736,0,0.3534703254699707,83,2024-03-09,FW,Girona,Osasuna,,Artem Dovbyk,h,NoGoal,La_Liga,Girona,1806,0.0,1246.0,0.0,560.0,477.0
22966,2023,11736,0,1.225554347038269,90,2024-03-16,FW,Getafe,Girona,,Artem Dovbyk,a,NoGoal,La_Liga,Girona,1896,0.0,1246.0,0.0,650.0,560.0
22983,2023,11736,2,1.241752862930298,90,2024-03-31,FW,Girona,Real Betis,35.0,Artem Dovbyk,h,Penalty,La_Liga,Girona,1986,0.0,1931.0,685.0,55.0,650.0
22983,2023,11736,2,1.241752862930298,90,2024-03-31,FW,Girona,Real Betis,64.0,Artem Dovbyk,h,OpenPlay,La_Liga,Girona,1986,0.0,1960.0,29.0,26.0,650.0
22986,2023,11736,1,1.357078194618225,90,2024-04-13,FW,Atletico Madrid,Girona,3.0,Artem Dovbyk,a,OpenPlay,La_Liga,Girona,2076,0.0,1989.0,29.0,87.0,26.0
23002,2023,11736,1,0.3968850970268249,88,2024-04-20,FW,Girona,Cadiz,70.0,Artem Dovbyk,h,OpenPlay,La_Liga,Girona,2164,0.0,2146.0,157.0,18.0,87.0
23012,2023,11736,1,1.793097734451294,74,2024-04-27,FW,Las Palmas,Girona,56.0,Artem Dovbyk,a,Penalty,La_Liga,Girona,2238,0.0,2220.0,74.0,18.0,18.0
23019,2023,11736,1,0.9975969195365906,90,2024-05-04,FW,Girona,Barcelona,3.0,Artem Dovbyk,h,OpenPlay,La_Liga,Girona,2328,0.0,2241.0,21.0,87.0,18.0
23030,2023,11736,0,0.490016758441925,90,2024-05-10,FW,Alaves,Girona,,Artem Dovbyk,a,NoGoal,La_Liga,Girona,2418,0.0,2241.0,0.0,177.0,87.0
23036,2023,11736,0,0.4850592017173767,90,2024-05-14,FW,Girona,Villarreal,,Artem Dovbyk,h,NoGoal,La_Liga,Girona,2508,0.0,2241.0,0.0,267.0,177.0
23053,2023,11736,1,1.3034840822219849,80,2024-05-19,FW,Valencia,Girona,57.0,Artem Dovbyk,a,OpenPlay,La_Liga,Girona,2588,0.0,2565.0,324.0,23.0,267.0
23058,2023,11736,3,2.0513899326324463,90,2024-05-24,FW,Girona,Granada,43.0,Artem Dovbyk,h,Penalty,La_Liga,Girona,2678,0.0,2631.0,66.0,47.0,23.0
23058,2023,11736,3,2.0513899326324463,90,2024-05-24,FW,Girona,Granada,74.0,Artem Dovbyk,h,OpenPlay,La_Liga,Girona,2678,0.0,2662.0,31.0,16.0,23.0
23058,2023,11736,3,2.0513899326324463,90,2024-05-24,FW,Girona,Granada,89.0,Artem Dovbyk,h,Penalty,La_Liga,Girona,2678,0.0,2677.0,15.0,1.0,23.0
27368,2024,11736,0,0.8848493695259094,90,2024-08-18,FW,Cagliari,Roma,,Artem Dovbyk,a,NoGoal,Serie_A,Roma,2768,0.0,2677.0,0.0,91.0,1.0
27379,2024,11736,0,0.2454489022493362,90,2024-08-25,FW,Roma,Empoli,,Artem Dovbyk,h,NoGoal,Serie_A,Roma,2858,0.0,2677.0,0.0,181.0,91.0
27390,2024,11736,0,0.1153832748532295,83,2024-09-01,FW,Juventus,Roma,,Artem Dovbyk,a,NoGoal,Serie_A,Roma,2941,0.0,2677.0,0.0,264.0,181.0
27394,2024,11736,1,1.4941046237945557,88,2024-09-15,FW,Genoa,Roma,36.0,Artem Dovbyk,a,SetPiece,Serie_A,Roma,3029,0.0,2977.0,300.0,52.0,264.0
27410,2024,11736,1,0.6385504007339478,90,2024-09-22,FW,Roma,Udinese,18.0,Artem Dovbyk,h,OpenPlay,Serie_A,Roma,3119,0.0,3047.0,70.0,72.0,52.0
27420,2024,11736,0,0.2158087193965912,90,2024-09-29,FW,Roma,Venezia,,Artem Dovbyk,h,NoGoal,Serie_A,Roma,3209,0.0,3047.0,0.0,162.0,72.0
27425,2024,11736,1,0.5242283940315247,90,2024-10-06,FW,Monza,Roma,60.0,Artem Dovbyk,a,OpenPlay,Serie_A,Roma,3299,0.0,3269.0,222.0,30.0,162.0
27441,2024,11736,0,0.142242819070816,90,2024-10-20,FW,Roma,Inter,,Artem Dovbyk,h,NoGoal,Serie_A,Roma,3389,0.0,3269.0,0.0,120.0,30.0
27445,2024,11736,0,0.102319061756134,90,2024-10-27,FW,Fiorentina,Roma,,Artem Dovbyk,a,NoGoal,Serie_A,Roma,3479,0.0,3269.0,0.0,210.0,120.0
27468,2024,11736,1,0.8066872954368591,75,2024-11-03,FW,Verona,Roma,52.0,Artem Dovbyk,a,OpenPlay,Serie_A,Roma,3554,0.0,3531.0,262.0,23.0,210.0
27476,2024,11736,0,0.0666790083050727,90,2024-11-10,FW,Roma,Bologna,,Artem Dovbyk,h,NoGoal,Serie_A,Roma,3644,0.0,3531.0,0.0,113.0,23.0
27487,2024,11736,0,0.3934992253780365,90,2024-11-24,FW,Napoli,Roma,,Artem Dovbyk,a,NoGoal,Serie_A,Roma,3734,0.0,3531.0,0.0,203.0,113.0
27493,2024,11736,0,0.0,62,2024-12-02,FW,Roma,Atalanta,,Artem Dovbyk,h,NoGoal,Serie_A,Roma,3796,0.0,3531.0,0.0,265.0,203.0
27512,2024,11736,0,0.0,43,2024-12-15,Sub,Como,Roma,,Artem Dovbyk,a,NoGoal,Serie_A,Roma,3839,47.0,3531.0,0.0,308.0,265.0
27529,2024,11736,1,1.3799015283584597,90,2024-12-22,FW,Roma,Parma Calcio 1913,82.0,Artem Dovbyk,h,OpenPlay,Serie_A,Roma,3929,0.0,3921.0,390.0,8.0,308.0
27538,2024,11736,0,0.1736374199390411,87,2024-12-29,FW,AC Milan,Roma,,Artem Dovbyk,a,NoGoal,Serie_A,Roma,4016,0.0,3921.0,0.0,95.0,8.0
27549,2024,11736,0,0.0,74,2025-01-05,FW,Roma,Lazio,,Artem Dovbyk,h,NoGoal,Serie_A,Roma,4090,0.0,3921.0,0.0,169.0,95.0
27554,2024,11736,1,1.090415120124817,90,2025-01-12,FW,Bologna,Roma,97.0,Artem Dovbyk,a,Penalty,Serie_A,Roma,4180,0.0,4187.0,266.0,0.0,169.0
27570,2024,11736,1,0.9365551471710204,87,2025-01-17,FW,Roma,Genoa,24.0,Artem Dovbyk,h,OpenPlay,Serie_A,Roma,4267,0.0,4204.0,17.0,63.0,0.0
27579,2024,11736,1,0.8170021176338196,86,2025-01-26,FW,Udinese,Roma,63.0,Artem Dovbyk,a,Penalty,Serie_A,Roma,4353,0.0,4330.0,126.0,23.0,63.0
27591,2024,11736,0,0.0,25,2025-02-02,Sub,Roma,Napoli,,Artem Dovbyk,h,NoGoal,Serie_A,Roma,4378,65.0,4330.0,0.0,48.0,23.0
27600,2024,11736,0,0.3496681451797485,90,2025-02-09,FW,Venezia,Roma,,Artem Dovbyk,a,NoGoal,Serie_A,Roma,4468,0.0,4330.0,0.0,138.0,48.0
27630,2024,11736,1,0.7405851483345032,43,2025-03-02,Sub,Roma,Como,75.0,Artem Dovbyk,h,OpenPlay,Serie_A,Roma,4511,47.0,4496.0,166.0,15.0,138.0
27634,2024,11736,0,0.346623420715332,17,2025-03-09,Sub,Empoli,Roma,,Artem Dovbyk,a,NoGoal,Serie_A,Roma,4528,73.0,4496.0,0.0,32.0,15.0
27648,2024,11736,1,1.3427523374557495,73,2025-03-16,FW,Roma,Cagliari,61.0,Artem Dovbyk,h,FromCorner,Serie_A,Roma,4601,0.0,4589.0,93.0,12.0,32.0
27657,2024,11736,1,0.5132296085357666,85,2025-03-29,FW,Lecce,Roma,79.0,Artem Dovbyk,a,OpenPlay,Serie_A,Roma,4686,0.0,4680.0,91.0,6.0,12.0
27662,2024,11736,0,0.0220204349607229,86,2025-04-06,FW,Roma,Juventus,,Artem Dovbyk,h,NoGoal,Serie_A,Roma,4772,0.0,4680.0,0.0,92.0,6.0
27679,2024,11736,0,0.0,85,2025-04-13,FW,Lazio,Roma,,Artem Dovbyk,a,NoGoal,Serie_A,Roma,4857,0.0,4680.0,0.0,177.0,92.0
27690,2024,11736,0,0.1106671169400215,19,2025-04-19,Sub,Roma,Verona,,Artem Dovbyk,h,NoGoal,Serie_A,Roma,4876,71.0,4680.0,0.0,196.0,177.0
27697,2024,11736,0,0.5049110054969788,87,2025-04-27,FW,Inter,Roma,,Artem Dovbyk,a,NoGoal,Serie_A,Roma,4963,0.0,4680.0,0.0,283.0,196.0
27710,2024,11736,1,0.3971033692359924,82,2025-05-04,FW,Roma,Fiorentina,49.0,Artem Dovbyk,h,FromCorner,Serie_A,Roma,5045,0.0,5012.0,332.0,33.0,283.0
27712,2024,11736,0,0.0,87,2025-05-12,FW,Atalanta,Roma,,Artem Dovbyk,a,NoGoal,Serie_A,Roma,5132,0.0,5012.0,0.0,120.0,33.0
29847,2025,11736,0,0.0,14,2025-08-23,Sub,Roma,Bologna,,Artem Dovbyk,h,NoGoal,Serie_A,Roma,5146,76.0,5012.0,0.0,134.0,120.0
29858,2025,11736,0,0.5038177967071533,16,2025-08-30,Sub,Pisa,Roma,,Artem Dovbyk,a,NoGoal,Serie_A,Roma,5162,74.0,5012.0,0.0,150.0,134.0
29881,2025,11736,0,0.0895561352372169,20,2025-09-21,Sub,Lazio,Roma,,Artem Dovbyk,a,NoGoal,Serie_A,Roma,5182,70.0,5012.0,0.0,170.0,150.0
29892,2025,11736,1,0.0532495789229869,62,2025-09-28,FW,Roma,Verona,6.0,Artem Dovbyk,h,SetPiece,Serie_A,Roma,5244,0.0,5188.0,176.0,56.0,170.0
29896,2025,11736,0,0.85349041223526,62,2025-10-05,FW,Fiorentina,Roma,,Artem Dovbyk,a,NoGoal,Serie_A,Roma,5306,0.0,5188.0,0.0,118.0,56.0
29913,2025,11736,0,0.5382024049758911,34,2025-10-18,Sub,Roma,Inter,,Artem Dovbyk,h,NoGoal,Serie_A,Roma,5340,56.0,5188.0,0.0,152.0,118.0
29922,2025,11736,0,0.0,37,2025-10-26,Sub,Sassuolo,Roma,,Artem Dovbyk,a,NoGoal,Serie_A,Roma,5377,53.0,5188.0,0.0,189.0,152.0
29933,2025,11736,1,0.1198892593383789,13,2025-10-29,Sub,Roma,Parma Calcio 1913,80.0,Artem Dovbyk,h,OpenPlay,Serie_A,Roma,5390,77.0,5380.0,192.0,10.0,189.0
29937,2025,11736,0,0.0,12,2025-11-02,Sub,AC Milan,Roma,,Artem Dovbyk,a,NoGoal,Serie_A,Roma,5402,78.0,5380.0,0.0,22.0,10.0
29953,2025,11736,0,0.091459147632122,41,2025-11-09,FW,Roma,Udinese,,Artem Dovbyk,h,NoGoal,Serie_A,Roma,5443,0.0,5380.0,0.0,63.0,22.0
30010,2025,11736,0,0.0,4,2025-12-29,Sub,Roma,Genoa,,Artem Dovbyk,h,NoGoal,Serie_A,Roma,5447,86.0,5380.0,0.0,67.0,63.0
30014,2025,11736,0,0.0,22,2026-01-03,Sub,Atalanta,Roma,,Artem Dovbyk,a,NoGoal,Serie_A,Roma,5469,68.0,5380.0,0.0,89.0,67.0
30027,2025,11736,1,0.6287242770195007,26,2026-01-06,Sub,Lecce,Roma,70.0,Artem Dovbyk,a,FromCorner,Serie_A,Roma,5495,64.0,5475.0,95.0,20.0,89.0
30211,2025,11736,0,0.2194371521472931,1,2026-05-17,Sub,Roma,Lazio,,Artem Dovbyk,h,NoGoal,Serie_A,Roma,5496,89.0,5475.0,0.0,21.0,20.0
23074,2023,11974,0,0.1064920276403427,4,2023-08-25,Sub,RasenBallsport Leipzig,VfB Stuttgart,,Benjamin Sesko,h,NoGoal,Bundesliga,RasenBallsport Leipzig,4,86.0,,,,
23091,2023,11974,2,0.6079687476158142,14,2023-09-03,Sub,Union Berlin,RasenBallsport Leipzig,84.0,Benjamin Sesko,a,OpenPlay,Bundesliga,RasenBallsport Leipzig,18,76.0,12.0,,6.0,6.0
23091,2023,11974,2,0.6079687476158142,14,2023-09-03,Sub,Union Berlin,RasenBallsport Leipzig,86.0,Benjamin Sesko,a,OpenPlay,Bundesliga,RasenBallsport Leipzig,18,76.0,14.0,2.0,4.0,6.0
23093,2023,11974,0,0.0175438653677701,22,2023-09-16,Sub,RasenBallsport Leipzig,Augsburg,,Benjamin Sesko,h,NoGoal,Bundesliga,RasenBallsport Leipzig,40,68.0,14.0,0.0,26.0,4.0
23103,2023,11974,0,0.0823064967989921,71,2023-09-23,FW,Borussia M.Gladbach,RasenBallsport Leipzig,,Benjamin Sesko,a,NoGoal,Bundesliga,RasenBallsport Leipzig,111,0.0,14.0,0.0,97.0,26.0
23116,2023,11974,0,0.0,15,2023-09-30,Sub,RasenBallsport Leipzig,Bayern Munich,,Benjamin Sesko,h,NoGoal,Bundesliga,RasenBallsport Leipzig,126,75.0,14.0,0.0,112.0,97.0
23121,2023,11974,0,0.1118353456258773,59,2023-10-07,FW,RasenBallsport Leipzig,Bochum,,Benjamin Sesko,h,NoGoal,Bundesliga,RasenBallsport Leipzig,185,0.0,14.0,0.0,171.0,112.0
23138,2023,11974,1,0.5331257581710815,11,2023-10-28,Sub,RasenBallsport Leipzig,FC Cologne,87.0,Benjamin Sesko,h,FromCorner,Bundesliga,RasenBallsport Leipzig,196,79.0,193.0,179.0,3.0,171.0
23150,2023,11974,0,0.0,19,2023-11-04,Sub,Mainz 05,RasenBallsport Leipzig,,Benjamin Sesko,a,NoGoal,Bundesliga,RasenBallsport Leipzig,215,71.0,193.0,0.0,22.0,3.0
23156,2023,11974,0,0.0433771573007106,69,2023-11-12,FW,RasenBallsport Leipzig,Freiburg,,Benjamin Sesko,h,NoGoal,Bundesliga,RasenBallsport Leipzig,284,0.0,193.0,0.0,91.0,22.0
23174,2023,11974,0,0.0,10,2023-12-02,Sub,RasenBallsport Leipzig,FC Heidenheim,,Benjamin Sesko,h,NoGoal,Bundesliga,RasenBallsport Leipzig,294,80.0,193.0,0.0,101.0,91.0
23182,2023,11974,0,0.4022603332996368,8,2023-12-09,Sub,Borussia Dortmund,RasenBallsport Leipzig,,Benjamin Sesko,a,NoGoal,Bundesliga,RasenBallsport Leipzig,302,82.0,193.0,0.0,109.0,101.0
23192,2023,11974,0,0.1369325071573257,4,2023-12-16,Sub,RasenBallsport Leipzig,Hoffenheim,,Benjamin Sesko,h,NoGoal,Bundesliga,RasenBallsport Leipzig,306,86.0,193.0,0.0,113.0,109.0
23206,2023,11974,0,0.0,10,2023-12-19,Sub,Werder Bremen,RasenBallsport Leipzig,,Benjamin Sesko,a,NoGoal,Bundesliga,RasenBallsport Leipzig,316,80.0,193.0,0.0,123.0,113.0
23210,2023,11974,0,0.4822798371315002,70,2024-01-13,FW,RasenBallsport Leipzig,Eintracht Frankfurt,,Benjamin Sesko,h,NoGoal,Bundesliga,RasenBallsport Leipzig,386,0.0,193.0,0.0,193.0,123.0
23219,2023,11974,0,0.7396472692489624,78,2024-01-20,FW,RasenBallsport Leipzig,Bayer Leverkusen,,Benjamin Sesko,h,NoGoal,Bundesliga,RasenBallsport Leipzig,464,0.0,193.0,0.0,271.0,193.0
23235,2023,11974,1,0.4344394207000732,90,2024-01-27,FW,VfB Stuttgart,RasenBallsport Leipzig,31.0,Benjamin Sesko,a,FromCorner,Bundesliga,RasenBallsport Leipzig,554,0.0,495.0,302.0,59.0,271.0
23237,2023,11974,1,0.465899109840393,90,2024-02-04,FW,RasenBallsport Leipzig,Union Berlin,47.0,Benjamin Sesko,h,SetPiece,Bundesliga,RasenBallsport Leipzig,644,0.0,601.0,106.0,43.0,59.0
23251,2023,11974,1,0.1225100979208946,76,2024-02-10,FW,Augsburg,RasenBallsport Leipzig,51.0,Benjamin Sesko,a,OpenPlay,Bundesliga,RasenBallsport Leipzig,720,0.0,695.0,94.0,25.0,43.0
23254,2023,11974,0,0.1319858729839325,19,2024-02-17,Sub,RasenBallsport Leipzig,Borussia M.Gladbach,,Benjamin Sesko,h,NoGoal,Bundesliga,RasenBallsport Leipzig,739,71.0,695.0,0.0,44.0,25.0
23271,2023,11974,1,0.2404142171144485,90,2024-02-24,FW,Bayern Munich,RasenBallsport Leipzig,69.0,Benjamin Sesko,a,OpenPlay,Bundesliga,RasenBallsport Leipzig,829,0.0,808.0,113.0,21.0,44.0
23278,2023,11974,0,0.0528070777654647,69,2024-03-02,FW,Bochum,RasenBallsport Leipzig,,Benjamin Sesko,a,NoGoal,Bundesliga,RasenBallsport Leipzig,898,0.0,808.0,0.0,90.0,21.0
23282,2023,11974,0,0.1483964473009109,10,2024-03-09,Sub,RasenBallsport Leipzig,Darmstadt,,Benjamin Sesko,h,NoGoal,Bundesliga,RasenBallsport Leipzig,908,80.0,808.0,0.0,100.0,90.0
23295,2023,11974,0,0.5221526026725769,78,2024-03-15,FW,FC Cologne,RasenBallsport Leipzig,,Benjamin Sesko,a,NoGoal,Bundesliga,RasenBallsport Leipzig,986,0.0,808.0,0.0,178.0,100.0
23300,2023,11974,0,0.6320769786834717,19,2024-03-30,Sub,RasenBallsport Leipzig,Mainz 05,,Benjamin Sesko,h,NoGoal,Bundesliga,RasenBallsport Leipzig,1005,71.0,808.0,0.0,197.0,178.0
23310,2023,11974,1,0.8880771398544312,90,2024-04-06,FW,Freiburg,RasenBallsport Leipzig,53.0,Benjamin Sesko,a,OpenPlay,Bundesliga,RasenBallsport Leipzig,1095,0.0,1058.0,250.0,37.0,197.0
23318,2023,11974,1,0.3776829838752746,79,2024-04-13,FW,RasenBallsport Leipzig,Wolfsburg,67.0,Benjamin Sesko,h,OpenPlay,Bundesliga,RasenBallsport Leipzig,1174,0.0,1162.0,104.0,12.0,37.0
23334,2023,11974,1,0.3288866877555847,82,2024-04-20,FW,FC Heidenheim,RasenBallsport Leipzig,41.0,Benjamin Sesko,a,OpenPlay,Bundesliga,RasenBallsport Leipzig,1256,0.0,1215.0,53.0,41.0,12.0
23336,2023,11974,1,0.4385677576065063,75,2024-04-27,FW,RasenBallsport Leipzig,Borussia Dortmund,46.0,Benjamin Sesko,h,FromCorner,Bundesliga,RasenBallsport Leipzig,1331,0.0,1302.0,87.0,29.0,41.0
23349,2023,11974,1,0.3181056082248688,61,2024-05-03,FW,Hoffenheim,RasenBallsport Leipzig,37.0,Benjamin Sesko,a,OpenPlay,Bundesliga,RasenBallsport Leipzig,1392,0.0,1368.0,66.0,24.0,29.0
23354,2023,11974,1,0.0557541213929653,41,2024-05-11,Sub,RasenBallsport Leipzig,Werder Bremen,60.0,Benjamin Sesko,h,OpenPlay,Bundesliga,RasenBallsport Leipzig,1433,49.0,1403.0,35.0,30.0,24.0
23365,2023,11974,1,0.174713984131813,90,2024-05-18,FW,Eintracht Frankfurt,RasenBallsport Leipzig,45.0,Benjamin Sesko,a,OpenPlay,Bundesliga,RasenBallsport Leipzig,1523,0.0,1478.0,75.0,45.0,30.0
27743,2024,11974,0,0.0834182277321815,78,2024-08-24,FW,RasenBallsport Leipzig,Bochum,,Benjamin Sesko,h,NoGoal,Bundesliga,RasenBallsport Leipzig,1601,0.0,1478.0,0.0,123.0,45.0
27757,2024,11974,0,0.5654087662696838,74,2024-08-31,AMC,Bayer Leverkusen,RasenBallsport Leipzig,,Benjamin Sesko,a,NoGoal,Bundesliga,RasenBallsport Leipzig,1675,0.0,1478.0,0.0,197.0,123.0
27763,2024,11974,0,0.0221549477428197,66,2024-09-14,AMC,RasenBallsport Leipzig,Union Berlin,,Benjamin Sesko,h,NoGoal,Bundesliga,RasenBallsport Leipzig,1741,0.0,1478.0,0.0,263.0,197.0
27777,2024,11974,0,0.0669041350483894,75,2024-09-22,FW,St. Pauli,RasenBallsport Leipzig,,Benjamin Sesko,a,NoGoal,Bundesliga,RasenBallsport Leipzig,1816,0.0,1478.0,0.0,338.0,263.0
27783,2024,11974,2,0.5186488032341003,86,2024-09-28,FW,RasenBallsport Leipzig,Augsburg,10.0,Benjamin Sesko,h,OpenPlay,Bundesliga,RasenBallsport Leipzig,1902,0.0,1826.0,348.0,76.0,338.0
27783,2024,11974,2,0.5186488032341003,86,2024-09-28,FW,RasenBallsport Leipzig,Augsburg,14.0,Benjamin Sesko,h,OpenPlay,Bundesliga,RasenBallsport Leipzig,1902,0.0,1830.0,4.0,72.0,338.0
27788,2024,11974,0,0.2288734465837478,76,2024-10-06,FW,FC Heidenheim,RasenBallsport Leipzig,,Benjamin Sesko,a,NoGoal,Bundesliga,RasenBallsport Leipzig,1978,0.0,1830.0,0.0,148.0,72.0
27802,2024,11974,0,0.7113902568817139,75,2024-10-19,AMC,Mainz 05,RasenBallsport Leipzig,,Benjamin Sesko,a,NoGoal,Bundesliga,RasenBallsport Leipzig,2053,0.0,1830.0,0.0,223.0,148.0
27806,2024,11974,0,0.3525434732437134,66,2024-10-26,FW,RasenBallsport Leipzig,Freiburg,,Benjamin Sesko,h,NoGoal,Bundesliga,RasenBallsport Leipzig,2119,0.0,1830.0,0.0,289.0,223.0
27816,2024,11974,1,0.0975864082574844,74,2024-11-02,FW,Borussia Dortmund,RasenBallsport Leipzig,26.0,Benjamin Sesko,a,OpenPlay,Bundesliga,RasenBallsport Leipzig,2193,0.0,2145.0,315.0,48.0,289.0
27824,2024,11974,0,0.0,22,2024-11-09,Sub,RasenBallsport Leipzig,Borussia M.Gladbach,,Benjamin Sesko,h,NoGoal,Bundesliga,RasenBallsport Leipzig,2215,68.0,2145.0,0.0,70.0,48.0
27837,2024,11974,0,0.1083703488111496,61,2024-11-23,AMC,Hoffenheim,RasenBallsport Leipzig,,Benjamin Sesko,a,NoGoal,Bundesliga,RasenBallsport Leipzig,2276,0.0,2145.0,0.0,131.0,70.0
27841,2024,11974,0,0.2825711667537689,71,2024-11-30,FW,RasenBallsport Leipzig,Wolfsburg,,Benjamin Sesko,h,NoGoal,Bundesliga,RasenBallsport Leipzig,2347,0.0,2145.0,0.0,202.0,131.0
27856,2024,11974,1,0.212195411324501,64,2024-12-07,FW,Holstein Kiel,RasenBallsport Leipzig,26.0,Benjamin Sesko,a,OpenPlay,Bundesliga,RasenBallsport Leipzig,2411,0.0,2373.0,228.0,38.0,202.0
27859,2024,11974,1,0.8724398016929626,90,2024-12-15,FW,RasenBallsport Leipzig,Eintracht Frankfurt,18.0,Benjamin Sesko,h,OpenPlay,Bundesliga,RasenBallsport Leipzig,2501,0.0,2429.0,56.0,72.0,38.0
27870,2024,11974,1,0.3510934710502624,76,2024-12-20,FW,Bayern Munich,RasenBallsport Leipzig,1.0,Benjamin Sesko,a,OpenPlay,Bundesliga,RasenBallsport Leipzig,2577,0.0,2502.0,73.0,75.0,72.0
27877,2024,11974,1,0.1411068886518478,89,2025-01-12,FW,RasenBallsport Leipzig,Werder Bremen,46.0,Benjamin Sesko,h,OpenPlay,Bundesliga,RasenBallsport Leipzig,2666,0.0,2623.0,121.0,43.0,75.0
27887,2024,11974,1,0.4424597918987274,88,2025-01-15,FW,VfB Stuttgart,RasenBallsport Leipzig,9.0,Benjamin Sesko,a,OpenPlay,Bundesliga,RasenBallsport Leipzig,2754,0.0,2675.0,52.0,79.0,43.0
27904,2024,11974,0,0.2798247337341308,90,2025-01-25,FW,RasenBallsport Leipzig,Bayer Leverkusen,,Benjamin Sesko,h,NoGoal,Bundesliga,RasenBallsport Leipzig,2844,0.0,2675.0,0.0,169.0,79.0
27913,2024,11974,0,0.0754848718643188,90,2025-02-01,FW,Union Berlin,RasenBallsport Leipzig,,Benjamin Sesko,a,NoGoal,Bundesliga,RasenBallsport Leipzig,2934,0.0,2675.0,0.0,259.0,169.0
27923,2024,11974,1,0.4005636870861053,74,2025-02-09,FW,RasenBallsport Leipzig,St. Pauli,15.0,Benjamin Sesko,h,OpenPlay,Bundesliga,RasenBallsport Leipzig,3008,0.0,2949.0,274.0,59.0,259.0
27936,2024,11974,0,0.581829309463501,83,2025-02-14,FW,Augsburg,RasenBallsport Leipzig,,Benjamin Sesko,a,NoGoal,Bundesliga,RasenBallsport Leipzig,3091,0.0,2949.0,0.0,142.0,59.0
27941,2024,11974,1,0.8568141460418701,90,2025-02-23,FW,RasenBallsport Leipzig,FC Heidenheim,63.0,Benjamin Sesko,h,Penalty,Bundesliga,RasenBallsport Leipzig,3181,0.0,3154.0,205.0,27.0,142.0
27950,2024,11974,0,0.3855557441711426,90,2025-03-01,FW,RasenBallsport Leipzig,Mainz 05,,Benjamin Sesko,h,NoGoal,Bundesliga,RasenBallsport Leipzig,3271,0.0,3154.0,0.0,117.0,27.0
27963,2024,11974,0,0.2556339800357818,79,2025-03-08,FW,Freiburg,RasenBallsport Leipzig,,Benjamin Sesko,a,NoGoal,Bundesliga,RasenBallsport Leipzig,3350,0.0,3154.0,0.0,196.0,117.0
27968,2024,11974,0,0.6213542222976685,90,2025-03-15,AMC,RasenBallsport Leipzig,Borussia Dortmund,,Benjamin Sesko,h,NoGoal,Bundesliga,RasenBallsport Leipzig,3440,0.0,3154.0,0.0,286.0,196.0
27980,2024,11974,0,0.0,24,2025-03-29,Sub,Borussia M.Gladbach,RasenBallsport Leipzig,,Benjamin Sesko,a,NoGoal,Bundesliga,RasenBallsport Leipzig,3464,66.0,3154.0,0.0,310.0,286.0
27985,2024,11974,1,0.1212975308299064,90,2025-04-05,FW,RasenBallsport Leipzig,Hoffenheim,23.0,Benjamin Sesko,h,FromCorner,Bundesliga,RasenBallsport Leipzig,3554,0.0,3487.0,333.0,67.0,310.0
27999,2024,11974,0,0.3930774629116058,90,2025-04-11,FW,Wolfsburg,RasenBallsport Leipzig,,Benjamin Sesko,a,NoGoal,Bundesliga,RasenBallsport Leipzig,3644,0.0,3487.0,0.0,157.0,67.0
28003,2024,11974,1,1.2997651100158691,90,2025-04-19,FW,RasenBallsport Leipzig,Holstein Kiel,73.0,Benjamin Sesko,h,Penalty,Bundesliga,RasenBallsport Leipzig,3734,0.0,3717.0,230.0,17.0,157.0
28015,2024,11974,0,0.0193945858627557,79,2025-04-26,FW,Eintracht Frankfurt,RasenBallsport Leipzig,,Benjamin Sesko,a,NoGoal,Bundesliga,RasenBallsport Leipzig,3813,0.0,3717.0,0.0,96.0,17.0
28021,2024,11974,1,0.4815929234027862,71,2025-05-03,FW,RasenBallsport Leipzig,Bayern Munich,10.0,Benjamin Sesko,h,OpenPlay,Bundesliga,RasenBallsport Leipzig,3884,0.0,3823.0,106.0,61.0,96.0
28034,2024,11974,0,0.013771359808743,73,2025-05-10,FW,Werder Bremen,RasenBallsport Leipzig,,Benjamin Sesko,a,NoGoal,Bundesliga,RasenBallsport Leipzig,3957,0.0,3823.0,0.0,134.0,61.0
28039,2024,11974,0,0.0,2,2025-05-17,Sub,RasenBallsport Leipzig,VfB Stuttgart,,Benjamin Sesko,h,NoGoal,Bundesliga,RasenBallsport Leipzig,3959,88.0,3823.0,0.0,136.0,134.0
28786,2025,11974,0,0.0767245814204216,24,2025-08-17,Sub,Manchester United,Arsenal,,Benjamin Sesko,h,NoGoal,EPL,Manchester United,3983,66.0,3823.0,0.0,160.0,136.0
28796,2025,11974,0,0.0,35,2025-08-24,Sub,Fulham,Manchester United,,Benjamin Sesko,a,NoGoal,EPL,Manchester United,4018,55.0,3823.0,0.0,195.0,160.0
28802,2025,11974,0,0.21974478662014,10,2025-08-30,Sub,Manchester United,Burnley,,Benjamin Sesko,h,NoGoal,EPL,Manchester United,4028,80.0,3823.0,0.0,205.0,195.0
28817,2025,11974,0,0.0349594056606292,81,2025-09-14,FW,Manchester City,Manchester United,,Benjamin Sesko,a,NoGoal,EPL,Manchester United,4109,0.0,3823.0,0.0,286.0,205.0
28824,2025,11974,0,0.0,56,2025-09-20,FW,Manchester United,Chelsea,,Benjamin Sesko,h,NoGoal,EPL,Manchester United,4165,0.0,3823.0,0.0,342.0,286.0
28828,2025,11974,1,2.166334629058838,90,2025-09-27,FW,Brentford,Manchester United,25.0,Benjamin Sesko,a,OpenPlay,EPL,Manchester United,4255,0.0,4190.0,367.0,65.0,342.0
28845,2025,11974,1,0.6503399610519409,90,2025-10-04,FW,Manchester United,Sunderland,30.0,Benjamin Sesko,h,OpenPlay,EPL,Manchester United,4345,0.0,4285.0,95.0,60.0,65.0
28852,2025,11974,0,0.0093859927728772,25,2025-10-19,Sub,Liverpool,Manchester United,,Benjamin Sesko,a,NoGoal,EPL,Manchester United,4370,65.0,4285.0,0.0,85.0,60.0
28865,2025,11974,0,0.4120239913463592,83,2025-10-25,FW,Manchester United,Brighton,,Benjamin Sesko,h,NoGoal,EPL,Manchester United,4453,0.0,4285.0,0.0,168.0,85.0
28874,2025,11974,0,0.1923434287309646,90,2025-11-01,FW,Nottingham Forest,Manchester United,,Benjamin Sesko,a,NoGoal,EPL,Manchester United,4543,0.0,4285.0,0.0,258.0,168.0
28886,2025,11974,0,0.0,31,2025-11-08,Sub,Tottenham,Manchester United,,Benjamin Sesko,a,NoGoal,EPL,Manchester United,4574,59.0,4285.0,0.0,289.0,258.0
28934,2025,11974,0,0.0,16,2025-12-15,Sub,Manchester United,Bournemouth,,Benjamin Sesko,h,NoGoal,EPL,Manchester United,4590,74.0,4285.0,0.0,305.0,289.0
28939,2025,11974,0,0.2918715476989746,77,2025-12-21,FW,Aston Villa,Manchester United,,Benjamin Sesko,a,NoGoal,EPL,Manchester United,4667,0.0,4285.0,0.0,382.0,305.0
28954,2025,11974,0,0.1925712525844574,63,2025-12-26,FW,Manchester United,Newcastle United,,Benjamin Sesko,h,NoGoal,EPL,Manchester United,4730,0.0,4285.0,0.0,445.0,382.0
28964,2025,11974,0,0.772260308265686,90,2025-12-30,FW,Manchester United,Wolverhampton Wanderers,,Benjamin Sesko,h,NoGoal,EPL,Manchester United,4820,0.0,4285.0,0.0,535.0,445.0
28976,2025,11974,0,0.949115514755249,90,2026-01-04,FW,Leeds,Manchester United,,Benjamin Sesko,a,NoGoal,EPL,Manchester United,4910,0.0,4285.0,0.0,625.0,535.0
28982,2025,11974,2,1.0651792287826538,90,2026-01-07,FW,Burnley,Manchester United,49.0,Benjamin Sesko,a,OpenPlay,EPL,Manchester United,5000,0.0,4959.0,674.0,41.0,625.0
28982,2025,11974,2,1.0651792287826538,90,2026-01-07,FW,Burnley,Manchester United,59.0,Benjamin Sesko,a,OpenPlay,EPL,Manchester United,5000,0.0,4969.0,10.0,31.0,625.0
28999,2025,11974,0,0.0,7,2026-01-25,Sub,Arsenal,Manchester United,,Benjamin Sesko,a,NoGoal,EPL,Manchester United,5007,83.0,4969.0,0.0,38.0,31.0
29012,2025,11974,1,0.5445846915245056,13,2026-02-01,Sub,Manchester United,Fulham,93.0,Benjamin Sesko,h,OpenPlay,EPL,Manchester United,5020,80.0,5020.0,51.0,0.0,38.0
29025,2025,11974,0,0.5697665214538574,10,2026-02-07,Sub,Manchester United,Tottenham,,Benjamin Sesko,h,NoGoal,EPL,Manchester United,5030,80.0,5020.0,0.0,10.0,0.0
29037,2025,11974,1,0.1085369512438774,21,2026-02-10,Sub,West Ham,Manchester United,95.0,Benjamin Sesko,a,OpenPlay,EPL,Manchester United,5051,74.0,5051.0,31.0,0.0,10.0
29042,2025,11974,1,0.4592024087905884,29,2026-02-23,Sub,Everton,Manchester United,70.0,Benjamin Sesko,a,OpenPlay,EPL,Manchester United,5080,61.0,5060.0,9.0,20.0,0.0
29055,2025,11974,1,0.535000205039978,78,2026-03-01,FW,Manchester United,Crystal Palace,64.0,Benjamin Sesko,h,OpenPlay,EPL,Manchester United,5158,0.0,5144.0,84.0,14.0,20.0
29065,2025,11974,0,0.2001581788063049,90,2026-03-04,FW,Newcastle United,Manchester United,,Benjamin Sesko,a,NoGoal,EPL,Manchester United,5248,0.0,5144.0,0.0,104.0,14.0
29074,2025,11974,1,0.5460672974586487,14,2026-03-15,Sub,Manchester United,Aston Villa,80.0,Benjamin Sesko,h,OpenPlay,EPL,Manchester United,5262,76.0,5252.0,108.0,10.0,104.0
29078,2025,11974,0,0.0,18,2026-03-20,Sub,Bournemouth,Manchester United,,Benjamin Sesko,a,NoGoal,EPL,Manchester United,5280,72.0,5252.0,0.0,28.0,10.0
29088,2025,11974,0,0.3654465973377228,90,2026-04-13,FW,Manchester United,Leeds,,Benjamin Sesko,h,NoGoal,EPL,Manchester United,5370,0.0,5252.0,0.0,118.0,28.0
29100,2025,11974,0,0.0170248560607433,85,2026-04-18,FW,Chelsea,Manchester United,,Benjamin Sesko,a,NoGoal,EPL,Manchester United,5455,0.0,5252.0,0.0,203.0,118.0
29114,2025,11974,1,0.7053220272064209,90,2026-04-27,FW,Manchester United,Brentford,42.0,Benjamin Sesko,h,OpenPlay,EPL,Manchester United,5545,0.0,5497.0,245.0,48.0,203.0
29125,2025,11974,1,1.420163631439209,50,2026-05-03,FW,Manchester United,Liverpool,13.0,Benjamin Sesko,h,OpenPlay,EPL,Manchester United,5595,0.0,5558.0,61.0,37.0,48.0
