id,minute,result,X,Y,xG,player,h_a,player_id,situation,season,shotType,match_id,h_team,a_team,h_goals,a_goals,date,player_assisted,lastAction
532874,73,Goal,0.840999984741211,0.5320000076293945,0.09709116071462631,Harry Kane,a,647,OpenPlay,2023,RightFoot,23065,Werder Bremen,Bayern Munich,0,4,2023-08-18 18:30:00,Alphonso Davies,Pass
535460,39,Goal,0.885,0.5,0.75777667760849,Harry Kane,h,647,Penalty,2023,RightFoot,23082,Bayern Munich,Augsburg,3,1,2023-08-27 15:30:00,,Standard
535473,68,Goal,0.9180000305175782,0.5590000152587891,0.547103762626648,Harry Kane,h,647,OpenPlay,2023,RightFoot,23082,Bayern Munich,Augsburg,3,1,2023-08-27 15:30:00,Alphonso Davies,Throughball
537232,6,Goal,0.9769999694824218,0.5529999923706055,0.44887444376945496,Harry Kane,h,647,FromCorner,2023,Head,23092,Bayern Munich,Bayer Leverkusen,2,2,2023-09-15 18:30:00,,None
539011,11,Goal,0.8969999694824219,0.4179999923706055,0.41465598344802856,Harry Kane,h,647,OpenPlay,2023,RightFoot,23104,Bayern Munich,Bochum,7,0,2023-09-23 13:30:00,,BallTouch
539024,53,Goal,0.885,0.5,0.75777667760849,Harry Kane,h,647,Penalty,2023,RightFoot,23104,Bayern Munich,Bochum,7,0,2023-09-23 13:30:00,,Standard
539035,87,Goal,0.9619999694824218,0.4329999923706055,0.5936906337738037,Harry Kane,h,647,OpenPlay,2023,LeftFoot,23104,Bayern Munich,Bochum,7,0,2023-09-23 13:30:00,Noussair Mazraoui,Pass
541461,56,Goal,0.885,0.5,0.75777667760849,Harry Kane,a,647,Penalty,2023,RightFoot,23116,RasenBallsport Leipzig,Bayern Munich,2,2,2023-09-30 16:30:00,,Standard
544266,15,Goal,0.9530000305175781,0.5329999923706055,0.5294733643531799,Harry Kane,a,647,SetPiece,2023,Head,23134,Mainz 05,Bayern Munich,1,3,2023-10-21 16:30:00,Leon Goretzka,HeadPass
545456,50,Goal,0.950999984741211,0.48,0.5812898278236389,Harry Kane,h,647,OpenPlay,2023,Head,23137,Bayern Munich,Darmstadt,8,0,2023-10-28 13:30:00,Noussair Mazraoui,Cross
545463,68,Goal,0.46,0.48400001525878905,0.013618764467537403,Harry Kane,h,647,OpenPlay,2023,RightFoot,23137,Bayern Munich,Darmstadt,8,0,2023-10-28 13:30:00,Thomas Müller,Pass
545469,87,Goal,0.9069999694824219,0.524000015258789,0.5798283815383911,Harry Kane,h,647,OpenPlay,2023,RightFoot,23137,Bayern Munich,Darmstadt,8,0,2023-10-28 13:30:00,Leroy Sané,Throughball
547015,8,Goal,0.950999984741211,0.4759999847412109,0.7608279585838318,Harry Kane,a,647,OpenPlay,2023,RightFoot,23146,Borussia Dortmund,Bayern Munich,0,4,2023-11-04 17:30:00,Leroy Sané,Pass
547035,71,Goal,0.899000015258789,0.46,0.41308799386024475,Harry Kane,a,647,OpenPlay,2023,RightFoot,23146,Borussia Dortmund,Bayern Munich,0,4,2023-11-04 17:30:00,Kingsley Coman,Cross
547040,92,Goal,0.835,0.5020000076293946,0.2572573125362396,Harry Kane,a,647,OpenPlay,2023,RightFoot,23146,Borussia Dortmund,Bayern Munich,0,4,2023-11-04 17:30:00,Aleksandar Pavlovic,Pass
548247,13,Goal,0.8619999694824219,0.455,0.10108289867639542,Harry Kane,h,647,OpenPlay,2023,RightFoot,23155,Bayern Munich,FC Heidenheim,4,2,2023-11-11 14:30:00,Leroy Sané,Pass
548253,43,Goal,0.8969999694824219,0.46799999237060547,0.05968013033270836,Harry Kane,h,647,FromCorner,2023,Head,23155,Bayern Munich,FC Heidenheim,4,2,2023-11-11 14:30:00,Leroy Sané,Cross
549325,19,Goal,0.9380000305175781,0.44099998474121094,0.6204071044921875,Harry Kane,a,647,OpenPlay,2023,RightFoot,23169,FC Cologne,Bayern Munich,0,1,2023-11-24 19:30:00,,Rebound
555037,1,Goal,0.9130000305175782,0.4979999923706055,0.4953474998474121,Harry Kane,h,647,OpenPlay,2023,RightFoot,23191,Bayern Munich,VfB Stuttgart,3,0,2023-12-17 18:30:00,Leroy Sané,Pass
555053,54,Goal,0.970999984741211,0.5120000076293946,0.7050266265869141,Harry Kane,h,647,SetPiece,2023,Head,23191,Bayern Munich,VfB Stuttgart,3,0,2023-12-17 18:30:00,,None
555651,42,Goal,0.75,0.45599998474121095,0.02925153821706772,Harry Kane,a,647,OpenPlay,2023,RightFoot,23204,Wolfsburg,Bayern Munich,1,2,2023-12-20 19:30:00,Thomas Müller,Pass
557857,89,Goal,0.8569999694824219,0.524000015258789,0.4786783754825592,Harry Kane,h,647,OpenPlay,2023,LeftFoot,23209,Bayern Munich,Hoffenheim,3,0,2024-01-12 19:30:00,Leon Goretzka,Throughball
559789,57,Goal,0.96,0.5559999847412109,0.5803251266479492,Harry Kane,a,647,OpenPlay,2023,RightFoot,23234,Augsburg,Bayern Munich,2,3,2024-01-27 14:30:00,,Dispossessed
561139,69,Goal,0.9080000305175782,0.4979999923706055,0.4925646185874939,Harry Kane,h,647,OpenPlay,2023,Head,23236,Bayern Munich,Borussia M.Gladbach,3,1,2024-02-03 14:30:00,,Aerial
564605,93,Goal,0.9159999847412109,0.47,0.427055299282074,Harry Kane,a,647,OpenPlay,2023,LeftFoot,23260,Bochum,Bayern Munich,3,2,2024-02-18 16:30:00,Mathys Tel,Pass
565395,55,Goal,0.9019999694824219,0.625,0.31201931834220886,Harry Kane,h,647,OpenPlay,2023,LeftFoot,23271,Bayern Munich,RasenBallsport Leipzig,2,1,2024-02-24 17:30:00,Jamal Musiala,Pass
565408,90,Goal,0.875999984741211,0.5870000076293945,0.06756756454706192,Harry Kane,h,647,OpenPlay,2023,LeftFoot,23271,Bayern Munich,RasenBallsport Leipzig,2,1,2024-02-24 17:30:00,Eric Maxim Choupo-Moting,Chipped
567985,12,Goal,0.9780000305175781,0.45799999237060546,0.883387565612793,Harry Kane,h,647,OpenPlay,2023,RightFoot,23281,Bayern Munich,Mainz 05,8,1,2024-03-09 14:30:00,Jamal Musiala,Pass
567995,51,Goal,0.9259999847412109,0.5790000152587891,0.4434906840324402,Harry Kane,h,647,OpenPlay,2023,LeftFoot,23281,Bayern Munich,Mainz 05,8,1,2024-03-09 14:30:00,Leon Goretzka,Throughball
568010,69,Goal,0.99,0.4640000152587891,0.806016206741333,Harry Kane,h,647,FromCorner,2023,Head,23281,Bayern Munich,Mainz 05,8,1,2024-03-09 14:30:00,,None
569412,45,Goal,0.955,0.5079999923706054,0.5925517678260803,Harry Kane,a,647,OpenPlay,2023,Head,23298,Darmstadt,Bayern Munich,2,5,2024-03-16 14:30:00,Joshua Kimmich,Cross
572268,37,Goal,0.8909999847412109,0.46799999237060547,0.4181230068206787,Harry Kane,a,647,OpenPlay,2023,RightFoot,23315,FC Heidenheim,Bayern Munich,3,2,2024-04-06 13:30:00,Serge Gnabry,Throughball
575159,45,Goal,0.7669999694824219,0.37400001525878906,0.06945119798183441,Harry Kane,a,647,DirectFreekick,2023,RightFoot,23327,Union Berlin,Bayern Munich,1,5,2024-04-20 16:30:00,,Standard
576661,8,Goal,0.9230000305175782,0.5320000076293945,0.6332604289054871,Harry Kane,h,647,OpenPlay,2023,RightFoot,23335,Bayern Munich,Eintracht Frankfurt,2,1,2024-04-27 13:30:00,Konrad Laimer,Pass
576682,60,Goal,0.885,0.5,0.75777667760849,Harry Kane,h,647,Penalty,2023,RightFoot,23335,Bayern Munich,Eintracht Frankfurt,2,1,2024-04-27 13:30:00,,Standard
578239,36,Goal,0.885,0.5,0.75777667760849,Harry Kane,a,647,Penalty,2023,RightFoot,23351,VfB Stuttgart,Bayern Munich,3,1,2024-05-04 13:30:00,,Standard
590032,37,Goal,0.885,0.5,0.75777667760849,Harry Kane,h,647,Penalty,2024,RightFoot,27759,Bayern Munich,Freiburg,2,0,2024-09-01 15:30:00,,Standard
591031,6,Goal,0.845999984741211,0.5790000152587891,0.08742847293615341,Harry Kane,a,647,OpenPlay,2024,RightFoot,27766,Holstein Kiel,Bayern Munich,1,6,2024-09-14 16:30:00,Serge Gnabry,BallRecovery
591040,42,Goal,0.8080000305175781,0.44,0.06653312593698502,Harry Kane,a,647,OpenPlay,2024,RightFoot,27766,Holstein Kiel,Bayern Munich,1,6,2024-09-14 16:30:00,Kingsley Coman,Pass
591058,90,Goal,0.885,0.5,0.75777667760849,Harry Kane,a,647,Penalty,2024,RightFoot,27766,Holstein Kiel,Bayern Munich,1,6,2024-09-14 16:30:00,,Standard
592184,56,Goal,0.85,0.54,0.11678730696439743,Harry Kane,a,647,OpenPlay,2024,RightFoot,27773,Werder Bremen,Bayern Munich,0,5,2024-09-21 13:30:00,Michael Olise,Pass
597296,56,Goal,0.7180000305175781,0.49,0.019296035170555115,Harry Kane,h,647,OpenPlay,2024,RightFoot,27797,Bayern Munich,VfB Stuttgart,4,0,2024-10-19 16:30:00,Joshua Kimmich,Pass
597300,59,Goal,0.9259999847412109,0.51,0.5422542095184326,Harry Kane,h,647,OpenPlay,2024,RightFoot,27797,Bayern Munich,VfB Stuttgart,4,0,2024-10-19 16:30:00,,TakeOn
597306,79,Goal,0.9319999694824219,0.48400001525878905,0.6123526096343994,Harry Kane,h,647,OpenPlay,2024,LeftFoot,27797,Bayern Munich,VfB Stuttgart,4,0,2024-10-19 16:30:00,,Rebound
599189,56,Goal,0.879000015258789,0.5609999847412109,0.39331504702568054,Harry Kane,a,647,OpenPlay,2024,LeftFoot,27812,Bochum,Bayern Munich,0,5,2024-10-27 14:30:00,Jamal Musiala,Pass
599931,14,Goal,0.885,0.5,0.75777667760849,Harry Kane,h,647,Penalty,2024,RightFoot,27815,Bayern Munich,Union Berlin,3,0,2024-11-02 14:30:00,,Standard
599942,50,Goal,0.9590000152587891,0.46799999237060547,0.5899361968040466,Harry Kane,h,647,OpenPlay,2024,LeftFoot,27815,Bayern Munich,Union Berlin,3,0,2024-11-02 14:30:00,Kingsley Coman,HeadPass
602523,62,Goal,0.885,0.5,0.75777667760849,Harry Kane,h,647,Penalty,2024,RightFoot,27834,Bayern Munich,Augsburg,3,0,2024-11-22 19:30:00,,Standard
602533,92,Goal,0.885,0.5,0.75777667760849,Harry Kane,h,647,Penalty,2024,RightFoot,27834,Bayern Munich,Augsburg,3,0,2024-11-22 19:30:00,,Standard
602534,94,Goal,0.9680000305175781,0.514000015258789,0.7695308327674866,Harry Kane,h,647,OpenPlay,2024,Head,27834,Bayern Munich,Augsburg,3,0,2024-11-22 19:30:00,Leon Goretzka,Throughball
610855,67,Goal,0.885,0.5,0.75777667760849,Harry Kane,a,647,Penalty,2024,RightFoot,27884,Borussia M.Gladbach,Bayern Munich,0,1,2025-01-11 17:30:00,,Standard
611684,25,Goal,0.885,0.5,0.75777667760849,Harry Kane,h,647,Penalty,2024,RightFoot,27888,Bayern Munich,Hoffenheim,5,0,2025-01-15 19:30:00,,Standard
613242,14,Goal,0.8859999847412109,0.31799999237060544,0.060497839003801346,Harry Kane,a,647,OpenPlay,2024,RightFoot,27912,Freiburg,Bayern Munich,1,2,2025-01-25 14:30:00,Eric Dier,Pass
614808,45,Goal,0.919000015258789,0.48400001525878905,0.3834226131439209,Harry Kane,h,647,OpenPlay,2024,Head,27918,Bayern Munich,Holstein Kiel,4,3,2025-02-01 14:30:00,Raphael Guerreiro,Cross
614807,47,Goal,0.960999984741211,0.49,0.6389631628990173,Harry Kane,h,647,OpenPlay,2024,Head,27918,Bayern Munich,Holstein Kiel,4,3,2025-02-01 14:30:00,Kingsley Coman,Cross
615883,55,Goal,0.885,0.5,0.75777667760849,Harry Kane,h,647,Penalty,2024,RightFoot,27922,Bayern Munich,Werder Bremen,3,0,2025-02-07 19:30:00,,Standard
615893,96,Goal,0.885,0.5,0.75777667760849,Harry Kane,h,647,Penalty,2024,RightFoot,27922,Bayern Munich,Werder Bremen,3,0,2025-02-07 19:30:00,,Standard
624144,16,Goal,0.9259999847412109,0.48,0.553168773651123,Harry Kane,h,647,OpenPlay,2024,RightFoot,27977,Bayern Munich,St. Pauli,3,2,2025-03-29 14:30:00,Michael Olise,Pass
625314,59,Goal,0.950999984741211,0.5429999923706055,0.49344703555107117,Harry Kane,a,647,SetPiece,2024,Head,27989,Augsburg,Bayern Munich,1,3,2025-04-04 18:30:00,Michael Olise,Cross
628462,11,Goal,0.8040000152587891,0.4979999923706055,0.04846379905939102,Harry Kane,a,647,OpenPlay,2024,LeftFoot,28005,FC Heidenheim,Bayern Munich,0,4,2025-04-19 13:30:00,Michael Olise,Pass
632984,30,Goal,0.9230000305175782,0.47,0.4624539613723755,Harry Kane,h,647,OpenPlay,2024,Head,28032,Bayern Munich,Borussia M.Gladbach,2,0,2025-05-10 16:30:00,Michael Olise,None
634420,85,Goal,0.9059999847412109,0.49700000762939456,0.552945077419281,Harry Kane,a,647,OpenPlay,2024,RightFoot,28041,Hoffenheim,Bayern Munich,0,4,2025-05-17 13:30:00,Sacha Boey,Pass
638534,63,Goal,0.955,0.5870000076293945,0.6798102855682373,Harry Kane,h,647,OpenPlay,2025,RightFoot,30224,Bayern Munich,RasenBallsport Leipzig,6,0,2025-08-22 18:30:00,Luis Díaz,TakeOn
638535,73,Goal,0.85,0.7190000152587891,0.05273452028632164,Harry Kane,h,647,OpenPlay,2025,RightFoot,30224,Bayern Munich,RasenBallsport Leipzig,6,0,2025-08-22 18:30:00,Luis Díaz,Pass
638536,77,Goal,0.9259999847412109,0.6270000076293946,0.3288537859916687,Harry Kane,h,647,OpenPlay,2025,LeftFoot,30224,Bayern Munich,RasenBallsport Leipzig,6,0,2025-08-22 18:30:00,Kim Min-Jae,Pass
641934,25,Goal,0.885,0.5,0.75777667760849,Harry Kane,h,647,Penalty,2025,RightFoot,30248,Bayern Munich,Hamburger SV,5,0,2025-09-13 16:30:00,,Standard
641949,61,Goal,0.8680000305175781,0.44299999237060544,0.34382808208465576,Harry Kane,h,647,OpenPlay,2025,RightFoot,30248,Bayern Munich,Hamburger SV,5,0,2025-09-13 16:30:00,Michael Olise,Pass
642996,43,Goal,0.894000015258789,0.40900001525878904,0.04941040650010109,Harry Kane,a,647,FromCorner,2025,RightFoot,30255,Hoffenheim,Bayern Munich,1,4,2025-09-20 13:30:00,Lennart Karl,Cross
643000,47,Goal,0.885,0.5,0.75777667760849,Harry Kane,a,647,Penalty,2025,RightFoot,30255,Hoffenheim,Bayern Munich,1,4,2025-09-20 13:30:00,,Standard
643005,76,Goal,0.885,0.5,0.75777667760849,Harry Kane,a,647,Penalty,2025,RightFoot,30255,Hoffenheim,Bayern Munich,1,4,2025-09-20 13:30:00,,Standard
644374,44,Goal,0.885,0.5,0.75777667760849,Harry Kane,h,647,Penalty,2025,RightFoot,30260,Bayern Munich,Werder Bremen,4,0,2025-09-26 18:30:00,,Standard
644385,64,Goal,0.895,0.4859999847412109,0.4797327518463135,Harry Kane,h,647,OpenPlay,2025,RightFoot,30260,Bayern Munich,Werder Bremen,4,0,2025-09-26 18:30:00,Luis Díaz,Rebound
646333,26,Goal,0.794000015258789,0.35400001525878905,0.03959836810827255,Harry Kane,a,647,OpenPlay,2025,RightFoot,30272,Eintracht Frankfurt,Bayern Munich,0,3,2025-10-04 16:30:00,Luis Díaz,Pass
647825,21,Goal,0.9580000305175781,0.5379999923706055,0.480851411819458,Harry Kane,h,647,FromCorner,2025,Head,30278,Bayern Munich,Borussia Dortmund,2,1,2025-10-18 16:30:00,Joshua Kimmich,Cross
652175,92,Goal,0.9290000152587891,0.514000015258789,0.36480724811553955,Harry Kane,a,647,OpenPlay,2025,Head,30312,Union Berlin,Bayern Munich,2,2,2025-11-08 14:30:00,Tom Bischof,Cross
653559,59,Goal,0.855999984741211,0.49200000762939455,0.39509978890419006,Harry Kane,h,647,OpenPlay,2025,LeftFoot,30315,Bayern Munich,Freiburg,6,2,2025-11-22 14:30:00,Aleksandar Pavlovic,BallTouch
656863,65,Goal,0.7019999694824218,0.4570000076293945,0.03602023050189018,Harry Kane,a,647,OpenPlay,2025,RightFoot,30332,VfB Stuttgart,Bayern Munich,0,5,2025-12-06 14:30:00,Joshua Kimmich,Pass
656870,81,Goal,0.885,0.5,0.75777667760849,Harry Kane,a,647,Penalty,2025,RightFoot,30332,VfB Stuttgart,Bayern Munich,0,5,2025-12-06 14:30:00,,Standard
656873,87,Goal,0.9690000152587891,0.48700000762939455,0.9042953252792358,Harry Kane,a,647,OpenPlay,2025,LeftFoot,30332,VfB Stuttgart,Bayern Munich,0,5,2025-12-06 14:30:00,Michael Olise,Pass
658845,86,Goal,0.885,0.5,0.75777667760849,Harry Kane,h,647,Penalty,2025,RightFoot,30342,Bayern Munich,Mainz 05,2,2,2025-12-14 16:30:00,,Standard
659817,91,Goal,0.8859999847412109,0.455,0.4981572926044464,Harry Kane,a,647,OpenPlay,2025,RightFoot,30354,FC Heidenheim,Bayern Munich,0,4,2025-12-21 16:30:00,Serge Gnabry,TakeOn
662819,68,Goal,0.8380000305175781,0.6940000152587891,0.055636707693338394,Harry Kane,h,647,OpenPlay,2025,RightFoot,30360,Bayern Munich,Wolfsburg,8,1,2026-01-11 16:30:00,Luis Díaz,Pass
663892,66,Goal,0.9209999847412109,0.5479999923706055,0.35424482822418213,Harry Kane,a,647,OpenPlay,2025,RightFoot,30382,RasenBallsport Leipzig,Bayern Munich,1,5,2026-01-17 17:30:00,Michael Olise,Cross
666234,41,Goal,0.9569999694824218,0.48200000762939454,0.6592746376991272,Harry Kane,a,647,OpenPlay,2025,RightFoot,30399,Hamburger SV,Bayern Munich,2,2,2026-01-31 17:30:00,Joshua Kimmich,Rebound
667874,19,Goal,0.885,0.5,0.75777667760849,Harry Kane,h,647,Penalty,2025,RightFoot,30404,Bayern Munich,Hoffenheim,5,1,2026-02-08 16:30:00,,Standard
667886,44,Goal,0.885,0.5,0.75777667760849,Harry Kane,h,647,Penalty,2025,RightFoot,30404,Bayern Munich,Hoffenheim,5,1,2026-02-08 16:30:00,,Standard
668726,21,Goal,0.885,0.5,0.75777667760849,Harry Kane,a,647,Penalty,2025,RightFoot,30421,Werder Bremen,Bayern Munich,0,3,2026-02-14 14:30:00,,Standard
668727,24,Goal,0.7709999847412109,0.38299999237060545,0.03196310997009277,Harry Kane,a,647,OpenPlay,2025,RightFoot,30421,Werder Bremen,Bayern Munich,0,3,2026-02-14 14:30:00,Luis Díaz,Pass
669692,19,Goal,0.9730000305175781,0.495,0.614041805267334,Harry Kane,h,647,FromCorner,2025,Head,30422,Bayern Munich,Eintracht Frankfurt,3,2,2026-02-21 14:30:00,Josip Stanisic,HeadPass
669711,67,Goal,0.7480000305175781,0.504000015258789,0.031250908970832825,Harry Kane,h,647,OpenPlay,2025,LeftFoot,30422,Bayern Munich,Eintracht Frankfurt,3,2,2026-02-21 14:30:00,Joshua Kimmich,BallRecovery
671280,53,Goal,0.9319999694824219,0.47200000762939454,0.5074024796485901,Harry Kane,a,647,OpenPlay,2025,LeftFoot,30434,Borussia Dortmund,Bayern Munich,2,3,2026-02-28 17:30:00,Serge Gnabry,HeadPass
671286,69,Goal,0.885,0.5,0.75777667760849,Harry Kane,a,647,Penalty,2025,RightFoot,30434,Borussia Dortmund,Bayern Munich,2,3,2026-02-28 17:30:00,,Standard
675265,48,Goal,0.8440000152587891,0.54,0.10186143964529037,Harry Kane,h,647,OpenPlay,2025,RightFoot,30459,Bayern Munich,Union Berlin,4,0,2026-03-21 14:30:00,Konrad Laimer,Pass
679822,51,Goal,0.9490000152587891,0.4879999923706055,0.6018545627593994,Harry Kane,h,647,FromCorner,2025,LeftFoot,30486,Bayern Munich,VfB Stuttgart,4,2,2026-04-19 15:30:00,,Rebound
680896,82,Goal,0.9569999694824218,0.41900001525878905,0.4798209071159363,Harry Kane,a,647,OpenPlay,2025,RightFoot,30499,Mainz 05,Bayern Munich,3,4,2026-04-25 13:30:00,,None
685346,9,Goal,0.9180000305175782,0.5259999847412109,0.44016486406326294,Harry Kane,h,647,OpenPlay,2025,RightFoot,30522,Bayern Munich,FC Cologne,5,1,2026-05-16 13:30:00,Joshua Kimmich,HeadPass
685347,12,Goal,0.8119999694824219,0.515,0.15705572068691254,Harry Kane,h,647,DirectFreekick,2025,RightFoot,30522,Bayern Munich,FC Cologne,5,1,2026-05-16 13:30:00,,Standard
685366,68,Goal,0.705,0.5,0.019800808280706406,Harry Kane,h,647,OpenPlay,2025,RightFoot,30522,Bayern Munich,FC Cologne,5,1,2026-05-16 13:30:00,Leon Goretzka,Pass
533607,61,Goal,0.885,0.5,0.7600951194763184,Kylian Mbappe-Lottin,a,3423,Penalty,2023,RightFoot,23380,Toulouse,Paris Saint Germain,1,1,2023-08-19 19:00:00,,Standard
535108,51,Goal,0.8240000152587891,0.5279999923706055,0.0850137397646904,Kylian Mbappe-Lottin,h,3423,OpenPlay,2023,RightFoot,23389,Paris Saint Germain,Lens,3,1,2023-08-26 19:00:00,Lucas Hernández,Pass
535120,89,Goal,0.8530000305175781,0.4470000076293945,0.10903091728687286,Kylian Mbappe-Lottin,h,3423,OpenPlay,2023,RightFoot,23389,Paris Saint Germain,Lens,3,1,2023-08-26 19:00:00,Fabián,Pass
537110,3,Goal,0.885,0.5,0.7600951194763184,Kylian Mbappe-Lottin,a,3423,Penalty,2023,RightFoot,23401,Lyon,Paris Saint Germain,1,4,2023-09-03 18:45:00,,Standard
537130,46,Goal,0.86,0.44299999237060544,0.5285528898239136,Kylian Mbappe-Lottin,a,3423,OpenPlay,2023,RightFoot,23401,Lyon,Paris Saint Germain,1,4,2023-09-03 18:45:00,Marco Asensio,Throughball
537267,28,Goal,0.84,0.4520000076293945,0.07208853214979172,Kylian Mbappe-Lottin,h,3423,OpenPlay,2023,RightFoot,23407,Paris Saint Germain,Nice,2,3,2023-09-15 19:00:00,Achraf Hakimi,Pass
537282,86,Goal,0.9080000305175782,0.65,0.04133400321006775,Kylian Mbappe-Lottin,h,3423,OpenPlay,2023,RightFoot,23407,Paris Saint Germain,Nice,2,3,2023-09-15 19:00:00,Randal Kolo Muani,Chipped
544142,9,Goal,0.885,0.5,0.7600951194763184,Kylian Mbappe-Lottin,h,3423,Penalty,2023,RightFoot,23443,Paris Saint Germain,Strasbourg,3,0,2023-10-21 15:00:00,,Standard
545839,27,Goal,0.8480000305175781,0.625999984741211,0.11852617561817169,Kylian Mbappe-Lottin,a,3423,OpenPlay,2023,RightFoot,23460,Brest,Paris Saint Germain,2,3,2023-10-29 12:00:00,Lee Kang-In,Chipped
545862,88,Goal,0.925,0.5220000076293946,0.5630808472633362,Kylian Mbappe-Lottin,a,3423,SetPiece,2023,RightFoot,23460,Brest,Paris Saint Germain,2,3,2023-10-29 12:00:00,,Rebound
548435,2,Goal,0.895,0.6840000152587891,0.032293759286403656,Kylian Mbappe-Lottin,a,3423,OpenPlay,2023,RightFoot,23473,Reims,Paris Saint Germain,0,3,2023-11-11 16:00:00,Ousmane Dembélé,Cross
548453,58,Goal,0.960999984741211,0.5329999923706055,0.6737464070320129,Kylian Mbappe-Lottin,a,3423,OpenPlay,2023,LeftFoot,23473,Reims,Paris Saint Germain,0,3,2023-11-11 16:00:00,Carlos Soler,Pass
548460,81,Goal,0.9219999694824219,0.445,0.574019193649292,Kylian Mbappe-Lottin,a,3423,OpenPlay,2023,RightFoot,23473,Reims,Paris Saint Germain,0,3,2023-11-11 16:00:00,Bradley Barcola,Pass
549378,38,Goal,0.885,0.5,0.7600951194763184,Kylian Mbappe-Lottin,h,3423,Penalty,2023,RightFoot,23479,Paris Saint Germain,Monaco,5,2,2023-11-24 20:00:00,,Standard
551484,22,Goal,0.8180000305175781,0.49599998474121093,0.06382086127996445,Kylian Mbappe-Lottin,a,3423,OpenPlay,2023,RightFoot,23495,Le Havre,Paris Saint Germain,0,2,2023-12-03 12:00:00,Ousmane Dembélé,Pass
555099,65,Goal,0.885,0.5,0.7600951194763184,Kylian Mbappe-Lottin,a,3423,Penalty,2023,RightFoot,23510,Lille,Paris Saint Germain,1,1,2023-12-17 19:45:00,,Standard
555607,59,Goal,0.8,0.7269999694824218,0.02872629277408123,Kylian Mbappe-Lottin,h,3423,OpenPlay,2023,RightFoot,23515,Paris Saint Germain,Metz,3,1,2023-12-20 20:00:00,Vitinha,Pass
555612,82,Goal,0.9740000152587891,0.5279999923706055,0.6220443248748779,Kylian Mbappe-Lottin,h,3423,OpenPlay,2023,RightFoot,23515,Paris Saint Germain,Metz,3,1,2023-12-20 20:00:00,,BallRecovery
558721,88,Goal,0.9540000152587891,0.36400001525878906,0.33935490250587463,Kylian Mbappe-Lottin,a,3423,OpenPlay,2023,RightFoot,23528,Lens,Paris Saint Germain,0,2,2024-01-14 19:45:00,Ousmane Dembélé,Throughball
560933,30,Goal,0.8159999847412109,0.534000015258789,0.33151891827583313,Kylian Mbappe-Lottin,a,3423,OpenPlay,2023,RightFoot,23542,Strasbourg,Paris Saint Germain,1,2,2024-02-02 20:00:00,Marco Asensio,BlockedPass
564190,77,Goal,0.885,0.5,0.7600951194763184,Kylian Mbappe-Lottin,a,3423,Penalty,2023,RightFoot,23566,Nantes,Paris Saint Germain,0,2,2024-02-17 20:00:00,,Standard
570157,21,Goal,0.965,0.64,0.1231643334031105,Kylian Mbappe-Lottin,a,3423,OpenPlay,2023,LeftFoot,23603,Montpellier,Paris Saint Germain,2,6,2024-03-17 19:45:00,Randal Kolo Muani,Pass
570166,49,Goal,0.7869999694824219,0.7119999694824218,0.017962388694286346,Kylian Mbappe-Lottin,a,3423,OpenPlay,2023,RightFoot,23603,Montpellier,Paris Saint Germain,2,6,2024-03-17 19:45:00,Bradley Barcola,Pass
570170,62,Goal,0.8669999694824219,0.595,0.27691295742988586,Kylian Mbappe-Lottin,a,3423,SetPiece,2023,RightFoot,23603,Montpellier,Paris Saint Germain,2,6,2024-03-17 19:45:00,Vitinha,Chipped
576049,21,Goal,0.93,0.545,0.5454198718070984,Kylian Mbappe-Lottin,a,3423,OpenPlay,2023,LeftFoot,23624,Lorient,Paris Saint Germain,1,4,2024-04-24 17:00:00,Nuno Mendes,Pass
576067,89,Goal,0.875,0.705999984741211,0.05876445770263672,Kylian Mbappe-Lottin,a,3423,OpenPlay,2023,RightFoot,23624,Lorient,Paris Saint Germain,1,4,2024-04-24 17:00:00,Randal Kolo Muani,Pass
580647,7,Goal,0.9630000305175781,0.6029999923706054,0.2893681228160858,Kylian Mbappe-Lottin,h,3423,OpenPlay,2023,LeftFoot,23659,Paris Saint Germain,Toulouse,1,3,2024-05-12 19:00:00,Arnau Tenas,Chipped
590265,66,Goal,0.9109999847412109,0.555,0.47091153264045715,Kylian Mbappe-Lottin,h,3423,OpenPlay,2024,LeftFoot,27021,Real Madrid,Real Betis,2,0,2024-09-01 19:30:00,Federico Valverde,Throughball
590266,75,Goal,0.885,0.5,0.7432776093482971,Kylian Mbappe-Lottin,h,3423,Penalty,2024,RightFoot,27021,Real Madrid,Real Betis,2,0,2024-09-01 19:30:00,,Standard
591160,74,Goal,0.885,0.5,0.7432776093482971,Kylian Mbappe-Lottin,a,3423,Penalty,2024,RightFoot,27031,Real Sociedad,Real Madrid,0,2,2024-09-14 19:00:00,,Standard
592819,89,Goal,0.885,0.5,0.7432776093482971,Kylian Mbappe-Lottin,h,3423,Penalty,2024,RightFoot,27041,Real Madrid,Espanyol,4,1,2024-09-21 19:00:00,,Standard
593470,39,Goal,0.8930000305175781,0.545,0.4452016055583954,Kylian Mbappe-Lottin,h,3423,OpenPlay,2024,RightFoot,27051,Real Madrid,Alaves,3,2,2024-09-24 19:00:00,Jude Bellingham,Throughball
597397,19,Goal,0.740999984741211,0.504000015258789,0.021278144791722298,Kylian Mbappe-Lottin,a,3423,OpenPlay,2024,RightFoot,27075,Celta Vigo,Real Madrid,1,2,2024-10-19 19:00:00,Eduardo Camavinga,Foul
603638,42,Goal,0.9590000152587891,0.5409999847412109,0.6462454199790955,Kylian Mbappe-Lottin,a,3423,OpenPlay,2024,RightFoot,27116,Leganes,Real Madrid,0,3,2024-11-24 17:30:00,Vinícius Júnior,Pass
604777,37,Goal,0.7780000305175782,0.669000015258789,0.04514016956090927,Kylian Mbappe-Lottin,h,3423,OpenPlay,2024,RightFoot,27127,Real Madrid,Getafe,2,0,2024-12-01 15:15:00,Jude Bellingham,Pass
606127,61,Goal,0.94,0.29200000762939454,0.19366025924682617,Kylian Mbappe-Lottin,a,3423,OpenPlay,2024,RightFoot,27137,Girona,Real Madrid,0,3,2024-12-07 20:00:00,Luka Modric,Pass
608767,9,Goal,0.7659999847412109,0.5059999847412109,0.0287896990776062,Kylian Mbappe-Lottin,h,3423,OpenPlay,2024,RightFoot,27157,Real Madrid,Sevilla,4,2,2024-12-22 15:15:00,Rodrygo,Pass
612767,17,Goal,0.885,0.5,0.7432776093482971,Kylian Mbappe-Lottin,h,3423,Penalty,2024,RightFoot,27180,Real Madrid,Las Palmas,4,1,2025-01-19 15:15:00,,Standard
612777,35,Goal,0.845,0.5420000076293945,0.3501295745372772,Kylian Mbappe-Lottin,h,3423,OpenPlay,2024,RightFoot,27180,Real Madrid,Las Palmas,4,1,2025-01-19 15:15:00,Rodrygo,Pass
613653,29,Goal,0.8969999694824219,0.5870000076293945,0.3973208963871002,Kylian Mbappe-Lottin,a,3423,OpenPlay,2024,RightFoot,27190,Real Valladolid,Real Madrid,0,3,2025-01-25 20:00:00,Jude Bellingham,Pass
613659,56,Goal,0.9059999847412109,0.674000015258789,0.09803345054388046,Kylian Mbappe-Lottin,a,3423,OpenPlay,2024,RightFoot,27190,Real Valladolid,Real Madrid,0,3,2025-01-25 20:00:00,Rodrygo,Pass
613667,90,Goal,0.885,0.5,0.7432776093482971,Kylian Mbappe-Lottin,a,3423,Penalty,2024,RightFoot,27190,Real Valladolid,Real Madrid,0,3,2025-01-25 20:00:00,,Standard
616243,49,Goal,0.905,0.4570000076293945,0.451855331659317,Kylian Mbappe-Lottin,h,3423,OpenPlay,2024,RightFoot,27205,Real Madrid,Atletico Madrid,1,1,2025-02-08 20:00:00,,Rebound
617266,14,Goal,0.93,0.47,0.4089483618736267,Kylian Mbappe-Lottin,a,3423,OpenPlay,2024,RightFoot,27220,Osasuna,Real Madrid,1,1,2025-02-15 15:15:00,Federico Valverde,Cross
621883,29,Goal,0.899000015258789,0.654000015258789,0.33974355459213257,Kylian Mbappe-Lottin,h,3423,OpenPlay,2024,RightFoot,27251,Real Madrid,Rayo Vallecano,2,1,2025-03-09 15:15:00,,BallTouch
622825,16,Goal,0.92,0.4229999923706055,0.44060540199279785,Kylian Mbappe-Lottin,a,3423,OpenPlay,2024,RightFoot,27259,Villarreal,Real Madrid,1,2,2025-03-15 17:30:00,,Rebound
622827,22,Goal,0.8380000305175781,0.4759999847412109,0.07658743113279343,Kylian Mbappe-Lottin,a,3423,OpenPlay,2024,RightFoot,27259,Villarreal,Real Madrid,1,2,2025-03-15 17:30:00,Lucas Vázquez,Pass
624408,31,Goal,0.885,0.5,0.7432776093482971,Kylian Mbappe-Lottin,h,3423,Penalty,2024,RightFoot,27268,Real Madrid,Leganes,3,2,2025-03-29 20:00:00,,Standard
624428,75,Goal,0.785,0.4109999847412109,0.09905817359685898,Kylian Mbappe-Lottin,h,3423,DirectFreekick,2024,RightFoot,27268,Real Madrid,Leganes,3,2,2025-03-29 20:00:00,,Standard
631788,38,Goal,0.835999984741211,0.3220000076293945,0.10327659547328949,Kylian Mbappe-Lottin,h,3423,OpenPlay,2024,RightFoot,27317,Real Madrid,Celta Vigo,3,2,2025-05-04 12:00:00,Jude Bellingham,Chipped
631790,47,Goal,0.9059999847412109,0.6040000152587891,0.4691925346851349,Kylian Mbappe-Lottin,h,3423,OpenPlay,2024,LeftFoot,27317,Real Madrid,Celta Vigo,3,2,2025-05-04 12:00:00,Arda Güler,Throughball
633567,4,Goal,0.885,0.5,0.7432776093482971,Kylian Mbappe-Lottin,a,3423,Penalty,2024,RightFoot,27324,Barcelona,Real Madrid,4,3,2025-05-11 14:15:00,,Standard
633568,13,Goal,0.8590000152587891,0.5709999847412109,0.3740031123161316,Kylian Mbappe-Lottin,a,3423,OpenPlay,2024,RightFoot,27324,Barcelona,Real Madrid,4,3,2025-05-11 14:15:00,Vinícius Júnior,Pass
633586,69,Goal,0.9230000305175782,0.5429999923706055,0.5992851257324219,Kylian Mbappe-Lottin,a,3423,OpenPlay,2024,LeftFoot,27324,Barcelona,Real Madrid,4,3,2025-05-11 14:15:00,Vinícius Júnior,Pass
634090,67,Goal,0.9009999847412109,0.590999984741211,0.4537402391433716,Kylian Mbappe-Lottin,h,3423,OpenPlay,2024,RightFoot,27339,Real Madrid,Mallorca,2,1,2025-05-14 19:30:00,Luka Modric,TakeOn
635259,74,Goal,0.759000015258789,0.32,0.020115572959184647,Kylian Mbappe-Lottin,a,3423,OpenPlay,2024,RightFoot,27348,Sevilla,Real Madrid,0,2,2025-05-18 17:00:00,Luka Modric,Pass
635969,37,Goal,0.9230000305175782,0.524000015258789,0.5599002838134766,Kylian Mbappe-Lottin,h,3423,SetPiece,2024,RightFoot,27355,Real Madrid,Real Sociedad,2,0,2025-05-24 14:15:00,,Rebound
635981,82,Goal,0.9209999847412109,0.6519999694824219,0.09389788657426834,Kylian Mbappe-Lottin,h,3423,OpenPlay,2024,LeftFoot,27355,Real Madrid,Real Sociedad,2,0,2025-05-24 14:15:00,Vinícius Júnior,Pass
638475,50,Goal,0.885,0.5,0.7432776093482971,Kylian Mbappe-Lottin,h,3423,Penalty,2025,RightFoot,29167,Real Madrid,Osasuna,1,0,2025-08-19 19:00:00,,Standard
639754,36,Goal,0.8630000305175781,0.395,0.11338215321302414,Kylian Mbappe-Lottin,a,3423,OpenPlay,2025,RightFoot,29175,Real Oviedo,Real Madrid,0,3,2025-08-24 19:30:00,Arda Güler,Throughball
639766,82,Goal,0.8919999694824219,0.5829999923706055,0.3859567642211914,Kylian Mbappe-Lottin,a,3423,OpenPlay,2025,RightFoot,29175,Real Oviedo,Real Madrid,0,3,2025-08-24 19:30:00,Vinícius Júnior,Pass
641758,11,Goal,0.805,0.600999984741211,0.313051700592041,Kylian Mbappe-Lottin,a,3423,OpenPlay,2025,RightFoot,29195,Real Sociedad,Real Madrid,1,2,2025-09-13 14:15:00,,BallRecovery
643171,46,Goal,0.7480000305175781,0.6859999847412109,0.0188492089509964,Kylian Mbappe-Lottin,h,3423,OpenPlay,2025,RightFoot,29206,Real Madrid,Espanyol,2,0,2025-09-20 14:15:00,Vinícius Júnior,Pass
644177,63,Goal,0.885,0.5,0.7432776093482971,Kylian Mbappe-Lottin,a,3423,Penalty,2025,RightFoot,29210,Levante,Real Madrid,1,4,2025-09-23 19:30:00,,Standard
644178,65,Goal,0.9059999847412109,0.4470000076293945,0.6306338906288147,Kylian Mbappe-Lottin,a,3423,OpenPlay,2025,RightFoot,29210,Levante,Real Madrid,1,4,2025-09-23 19:30:00,Arda Güler,TakeOn
644794,24,Goal,0.9130000305175782,0.33599998474121096,0.32865577936172485,Kylian Mbappe-Lottin,a,3423,OpenPlay,2025,RightFoot,29219,Atletico Madrid,Real Madrid,5,2,2025-09-27 14:15:00,Arda Güler,Throughball
646465,80,Goal,0.899000015258789,0.5020000076293946,0.48993873596191406,Kylian Mbappe-Lottin,h,3423,OpenPlay,2025,RightFoot,29231,Real Madrid,Villarreal,3,1,2025-10-04 19:00:00,Brahim Diaz,Pass
648487,79,Goal,0.8490000152587891,0.504000015258789,0.3739168643951416,Kylian Mbappe-Lottin,a,3423,OpenPlay,2025,RightFoot,29242,Getafe,Real Madrid,0,1,2025-10-19 19:00:00,Arda Güler,Throughball
649659,21,Goal,0.88,0.415,0.3787125051021576,Kylian Mbappe-Lottin,h,3423,OpenPlay,2025,RightFoot,29254,Real Madrid,Barcelona,2,1,2025-10-26 15:15:00,Jude Bellingham,Throughball
651184,18,Goal,0.885,0.5,0.7432776093482971,Kylian Mbappe-Lottin,h,3423,Penalty,2025,RightFoot,29263,Real Madrid,Valencia,4,0,2025-11-01 20:00:00,,Standard
651188,30,Goal,0.9230000305175782,0.43400001525878906,0.36154982447624207,Kylian Mbappe-Lottin,h,3423,OpenPlay,2025,LeftFoot,29263,Real Madrid,Valencia,4,0,2025-11-01 20:00:00,Arda Güler,Cross
655946,66,Goal,0.885,0.5,0.7432776093482971,Kylian Mbappe-Lottin,a,3423,Penalty,2025,RightFoot,29290,Girona,Real Madrid,1,1,2025-11-30 20:00:00,,Standard
656189,6,Goal,0.8190000152587891,0.5359999847412109,0.19493496417999268,Kylian Mbappe-Lottin,a,3423,OpenPlay,2025,RightFoot,29338,Athletic Club,Real Madrid,0,3,2025-12-03 18:00:00,Trent Alexander-Arnold,TakeOn
656203,58,Goal,0.7530000305175781,0.6919999694824219,0.017996374517679214,Kylian Mbappe-Lottin,a,3423,OpenPlay,2025,RightFoot,29338,Athletic Club,Real Madrid,0,3,2025-12-03 18:00:00,Álvaro Fernández,Pass
658968,23,Goal,0.8430000305175781,0.585,0.08541253954172134,Kylian Mbappe-Lottin,a,3423,OpenPlay,2025,RightFoot,29308,Alaves,Real Madrid,1,2,2025-12-14 20:00:00,Jude Bellingham,Pass
659612,85,Goal,0.885,0.5,0.7432776093482971,Kylian Mbappe-Lottin,h,3423,Penalty,2025,RightFoot,29322,Real Madrid,Sevilla,2,0,2025-12-20 20:00:00,,Standard
663378,57,Goal,0.885,0.5,0.7432776093482971,Kylian Mbappe-Lottin,h,3423,Penalty,2025,RightFoot,29351,Real Madrid,Levante,2,0,2026-01-17 13:00:00,,Standard
665070,46,Goal,0.9669999694824218,0.5929999923706055,0.08665502071380615,Kylian Mbappe-Lottin,a,3423,OpenPlay,2025,LeftFoot,29367,Villarreal,Real Madrid,0,2,2026-01-24 20:00:00,,None
665079,93,Goal,0.885,0.5,0.7432776093482971,Kylian Mbappe-Lottin,a,3423,Penalty,2025,RightFoot,29367,Villarreal,Real Madrid,0,2,2026-01-24 20:00:00,,Standard
666424,99,Goal,0.885,0.5,0.7432776093482971,Kylian Mbappe-Lottin,h,3423,Penalty,2025,RightFoot,29377,Real Madrid,Rayo Vallecano,2,1,2026-02-01 13:00:00,,Standard
668032,90,Goal,0.895,0.5179999923706055,0.4679928421974182,Kylian Mbappe-Lottin,a,3423,OpenPlay,2025,RightFoot,29387,Valencia,Real Madrid,0,2,2026-02-08 20:00:00,Brahim Diaz,Pass
680145,29,Goal,0.7969999694824219,0.6619999694824219,0.027925388887524605,Kylian Mbappe-Lottin,h,3423,OpenPlay,2025,RightFoot,29483,Real Madrid,Alaves,2,1,2026-04-21 19:30:00,Arda Güler,Pass
531929,3,Goal,0.9369999694824219,0.5059999847412109,0.5058456659317017,Erling Haaland,a,8260,FromCorner,2023,LeftFoot,22275,Burnley,Manchester City,0,3,2023-08-11 19:00:00,Rodri,HeadPass
531935,35,Goal,0.8909999847412109,0.385,0.11321365833282471,Erling Haaland,a,8260,OpenPlay,2023,LeftFoot,22275,Burnley,Manchester City,0,3,2023-08-11 19:00:00,Julián Álvarez,Pass
535229,62,Goal,0.965999984741211,0.43900001525878907,0.5121867656707764,Erling Haaland,a,8260,OpenPlay,2023,Head,22303,Sheffield United,Manchester City,1,2,2023-08-27 13:00:00,Jack Grealish,Cross
536295,57,Goal,0.8530000305175781,0.47,0.3721029758453369,Erling Haaland,h,8260,OpenPlay,2023,LeftFoot,21927,Manchester City,Fulham,5,1,2023-09-02 14:00:00,,None
536298,69,Goal,0.885,0.5,0.7611688375473022,Erling Haaland,h,8260,Penalty,2023,LeftFoot,21927,Manchester City,Fulham,5,1,2023-09-02 14:00:00,,Standard
536300,94,Goal,0.8730000305175781,0.5420000076293945,0.12880565226078033,Erling Haaland,h,8260,OpenPlay,2023,LeftFoot,21927,Manchester City,Fulham,5,1,2023-09-02 14:00:00,Sergio Gómez,Pass
537630,85,Goal,0.8980000305175782,0.615,0.33913281559944153,Erling Haaland,a,8260,OpenPlay,2023,LeftFoot,21937,West Ham,Manchester City,1,3,2023-09-16 14:00:00,Bernardo Silva,Pass
539094,13,Goal,0.9259999847412109,0.555,0.3649953007698059,Erling Haaland,h,8260,OpenPlay,2023,Head,21946,Manchester City,Nottingham Forest,2,0,2023-09-23 14:00:00,Matheus Nunes,Cross
544076,18,Goal,0.805,0.40900001525878904,0.05684773623943329,Erling Haaland,h,8260,OpenPlay,2023,LeftFoot,21980,Manchester City,Brighton,2,1,2023-10-21 14:00:00,,BallRecovery
546196,25,Goal,0.885,0.5,0.7611688375473022,Erling Haaland,a,8260,Penalty,2023,LeftFoot,21992,Manchester United,Manchester City,0,3,2023-10-29 15:30:00,,Standard
546205,48,Goal,0.9590000152587891,0.43599998474121093,0.40787163376808167,Erling Haaland,a,8260,OpenPlay,2023,Head,21992,Manchester United,Manchester City,0,3,2023-10-29 15:30:00,Bernardo Silva,Chipped
549084,24,Goal,0.885,0.5,0.7611688375473022,Erling Haaland,a,8260,Penalty,2023,LeftFoot,22009,Chelsea,Manchester City,4,4,2023-11-12 16:30:00,,Standard
549098,46,Goal,0.9769999694824218,0.5279999923706055,0.8636682629585266,Erling Haaland,a,8260,OpenPlay,2023,OtherBodyPart,22009,Chelsea,Manchester City,4,4,2023-11-12 16:30:00,,None
549446,26,Goal,0.86,0.5870000076293945,0.3175771236419678,Erling Haaland,h,8260,OpenPlay,2023,LeftFoot,22020,Manchester City,Liverpool,1,1,2023-11-25 12:30:00,Nathan Aké,Pass
562282,70,Goal,0.9069999694824219,0.6229999923706054,0.07349202781915665,Erling Haaland,h,8260,FromCorner,2023,RightFoot,22130,Manchester City,Everton,2,0,2024-02-10 12:30:00,Nathan Aké,Rebound
562285,84,Goal,0.86,0.395,0.38163742423057556,Erling Haaland,h,8260,OpenPlay,2023,LeftFoot,22130,Manchester City,Everton,2,0,2024-02-10 12:30:00,Kevin De Bruyne,TakeOn
564832,70,Goal,0.8030000305175782,0.5120000076293946,0.25630491971969604,Erling Haaland,h,8260,OpenPlay,2023,LeftFoot,22074,Manchester City,Brentford,1,0,2024-02-20 18:30:00,Julián Álvarez,Pass
567290,90,Goal,0.879000015258789,0.32799999237060545,0.2686331570148468,Erling Haaland,h,8260,OpenPlay,2023,LeftFoot,22160,Manchester City,Manchester United,3,1,2024-03-03 15:30:00,Rodri,Pass
572165,65,Goal,0.9440000152587891,0.5220000076293946,0.6212957501411438,Erling Haaland,a,8260,OpenPlay,2023,LeftFoot,22207,Crystal Palace,Manchester City,2,4,2024-04-06 11:30:00,Kevin De Bruyne,Pass
573760,75,Goal,0.885,0.5,0.7611688375473022,Erling Haaland,h,8260,Penalty,2023,LeftFoot,22221,Manchester City,Luton,5,1,2024-04-13 14:00:00,,Standard
577458,70,Goal,0.905,0.40900001525878904,0.38611820340156555,Erling Haaland,a,8260,OpenPlay,2023,RightFoot,22242,Nottingham Forest,Manchester City,0,2,2024-04-28 15:30:00,Kevin De Bruyne,Pass
578604,11,Goal,0.885,0.5,0.7611688375473022,Erling Haaland,h,8260,Penalty,2023,LeftFoot,22253,Manchester City,Wolverhampton Wanderers,5,1,2024-05-04 16:30:00,,Standard
578607,34,Goal,0.95,0.5990000152587891,0.049724508076906204,Erling Haaland,h,8260,OpenPlay,2023,Head,22253,Manchester City,Wolverhampton Wanderers,5,1,2024-05-04 16:30:00,Rodri,Chipped
578608,47,Goal,0.885,0.5,0.7611688375473022,Erling Haaland,h,8260,Penalty,2023,LeftFoot,22253,Manchester City,Wolverhampton Wanderers,5,1,2024-05-04 16:30:00,,Standard
578612,53,Goal,0.8719999694824219,0.3770000076293945,0.10672200471162796,Erling Haaland,h,8260,OpenPlay,2023,LeftFoot,22253,Manchester City,Wolverhampton Wanderers,5,1,2024-05-04 16:30:00,Phil Foden,Chipped
580961,50,Goal,0.9780000305175781,0.5220000076293946,0.9445824027061462,Erling Haaland,a,8260,OpenPlay,2023,LeftFoot,22233,Tottenham,Manchester City,0,2,2024-05-14 19:00:00,Kevin De Bruyne,Pass
580968,90,Goal,0.885,0.5,0.7611688375473022,Erling Haaland,a,8260,Penalty,2023,LeftFoot,22233,Tottenham,Manchester City,0,2,2024-05-14 19:00:00,,Standard
585312,17,Goal,0.9259999847412109,0.5359999847412109,0.5389691591262817,Erling Haaland,a,8260,OpenPlay,2024,LeftFoot,26610,Chelsea,Manchester City,0,2,2024-08-18 15:30:00,Bernardo Silva,Pass
586163,11,Goal,0.885,0.5,0.7611688375473022,Erling Haaland,h,8260,Penalty,2024,LeftFoot,26615,Manchester City,Ipswich,4,1,2024-08-24 14:00:00,,Standard
586165,15,Goal,0.9209999847412109,0.6919999694824219,0.4703933298587799,Erling Haaland,h,8260,OpenPlay,2024,LeftFoot,26615,Manchester City,Ipswich,4,1,2024-08-24 14:00:00,Kevin De Bruyne,TakeOn
586176,87,Goal,0.7769999694824219,0.3679999923706055,0.03170016035437584,Erling Haaland,h,8260,OpenPlay,2024,LeftFoot,26615,Manchester City,Ipswich,4,1,2024-08-24 14:00:00,,BallTouch
589400,9,Goal,0.87,0.445,0.3632678687572479,Erling Haaland,a,8260,OpenPlay,2024,LeftFoot,26628,West Ham,Manchester City,1,3,2024-08-31 16:30:00,Bernardo Silva,Pass
589408,29,Goal,0.86,0.38299999237060545,0.08273795247077942,Erling Haaland,a,8260,OpenPlay,2024,LeftFoot,26628,West Ham,Manchester City,1,3,2024-08-31 16:30:00,Rico Lewis,Pass
589426,82,Goal,0.8240000152587891,0.53,0.33011943101882935,Erling Haaland,a,8260,OpenPlay,2024,LeftFoot,26628,West Ham,Manchester City,1,3,2024-08-31 16:30:00,Matheus Nunes,Throughball
590772,19,Goal,0.9159999847412109,0.39299999237060546,0.06925240904092789,Erling Haaland,h,8260,OpenPlay,2024,RightFoot,26637,Manchester City,Brentford,2,1,2024-09-14 14:00:00,,Dispossessed
590776,31,Goal,0.8730000305175781,0.5729999923706055,0.20122335851192474,Erling Haaland,h,8260,OpenPlay,2024,LeftFoot,26637,Manchester City,Brentford,2,1,2024-09-14 14:00:00,Ederson,Pass
593121,8,Goal,0.879000015258789,0.3920000076293945,0.3288222551345825,Erling Haaland,h,8260,OpenPlay,2024,LeftFoot,26651,Manchester City,Arsenal,2,2,2024-09-22 15:30:00,Sávio,Throughball
598400,4,Goal,0.9359999847412109,0.47200000762939454,0.471447229385376,Erling Haaland,h,8260,OpenPlay,2024,LeftFoot,26683,Manchester City,Southampton,1,0,2024-10-26 14:00:00,Matheus Nunes,Cross
601644,22,Goal,0.97,0.53,0.8936280608177185,Erling Haaland,a,8260,OpenPlay,2024,RightFoot,26703,Brighton,Manchester City,2,1,2024-11-09 17:30:00,,Rebound
605857,29,Goal,0.9290000152587891,0.46,0.2861519753932953,Erling Haaland,a,8260,OpenPlay,2024,Head,26747,Crystal Palace,Manchester City,2,2,2024-12-07 15:00:00,Matheus Nunes,Aerial
609416,73,Goal,0.935,0.46799999237060547,0.4109480381011963,Erling Haaland,a,8260,OpenPlay,2024,Head,26788,Leicester,Manchester City,0,2,2024-12-29 14:30:00,Sávio,Chipped
610013,41,Goal,0.9619999694824218,0.45299999237060545,0.5729018449783325,Erling Haaland,h,8260,OpenPlay,2024,Head,26798,Manchester City,West Ham,4,1,2025-01-04 15:00:00,Sávio,Cross
610017,54,Goal,0.9,0.5709999847412109,0.502565860748291,Erling Haaland,h,8260,OpenPlay,2024,LeftFoot,26798,Manchester City,West Ham,4,1,2025-01-04 15:00:00,Sávio,Throughball
612851,56,Goal,0.8869999694824219,0.44099998474121094,0.4153415858745575,Erling Haaland,a,8260,OpenPlay,2024,LeftFoot,26816,Ipswich,Manchester City,0,6,2025-01-19 16:30:00,Jéremy Doku,Pass
613543,67,Goal,0.8069999694824219,0.21700000762939453,0.25891488790512085,Erling Haaland,h,8260,OpenPlay,2024,LeftFoot,26828,Manchester City,Chelsea,3,1,2025-01-25 17:30:00,Ederson,Chipped
615611,54,Goal,0.9490000152587891,0.5320000076293945,0.4302590787410736,Erling Haaland,a,8260,OpenPlay,2024,Head,26833,Arsenal,Manchester City,5,1,2025-02-02 16:30:00,Sávio,Chipped
619569,11,Goal,0.9319999694824219,0.5020000076293946,0.5715054273605347,Erling Haaland,a,8260,OpenPlay,2024,LeftFoot,26865,Tottenham,Manchester City,0,1,2025-02-26 19:30:00,,None
622653,10,Goal,0.885,0.5,0.7611688375473022,Erling Haaland,h,8260,Penalty,2024,LeftFoot,26889,Manchester City,Brighton,2,2,2025-03-15 15:00:00,,Standard
636435,71,Goal,0.885,0.5,0.7611688375473022,Erling Haaland,a,8260,Penalty,2024,LeftFoot,26981,Fulham,Manchester City,0,2,2025-05-25 15:00:00,,Standard
638447,33,Goal,0.9690000152587891,0.5320000076293945,0.7589436173439026,Erling Haaland,a,8260,OpenPlay,2025,LeftFoot,28783,Wolverhampton Wanderers,Manchester City,0,4,2025-08-16 16:30:00,Rico Lewis,Pass
638454,60,Goal,0.8569999694824219,0.37,0.08934725821018219,Erling Haaland,a,8260,OpenPlay,2025,LeftFoot,28783,Wolverhampton Wanderers,Manchester City,0,4,2025-08-16 16:30:00,Tijjani Reijnders,Pass
640751,33,Goal,0.9519999694824218,0.500999984741211,0.788413941860199,Erling Haaland,a,8260,OpenPlay,2025,LeftFoot,28805,Brighton,Manchester City,2,1,2025-08-31 13:00:00,Omar Marmoush,Throughball
642429,52,Goal,0.93,0.64,0.33433863520622253,Erling Haaland,h,8260,OpenPlay,2025,LeftFoot,28817,Manchester City,Manchester United,3,0,2025-09-14 15:30:00,Jéremy Doku,Throughball
642434,67,Goal,0.860999984741211,0.3890000152587891,0.4635861814022064,Erling Haaland,h,8260,OpenPlay,2025,LeftFoot,28817,Manchester City,Manchester United,3,0,2025-09-14 15:30:00,Bernardo Silva,Throughball
643852,8,Goal,0.9059999847412109,0.44099998474121094,0.5452440977096558,Erling Haaland,a,8260,OpenPlay,2025,RightFoot,28827,Arsenal,Manchester City,1,1,2025-09-21 15:30:00,Tijjani Reijnders,Pass
644787,89,Goal,0.919000015258789,0.435,0.5415464043617249,Erling Haaland,h,8260,OpenPlay,2025,LeftFoot,28833,Manchester City,Burnley,5,1,2025-09-27 14:00:00,Jéremy Doku,Pass
644788,92,Goal,0.8809999847412109,0.5159999847412109,0.4944879412651062,Erling Haaland,h,8260,OpenPlay,2025,LeftFoot,28833,Manchester City,Burnley,5,1,2025-09-27 14:00:00,,None
646921,8,Goal,0.899000015258789,0.610999984741211,0.2928302586078644,Erling Haaland,a,8260,OpenPlay,2025,LeftFoot,28841,Brentford,Manchester City,0,1,2025-10-05 15:30:00,Josko Gvardiol,Chipped
647638,57,Goal,0.9109999847412109,0.48,0.33642709255218506,Erling Haaland,h,8260,OpenPlay,2025,Head,28853,Manchester City,Everton,2,0,2025-10-18 14:00:00,Nico O&#039;Reilly,Cross
647640,62,Goal,0.855,0.5829999923706055,0.09280124306678772,Erling Haaland,h,8260,OpenPlay,2025,LeftFoot,28853,Manchester City,Everton,2,0,2025-10-18 14:00:00,Sávio,Pass
651632,16,Goal,0.8690000152587891,0.575,0.4629393517971039,Erling Haaland,h,8260,OpenPlay,2025,LeftFoot,28873,Manchester City,Bournemouth,3,1,2025-11-02 16:30:00,Mathis Cherki,HeadPass
651636,32,Goal,0.919000015258789,0.6559999847412109,0.3222444951534271,Erling Haaland,h,8260,OpenPlay,2025,LeftFoot,28873,Manchester City,Bournemouth,3,1,2025-11-02 16:30:00,Mathis Cherki,Throughball
652984,28,Goal,0.9209999847412109,0.57,0.048707157373428345,Erling Haaland,h,8260,OpenPlay,2025,Head,28883,Manchester City,Liverpool,3,0,2025-11-09 16:30:00,Matheus Nunes,Aerial
656094,16,Goal,0.885,0.5320000076293945,0.08495451509952545,Erling Haaland,a,8260,OpenPlay,2025,LeftFoot,28912,Fulham,Manchester City,4,5,2025-12-02 19:30:00,Jéremy Doku,Cross
658521,40,Goal,0.925,0.5690000152587891,0.2952035069465637,Erling Haaland,a,8260,OpenPlay,2025,Head,28932,Crystal Palace,Manchester City,0,3,2025-12-14 14:00:00,Matheus Nunes,Cross
658535,88,Goal,0.885,0.5,0.7611688375473022,Erling Haaland,a,8260,Penalty,2025,LeftFoot,28932,Crystal Palace,Manchester City,0,3,2025-12-14 14:00:00,,Standard
659323,4,Goal,0.9309999847412109,0.4570000076293945,0.5019925832748413,Erling Haaland,h,8260,OpenPlay,2025,RightFoot,28944,Manchester City,West Ham,3,0,2025-12-20 15:00:00,,Rebound
659336,68,Goal,0.919000015258789,0.514000015258789,0.5828098058700562,Erling Haaland,h,8260,OpenPlay,2025,LeftFoot,28944,Manchester City,West Ham,3,0,2025-12-20 15:00:00,,None
661973,40,Goal,0.885,0.5,0.7611688375473022,Erling Haaland,h,8260,Penalty,2025,LeftFoot,28985,Manchester City,Brighton,1,1,2026-01-07 19:30:00,,Standard
667932,92,Goal,0.885,0.5,0.7611688375473022,Erling Haaland,a,8260,Penalty,2025,LeftFoot,29024,Liverpool,Manchester City,1,2,2026-02-08 16:30:00,,Standard
668297,38,Goal,0.8169999694824219,0.5570000076293945,0.11313611268997192,Erling Haaland,h,8260,OpenPlay,2025,LeftFoot,29033,Manchester City,Fulham,3,0,2026-02-11 19:30:00,Phil Foden,Pass
679794,64,Goal,0.9069999694824219,0.4620000076293945,0.4373336732387543,Erling Haaland,h,8260,OpenPlay,2025,LeftFoot,29104,Manchester City,Arsenal,2,1,2026-04-19 15:30:00,,None
680324,4,Goal,0.914000015258789,0.625999984741211,0.3348323404788971,Erling Haaland,a,8260,OpenPlay,2025,LeftFoot,29111,Burnley,Manchester City,0,1,2026-04-22 19:00:00,Jéremy Doku,Throughball
683330,82,Goal,0.904000015258789,0.5609999847412109,0.324925035238266,Erling Haaland,a,8260,OpenPlay,2025,LeftFoot,29123,Everton,Manchester City,3,3,2026-05-04 19:00:00,Mateo Kovacic,Throughball
683804,74,Goal,0.9790000152587891,0.504000015258789,0.8783038854598999,Erling Haaland,h,8260,OpenPlay,2025,RightFoot,29133,Manchester City,Brentford,3,0,2026-05-09 16:30:00,,None
686629,94,Goal,0.9019999694824219,0.6279999923706054,0.06428354978561401,Erling Haaland,a,8260,OpenPlay,2025,LeftFoot,29138,Bournemouth,Manchester City,1,1,2026-05-19 18:30:00,,Rebound
532988,17,Goal,0.8119999694824219,0.46599998474121096,0.32639244198799133,Serhou Guirassy,h,3738,OpenPlay,2023,RightFoot,23070,VfB Stuttgart,Bochum,5,0,2023-08-19 13:30:00,Hiroki Ito,Throughball
533006,76,Goal,0.9009999847412109,0.345,0.40605586767196655,Serhou Guirassy,h,3738,OpenPlay,2023,RightFoot,23070,VfB Stuttgart,Bochum,5,0,2023-08-19 13:30:00,Pascal Stenzel,Throughball
534333,34,Goal,0.8830000305175781,0.4470000076293945,0.35932376980781555,Serhou Guirassy,a,3738,OpenPlay,2023,LeftFoot,23074,RasenBallsport Leipzig,VfB Stuttgart,5,1,2023-08-25 18:30:00,Atakan Karazor,BallRecovery
536034,16,Goal,0.799000015258789,0.645,0.038554783910512924,Serhou Guirassy,h,3738,OpenPlay,2023,RightFoot,23088,VfB Stuttgart,Freiburg,5,0,2023-09-02 13:30:00,Silas Wamangituka,Pass
536036,18,Goal,0.9590000152587891,0.48200000762939454,0.5714867115020752,Serhou Guirassy,h,3738,OpenPlay,2023,RightFoot,23088,VfB Stuttgart,Freiburg,5,0,2023-09-02 13:30:00,Hiroki Ito,Cross
537478,55,Goal,0.935,0.3609999847412109,0.22002863883972168,Serhou Guirassy,a,3738,OpenPlay,2023,RightFoot,23096,Mainz 05,VfB Stuttgart,1,3,2023-09-16 13:30:00,Waldemar Anton,Pass
537485,83,Goal,0.9409999847412109,0.6619999694824219,0.29905402660369873,Serhou Guirassy,a,3738,OpenPlay,2023,LeftFoot,23096,Mainz 05,VfB Stuttgart,1,3,2023-09-16 13:30:00,Maximilian Mittelstädt,TakeOn
537491,96,Goal,0.865999984741211,0.47200000762939454,0.38786929845809937,Serhou Guirassy,a,3738,OpenPlay,2023,Head,23096,Mainz 05,VfB Stuttgart,1,3,2023-09-16 13:30:00,Deniz Undav,TakeOn
538759,31,Goal,0.815,0.3220000076293945,0.031040890142321587,Serhou Guirassy,h,3738,OpenPlay,2023,RightFoot,23101,VfB Stuttgart,Darmstadt,3,1,2023-09-22 18:30:00,Chris Führich,Pass
538774,91,Goal,0.904000015258789,0.415,0.406551718711853,Serhou Guirassy,h,3738,OpenPlay,2023,RightFoot,23101,VfB Stuttgart,Darmstadt,3,1,2023-09-22 18:30:00,Pascal Stenzel,Throughball
542556,66,Goal,0.885,0.5,0.75777667760849,Serhou Guirassy,h,3738,Penalty,2023,RightFoot,23123,VfB Stuttgart,Wolfsburg,3,1,2023-10-07 13:30:00,,Standard
542562,77,Goal,0.9730000305175781,0.54,0.9708579778671265,Serhou Guirassy,h,3738,OpenPlay,2023,RightFoot,23123,VfB Stuttgart,Wolfsburg,3,1,2023-10-07 13:30:00,Chris Führich,TakeOn
542563,81,Goal,0.925,0.48,0.5514553189277649,Serhou Guirassy,h,3738,OpenPlay,2023,RightFoot,23123,VfB Stuttgart,Wolfsburg,3,1,2023-10-07 13:30:00,,TakeOn
543965,15,Goal,0.9130000305175782,0.47400001525878904,0.3754783570766449,Serhou Guirassy,a,3738,OpenPlay,2023,Head,23129,Union Berlin,VfB Stuttgart,0,3,2023-10-21 13:30:00,Anthony Rouault,Throughball
548339,82,Goal,0.885,0.5,0.75777667760849,Serhou Guirassy,h,3738,Penalty,2023,RightFoot,23162,VfB Stuttgart,Borussia Dortmund,2,1,2023-11-11 14:30:00,,Standard
551280,74,Goal,0.885,0.5,0.75777667760849,Serhou Guirassy,h,3738,Penalty,2023,RightFoot,23180,VfB Stuttgart,Werder Bremen,2,0,2023-12-02 17:30:00,,Standard
555671,45,Goal,0.815,0.43200000762939456,0.2371443659067154,Serhou Guirassy,h,3738,OpenPlay,2023,RightFoot,23207,VfB Stuttgart,Augsburg,3,0,2023-12-20 19:30:00,Deniz Undav,BallRecovery
563801,13,Goal,0.9769999694824218,0.4979999923706055,0.7249943017959595,Serhou Guirassy,a,3738,FromCorner,2023,Head,23262,Darmstadt,VfB Stuttgart,1,2,2024-02-17 14:30:00,Waldemar Anton,HeadPass
566861,13,Goal,0.89,0.5159999847412109,0.03922091796994209,Serhou Guirassy,a,3738,OpenPlay,2023,Head,23274,Wolfsburg,VfB Stuttgart,2,3,2024-03-02 17:30:00,Maximilian Mittelstädt,Aerial
566868,53,Goal,0.885,0.5,0.75777667760849,Serhou Guirassy,a,3738,Penalty,2023,RightFoot,23274,Wolfsburg,VfB Stuttgart,2,3,2024-03-02 17:30:00,,Standard
567623,18,Goal,0.8719999694824219,0.355,0.3303201496601105,Serhou Guirassy,h,3738,OpenPlay,2023,RightFoot,23289,VfB Stuttgart,Union Berlin,2,0,2024-03-08 19:30:00,Atakan Karazor,Throughball
569608,45,Goal,0.91,0.5670000076293945,0.45034173130989075,Serhou Guirassy,a,3738,OpenPlay,2023,LeftFoot,23296,Hoffenheim,VfB Stuttgart,0,3,2024-03-16 17:30:00,Deniz Undav,Throughball
571444,40,Goal,0.9740000152587891,0.46599998474121096,0.7676584124565125,Serhou Guirassy,h,3738,OpenPlay,2023,RightFoot,23307,VfB Stuttgart,FC Heidenheim,3,3,2024-03-31 16:30:00,Angelo Stiller,Pass
572589,63,Goal,0.8719999694824219,0.4879999923706055,0.3865066170692444,Serhou Guirassy,a,3738,OpenPlay,2023,RightFoot,23308,Borussia Dortmund,VfB Stuttgart,0,1,2024-04-06 16:30:00,Jamie Leweling,Cross
573941,10,Goal,0.8469999694824218,0.6270000076293946,0.2819267213344574,Serhou Guirassy,h,3738,OpenPlay,2023,RightFoot,23324,VfB Stuttgart,Eintracht Frankfurt,3,0,2024-04-13 16:30:00,Angelo Stiller,Chipped
579512,47,Goal,0.8719999694824219,0.5570000076293945,0.29425862431526184,Serhou Guirassy,a,3738,OpenPlay,2023,LeftFoot,23360,Augsburg,VfB Stuttgart,0,1,2024-05-10 18:30:00,Enzo Millot,Chipped
581660,22,Goal,0.9330000305175781,0.49400001525878906,0.43319839239120483,Serhou Guirassy,h,3738,OpenPlay,2023,Head,23369,VfB Stuttgart,Borussia M.Gladbach,4,0,2024-05-18 13:30:00,Enzo Millot,Chipped
581662,30,Goal,0.860999984741211,0.4520000076293945,0.11384136974811554,Serhou Guirassy,h,3738,OpenPlay,2023,LeftFoot,23369,VfB Stuttgart,Borussia M.Gladbach,4,0,2024-05-18 13:30:00,Atakan Karazor,Pass
593116,74,Goal,0.9119999694824219,0.34799999237060547,0.2796434760093689,Serhou Guirassy,a,3738,OpenPlay,2024,RightFoot,27776,VfB Stuttgart,Borussia Dortmund,5,1,2024-09-22 15:30:00,Jamie Bynoe-Gittens,Pass
593663,43,Goal,0.9369999694824219,0.524000015258789,0.5770708918571472,Serhou Guirassy,h,3738,OpenPlay,2024,Head,27778,Borussia Dortmund,Bochum,4,2,2024-09-27 18:30:00,Julian Brandt,Aerial
593671,74,Goal,0.9069999694824219,0.5709999847412109,0.6000584363937378,Serhou Guirassy,h,3738,OpenPlay,2024,LeftFoot,27778,Borussia Dortmund,Bochum,4,2,2024-09-27 18:30:00,Karim Adeyemi,Throughball
596652,82,Goal,0.9440000152587891,0.48200000762939454,0.45968618988990784,Serhou Guirassy,h,3738,OpenPlay,2024,Head,27798,Borussia Dortmund,St. Pauli,2,1,2024-10-18 18:30:00,Jamie Bynoe-Gittens,Aerial
600290,63,Goal,0.9269999694824219,0.5209999847412109,0.3301831781864166,Serhou Guirassy,h,3738,OpenPlay,2024,OtherBodyPart,27816,Borussia Dortmund,RasenBallsport Leipzig,2,1,2024-11-02 17:30:00,Maximilian Beier,Cross
601339,39,Goal,0.885,0.5,0.75777667760849,Serhou Guirassy,a,3738,Penalty,2024,RightFoot,27828,Mainz 05,Borussia Dortmund,3,1,2024-11-09 14:30:00,,Standard
610457,78,Goal,0.885,0.5,0.75777667760849,Serhou Guirassy,h,3738,Penalty,2024,RightFoot,27878,Borussia Dortmund,Bayer Leverkusen,2,3,2025-01-10 19:30:00,,Standard
613298,27,Goal,0.980999984741211,0.51,0.926964282989502,Serhou Guirassy,h,3738,OpenPlay,2024,Head,27905,Borussia Dortmund,Werder Bremen,2,2,2025-01-25 14:30:00,Julian Brandt,Pass
614776,32,Goal,0.9480000305175781,0.49400001525878906,0.6002713441848755,Serhou Guirassy,a,3738,FromCorner,2024,RightFoot,27920,FC Heidenheim,Borussia Dortmund,1,2,2025-02-01 14:30:00,Waldemar Anton,Rebound
618637,39,Goal,0.9819999694824219,0.4859999847412109,0.8328295946121216,Serhou Guirassy,h,3738,OpenPlay,2024,Head,27942,Borussia Dortmund,Union Berlin,6,0,2025-02-22 17:30:00,Pascal Groß,Cross
618649,74,Goal,0.950999984741211,0.6419999694824219,0.3026880621910095,Serhou Guirassy,h,3738,OpenPlay,2024,LeftFoot,27942,Borussia Dortmund,Union Berlin,6,0,2025-02-22 17:30:00,Pascal Groß,Pass
618650,79,Goal,0.98,0.500999984741211,0.9695310592651367,Serhou Guirassy,h,3738,OpenPlay,2024,LeftFoot,27942,Borussia Dortmund,Union Berlin,6,0,2025-02-22 17:30:00,Maximilian Beier,Pass
618651,82,Goal,0.9640000152587891,0.5020000076293946,0.6595650911331177,Serhou Guirassy,h,3738,OpenPlay,2024,Head,27942,Borussia Dortmund,Union Berlin,6,0,2025-02-22 17:30:00,Pascal Groß,Cross
619931,49,Goal,0.98,0.46700000762939453,0.8403804302215576,Serhou Guirassy,a,3738,OpenPlay,2024,RightFoot,27956,St. Pauli,Borussia Dortmund,0,2,2025-03-01 14:30:00,,Rebound
625623,67,Goal,0.9369999694824219,0.4879999923706055,0.7322716116905212,Serhou Guirassy,a,3738,OpenPlay,2024,RightFoot,27988,Freiburg,Borussia Dortmund,1,4,2025-04-05 13:30:00,Julian Brandt,Pass
629330,40,Goal,0.895,0.5220000076293946,0.08167124539613724,Serhou Guirassy,h,3738,OpenPlay,2024,RightFoot,28004,Borussia Dortmund,Borussia M.Gladbach,3,2,2025-04-20 15:30:00,Pascal Groß,Cross
630243,19,Goal,0.889000015258789,0.44599998474121094,0.40482836961746216,Serhou Guirassy,a,3738,OpenPlay,2024,RightFoot,28016,Hoffenheim,Borussia Dortmund,2,3,2025-04-26 13:30:00,Daniel Svensson,Pass
631572,2,Goal,0.8919999694824219,0.47200000762939454,0.4255309998989105,Serhou Guirassy,h,3738,OpenPlay,2024,RightFoot,28022,Borussia Dortmund,Wolfsburg,4,0,2025-05-03 16:30:00,Julian Brandt,BallTouch
631582,58,Goal,0.925,0.47200000762939454,0.5380269289016724,Serhou Guirassy,h,3738,OpenPlay,2024,RightFoot,28022,Borussia Dortmund,Wolfsburg,4,0,2025-05-03 16:30:00,Pascal Groß,Pass
633563,76,Goal,0.8230000305175781,0.5359999847412109,0.07876532524824142,Serhou Guirassy,a,3738,OpenPlay,2024,RightFoot,28030,Bayer Leverkusen,Borussia Dortmund,2,4,2025-05-11 13:30:00,,Tackle
634423,2,Goal,0.885,0.5,0.75777667760849,Serhou Guirassy,h,3738,Penalty,2024,RightFoot,28040,Borussia Dortmund,Holstein Kiel,3,0,2025-05-17 13:30:00,,Standard
639000,33,Goal,0.9290000152587891,0.4620000076293945,0.4553661048412323,Serhou Guirassy,a,3738,OpenPlay,2025,Head,30230,St. Pauli,Borussia Dortmund,3,3,2025-08-23 16:30:00,Marcel Sabitzer,Aerial
640970,43,Goal,0.9459999847412109,0.5059999847412109,0.5765080451965332,Serhou Guirassy,h,3738,OpenPlay,2025,RightFoot,30240,Borussia Dortmund,Union Berlin,3,0,2025-08-31 15:30:00,Yan Couto,Cross
640975,57,Goal,0.86,0.51,0.36873137950897217,Serhou Guirassy,h,3738,OpenPlay,2025,LeftFoot,30240,Borussia Dortmund,Union Berlin,3,0,2025-08-31 15:30:00,Maximilian Beier,Throughball
641524,32,Goal,0.9319999694824219,0.5220000076293946,0.42974451184272766,Serhou Guirassy,a,3738,OpenPlay,2025,Head,30244,FC Heidenheim,Borussia Dortmund,0,2,2025-09-13 13:30:00,Julian Ryerson,Cross
650566,36,Goal,0.87,0.43,0.3580375909805298,Serhou Guirassy,a,3738,OpenPlay,2025,RightFoot,30296,Augsburg,Borussia Dortmund,0,1,2025-10-31 19:30:00,,None
662994,82,Goal,0.8490000152587891,0.519000015258789,0.4066663384437561,Serhou Guirassy,h,3738,OpenPlay,2025,RightFoot,30369,Borussia Dortmund,Werder Bremen,3,0,2026-01-13 19:30:00,,BallRecovery
666732,67,Goal,0.885,0.5,0.75777667760849,Serhou Guirassy,h,3738,Penalty,2025,RightFoot,30396,Borussia Dortmund,FC Heidenheim,3,2,2026-02-01 16:30:00,,Standard
666733,68,Goal,0.925,0.31799999237060544,0.2891950309276581,Serhou Guirassy,h,3738,OpenPlay,2025,RightFoot,30396,Borussia Dortmund,FC Heidenheim,3,2,2026-02-01 16:30:00,Maximilian Beier,Pass
667119,86,Goal,0.8859999847412109,0.565,0.3885771632194519,Serhou Guirassy,a,3738,OpenPlay,2025,RightFoot,30412,Wolfsburg,Borussia Dortmund,1,2,2026-02-07 14:30:00,Fabio Silva,Pass
668472,9,Goal,0.92,0.5359999847412109,0.05955829843878746,Serhou Guirassy,h,3738,SetPiece,2025,Head,30415,Borussia Dortmund,Mainz 05,4,0,2026-02-13 19:30:00,Julian Ryerson,Aerial
668477,41,Goal,0.9769999694824218,0.514000015258789,0.6245977878570557,Serhou Guirassy,h,3738,FromCorner,2025,Head,30415,Borussia Dortmund,Mainz 05,4,0,2026-02-13 19:30:00,Julian Ryerson,Aerial
672824,15,Goal,0.93,0.5020000076293946,0.4726828932762146,Serhou Guirassy,a,3738,FromCorner,2025,RightFoot,30441,FC Cologne,Borussia Dortmund,1,2,2026-03-07 17:30:00,Maximilian Beier,HeadPass
675541,77,Goal,0.9580000305175781,0.5129999923706055,0.5952564477920532,Serhou Guirassy,h,3738,OpenPlay,2025,RightFoot,30460,Borussia Dortmund,Hamburger SV,3,2,2026-03-21 17:30:00,,None
679158,86,Goal,0.8059999847412109,0.38799999237060545,0.035518720746040344,Serhou Guirassy,a,3738,OpenPlay,2025,RightFoot,30490,Hoffenheim,Borussia Dortmund,2,1,2026-04-18 13:30:00,Ramy Bensebaini,Pass
681568,13,Goal,0.9669999694824218,0.5120000076293946,0.6661338210105896,Serhou Guirassy,h,3738,OpenPlay,2025,RightFoot,30495,Borussia Dortmund,Freiburg,4,0,2026-04-26 15:30:00,Julian Brandt,Chipped
683370,41,Goal,0.9109999847412109,0.44,0.3432260751724243,Serhou Guirassy,h,3738,OpenPlay,2025,RightFoot,30513,Borussia Dortmund,Eintracht Frankfurt,3,2,2026-05-08 18:30:00,Julian Ryerson,Cross
685449,58,Goal,0.9459999847412109,0.4829999923706055,0.5375831723213196,Serhou Guirassy,a,3738,OpenPlay,2025,Head,30529,Werder Bremen,Borussia Dortmund,0,2,2026-05-16 13:30:00,Julian Ryerson,Cross
535442,70,Goal,0.9540000152587891,0.5320000076293945,0.6335709691047668,Robert Lewandowski,a,227,OpenPlay,2023,LeftFoot,22710,Villarreal,Barcelona,3,4,2023-08-27 15:30:00,,Rebound
537199,85,Goal,0.885,0.5,0.7432776093482971,Robert Lewandowski,a,227,Penalty,2023,RightFoot,22722,Osasuna,Barcelona,1,2,2023-09-03 19:00:00,,Standard
537971,31,Goal,0.8669999694824219,0.514000015258789,0.39817363023757935,Robert Lewandowski,h,227,OpenPlay,2023,RightFoot,22726,Barcelona,Real Betis,5,0,2023-09-16 19:00:00,Andreas Christensen,Pass
539314,80,Goal,0.9209999847412109,0.5790000152587891,0.2508130967617035,Robert Lewandowski,h,227,OpenPlay,2023,RightFoot,22737,Barcelona,Celta Vigo,3,2,2023-09-23 16:30:00,João Félix,Chipped
539315,84,Goal,0.895,0.45799999237060546,0.4433535039424896,Robert Lewandowski,h,227,OpenPlay,2023,RightFoot,22737,Barcelona,Celta Vigo,3,2,2023-09-23 16:30:00,João Cancelo,Pass
549025,52,Goal,0.8930000305175781,0.46599998474121096,0.07605873793363571,Robert Lewandowski,h,227,OpenPlay,2023,Head,22814,Barcelona,Alaves,2,1,2023-11-12 15:15:00,Jules Koundé,Cross
549031,77,Goal,0.885,0.5,0.7432776093482971,Robert Lewandowski,h,227,Penalty,2023,RightFoot,22814,Barcelona,Alaves,2,1,2023-11-12 15:15:00,,Standard
553819,18,Goal,0.9319999694824219,0.514000015258789,0.12603811919689178,Robert Lewandowski,h,227,FromCorner,2023,Head,22835,Barcelona,Girona,2,4,2023-12-10 20:00:00,Raphinha,Cross
561369,21,Goal,0.914000015258789,0.5320000076293945,0.4902622699737549,Robert Lewandowski,a,227,OpenPlay,2023,RightFoot,22910,Alaves,Barcelona,1,3,2024-02-03 17:30:00,Ilkay Gündogan,Throughball
563300,62,Goal,0.8209999847412109,0.524000015258789,0.3543779253959656,Robert Lewandowski,h,227,OpenPlay,2023,RightFoot,22916,Barcelona,Granada,3,3,2024-02-11 20:00:00,Ilkay Gündogan,Pass
564119,44,Goal,0.8490000152587891,0.3770000076293945,0.0672614797949791,Robert Lewandowski,a,227,OpenPlay,2023,RightFoot,22930,Celta Vigo,Barcelona,1,2,2024-02-17 17:30:00,Lamine Yamal,Pass
564132,96,Goal,0.885,0.5,0.7432776093482971,Robert Lewandowski,a,227,Penalty,2023,RightFoot,22930,Celta Vigo,Barcelona,1,2,2024-02-17 17:30:00,,Standard
570184,46,Goal,0.8909999847412109,0.3679999923706055,0.14769211411476135,Robert Lewandowski,a,227,OpenPlay,2023,RightFoot,22965,Atletico Madrid,Barcelona,0,3,2024-03-17 20:00:00,Raphinha,TakeOn
577952,48,Goal,0.9580000305175781,0.6090000152587891,0.047628484666347504,Robert Lewandowski,h,227,FromCorner,2023,Head,23006,Barcelona,Valencia,4,2,2024-04-29 19:00:00,Ilkay Gündogan,Cross
577963,81,Goal,0.955999984741211,0.53,0.45862889289855957,Robert Lewandowski,h,227,FromCorner,2023,Head,23006,Barcelona,Valencia,4,2,2024-04-29 19:00:00,Ronald Araújo,Rebound
577968,92,Goal,0.7709999847412109,0.6719999694824219,0.0659194141626358,Robert Lewandowski,h,227,DirectFreekick,2023,RightFoot,23006,Barcelona,Valencia,4,2,2024-04-29 19:00:00,,Standard
578635,45,Goal,0.885,0.5,0.7432776093482971,Robert Lewandowski,a,227,Penalty,2023,RightFoot,23019,Girona,Barcelona,4,2,2024-05-04 16:30:00,,Standard
582544,2,Goal,0.915,0.534000015258789,0.364034503698349,Robert Lewandowski,h,227,OpenPlay,2023,RightFoot,23047,Barcelona,Rayo Vallecano,3,0,2024-05-19 17:00:00,Lamine Yamal,Chipped
583640,14,Goal,0.9459999847412109,0.5509999847412109,0.45891961455345154,Robert Lewandowski,a,227,OpenPlay,2023,RightFoot,23062,Sevilla,Barcelona,1,2,2024-05-26 19:00:00,João Cancelo,Chipped
585123,48,Goal,0.885,0.5,0.7432776093482971,Robert Lewandowski,a,227,Penalty,2024,RightFoot,26987,Valencia,Barcelona,1,2,2024-08-17 19:30:00,,Standard
585121,50,Goal,0.975,0.5159999847412109,0.9050849676132202,Robert Lewandowski,a,227,OpenPlay,2024,RightFoot,26987,Valencia,Barcelona,1,2,2024-08-17 19:30:00,Lamine Yamal,Rebound
586437,74,Goal,0.885,0.4570000076293945,0.38777777552604675,Robert Lewandowski,h,227,OpenPlay,2024,LeftFoot,26995,Barcelona,Athletic Club,2,1,2024-08-24 17:00:00,,None
589315,23,Goal,0.8690000152587891,0.575999984741211,0.35723018646240234,Robert Lewandowski,h,227,OpenPlay,2024,LeftFoot,27012,Barcelona,Real Valladolid,7,0,2024-08-31 15:00:00,Lamine Yamal,Throughball
593215,19,Goal,0.9069999694824219,0.44,0.437705934047699,Robert Lewandowski,a,227,OpenPlay,2024,RightFoot,27037,Villarreal,Barcelona,1,5,2024-09-22 16:30:00,Pablo Torre,Throughball
593221,34,Goal,0.96,0.51,0.6604969501495361,Robert Lewandowski,a,227,FromCorner,2024,RightFoot,27037,Villarreal,Barcelona,1,5,2024-09-22 16:30:00,,Rebound
593504,18,Goal,0.960999984741211,0.48200000762939454,0.618407130241394,Robert Lewandowski,h,227,OpenPlay,2024,RightFoot,27043,Barcelona,Getafe,1,0,2024-09-25 19:00:00,,None
596201,6,Goal,0.9390000152587891,0.51,0.4770280718803406,Robert Lewandowski,a,227,SetPiece,2024,Head,27064,Alaves,Barcelona,0,3,2024-10-06 14:15:00,Raphinha,Cross
596202,21,Goal,0.9380000305175781,0.49700000762939456,0.7049187421798706,Robert Lewandowski,a,227,OpenPlay,2024,RightFoot,27064,Alaves,Barcelona,0,3,2024-10-06 14:15:00,Raphinha,Pass
596206,31,Goal,0.9,0.3770000076293945,0.29521694779396057,Robert Lewandowski,a,227,OpenPlay,2024,RightFoot,27064,Alaves,Barcelona,0,3,2024-10-06 14:15:00,Eric Garcia,Pass
597921,23,Goal,0.885,0.5,0.7432776093482971,Robert Lewandowski,h,227,Penalty,2024,RightFoot,27074,Barcelona,Sevilla,5,1,2024-10-20 19:00:00,,Standard
597926,38,Goal,0.9259999847412109,0.47900001525878905,0.5247745513916016,Robert Lewandowski,h,227,FromCorner,2024,RightFoot,27074,Barcelona,Sevilla,5,1,2024-10-20 19:00:00,Raphinha,Rebound
598710,53,Goal,0.8169999694824219,0.46700000762939453,0.3272037208080292,Robert Lewandowski,a,227,OpenPlay,2024,RightFoot,27085,Real Madrid,Barcelona,0,4,2024-10-26 19:00:00,Marc Casadó,Throughball
598712,55,Goal,0.914000015258789,0.5320000076293945,0.3550093173980713,Robert Lewandowski,a,227,OpenPlay,2024,Head,27085,Real Madrid,Barcelona,0,4,2024-10-26 19:00:00,Álex Balde,Cross
603220,60,Goal,0.8930000305175781,0.54,0.5875533819198608,Robert Lewandowski,a,227,OpenPlay,2024,RightFoot,27117,Celta Vigo,Barcelona,2,2,2024-11-23 20:00:00,,BlockedPass
605906,38,Goal,0.945,0.49200000762939455,0.6089249849319458,Robert Lewandowski,a,227,OpenPlay,2024,LeftFoot,27139,Real Betis,Barcelona,2,2,2024-12-07 15:15:00,Jules Koundé,Pass
614195,65,Goal,0.8959999847412109,0.3390000152587891,0.08896291255950928,Robert Lewandowski,h,227,OpenPlay,2024,RightFoot,27184,Barcelona,Valencia,7,1,2025-01-26 20:00:00,Fermín López,Pass
615366,60,Goal,0.960999984741211,0.5570000076293945,0.5744619369506836,Robert Lewandowski,h,227,FromCorner,2024,LeftFoot,27200,Barcelona,Alaves,1,0,2025-02-02 13:00:00,,Rebound
616746,6,Goal,0.9690000152587891,0.5279999923706055,0.6058962941169739,Robert Lewandowski,a,227,FromCorner,2024,LeftFoot,27206,Sevilla,Barcelona,1,4,2025-02-09 20:00:00,Iñigo Martínez,HeadPass
618057,27,Goal,0.885,0.5,0.7432776093482971,Robert Lewandowski,h,227,Penalty,2024,RightFoot,27214,Barcelona,Rayo Vallecano,1,0,2025-02-17 20:00:00,,Standard
620528,60,Goal,0.8690000152587891,0.5020000076293946,0.40086832642555237,Robert Lewandowski,h,227,OpenPlay,2024,RightFoot,27232,Barcelona,Real Sociedad,4,0,2025-03-02 15:15:00,Ronald Araújo,Rebound
623788,71,Goal,0.8619999694824219,0.5259999847412109,0.057477809488773346,Robert Lewandowski,a,227,OpenPlay,2024,LeftFoot,27252,Atletico Madrid,Barcelona,2,4,2025-03-16 20:00:00,Iñigo Martínez,Chipped
623812,76,Goal,0.9169999694824219,0.5540000152587891,0.573408842086792,Robert Lewandowski,h,227,OpenPlay,2024,Head,27244,Barcelona,Osasuna,3,0,2025-03-27 20:00:00,Fermín López,Chipped
624671,60,Goal,0.97,0.5270000076293946,0.6503589749336243,Robert Lewandowski,h,227,OpenPlay,2024,LeftFoot,27270,Barcelona,Girona,4,1,2025-03-30 15:15:00,Fermín López,HeadPass
624674,76,Goal,0.9,0.6029999923706054,0.4199003279209137,Robert Lewandowski,h,227,OpenPlay,2024,RightFoot,27270,Barcelona,Girona,4,1,2025-03-30 15:15:00,Frenkie de Jong,Pass
636589,13,Goal,0.875,0.5420000076293945,0.3491111695766449,Robert Lewandowski,a,227,OpenPlay,2024,RightFoot,27353,Athletic Club,Barcelona,0,3,2025-05-25 19:00:00,Fermín López,Pass
636591,16,Goal,0.99,0.5229999923706055,0.8536909222602844,Robert Lewandowski,a,227,FromCorner,2024,Head,27353,Athletic Club,Barcelona,0,3,2025-05-25 19:00:00,,None
642629,75,Goal,0.865999984741211,0.4640000152587891,0.48406875133514404,Robert Lewandowski,h,227,OpenPlay,2025,RightFoot,29194,Barcelona,Valencia,6,0,2025-09-14 19:00:00,Dani Olmo,Throughball
642633,85,Goal,0.884000015258789,0.5640000152587891,0.5099553465843201,Robert Lewandowski,h,227,OpenPlay,2025,RightFoot,29194,Barcelona,Valencia,6,0,2025-09-14 19:00:00,Marc Bernal,Throughball
644326,69,Goal,0.899000015258789,0.45799999237060546,0.042561013251543045,Robert Lewandowski,a,227,OpenPlay,2025,Head,29213,Real Oviedo,Barcelona,1,3,2025-09-25 19:30:00,Frenkie de Jong,Aerial
645548,58,Goal,0.9480000305175781,0.49900001525878906,0.5610629320144653,Robert Lewandowski,h,227,OpenPlay,2025,Head,29220,Barcelona,Real Sociedad,2,1,2025-09-28 16:30:00,Lamine Yamal,Chipped
653179,9,Goal,0.885,0.5,0.7432776093482971,Robert Lewandowski,a,227,Penalty,2025,RightFoot,29274,Celta Vigo,Barcelona,2,4,2025-11-09 20:00:00,,Standard
653190,36,Goal,0.950999984741211,0.5220000076293946,0.565281093120575,Robert Lewandowski,a,227,OpenPlay,2025,RightFoot,29274,Celta Vigo,Barcelona,2,4,2025-11-09 20:00:00,Marcus Rashford,Cross
653198,72,Goal,0.9269999694824219,0.580999984741211,0.07362050563097,Robert Lewandowski,a,227,FromCorner,2025,Head,29274,Celta Vigo,Barcelona,2,4,2025-11-09 20:00:00,Marcus Rashford,Cross
653702,3,Goal,0.8690000152587891,0.6719999694824219,0.05769011005759239,Robert Lewandowski,h,227,OpenPlay,2025,LeftFoot,29284,Barcelona,Athletic Club,4,0,2025-11-22 15:15:00,,BallRecovery
661222,89,Goal,0.92,0.46799999237060547,0.5305123329162598,Robert Lewandowski,a,227,OpenPlay,2025,RightFoot,29333,Espanyol,Barcelona,0,2,2026-01-03 20:00:00,Fermín López,Pass
667362,28,Goal,0.9130000305175782,0.49200000762939455,0.4844944179058075,Robert Lewandowski,h,227,OpenPlay,2025,RightFoot,29381,Barcelona,Mallorca,3,0,2026-02-07 15:15:00,Dani Olmo,BallTouch
671170,90,Goal,0.9690000152587891,0.504000015258789,0.9106007814407349,Robert Lewandowski,h,227,OpenPlay,2025,LeftFoot,29408,Barcelona,Villarreal,4,1,2026-02-28 15:15:00,Jules Koundé,Pass
676872,86,Goal,0.9580000305175781,0.5479999923706055,0.6312196850776672,Robert Lewandowski,a,227,OpenPlay,2025,OtherBodyPart,29449,Atletico Madrid,Barcelona,1,2,2026-04-04 19:00:00,,Rebound
682572,80,Goal,0.9359999847412109,0.4979999923706055,0.48727497458457947,Robert Lewandowski,a,227,OpenPlay,2025,Head,29488,Osasuna,Barcelona,1,2,2026-05-02 19:00:00,Marcus Rashford,Aerial
535430,39,Goal,0.960999984741211,0.45799999237060546,0.6150976419448853,Alexander Sørloth,h,6531,OpenPlay,2023,LeftFoot,22710,Villarreal,Barcelona,3,4,2023-08-27 15:30:00,Alfonso,Pass
536137,9,Goal,0.9790000152587891,0.6329999923706054,0.326372355222702,Alexander Sørloth,a,6531,OpenPlay,2023,RightFoot,22718,Cadiz,Villarreal,3,1,2023-09-01 17:30:00,,BallRecovery
538331,93,Goal,0.9640000152587891,0.44299999237060544,0.5290127992630005,Alexander Sørloth,h,6531,OpenPlay,2023,Head,22730,Villarreal,Almeria,2,1,2023-09-17 14:15:00,Alberto Moreno,Cross
539833,14,Goal,0.8880000305175781,0.55,0.11700838804244995,Alexander Sørloth,a,6531,OpenPlay,2023,LeftFoot,22741,Rayo Vallecano,Villarreal,1,1,2023-09-24 14:15:00,Álex Baena,Pass
546459,27,Goal,0.8390000152587891,0.649000015258789,0.0640808567404747,Alexander Sørloth,a,6531,OpenPlay,2023,LeftFoot,22791,Granada,Villarreal,2,3,2023-10-30 20:00:00,Daniel Parejo,Pass
547644,86,Goal,0.924000015258789,0.5609999847412109,0.3029298186302185,Alexander Sørloth,h,6531,OpenPlay,2023,Head,22798,Villarreal,Athletic Club,2,3,2023-11-05 17:30:00,Gerard Moreno,Cross
559003,45,Goal,0.9580000305175781,0.5109999847412109,0.5728422403335571,Alexander Sørloth,h,6531,SetPiece,2023,LeftFoot,22893,Villarreal,Mallorca,1,1,2024-01-20 15:15:00,Álex Baena,Cross
559978,98,Goal,0.9519999694824218,0.47400001525878904,0.6414257287979126,Alexander Sørloth,a,6531,OpenPlay,2023,RightFoot,22896,Barcelona,Villarreal,3,5,2024-01-27 17:30:00,,Rebound
565009,94,Goal,0.8619999694824219,0.45799999237060546,0.4900207817554474,Alexander Sørloth,a,6531,OpenPlay,2023,RightFoot,22940,Real Sociedad,Villarreal,1,3,2024-02-23 20:00:00,Gonçalo Guedes,HeadPass
567011,6,Goal,0.9230000305175782,0.53,0.5173384547233582,Alexander Sørloth,h,6531,OpenPlay,2023,LeftFoot,22953,Villarreal,Granada,5,1,2024-03-03 13:00:00,,Rebound
567013,18,Goal,0.9630000305175781,0.5709999847412109,0.5832844376564026,Alexander Sørloth,h,6531,OpenPlay,2023,LeftFoot,22953,Villarreal,Granada,5,1,2024-03-03 13:00:00,Daniel Parejo,Pass
567026,65,Goal,0.98,0.44099998474121094,0.46536046266555786,Alexander Sørloth,h,6531,FromCorner,2023,Head,22953,Villarreal,Granada,5,1,2024-03-03 13:00:00,Daniel Parejo,Cross
568948,66,Goal,0.9019999694824219,0.66,0.22913077473640442,Alexander Sørloth,a,6531,OpenPlay,2023,LeftFoot,22957,Real Betis,Villarreal,2,3,2024-03-10 20:00:00,Gerard Moreno,Pass
571733,49,Goal,0.835999984741211,0.5640000152587891,0.06792674958705902,Alexander Sørloth,h,6531,OpenPlay,2023,LeftFoot,22982,Villarreal,Atletico Madrid,1,2,2024-04-01 19:00:00,Gerard Moreno,Pass
575589,91,Goal,0.9180000305175782,0.534000015258789,0.3537898063659668,Alexander Sørloth,a,6531,OpenPlay,2023,RightFoot,22995,Almeria,Villarreal,1,2,2024-04-21 14:15:00,Alberto Moreno,Cross
577588,17,Goal,0.875,0.5970000076293945,0.3503059446811676,Alexander Sørloth,h,6531,OpenPlay,2023,LeftFoot,23013,Villarreal,Rayo Vallecano,3,0,2024-04-28 16:30:00,Álex Baena,Throughball
577603,73,Goal,0.8980000305175782,0.6359999847412109,0.13378052413463593,Alexander Sørloth,h,6531,OpenPlay,2023,LeftFoot,23013,Villarreal,Rayo Vallecano,3,0,2024-04-28 16:30:00,Álex Baena,Throughball
579991,29,Goal,0.9290000152587891,0.4859999847412109,0.0637640729546547,Alexander Sørloth,h,6531,OpenPlay,2023,Head,23033,Villarreal,Sevilla,3,2,2024-05-11 14:15:00,Jorge Cuenca,Aerial
580015,96,Goal,0.925,0.47,0.07241954654455185,Alexander Sørloth,h,6531,OpenPlay,2023,Head,23033,Villarreal,Sevilla,3,2,2024-05-11 14:15:00,Álex Baena,Aerial
582401,38,Goal,0.904000015258789,0.51,0.09630098193883896,Alexander Sørloth,h,6531,OpenPlay,2023,Head,23054,Villarreal,Real Madrid,4,4,2024-05-19 17:00:00,Yerson Mosquera,Cross
582407,47,Goal,0.919000015258789,0.5120000076293946,0.3369220793247223,Alexander Sørloth,h,6531,OpenPlay,2023,Head,23054,Villarreal,Real Madrid,4,4,2024-05-19 17:00:00,Gerard Moreno,Cross
582410,51,Goal,0.9059999847412109,0.445,0.33955198526382446,Alexander Sørloth,h,6531,OpenPlay,2023,LeftFoot,23054,Villarreal,Real Madrid,4,4,2024-05-19 17:00:00,,Rebound
582412,55,Goal,0.8980000305175782,0.5590000152587891,0.5439315438270569,Alexander Sørloth,h,6531,OpenPlay,2023,LeftFoot,23054,Villarreal,Real Madrid,4,4,2024-05-19 17:00:00,Gerard Moreno,Pass
585677,49,Goal,0.9169999694824219,0.5120000076293946,0.2699887156486511,Alexander Sørloth,a,6531,OpenPlay,2024,Head,26991,Villarreal,Atletico Madrid,2,2,2024-08-19 19:30:00,Pablo Barrios Rivas,Aerial
597629,68,Goal,0.970999984741211,0.48400001525878905,0.8234536051750183,Alexander Sørloth,h,6531,OpenPlay,2024,RightFoot,27073,Atletico Madrid,Leganes,3,1,2024-10-20 14:15:00,Axel Witsel,Pass
597637,98,Goal,0.93,0.5020000076293946,0.6042377948760986,Alexander Sørloth,h,6531,OpenPlay,2024,LeftFoot,27073,Atletico Madrid,Leganes,3,1,2024-10-20 14:15:00,Julián Álvarez,Pass
600541,82,Goal,0.8730000305175781,0.41900001525878905,0.35558897256851196,Alexander Sørloth,h,6531,OpenPlay,2024,LeftFoot,27093,Atletico Madrid,Las Palmas,2,0,2024-11-03 13:00:00,Rodrigo de Paul,Throughball
603020,85,Goal,0.91,0.3340000152587891,0.3310699164867401,Alexander Sørloth,h,6531,OpenPlay,2024,RightFoot,27120,Atletico Madrid,Alaves,2,1,2024-11-23 15:15:00,Rodrigo de Paul,Throughball
604501,91,Goal,0.9480000305175781,0.504000015258789,0.6788197159767151,Alexander Sørloth,a,6531,OpenPlay,2024,LeftFoot,27126,Real Valladolid,Atletico Madrid,0,5,2024-11-30 20:00:00,Ángel Correa,Pass
607390,68,Goal,0.9069999694824219,0.6029999923706054,0.05190489441156387,Alexander Sørloth,h,6531,OpenPlay,2024,Head,27142,Atletico Madrid,Getafe,1,0,2024-12-15 13:00:00,Nahuel Molina,Cross
608582,95,Goal,0.885,0.5670000076293945,0.3771040141582489,Alexander Sørloth,a,6531,OpenPlay,2024,LeftFoot,27160,Barcelona,Atletico Madrid,1,2,2024-12-21 20:00:00,Nahuel Molina,Cross
617390,80,Goal,0.8530000305175781,0.5509999847412109,0.27508023381233215,Alexander Sørloth,h,6531,OpenPlay,2024,RightFoot,27212,Atletico Madrid,Celta Vigo,1,1,2025-02-15 17:30:00,Giménez,TakeOn
621703,74,Goal,0.885,0.5,0.7432776093482971,Alexander Sørloth,a,6531,Penalty,2024,LeftFoot,27250,Getafe,Atletico Madrid,2,1,2025-03-09 13:00:00,,Standard
623787,69,Goal,0.9059999847412109,0.5,0.5008910894393921,Alexander Sørloth,h,6531,OpenPlay,2024,LeftFoot,27252,Atletico Madrid,Barcelona,2,4,2025-03-16 20:00:00,Conor Gallagher,Pass
628191,78,Goal,0.9430000305175781,0.5020000076293946,0.6239385008811951,Alexander Sørloth,h,6531,OpenPlay,2024,RightFoot,27284,Atletico Madrid,Real Valladolid,4,2,2025-04-14 19:00:00,,Rebound
629939,2,Goal,0.9740000152587891,0.544000015258789,0.6326891183853149,Alexander Sørloth,h,6531,OpenPlay,2024,Head,27304,Atletico Madrid,Rayo Vallecano,3,0,2025-04-24 19:30:00,Giuliano Simeone,Aerial
633032,6,Goal,0.850999984741211,0.5659999847412109,0.2241780310869217,Alexander Sørloth,h,6531,OpenPlay,2024,LeftFoot,27323,Atletico Madrid,Real Sociedad,4,0,2025-05-10 19:00:00,Pablo Barrios Rivas,Cross
633033,9,Goal,0.8330000305175781,0.6769999694824219,0.06906665861606598,Alexander Sørloth,h,6531,OpenPlay,2024,LeftFoot,27323,Atletico Madrid,Real Sociedad,4,0,2025-05-10 19:00:00,Samuel Lino,Pass
633034,10,Goal,0.9180000305175782,0.5429999923706055,0.5595267415046692,Alexander Sørloth,h,6531,OpenPlay,2024,LeftFoot,27323,Atletico Madrid,Real Sociedad,4,0,2025-05-10 19:00:00,,None
633038,29,Goal,0.850999984741211,0.5120000076293946,0.10558053851127625,Alexander Sørloth,h,6531,OpenPlay,2024,LeftFoot,27323,Atletico Madrid,Real Sociedad,4,0,2025-05-10 19:00:00,Javi Galán,Pass
636199,67,Goal,0.9269999694824219,0.5059999847412109,0.5675783157348633,Alexander Sørloth,a,6531,OpenPlay,2024,LeftFoot,27358,Girona,Atletico Madrid,0,4,2025-05-25 12:00:00,Rodrigo de Paul,Pass
636205,89,Goal,0.860999984741211,0.3659999847412109,0.11222454160451889,Alexander Sørloth,a,6531,OpenPlay,2024,LeftFoot,27358,Girona,Atletico Madrid,0,4,2025-05-25 12:00:00,Conor Gallagher,Pass
636206,92,Goal,0.985999984741211,0.4640000152587891,0.9789075255393982,Alexander Sørloth,a,6531,OpenPlay,2024,LeftFoot,27358,Girona,Atletico Madrid,0,4,2025-05-25 12:00:00,Julián Álvarez,Pass
639045,7,Goal,0.9080000305175782,0.6719999694824219,0.2807709276676178,Alexander Sørloth,h,6531,OpenPlay,2025,LeftFoot,29170,Atletico Madrid,Elche,1,1,2025-08-23 17:30:00,David Hancko,Chipped
644799,47,Goal,0.924000015258789,0.48200000762939454,0.3306282162666321,Alexander Sørloth,h,6531,OpenPlay,2025,Head,29219,Atletico Madrid,Real Madrid,5,2,2025-09-27 14:15:00,Koke,Cross
655327,15,Goal,0.960999984741211,0.47,0.6817667484283447,Alexander Sørloth,h,6531,OpenPlay,2025,RightFoot,29288,Atletico Madrid,Real Oviedo,2,0,2025-11-29 20:00:00,David Hancko,Pass
655331,25,Goal,0.9640000152587891,0.5890000152587891,0.4757218360900879,Alexander Sørloth,h,6531,OpenPlay,2025,LeftFoot,29288,Atletico Madrid,Real Oviedo,2,0,2025-11-29 20:00:00,,None
661727,49,Goal,0.9580000305175781,0.555,0.5221584439277649,Alexander Sørloth,a,6531,OpenPlay,2025,Head,29332,Real Sociedad,Atletico Madrid,1,1,2026-01-04 20:00:00,Giuliano Simeone,Cross
664150,47,Goal,0.8880000305175781,0.5429999923706055,0.22992867231369019,Alexander Sørloth,h,6531,OpenPlay,2025,Head,29348,Atletico Madrid,Alaves,1,0,2026-01-18 15:15:00,Pablo Barrios Rivas,Cross
665126,21,Goal,0.9490000152587891,0.5559999847412109,0.5830075740814209,Alexander Sørloth,h,6531,OpenPlay,2025,LeftFoot,29360,Atletico Madrid,Mallorca,3,0,2026-01-25 13:00:00,,Rebound
670046,20,Goal,0.9490000152587891,0.5679999923706055,0.4392111599445343,Alexander Sørloth,h,6531,OpenPlay,2025,LeftFoot,29400,Atletico Madrid,Espanyol,4,2,2026-02-21 20:00:00,Marcos Llorente,Cross
670061,71,Goal,0.9130000305175782,0.445,0.11635520309209824,Alexander Sørloth,h,6531,OpenPlay,2025,Head,29400,Atletico Madrid,Espanyol,4,2,2026-02-21 20:00:00,Matteo Ruggeri,Cross
672787,4,Goal,0.9269999694824219,0.4859999847412109,0.5037803649902344,Alexander Sørloth,h,6531,OpenPlay,2025,RightFoot,29419,Atletico Madrid,Real Sociedad,3,2,2026-03-07 17:30:00,Giménez,HeadPass
681275,53,Goal,0.914000015258789,0.5509999847412109,0.5722060799598694,Alexander Sørloth,h,6531,OpenPlay,2025,LeftFoot,29468,Atletico Madrid,Athletic Club,3,2,2026-04-25 19:00:00,Álex Baena,Pass
681285,92,Goal,0.8680000305175781,0.5359999847412109,0.4033932089805603,Alexander Sørloth,h,6531,OpenPlay,2025,LeftFoot,29468,Atletico Madrid,Athletic Club,3,2,2026-04-25 19:00:00,Nahuel Molina,Chipped
684896,70,Goal,0.9680000305175781,0.5359999847412109,0.6238558292388916,Alexander Sørloth,a,6531,OpenPlay,2025,Head,29514,Osasuna,Atletico Madrid,1,2,2026-05-12 19:30:00,,None
538079,56,Goal,0.885,0.5,0.7432776093482971,Ante Budimir,a,1235,Penalty,2023,LeftFoot,22728,Getafe,Osasuna,3,2,2023-09-17 12:00:00,,Standard
541871,89,Goal,0.855999984741211,0.5259999847412109,0.37522947788238525,Ante Budimir,a,1235,OpenPlay,2023,LeftFoot,22761,Alaves,Osasuna,0,2,2023-10-01 14:15:00,Juan Cruz,Pass
543640,10,Goal,0.905,0.46299999237060546,0.46699440479278564,Ante Budimir,h,1235,OpenPlay,2023,LeftFoot,22783,Osasuna,Granada,2,0,2023-10-20 19:00:00,Ezequiel Ávila,Throughball
543652,58,Goal,0.885,0.5,0.7432776093482971,Ante Budimir,h,1235,Penalty,2023,LeftFoot,22783,Osasuna,Granada,2,0,2023-10-20 19:00:00,,Standard
546603,24,Goal,0.95,0.565,0.5412622094154358,Ante Budimir,h,1235,OpenPlay,2023,LeftFoot,22802,Osasuna,Girona,2,4,2023-11-04 13:00:00,,Rebound
546609,54,Goal,0.93,0.5279999923706055,0.5066503882408142,Ante Budimir,h,1235,OpenPlay,2023,Head,22802,Osasuna,Girona,2,4,2023-11-04 13:00:00,Johan Mojica,Aerial
548538,72,Goal,0.93,0.46599998474121096,0.399475634098053,Ante Budimir,h,1235,OpenPlay,2023,Head,22813,Osasuna,Las Palmas,1,1,2023-11-11 17:30:00,Jon Moncayola,Cross
553752,69,Goal,0.885,0.5,0.7432776093482971,Ante Budimir,a,1235,Penalty,2023,LeftFoot,22837,Cadiz,Osasuna,1,1,2023-12-10 17:30:00,,Standard
557468,26,Goal,0.885,0.5220000076293946,0.424003541469574,Ante Budimir,h,1235,OpenPlay,2023,LeftFoot,22867,Osasuna,Almeria,1,0,2024-01-04 16:00:00,,BlockedPass
560398,54,Goal,0.97,0.485,0.7747150659561157,Ante Budimir,a,1235,FromCorner,2023,RightFoot,22902,Sevilla,Osasuna,1,1,2024-01-28 17:30:00,David García,Rebound
562621,48,Goal,0.9340000152587891,0.5170000076293946,0.41047167778015137,Ante Budimir,a,1235,FromCorner,2023,Head,22924,Real Sociedad,Osasuna,0,1,2024-02-10 15:15:00,Jon Moncayola,Cross
563973,62,Goal,0.8980000305175782,0.47400001525878904,0.045816391706466675,Ante Budimir,h,1235,OpenPlay,2023,Head,22931,Osasuna,Cadiz,2,0,2024-02-17 15:15:00,Rubén García,Aerial
563980,90,Goal,0.87,0.5829999923706055,0.38491302728652954,Ante Budimir,h,1235,OpenPlay,2023,LeftFoot,22931,Osasuna,Cadiz,2,0,2024-02-17 15:15:00,Jesús Areso,Chipped
567585,75,Goal,0.8019999694824219,0.4379999923706055,0.04290834441781044,Ante Budimir,h,1235,OpenPlay,2023,LeftFoot,22954,Osasuna,Alaves,1,0,2024-03-04 20:00:00,Rubén García,Pass
569483,6,Goal,0.975,0.435,0.3578604459762573,Ante Budimir,h,1235,FromCorner,2023,LeftFoot,22967,Osasuna,Real Madrid,2,4,2024-03-16 15:15:00,Jorge Herrando,Chipped
570830,8,Goal,0.8980000305175782,0.46,0.42892807722091675,Ante Budimir,a,1235,OpenPlay,2023,LeftFoot,22975,Almeria,Osasuna,0,3,2024-03-30 15:15:00,Jon Moncayola,Pass
583052,29,Goal,0.9069999694824219,0.47299999237060547,0.13079270720481873,Ante Budimir,h,1235,OpenPlay,2023,LeftFoot,23059,Osasuna,Villarreal,1,1,2024-05-25 12:00:00,Rubén Peña,Pass
592525,38,Goal,0.885,0.5,0.7432776093482971,Ante Budimir,h,1235,Penalty,2024,LeftFoot,27040,Osasuna,Las Palmas,2,1,2024-09-21 14:15:00,,Standard
594479,17,Goal,0.9319999694824219,0.524000015258789,0.44891035556793213,Ante Budimir,h,1235,OpenPlay,2024,Head,27056,Osasuna,Barcelona,4,2,2024-09-28 19:00:00,Bryan Zaragoza,Cross
594492,71,Goal,0.885,0.5,0.7432776093482971,Ante Budimir,h,1235,Penalty,2024,LeftFoot,27056,Osasuna,Barcelona,4,2,2024-09-28 19:00:00,,Standard
595599,59,Goal,0.8490000152587891,0.3990000152587891,0.05887289717793465,Ante Budimir,a,1235,OpenPlay,2024,LeftFoot,27062,Getafe,Osasuna,1,1,2024-10-05 14:15:00,Bryan Zaragoza,Pass
599397,33,Goal,0.8490000152587891,0.45599998474121095,0.11873546242713928,Ante Budimir,a,1235,OpenPlay,2024,LeftFoot,27088,Real Sociedad,Osasuna,0,2,2024-10-27 20:00:00,Bryan Zaragoza,Pass
599851,18,Goal,0.885,0.5,0.7432776093482971,Ante Budimir,h,1235,Penalty,2024,LeftFoot,27096,Osasuna,Real Valladolid,1,0,2024-11-02 13:00:00,,Standard
603316,7,Goal,0.9309999847412109,0.4859999847412109,0.4689696431159973,Ante Budimir,h,1235,OpenPlay,2024,Head,27114,Osasuna,Villarreal,2,2,2024-11-24 13:00:00,Rubén García,Aerial
603318,20,Goal,0.885,0.5,0.7432776093482971,Ante Budimir,h,1235,Penalty,2024,LeftFoot,27114,Osasuna,Villarreal,2,2,2024-11-24 13:00:00,,Standard
605114,68,Goal,0.9209999847412109,0.5059999847412109,0.37276262044906616,Ante Budimir,a,1235,OpenPlay,2024,Head,27129,Sevilla,Osasuna,1,1,2024-12-02 20:00:00,Jesús Areso,Cross
606585,53,Goal,0.9780000305175781,0.48200000762939454,0.711077094078064,Ante Budimir,h,1235,FromCorner,2024,LeftFoot,27141,Osasuna,Alaves,2,2,2024-12-08 17:30:00,Alejandro Catena,HeadPass
615679,33,Goal,0.97,0.664000015258789,0.057322658598423004,Ante Budimir,h,1235,OpenPlay,2024,LeftFoot,27195,Osasuna,Real Sociedad,2,1,2025-02-02 17:30:00,Aimar Oroz,Pass
615692,73,Goal,0.9180000305175782,0.565,0.3216528296470642,Ante Budimir,h,1235,OpenPlay,2024,Head,27195,Osasuna,Real Sociedad,2,1,2025-02-02 17:30:00,Rubén García,Chipped
617281,57,Goal,0.885,0.5,0.7432776093482971,Ante Budimir,h,1235,Penalty,2024,LeftFoot,27220,Osasuna,Real Madrid,1,1,2025-02-15 15:15:00,,Standard
620816,44,Goal,0.885,0.5,0.7432776093482971,Ante Budimir,h,1235,Penalty,2024,LeftFoot,27234,Osasuna,Valencia,3,3,2025-03-02 20:00:00,,Standard
623645,44,Goal,0.885,0.5,0.7432776093482971,Ante Budimir,h,1235,Penalty,2024,LeftFoot,27258,Osasuna,Getafe,1,2,2025-03-16 17:30:00,,Standard
627559,37,Goal,0.905,0.4570000076293945,0.22779357433319092,Ante Budimir,h,1235,FromCorner,2024,Head,27289,Osasuna,Girona,2,1,2025-04-13 12:00:00,Aimar Oroz,Cross
629013,8,Goal,0.9269999694824219,0.48,0.39932847023010254,Ante Budimir,a,1235,OpenPlay,2024,Head,27297,Real Valladolid,Osasuna,2,3,2025-04-20 12:00:00,Rubén García,Cross
629027,59,Goal,0.885,0.5,0.7432776093482971,Ante Budimir,a,1235,Penalty,2024,LeftFoot,27297,Real Valladolid,Osasuna,2,3,2025-04-20 12:00:00,,Standard
633830,74,Goal,0.9369999694824219,0.534000015258789,0.37674760818481445,Ante Budimir,a,1235,OpenPlay,2024,LeftFoot,27325,Real Betis,Osasuna,1,1,2025-05-11 19:00:00,Aimar Oroz,BallTouch
634125,81,Goal,0.9219999694824219,0.524000015258789,0.492960661649704,Ante Budimir,h,1235,OpenPlay,2024,Head,27335,Osasuna,Atletico Madrid,2,0,2025-05-15 17:00:00,Kike Barja,Aerial
635215,16,Goal,0.8919999694824219,0.5379999923706055,0.3094010353088379,Ante Budimir,h,1235,OpenPlay,2024,OtherBodyPart,27351,Osasuna,Espanyol,2,0,2025-05-18 17:00:00,Aimar Oroz,None
639400,8,Goal,0.9259999847412109,0.47700000762939454,0.1385723352432251,Ante Budimir,h,1235,OpenPlay,2025,Head,29172,Osasuna,Valencia,1,0,2025-08-24 15:00:00,Valentin Rosier,Cross
643266,50,Goal,0.885,0.5,0.7432776093482971,Ante Budimir,a,1235,Penalty,2025,LeftFoot,29207,Villarreal,Osasuna,2,1,2025-09-20 16:30:00,,Standard
649901,36,Goal,0.885,0.5,0.7432776093482971,Ante Budimir,h,1235,Penalty,2025,LeftFoot,29255,Osasuna,Celta Vigo,2,3,2025-10-26 17:30:00,,Standard
649902,45,Goal,0.9459999847412109,0.585,0.07652099430561066,Ante Budimir,h,1235,FromCorner,2025,LeftFoot,29255,Osasuna,Celta Vigo,2,3,2025-10-26 17:30:00,Rubén García,Cross
659426,71,Goal,0.845,0.5359999847412109,0.08534028381109238,Ante Budimir,h,1235,OpenPlay,2025,LeftFoot,29323,Osasuna,Alaves,3,0,2025-12-20 17:30:00,Aimar Oroz,Pass
659428,80,Goal,0.885,0.5,0.7432776093482971,Ante Budimir,h,1235,Penalty,2025,LeftFoot,29323,Osasuna,Alaves,3,0,2025-12-20 17:30:00,,Standard
663813,44,Goal,0.9259999847412109,0.47400001525878904,0.26833564043045044,Ante Budimir,h,1235,OpenPlay,2025,Head,29357,Osasuna,Real Oviedo,3,2,2026-01-17 17:30:00,Javi Galán,Aerial
663821,74,Goal,0.93,0.48200000762939454,0.5251326560974121,Ante Budimir,h,1235,SetPiece,2025,RightFoot,29357,Osasuna,Real Oviedo,3,2,2026-01-17 17:30:00,Enzo Boyomo,HeadPass
664619,28,Goal,0.96,0.53,0.6605835556983948,Ante Budimir,a,1235,FromCorner,2025,LeftFoot,29366,Rayo Vallecano,Osasuna,1,3,2026-01-24 13:00:00,Jorge Herrando,Rebound
666105,46,Goal,0.9230000305175782,0.48200000762939454,0.611315906047821,Ante Budimir,h,1235,OpenPlay,2025,Head,29370,Osasuna,Villarreal,2,2,2026-01-31 15:15:00,Jon Moncayola,Aerial
667005,34,Goal,0.91,0.47400001525878904,0.12686657905578613,Ante Budimir,a,1235,OpenPlay,2025,Head,29382,Celta Vigo,Osasuna,1,2,2026-02-06 20:00:00,Raul Moro,Cross
669923,37,Goal,0.885,0.5,0.7432776093482971,Ante Budimir,h,1235,Penalty,2025,LeftFoot,29405,Osasuna,Real Madrid,2,1,2026-02-21 17:30:00,,Standard
672476,93,Goal,0.8590000152587891,0.45099998474121095,0.2920219600200653,Ante Budimir,h,1235,OpenPlay,2025,LeftFoot,29426,Osasuna,Mallorca,2,2,2026-03-07 13:00:00,Moi Gómez,Pass
675511,79,Goal,0.9319999694824219,0.54,0.0824897438287735,Ante Budimir,h,1235,OpenPlay,2025,Head,29447,Osasuna,Girona,1,0,2026-03-21 17:30:00,Kike Barja,Aerial
677273,79,Goal,0.885,0.5,0.7432776093482971,Ante Budimir,a,1235,Penalty,2025,LeftFoot,29448,Alaves,Osasuna,2,2,2026-04-05 19:00:00,,Standard
678250,39,Goal,0.885,0.5,0.7432776093482971,Ante Budimir,h,1235,Penalty,2025,LeftFoot,29460,Osasuna,Real Betis,1,1,2026-04-12 12:00:00,,Standard
683445,10,Goal,0.9640000152587891,0.415,0.38185328245162964,Ante Budimir,a,1235,OpenPlay,2025,RightFoot,29501,Levante,Osasuna,3,2,2026-05-08 19:00:00,Abel Bretones,Cross
533207,35,Goal,0.9569999694824218,0.5259999847412109,0.6668094396591187,Mohamed Salah,h,1250,SetPiece,2023,LeftFoot,22288,Liverpool,Bournemouth,3,1,2023-08-19 14:00:00,,Rebound
536803,54,Goal,0.965,0.555,0.5849390625953674,Mohamed Salah,h,1250,FromCorner,2023,LeftFoot,21933,Liverpool,Aston Villa,3,0,2023-09-03 13:00:00,Darwin Núñez,Rebound
539663,15,Goal,0.885,0.5,0.7611688375473022,Mohamed Salah,h,1250,Penalty,2023,LeftFoot,21953,Liverpool,West Ham,3,1,2023-09-24 13:00:00,,Standard
543050,39,Goal,0.895,0.42900001525878906,0.5699190497398376,Mohamed Salah,a,1250,OpenPlay,2023,LeftFoot,21966,Brighton,Liverpool,2,2,2023-10-08 13:00:00,Darwin Núñez,Pass
543052,45,Goal,0.885,0.5,0.7611688375473022,Mohamed Salah,a,1250,Penalty,2023,LeftFoot,21966,Brighton,Liverpool,2,2,2023-10-08 13:00:00,,Standard
543737,74,Goal,0.885,0.5,0.7610946297645569,Mohamed Salah,h,1250,Penalty,2023,LeftFoot,21979,Liverpool,Everton,2,0,2023-10-21 11:30:00,,Standard
543746,96,Goal,0.875999984741211,0.4209999847412109,0.4393172264099121,Mohamed Salah,h,1250,OpenPlay,2023,LeftFoot,21979,Liverpool,Everton,2,0,2023-10-21 11:30:00,Darwin Núñez,Pass
546097,76,Goal,0.795,0.29700000762939455,0.06722580641508102,Mohamed Salah,h,1250,OpenPlay,2023,RightFoot,21991,Liverpool,Nottingham Forest,3,0,2023-10-29 14:00:00,Dominik Szoboszlai,Pass
548834,38,Goal,0.9159999847412109,0.39099998474121095,0.3601323962211609,Mohamed Salah,h,1250,OpenPlay,2023,LeftFoot,22011,Liverpool,Brentford,3,0,2023-11-12 14:00:00,Darwin Núñez,Pass
548845,61,Goal,0.92,0.425,0.04173821583390236,Mohamed Salah,h,1250,OpenPlay,2023,Head,22011,Liverpool,Brentford,3,0,2023-11-12 14:00:00,Konstantinos Tsimikas,Chipped
552644,75,Goal,0.875,0.4779999923706055,0.1019953116774559,Mohamed Salah,a,1250,OpenPlay,2023,LeftFoot,22047,Crystal Palace,Liverpool,1,2,2023-12-09 12:30:00,Curtis Jones,Pass
556384,28,Goal,0.9059999847412109,0.34,0.05276031419634819,Mohamed Salah,h,1250,OpenPlay,2023,LeftFoot,22068,Liverpool,Arsenal,1,1,2023-12-23 17:30:00,Trent Alexander-Arnold,TakeOn
557230,48,Goal,0.9440000152587891,0.51,0.6299231052398682,Mohamed Salah,h,1250,OpenPlay,2023,RightFoot,22088,Liverpool,Newcastle United,4,2,2024-01-01 19:00:00,Darwin Núñez,Pass
557246,85,Goal,0.885,0.5,0.7611688375473022,Mohamed Salah,h,1250,Penalty,2023,LeftFoot,22088,Liverpool,Newcastle United,4,2,2024-01-01 19:00:00,,Standard
563629,67,Goal,0.8730000305175781,0.5790000152587891,0.42033544182777405,Mohamed Salah,a,1250,OpenPlay,2023,LeftFoot,22135,Brentford,Liverpool,1,4,2024-02-17 12:30:00,Cody Gakpo,TakeOn
571225,64,Goal,0.9130000305175782,0.44,0.4596918225288391,Mohamed Salah,h,1250,OpenPlay,2023,LeftFoot,22189,Liverpool,Brighton,2,1,2024-03-31 14:00:00,Alexis Mac Allister,Throughball
573013,83,Goal,0.885,0.5,0.7611688375473022,Mohamed Salah,a,1250,Penalty,2023,LeftFoot,22211,Manchester United,Liverpool,2,2,2024-04-07 14:30:00,,Standard
579005,15,Goal,0.9740000152587891,0.445,0.5794141292572021,Mohamed Salah,h,1250,OpenPlay,2023,Head,22251,Liverpool,Tottenham,4,2,2024-05-05 15:30:00,Cody Gakpo,Cross
584700,64,Goal,0.9369999694824219,0.4490000152587891,0.5713244676589966,Mohamed Salah,a,1250,OpenPlay,2024,LeftFoot,26603,Ipswich,Liverpool,0,2,2024-08-17 11:30:00,,None
586870,69,Goal,0.894000015258789,0.37900001525878907,0.3250463306903839,Mohamed Salah,h,1250,OpenPlay,2024,LeftFoot,26621,Liverpool,Brentford,2,0,2024-08-25 15:30:00,Luis Díaz,Pass
589908,55,Goal,0.8569999694824219,0.42,0.2954355478286743,Mohamed Salah,a,1250,OpenPlay,2024,LeftFoot,26631,Manchester United,Liverpool,0,3,2024-09-01 15:00:00,Dominik Szoboszlai,Pass
594316,60,Goal,0.885,0.5,0.7611688375473022,Mohamed Salah,a,1250,Penalty,2024,LeftFoot,26658,Wolverhampton Wanderers,Liverpool,1,2,2024-09-28 16:30:00,,Standard
597743,28,Goal,0.885,0.5,0.7611688375473022,Mohamed Salah,h,1250,Penalty,2024,LeftFoot,26679,Liverpool,Chelsea,2,1,2024-10-20 15:30:00,,Standard
599077,80,Goal,0.8930000305175781,0.46,0.5900135040283203,Mohamed Salah,a,1250,OpenPlay,2024,LeftFoot,26691,Arsenal,Liverpool,2,2,2024-10-27 16:30:00,Darwin Núñez,Pass
600156,71,Goal,0.8519999694824218,0.31799999237060544,0.06631126999855042,Mohamed Salah,h,1250,OpenPlay,2024,LeftFoot,26696,Liverpool,Brighton,2,1,2024-11-02 15:00:00,Curtis Jones,Pass
601758,83,Goal,0.950999984741211,0.44599998474121094,0.620209276676178,Mohamed Salah,h,1250,OpenPlay,2024,LeftFoot,26707,Liverpool,Aston Villa,2,0,2024-11-09 20:00:00,,Interception
603465,64,Goal,0.875,0.29600000381469727,0.2497328668832779,Mohamed Salah,a,1250,OpenPlay,2024,LeftFoot,26721,Southampton,Liverpool,2,3,2024-11-24 14:00:00,Ryan Gravenberch,Chipped
603474,82,Goal,0.885,0.5,0.7611688375473022,Mohamed Salah,a,1250,Penalty,2024,LeftFoot,26721,Southampton,Liverpool,2,3,2024-11-24 14:00:00,,Standard
604831,77,Goal,0.885,0.5,0.7611688375473022,Mohamed Salah,h,1250,Penalty,2024,LeftFoot,26726,Liverpool,Manchester City,2,0,2024-12-01 16:00:00,,Standard
605258,67,Goal,0.9569999694824218,0.415,0.4565964639186859,Mohamed Salah,a,1250,OpenPlay,2024,RightFoot,26740,Newcastle United,Liverpool,3,3,2024-12-04 19:30:00,Trent Alexander-Arnold,Pass
605266,82,Goal,0.905,0.46599998474121096,0.1345466822385788,Mohamed Salah,a,1250,OpenPlay,2024,LeftFoot,26740,Newcastle United,Liverpool,3,3,2024-12-04 19:30:00,Trent Alexander-Arnold,Pass
608812,53,Goal,0.9669999694824218,0.4909999847412109,0.9530402421951294,Mohamed Salah,a,1250,OpenPlay,2024,LeftFoot,26768,Tottenham,Liverpool,3,6,2024-12-22 16:30:00,,Rebound
608814,60,Goal,0.9009999847412109,0.5179999923706055,0.513583242893219,Mohamed Salah,a,1250,OpenPlay,2024,RightFoot,26768,Tottenham,Liverpool,3,6,2024-12-22 16:30:00,Dominik Szoboszlai,Pass
609233,81,Goal,0.8930000305175781,0.29600000381469727,0.11710214614868164,Mohamed Salah,h,1250,OpenPlay,2024,LeftFoot,26776,Liverpool,Leicester,3,1,2024-12-26 20:00:00,Cody Gakpo,Chipped
609591,43,Goal,0.85,0.3770000076293945,0.08956075459718704,Mohamed Salah,a,1250,OpenPlay,2024,LeftFoot,26791,West Ham,Liverpool,0,5,2024-12-29 17:15:00,Curtis Jones,Pass
610335,69,Goal,0.885,0.5,0.7611688375473022,Mohamed Salah,h,1250,Penalty,2024,LeftFoot,26797,Liverpool,Manchester United,2,2,2025-01-05 16:30:00,,Standard
613390,34,Goal,0.9719999694824218,0.40099998474121096,0.3051217496395111,Mohamed Salah,h,1250,OpenPlay,2024,LeftFoot,26827,Liverpool,Ipswich,4,1,2025-01-25 15:00:00,Cody Gakpo,Cross
614873,29,Goal,0.885,0.5,0.7611688375473022,Mohamed Salah,a,1250,Penalty,2024,LeftFoot,26832,Bournemouth,Liverpool,0,2,2025-02-01 15:00:00,,Standard
614889,74,Goal,0.894000015258789,0.29,0.06036603823304176,Mohamed Salah,a,1250,OpenPlay,2024,LeftFoot,26832,Bournemouth,Liverpool,0,2,2025-02-01 15:00:00,Curtis Jones,Pass
616859,72,Goal,0.945,0.4129999923706055,0.39653483033180237,Mohamed Salah,a,1250,OpenPlay,2024,RightFoot,26748,Everton,Liverpool,2,2,2025-02-12 19:30:00,,Rebound
617582,36,Goal,0.885,0.5,0.7611688375473022,Mohamed Salah,h,1250,Penalty,2024,LeftFoot,26847,Liverpool,Wolverhampton Wanderers,2,1,2025-02-16 14:00:00,,Standard
618080,28,Goal,0.924000015258789,0.46799999237060547,0.5342634320259094,Mohamed Salah,a,1250,OpenPlay,2024,LeftFoot,26884,Aston Villa,Liverpool,2,2,2025-02-19 15:00:00,Diogo Jota,Pass
633841,13,Goal,0.8780000305175781,0.5220000076293946,0.06868991255760193,Mohamed Salah,a,1250,FromCorner,2024,LeftFoot,26859,Manchester City,Liverpool,0,2,2025-02-23 16:30:00,Dominik Szoboszlai,Pass
621342,54,Goal,0.885,0.5,0.7611688375473022,Mohamed Salah,h,1250,Penalty,2024,LeftFoot,26876,Liverpool,Southampton,3,1,2025-03-08 15:00:00,,Standard
621350,87,Goal,0.885,0.5,0.7611688375473022,Mohamed Salah,h,1250,Penalty,2024,LeftFoot,26876,Liverpool,Southampton,3,1,2025-03-08 15:00:00,,Standard
630831,62,Goal,0.8540000152587891,0.38299999237060545,0.16789975762367249,Mohamed Salah,h,1250,OpenPlay,2024,LeftFoot,26936,Liverpool,Tottenham,5,1,2025-04-27 15:30:00,Dominik Szoboszlai,TakeOn
636406,83,Goal,0.9259999847412109,0.4879999923706055,0.5112915635108948,Mohamed Salah,h,1250,OpenPlay,2024,LeftFoot,26975,Liverpool,Crystal Palace,1,1,2025-05-25 15:00:00,Cody Gakpo,Rebound
637528,93,Goal,0.899000015258789,0.6129999923706054,0.13890482485294342,Mohamed Salah,h,1250,OpenPlay,2025,RightFoot,28778,Liverpool,Bournemouth,4,2,2025-08-15 19:00:00,Wataru Endo,BallRecovery
642166,94,Goal,0.885,0.5,0.7611688375473022,Mohamed Salah,a,1250,Penalty,2025,LeftFoot,28816,Burnley,Liverpool,0,1,2025-09-14 13:00:00,,Standard
649270,88,Goal,0.875,0.3920000076293945,0.04676544666290283,Mohamed Salah,a,1250,OpenPlay,2025,RightFoot,28861,Brentford,Liverpool,3,2,2025-10-25 19:00:00,Dominik Szoboszlai,Cross
651169,45,Goal,0.8590000152587891,0.28299999237060547,0.2812313437461853,Mohamed Salah,h,1250,OpenPlay,2025,RightFoot,28872,Liverpool,Aston Villa,2,0,2025-11-01 20:00:00,,None
672152,82,Goal,0.875,0.40299999237060546,0.26091355085372925,Mohamed Salah,a,1250,OpenPlay,2025,LeftFoot,29067,Wolverhampton Wanderers,Liverpool,2,1,2026-03-03 20:15:00,,BallRecovery
677966,39,Goal,0.8669999694824219,0.33099998474121095,0.07255519181489944,Mohamed Salah,h,1250,OpenPlay,2025,LeftFoot,29097,Liverpool,Fulham,2,0,2026-04-11 16:30:00,Cody Gakpo,Pass
679562,28,Goal,0.9209999847412109,0.4209999847412109,0.38236069679260254,Mohamed Salah,a,1250,OpenPlay,2025,LeftFoot,29102,Everton,Liverpool,1,2,2026-04-19 13:00:00,Cody Gakpo,Throughball
533517,7,Goal,0.9209999847412109,0.5020000076293946,0.41375038027763367,Lautaro Martínez,h,7006,OpenPlay,2023,RightFoot,22307,Inter,Monza,2,0,2023-08-19 18:45:00,Denzel Dumfries,Cross
533539,75,Goal,0.9840000152587891,0.4779999923706055,0.967666506767273,Lautaro Martínez,h,7006,OpenPlay,2023,RightFoot,22307,Inter,Monza,2,0,2023-08-19 18:45:00,Marko Arnautovic,Pass
535729,29,Goal,0.8919999694824219,0.5709999847412109,0.31214621663093567,Lautaro Martínez,a,7006,OpenPlay,2023,RightFoot,22324,Cagliari,Inter,0,2,2023-08-28 18:45:00,Federico Dimarco,Chipped
537040,52,Goal,0.855999984741211,0.4540000152587891,0.4139050543308258,Lautaro Martínez,h,7006,OpenPlay,2023,RightFoot,22332,Inter,Fiorentina,4,0,2023-09-03 16:30:00,Marcus Thuram,Pass
537047,72,Goal,0.9290000152587891,0.3940000152587891,0.12386943399906158,Lautaro Martínez,h,7006,OpenPlay,2023,RightFoot,22332,Inter,Fiorentina,4,0,2023-09-03 16:30:00,Juan Cuadrado,Cross
541527,61,Goal,0.919000015258789,0.5020000076293946,0.3804152309894562,Lautaro Martínez,a,7006,OpenPlay,2023,RightFoot,22372,Salernitana,Inter,0,4,2023-09-30 18:45:00,Marcus Thuram,Cross
541530,76,Goal,0.8819999694824219,0.46,0.09808581322431564,Lautaro Martínez,a,7006,OpenPlay,2023,RightFoot,22372,Salernitana,Inter,0,4,2023-09-30 18:45:00,Nicolò Barella,Cross
541532,84,Goal,0.885,0.5,0.7612988352775574,Lautaro Martínez,a,7006,Penalty,2023,RightFoot,22372,Salernitana,Inter,0,4,2023-09-30 18:45:00,,Standard
541533,88,Goal,0.9109999847412109,0.5470000076293945,0.5211808085441589,Lautaro Martínez,a,7006,OpenPlay,2023,LeftFoot,22372,Salernitana,Inter,0,4,2023-09-30 18:45:00,Carlos Augusto,Pass
542460,12,Goal,0.74,0.6580000305175782,0.016805851832032204,Lautaro Martínez,h,7006,OpenPlay,2023,RightFoot,22383,Inter,Bologna,2,2,2023-10-07 13:00:00,Marcus Thuram,LayOff
544197,66,Goal,0.9780000305175781,0.48400001525878905,0.6635427474975586,Lautaro Martínez,a,7006,FromCorner,2023,Head,22390,Torino,Inter,0,3,2023-10-21 16:00:00,Francesco Acerbi,HeadPass
547001,56,Goal,0.86,0.6559999847412109,0.07050465047359467,Lautaro Martínez,a,7006,OpenPlay,2023,RightFoot,22405,Atalanta,Inter,1,2,2023-11-04 17:00:00,Henrikh Mkhitaryan,Pass
550596,32,Goal,0.9019999694824219,0.43900001525878907,0.3272516429424286,Lautaro Martínez,a,7006,OpenPlay,2023,RightFoot,22432,Juventus,Inter,1,1,2023-11-26 19:45:00,Marcus Thuram,Cross
553199,83,Goal,0.7809999847412109,0.33,0.0279252752661705,Lautaro Martínez,h,7006,OpenPlay,2023,RightFoot,22450,Inter,Udinese,4,0,2023-12-09 19:45:00,,BallRecovery
555072,39,Goal,0.975999984741211,0.40299999237060546,0.6187292337417603,Lautaro Martínez,a,7006,OpenPlay,2023,LeftFoot,22463,Lazio,Inter,0,2,2023-12-17 19:45:00,,TakeOn
557556,12,Goal,0.8819999694824219,0.46599998474121096,0.3855796456336975,Lautaro Martínez,h,7006,OpenPlay,2023,RightFoot,22491,Inter,Verona,2,1,2024-01-06 11:30:00,Henrikh Mkhitaryan,Pass
558277,13,Goal,0.9819999694824219,0.5220000076293946,0.9549241662025452,Lautaro Martínez,a,7006,OpenPlay,2023,RightFoot,22504,Monza,Inter,1,5,2024-01-13 19:45:00,Federico Dimarco,Pass
558295,83,Goal,0.885,0.5,0.7612988352775574,Lautaro Martínez,a,7006,Penalty,2023,RightFoot,22504,Monza,Inter,1,5,2024-01-13 19:45:00,,Standard
560410,13,Goal,0.9690000152587891,0.6129999923706054,0.027077509090304375,Lautaro Martínez,a,7006,FromCorner,2023,Head,22522,Fiorentina,Inter,0,1,2024-01-28 19:45:00,Kristjan Asllani,Cross
563560,18,Goal,0.830999984741211,0.654000015258789,0.037861719727516174,Lautaro Martínez,h,7006,OpenPlay,2023,RightFoot,22550,Inter,Salernitana,4,0,2024-02-16 20:00:00,Carlos Augusto,Pass
565824,14,Goal,0.8619999694824219,0.4759999847412109,0.5584723353385925,Lautaro Martínez,a,7006,OpenPlay,2023,RightFoot,22563,Lecce,Inter,0,4,2024-02-25 17:00:00,Kristjan Asllani,Throughball
565838,55,Goal,0.9309999847412109,0.519000015258789,0.5785050988197327,Lautaro Martínez,a,7006,OpenPlay,2023,LeftFoot,22563,Lecce,Inter,0,4,2024-02-25 17:00:00,Davide Frattesi,Pass
566135,45,Goal,0.8180000305175781,0.5259999847412109,0.07686188817024231,Lautaro Martínez,h,7006,OpenPlay,2023,LeftFoot,22507,Inter,Atalanta,4,0,2024-02-28 19:45:00,Benjamin Pavard,Pass
579551,79,Goal,0.865999984741211,0.49400001525878906,0.09963781386613846,Lautaro Martínez,a,7006,OpenPlay,2023,LeftFoot,22657,Frosinone,Inter,0,5,2024-05-10 18:45:00,,None
593914,46,Goal,0.855,0.47700000762939454,0.11110027879476547,Lautaro Martínez,a,7006,OpenPlay,2024,RightFoot,27413,Udinese,Inter,2,3,2024-09-28 13:00:00,Marcus Thuram,Pass
593913,47,Goal,0.9119999694824219,0.5320000076293945,0.3601064383983612,Lautaro Martínez,a,7006,OpenPlay,2024,LeftFoot,27413,Udinese,Inter,2,3,2024-09-28 13:00:00,Federico Dimarco,Cross
597870,59,Goal,0.85,0.47200000762939454,0.11467812210321426,Lautaro Martínez,a,7006,OpenPlay,2024,RightFoot,27441,Roma,Inter,0,1,2024-10-20 18:45:00,,None
599554,78,Goal,0.914000015258789,0.6619999694824219,0.2858699560165405,Lautaro Martínez,a,7006,OpenPlay,2024,LeftFoot,27455,Empoli,Inter,0,3,2024-10-30 17:30:00,Nicolò Barella,Pass
600929,64,Goal,0.9540000152587891,0.48200000762939454,0.5629404187202454,Lautaro Martínez,h,7006,OpenPlay,2024,Head,27463,Inter,Venezia,1,0,2024-11-03 19:45:00,Federico Dimarco,Cross
609347,70,Goal,0.9540000152587891,0.5220000076293946,0.5288737416267395,Lautaro Martínez,a,7006,FromCorner,2024,LeftFoot,27534,Cagliari,Inter,0,3,2024-12-28 17:00:00,Nicolò Barella,Cross
611774,45,Goal,0.8880000305175781,0.555,0.30440789461135864,Lautaro Martínez,h,7006,OpenPlay,2024,LeftFoot,27546,Inter,Bologna,2,2,2025-01-15 19:45:00,Federico Dimarco,Cross
612951,54,Goal,0.749000015258789,0.55,0.021522920578718185,Lautaro Martínez,h,7006,OpenPlay,2024,RightFoot,27567,Inter,Empoli,3,1,2025-01-19 19:45:00,Nicolò Barella,Pass
614045,38,Goal,0.8369999694824218,0.37099998474121093,0.06725024431943893,Lautaro Martínez,a,7006,OpenPlay,2024,LeftFoot,27575,Lecce,Inter,0,4,2025-01-26 17:00:00,Piotr Zielinski,BallRecovery
618764,77,Goal,0.9719999694824218,0.54,0.5025675296783447,Lautaro Martínez,h,7006,FromCorner,2024,Head,27614,Inter,Genoa,1,0,2025-02-22 19:45:00,Hakan Calhanoglu,Aerial
623739,86,Goal,0.955,0.32099998474121094,0.26039189100265503,Lautaro Martínez,a,7006,OpenPlay,2024,RightFoot,27643,Atalanta,Inter,0,2,2025-03-16 19:45:00,Nicolò Barella,Pass
627370,25,Goal,0.8669999694824219,0.5379999923706055,0.3498847186565399,Lautaro Martínez,h,7006,OpenPlay,2024,RightFoot,27678,Inter,Cagliari,3,1,2025-04-12 16:00:00,Marko Arnautovic,Throughball
639830,51,Goal,0.9369999694824219,0.33,0.3813428580760956,Lautaro Martínez,h,7006,OpenPlay,2025,RightFoot,29853,Inter,Torino,5,0,2025-08-25 18:45:00,,None
645038,8,Goal,0.95,0.445,0.44410601258277893,Lautaro Martínez,a,7006,OpenPlay,2025,Head,29884,Cagliari,Inter,0,2,2025-09-27 18:45:00,Alessandro Bastoni,Cross
646253,5,Goal,0.9059999847412109,0.4809999847412109,0.4583057165145874,Lautaro Martínez,h,7006,OpenPlay,2025,LeftFoot,29897,Inter,Cremonese,4,1,2025-10-04 16:00:00,Ange-Yoan Bonny,Pass
653161,2,Goal,0.875,0.6959999847412109,0.0519544817507267,Lautaro Martínez,h,7006,OpenPlay,2025,RightFoot,29948,Inter,Lazio,2,0,2025-11-09 19:45:00,Alessandro Bastoni,Pass
655568,68,Goal,0.88,0.5529999923706055,0.11684516817331314,Lautaro Martínez,a,7006,OpenPlay,2025,LeftFoot,29972,Pisa,Inter,0,2,2025-11-30 14:00:00,Francesco Pio Esposito,Pass
655570,82,Goal,0.97,0.5420000076293945,0.6385180354118347,Lautaro Martínez,a,7006,FromCorner,2025,RightFoot,29972,Pisa,Inter,0,2,2025-11-30 14:00:00,Nicolò Barella,Pass
657071,10,Goal,0.885,0.47900001525878905,0.39117538928985596,Lautaro Martínez,h,7006,OpenPlay,2025,RightFoot,29976,Inter,Como,4,0,2025-12-06 17:00:00,Luis Henrique,Pass
658858,37,Goal,0.87,0.5829999923706055,0.0930812731385231,Lautaro Martínez,a,7006,OpenPlay,2025,LeftFoot,29987,Genoa,Inter,1,2,2025-12-14 17:00:00,,None
660487,64,Goal,0.9080000305175782,0.5770000076293945,0.41096290946006775,Lautaro Martínez,a,7006,OpenPlay,2025,LeftFoot,30013,Atalanta,Inter,0,1,2025-12-28 19:45:00,Francesco Pio Esposito,Pass
661702,47,Goal,0.945,0.5020000076293946,0.45453038811683655,Lautaro Martínez,h,7006,FromCorner,2025,Head,30019,Inter,Bologna,3,1,2026-01-04 19:45:00,Hakan Calhanoglu,Cross
663534,19,Goal,0.8869999694824219,0.5279999923706055,0.35286542773246765,Lautaro Martínez,a,7006,OpenPlay,2025,RightFoot,30051,Udinese,Inter,0,1,2026-01-17 14:00:00,Francesco Pio Esposito,TakeOn
664538,40,Goal,0.9590000152587891,0.4570000076293945,0.44661566615104675,Lautaro Martínez,h,7006,OpenPlay,2025,Head,30058,Inter,Pisa,6,2,2026-01-23 19:45:00,Federico Dimarco,Cross
666748,15,Goal,0.9209999847412109,0.5429999923706055,0.2966194748878479,Lautaro Martínez,a,7006,FromCorner,2025,Head,30067,Cremonese,Inter,0,2,2026-02-01 17:00:00,Federico Dimarco,Cross
667954,49,Goal,0.870999984741211,0.5370000076293945,0.07198097556829453,Lautaro Martínez,a,7006,OpenPlay,2025,LeftFoot,30075,Sassuolo,Inter,0,5,2026-02-08 17:00:00,,Aerial
677225,1,Goal,0.9180000305175782,0.45099998474121095,0.4683987498283386,Lautaro Martínez,h,7006,OpenPlay,2025,RightFoot,30145,Inter,Roma,5,2,2026-04-05 18:45:00,Marcus Thuram,Pass
677239,51,Goal,0.8730000305175781,0.5690000152587891,0.3561648726463318,Lautaro Martínez,h,7006,OpenPlay,2025,RightFoot,30145,Inter,Roma,5,2,2026-04-05 18:45:00,Marcus Thuram,Pass
683758,5,Goal,0.9319999694824219,0.4859999847412109,0.5437089800834656,Lautaro Martínez,a,7006,OpenPlay,2025,RightFoot,30198,Lazio,Inter,0,3,2026-05-09 16:00:00,Marcus Thuram,HeadPass
539624,72,Goal,0.9380000305175781,0.3089999961853027,0.08769083023071289,Ollie Watkins,a,8865,OpenPlay,2023,RightFoot,21947,Chelsea,Aston Villa,0,1,2023-09-24 13:00:00,,Rebound
540847,13,Goal,0.9319999694824219,0.48200000762939454,0.5715277194976807,Ollie Watkins,h,8865,OpenPlay,2023,LeftFoot,21955,Aston Villa,Brighton,6,1,2023-09-30 11:30:00,Matthew Cash,Pass
540850,20,Goal,0.865999984741211,0.6020000076293945,0.2434852570295334,Ollie Watkins,h,8865,OpenPlay,2023,RightFoot,21955,Aston Villa,Brighton,6,1,2023-09-30 11:30:00,Moussa Diaby,TakeOn
540865,64,Goal,0.8430000305175781,0.415,0.10040675103664398,Ollie Watkins,h,8865,OpenPlay,2023,LeftFoot,21955,Aston Villa,Brighton,6,1,2023-09-30 11:30:00,John McGinn,Chipped
544778,73,Goal,0.9309999847412109,0.6840000152587891,0.12390846014022827,Ollie Watkins,h,8865,OpenPlay,2023,LeftFoot,21976,Aston Villa,West Ham,4,1,2023-10-22 15:30:00,John McGinn,Throughball
548894,63,Goal,0.955999984741211,0.49400001525878906,0.9277160167694092,Ollie Watkins,h,8865,OpenPlay,2023,RightFoot,22007,Aston Villa,Fulham,3,1,2023-11-12 14:00:00,Leon Bailey,Pass
550302,60,Goal,0.855999984741211,0.445,0.09781885147094727,Ollie Watkins,a,8865,OpenPlay,2023,RightFoot,22024,Tottenham,Aston Villa,1,2,2023-11-26 14:00:00,Youri Tielemans,Pass
551587,89,Goal,0.91,0.46599998474121096,0.03576064482331276,Ollie Watkins,a,8865,OpenPlay,2023,Head,22025,Bournemouth,Aston Villa,2,2,2023-12-03 14:00:00,Moussa Diaby,Aerial
554741,84,Goal,0.9490000152587891,0.485,0.07311023771762848,Ollie Watkins,a,8865,FromCorner,2023,Head,22057,Brentford,Aston Villa,1,2,2023-12-17 14:00:00,Boubacar Kamara,Pass
560655,70,Goal,0.9340000152587891,0.47700000762939454,0.34363797307014465,Ollie Watkins,h,8865,OpenPlay,2023,LeftFoot,22105,Aston Villa,Newcastle United,1,3,2024-01-30 20:15:00,Leon Bailey,Cross
561348,15,Goal,0.87,0.395,0.4817430377006531,Ollie Watkins,a,8865,OpenPlay,2023,RightFoot,22124,Sheffield United,Aston Villa,0,5,2024-02-03 17:30:00,Douglas Luiz,Throughball
563857,22,Goal,0.914000015258789,0.42700000762939455,0.4195043444633484,Ollie Watkins,a,8865,OpenPlay,2023,RightFoot,22138,Fulham,Aston Villa,1,2,2024-02-17 15:00:00,,BallRecovery
563868,55,Goal,0.840999984741211,0.43099998474121093,0.32601240277290344,Ollie Watkins,a,8865,OpenPlay,2023,RightFoot,22138,Fulham,Aston Villa,1,2,2024-02-17 15:00:00,Youri Tielemans,Throughball
565154,3,Goal,0.975,0.4979999923706055,0.9218227863311768,Ollie Watkins,h,8865,OpenPlay,2023,RightFoot,22147,Aston Villa,Nottingham Forest,4,2,2024-02-24 15:00:00,Leon Bailey,Pass
566808,23,Goal,0.945,0.4640000152587891,0.12606580555438995,Ollie Watkins,a,8865,FromCorner,2023,Head,22159,Luton,Aston Villa,2,3,2024-03-02 17:30:00,Leon Bailey,Cross
566811,37,Goal,0.8730000305175781,0.6070000076293945,0.2814556062221527,Ollie Watkins,a,8865,SetPiece,2023,RightFoot,22159,Luton,Aston Villa,2,3,2024-03-02 17:30:00,Douglas Luiz,Chipped
572379,38,Goal,0.9309999847412109,0.46599998474121096,0.3938213884830475,Ollie Watkins,h,8865,OpenPlay,2023,Head,22205,Aston Villa,Brentford,3,3,2024-04-06 14:00:00,John McGinn,Cross
572390,79,Goal,0.970999984741211,0.5509999847412109,0.1041637659072876,Ollie Watkins,h,8865,OpenPlay,2023,Head,22205,Aston Villa,Brentford,3,3,2024-04-06 14:00:00,,Aerial
574365,86,Goal,0.899000015258789,0.385,0.3786843717098236,Ollie Watkins,a,8865,OpenPlay,2023,RightFoot,22216,Arsenal,Aston Villa,0,2,2024-04-14 15:30:00,Youri Tielemans,Chipped
590990,35,Goal,0.975999984741211,0.4809999847412109,0.8996084928512573,Ollie Watkins,h,8865,OpenPlay,2024,Head,26638,Aston Villa,Everton,3,2,2024-09-14 16:30:00,Lucas Digne,Aerial
590994,57,Goal,0.9130000305175782,0.5159999847412109,0.482757568359375,Ollie Watkins,h,8865,OpenPlay,2024,RightFoot,26638,Aston Villa,Everton,3,2,2024-09-14 16:30:00,,None
592486,72,Goal,0.9269999694824219,0.44400001525878907,0.4445323050022125,Ollie Watkins,h,8865,OpenPlay,2024,RightFoot,26647,Aston Villa,Wolverhampton Wanderers,3,1,2024-09-21 14:00:00,Morgan Rogers,Pass
594554,31,Goal,0.955,0.5359999847412109,0.5488311648368835,Ollie Watkins,a,8865,OpenPlay,2024,Head,26659,Ipswich,Aston Villa,2,2,2024-09-29 13:00:00,Leon Bailey,Cross
597057,58,Goal,0.9169999694824219,0.5570000076293945,0.07209914922714233,Ollie Watkins,a,8865,FromCorner,2024,Head,26673,Fulham,Aston Villa,1,3,2024-10-19 14:00:00,Youri Tielemans,Cross
602890,35,Goal,0.8919999694824219,0.5590000152587891,0.6168818473815918,Ollie Watkins,h,8865,OpenPlay,2024,LeftFoot,26716,Aston Villa,Crystal Palace,2,2,2024-11-23 15:00:00,John McGinn,TakeOn
605345,27,Goal,0.885,0.5,0.7611688375473022,Ollie Watkins,h,8865,Penalty,2024,RightFoot,26734,Aston Villa,Brentford,3,1,2024-12-04 20:15:00,,Standard
609758,35,Goal,0.885,0.5,0.7611688375473022,Ollie Watkins,h,8865,Penalty,2024,RightFoot,26782,Aston Villa,Brighton,2,2,2024-12-30 19:45:00,,Standard
611642,50,Goal,0.8430000305175781,0.5709999847412109,0.21045422554016113,Ollie Watkins,a,8865,OpenPlay,2024,LeftFoot,26804,Everton,Aston Villa,0,1,2025-01-15 19:30:00,Morgan Rogers,Pass
612413,67,Goal,0.950999984741211,0.519000015258789,0.5841257572174072,Ollie Watkins,a,8865,SetPiece,2024,RightFoot,26812,Arsenal,Aston Villa,2,2,2025-01-18 17:30:00,Matthew Cash,Cross
617153,68,Goal,0.925,0.5220000076293946,0.5585440397262573,Ollie Watkins,h,8865,SetPiece,2024,LeftFoot,26842,Aston Villa,Ipswich,1,1,2025-02-15 15:00:00,,Rebound
618085,47,Goal,0.9169999694824219,0.53,0.3393578827381134,Ollie Watkins,h,8865,OpenPlay,2024,Head,26884,Aston Villa,Liverpool,2,2,2025-02-19 15:00:00,Lucas Digne,Cross
621482,48,Goal,0.8819999694824219,0.7290000152587891,0.05840260162949562,Ollie Watkins,a,8865,OpenPlay,2024,RightFoot,26872,Brentford,Aston Villa,0,1,2025-03-08 17:30:00,Jacob Ramsey,Pass
627178,72,Goal,0.9019999694824219,0.5890000152587891,0.3467516601085663,Ollie Watkins,a,8865,OpenPlay,2024,RightFoot,26921,Southampton,Aston Villa,0,3,2025-04-12 14:00:00,Youri Tielemans,Throughball
628765,0,Goal,0.8580000305175781,0.67,0.04713301360607147,Ollie Watkins,h,8865,OpenPlay,2024,RightFoot,26922,Aston Villa,Newcastle United,4,1,2025-04-19 16:30:00,Youri Tielemans,Pass
632964,50,Goal,0.9519999694824218,0.45799999237060546,0.5449903607368469,Ollie Watkins,a,8865,OpenPlay,2024,LeftFoot,26955,Bournemouth,Aston Villa,0,1,2025-05-10 16:30:00,Morgan Rogers,Cross
645289,36,Goal,0.879000015258789,0.5220000076293946,0.2963070869445801,Ollie Watkins,h,8865,OpenPlay,2025,RightFoot,28831,Aston Villa,Fulham,3,1,2025-09-28 13:00:00,Lucas Digne,Throughball
656267,36,Goal,0.955,0.49200000762939455,0.6018798351287842,Ollie Watkins,a,8865,OpenPlay,2025,RightFoot,28910,Brighton,Aston Villa,3,4,2025-12-03 19:30:00,Evann Guessand,None
656271,51,Goal,0.8690000152587891,0.5159999847412109,0.29341933131217957,Ollie Watkins,a,8865,OpenPlay,2025,RightFoot,28910,Brighton,Aston Villa,3,4,2025-12-03 19:30:00,Morgan Rogers,Throughball
660317,62,Goal,0.9330000305175781,0.47900001525878905,0.5472025871276855,Ollie Watkins,a,8865,OpenPlay,2025,LeftFoot,28951,Chelsea,Aston Villa,1,2,2025-12-27 17:30:00,,Rebound
660323,83,Goal,0.9230000305175782,0.47,0.10132727026939392,Ollie Watkins,a,8865,FromCorner,2025,Head,28951,Chelsea,Aston Villa,1,2,2025-12-27 17:30:00,Youri Tielemans,Cross
660672,93,Goal,0.9830000305175781,0.4979999923706055,0.913304328918457,Ollie Watkins,a,8865,OpenPlay,2025,LeftFoot,28958,Arsenal,Aston Villa,4,1,2025-12-30 20:15:00,,Rebound
660887,45,Goal,0.779000015258789,0.6170000076293946,0.028057537972927094,Ollie Watkins,h,8865,OpenPlay,2025,RightFoot,28972,Aston Villa,Nottingham Forest,3,1,2026-01-03 12:30:00,Morgan Rogers,Pass
665209,87,Goal,0.965,0.44799999237060545,0.46760135889053345,Ollie Watkins,a,8865,FromCorner,2025,Head,29006,Newcastle United,Aston Villa,0,2,2026-01-25 14:00:00,Lucas Digne,Cross
675910,67,Goal,0.9569999694824218,0.45299999237060545,0.7016350030899048,Ollie Watkins,h,8865,OpenPlay,2025,RightFoot,29079,Aston Villa,West Ham,2,0,2026-03-22 14:15:00,,Rebound
679531,1,Goal,0.965,0.5429999923706055,0.5724046230316162,Ollie Watkins,h,8865,OpenPlay,2025,Head,29098,Aston Villa,Sunderland,4,3,2026-04-19 13:00:00,John McGinn,Chipped
679538,35,Goal,0.9519999694824218,0.46799999237060547,0.5660530924797058,Ollie Watkins,h,8865,OpenPlay,2025,Head,29098,Aston Villa,Sunderland,4,3,2026-04-19 13:00:00,Ian Maatsen,Cross
684041,55,Goal,0.850999984741211,0.4179999923706055,0.29096972942352295,Ollie Watkins,a,8865,OpenPlay,2025,RightFoot,29129,Burnley,Aston Villa,2,2,2026-05-10 13:00:00,Emiliano Martinez,Chipped
685179,56,Goal,0.895,0.42900001525878906,0.3653189241886139,Ollie Watkins,h,8865,OpenPlay,2025,RightFoot,29140,Aston Villa,Liverpool,4,2,2026-05-15 19:00:00,Morgan Rogers,Pass
685186,72,Goal,0.965,0.51,0.7263607382774353,Ollie Watkins,h,8865,FromCorner,2025,RightFoot,29140,Aston Villa,Liverpool,4,2,2026-05-15 19:00:00,,Rebound
532195,15,Goal,0.91,0.49400001525878906,0.5244932174682617,Alexander Isak,h,5232,SetPiece,2023,RightFoot,22281,Newcastle United,Aston Villa,5,1,2023-08-12 16:30:00,Sven Botman,Pass
532206,57,Goal,0.925,0.6419999694824219,0.346384197473526,Alexander Isak,h,5232,OpenPlay,2023,RightFoot,22281,Newcastle United,Aston Villa,5,1,2023-08-12 16:30:00,,None
539913,86,Goal,0.924000015258789,0.4640000152587891,0.6541728377342224,Alexander Isak,a,5232,OpenPlay,2023,RightFoot,21954,Sheffield United,Newcastle United,0,8,2023-09-24 15:30:00,,TakeOn
541217,75,Goal,0.885,0.5,0.7611688375473022,Alexander Isak,h,5232,Penalty,2023,RightFoot,21958,Newcastle United,Burnley,2,0,2023-09-30 14:00:00,,Standard
543073,56,Goal,0.9490000152587891,0.4329999923706055,0.5453226566314697,Alexander Isak,a,5232,SetPiece,2023,RightFoot,21973,West Ham,Newcastle United,2,2,2023-10-08 13:00:00,,None
543075,61,Goal,0.960999984741211,0.5059999847412109,0.6122284531593323,Alexander Isak,a,5232,OpenPlay,2023,LeftFoot,21973,West Ham,Newcastle United,2,2,2023-10-08 13:00:00,Kieran Trippier,Cross
549738,12,Goal,0.899000015258789,0.45299999237060545,0.44091522693634033,Alexander Isak,h,5232,OpenPlay,2023,RightFoot,22021,Newcastle United,Chelsea,4,1,2023-11-25 15:00:00,Lewis Miley,Throughball
556459,22,Goal,0.885,0.5,0.7611688375473022,Alexander Isak,h,5232,Penalty,2023,RightFoot,22083,Newcastle United,Nottingham Forest,1,3,2023-12-26 12:30:00,,Standard
557234,53,Goal,0.8769999694824219,0.65,0.31906771659851074,Alexander Isak,a,5232,OpenPlay,2023,RightFoot,22088,Liverpool,Newcastle United,4,2,2024-01-01 19:00:00,Anthony Gordon,Throughball
558215,34,Goal,0.8619999694824219,0.6129999923706054,0.10711311548948288,Alexander Isak,h,5232,OpenPlay,2023,RightFoot,22100,Newcastle United,Manchester City,2,3,2024-01-13 17:30:00,Bruno Guimarães,Chipped
566673,13,Goal,0.9590000152587891,0.46599998474121096,0.8237619400024414,Alexander Isak,h,5232,OpenPlay,2023,Head,22161,Newcastle United,Wolverhampton Wanderers,3,0,2024-03-02 15:00:00,,Rebound
569018,42,Goal,0.8180000305175781,0.6669999694824219,0.03166457638144493,Alexander Isak,a,5232,OpenPlay,2023,RightFoot,22169,Chelsea,Newcastle United,3,2,2024-03-11 20:00:00,Bruno Guimarães,Pass
570363,5,Goal,0.885,0.5,0.7611688375473022,Alexander Isak,h,5232,Penalty,2023,RightFoot,22191,Newcastle United,West Ham,4,3,2024-03-30 12:30:00,,Standard
570390,76,Goal,0.885,0.5,0.7611688375473022,Alexander Isak,h,5232,Penalty,2023,RightFoot,22191,Newcastle United,West Ham,4,3,2024-03-30 12:30:00,,Standard
571784,14,Goal,0.895,0.5570000076293945,0.4232686758041382,Alexander Isak,h,5232,OpenPlay,2023,RightFoot,22202,Newcastle United,Everton,1,1,2024-04-02 18:30:00,Harvey Barnes,TakeOn
573412,29,Goal,0.8719999694824219,0.5279999923706055,0.47428464889526367,Alexander Isak,h,5232,OpenPlay,2023,RightFoot,22222,Newcastle United,Tottenham,4,0,2024-04-13 11:30:00,Anthony Gordon,TakeOn
573421,50,Goal,0.924000015258789,0.5790000152587891,0.5431457757949829,Alexander Isak,h,5232,OpenPlay,2023,RightFoot,22222,Newcastle United,Tottenham,4,0,2024-04-13 11:30:00,Bruno Guimarães,Chipped
576827,25,Goal,0.9069999694824219,0.34599998474121096,0.2784183919429779,Alexander Isak,h,5232,OpenPlay,2023,RightFoot,22240,Newcastle United,Sheffield United,5,1,2024-04-27 14:00:00,Jacob Murphy,Throughball
576840,60,Goal,0.885,0.5,0.7611688375473022,Alexander Isak,h,5232,Penalty,2023,RightFoot,22240,Newcastle United,Sheffield United,5,1,2024-04-27 14:00:00,,Standard
578449,54,Goal,0.9519999694824218,0.5479999923706055,0.7890169620513916,Alexander Isak,a,5232,OpenPlay,2023,RightFoot,22248,Burnley,Newcastle United,1,4,2024-05-04 14:00:00,Jacob Murphy,Pass
582164,37,Goal,0.874000015258789,0.4209999847412109,0.3375982940196991,Alexander Isak,a,5232,OpenPlay,2023,RightFoot,22266,Brentford,Newcastle United,2,4,2024-05-19 15:00:00,Bruno Guimarães,Pass
589797,77,Goal,0.9630000305175781,0.5309999847412109,0.7756212949752808,Alexander Isak,h,5232,OpenPlay,2024,LeftFoot,26629,Newcastle United,Tottenham,2,1,2024-09-01 12:30:00,Jacob Murphy,Pass
598904,31,Goal,0.985999984741211,0.48400001525878905,0.8802757859230042,Alexander Isak,a,5232,OpenPlay,2024,RightFoot,26688,Chelsea,Newcastle United,2,1,2024-10-27 14:00:00,Lewis Hall,Cross
599832,11,Goal,0.925,0.49,0.3855815827846527,Alexander Isak,h,5232,OpenPlay,2024,Head,26694,Newcastle United,Arsenal,1,0,2024-11-02 12:30:00,Anthony Gordon,Cross
602033,53,Goal,0.955999984741211,0.5220000076293946,0.6248325705528259,Alexander Isak,a,5232,FromCorner,2024,RightFoot,26704,Nottingham Forest,Newcastle United,1,3,2024-11-10 14:00:00,,Rebound
605246,34,Goal,0.7959999847412109,0.405,0.03568056970834732,Alexander Isak,h,5232,OpenPlay,2024,RightFoot,26740,Newcastle United,Liverpool,3,3,2024-12-04 19:30:00,Bruno Guimarães,Pass
605876,10,Goal,0.9259999847412109,0.5359999847412109,0.30542540550231934,Alexander Isak,a,5232,OpenPlay,2024,Head,26743,Brentford,Newcastle United,4,2,2024-12-07 15:00:00,Jacob Murphy,Cross
607009,49,Goal,0.985999984741211,0.4779999923706055,0.8974371552467346,Alexander Isak,h,5232,OpenPlay,2024,Head,26760,Newcastle United,Leicester,4,0,2024-12-14 15:00:00,,None
608393,0,Goal,0.8730000305175781,0.4640000152587891,0.08248943835496902,Alexander Isak,a,5232,OpenPlay,2024,RightFoot,26771,Ipswich,Newcastle United,0,4,2024-12-21 15:00:00,,None
608405,46,Goal,0.9359999847412109,0.54,0.4804307818412781,Alexander Isak,a,5232,OpenPlay,2024,RightFoot,26771,Ipswich,Newcastle United,0,4,2024-12-21 15:00:00,Bruno Guimarães,BallRecovery
608409,53,Goal,0.9230000305175782,0.48200000762939454,0.585550844669342,Alexander Isak,a,5232,OpenPlay,2024,RightFoot,26771,Ipswich,Newcastle United,0,4,2024-12-21 15:00:00,Jacob Murphy,Pass
609125,58,Goal,0.9569999694824218,0.509000015258789,0.6981253027915955,Alexander Isak,h,5232,OpenPlay,2024,RightFoot,26778,Newcastle United,Aston Villa,3,0,2024-12-26 15:00:00,Jacob Murphy,Pass
609728,3,Goal,0.9459999847412109,0.485,0.5126044154167175,Alexander Isak,a,5232,OpenPlay,2024,Head,26789,Manchester United,Newcastle United,0,2,2024-12-30 20:00:00,,None
609854,37,Goal,0.9630000305175781,0.4979999923706055,0.6582426428794861,Alexander Isak,a,5232,OpenPlay,2024,RightFoot,26800,Tottenham,Newcastle United,1,2,2025-01-04 12:30:00,,None
611791,33,Goal,0.815,0.46,0.0760919526219368,Alexander Isak,h,5232,OpenPlay,2024,RightFoot,26810,Newcastle United,Wolverhampton Wanderers,3,0,2025-01-15 19:30:00,,TakeOn
611798,56,Goal,0.860999984741211,0.4809999847412109,0.37661367654800415,Alexander Isak,h,5232,OpenPlay,2024,RightFoot,26810,Newcastle United,Wolverhampton Wanderers,3,0,2025-01-15 19:30:00,Bruno Guimarães,Throughball
613360,25,Goal,0.885,0.5,0.7611688375473022,Alexander Isak,a,5232,Penalty,2024,RightFoot,26829,Southampton,Newcastle United,1,3,2025-01-25 15:00:00,,Standard
613362,29,Goal,0.875,0.5470000076293945,0.37707725167274475,Alexander Isak,a,5232,OpenPlay,2024,RightFoot,26829,Southampton,Newcastle United,1,3,2025-01-25 15:00:00,Jacob Murphy,Throughball
618876,32,Goal,0.885,0.5,0.7611688375473022,Alexander Isak,h,5232,Penalty,2024,RightFoot,26860,Newcastle United,Nottingham Forest,4,3,2025-02-23 14:00:00,,Standard
618877,33,Goal,0.9080000305175782,0.6329999923706054,0.12421438097953796,Alexander Isak,h,5232,OpenPlay,2024,LeftFoot,26860,Newcastle United,Nottingham Forest,4,3,2025-02-23 14:00:00,Joe Willock,Pass
625171,46,Goal,0.9490000152587891,0.509000015258789,0.5899137258529663,Alexander Isak,h,5232,OpenPlay,2024,RightFoot,26899,Newcastle United,Brentford,2,1,2025-04-02 19:45:00,Jacob Murphy,Cross
628241,57,Goal,0.7780000305175782,0.509000015258789,0.04451831057667732,Alexander Isak,h,5232,OpenPlay,2024,RightFoot,26890,Newcastle United,Crystal Palace,5,0,2025-04-16 18:30:00,Joelinton,BallRecovery
630280,48,Goal,0.885,0.5,0.7611688375473022,Alexander Isak,h,5232,Penalty,2024,RightFoot,26938,Newcastle United,Ipswich,3,0,2025-04-26 14:00:00,,Standard
631919,88,Goal,0.885,0.5,0.7611688375473022,Alexander Isak,a,5232,Penalty,2024,RightFoot,26944,Brighton,Newcastle United,1,1,2025-05-04 13:00:00,,Standard
655608,59,Goal,0.8830000305175781,0.5829999923706055,0.10442140698432922,Alexander Isak,a,5232,OpenPlay,2025,RightFoot,28907,West Ham,Liverpool,0,2,2025-11-30 14:05:00,Cody Gakpo,Pass
659499,55,Goal,0.8909999847412109,0.565,0.3871943950653076,Alexander Isak,a,5232,OpenPlay,2025,LeftFoot,28946,Tottenham,Liverpool,1,2,2025-12-20 17:30:00,Florian Wirtz,Pass
681029,34,Goal,0.905,0.5579999923706055,0.3768761157989502,Alexander Isak,h,5232,OpenPlay,2025,LeftFoot,29113,Liverpool,Crystal Palace,3,1,2026-04-25 14:00:00,Alexis Mac Allister,Rebound
542626,49,Goal,0.885,0.5,0.7611688375473022,Cole Palmer,a,8497,Penalty,2023,LeftFoot,21967,Burnley,Chelsea,1,4,2023-10-07 14:00:00,,Standard
544206,14,Goal,0.885,0.5,0.7611688375473022,Cole Palmer,h,8497,Penalty,2023,LeftFoot,21978,Chelsea,Arsenal,2,2,2023-10-21 16:30:00,,Standard
547910,34,Goal,0.885,0.5,0.7611688375473022,Cole Palmer,a,8497,Penalty,2023,LeftFoot,22004,Tottenham,Chelsea,1,4,2023-11-06 20:00:00,,Standard
549109,94,Goal,0.885,0.5,0.7611688375473022,Cole Palmer,h,8497,Penalty,2023,LeftFoot,22009,Chelsea,Manchester City,4,4,2023-11-12 16:30:00,,Standard
552353,44,Goal,0.850999984741211,0.53,0.07793436199426651,Cole Palmer,a,8497,OpenPlay,2023,LeftFoot,22044,Manchester United,Chelsea,2,1,2023-12-06 20:15:00,Mykhailo Mudryk,Pass
554267,53,Goal,0.9419999694824219,0.5170000076293946,0.6091511249542236,Cole Palmer,h,8497,OpenPlay,2023,LeftFoot,22059,Chelsea,Sheffield United,2,0,2023-12-16 15:00:00,Raheem Sterling,Pass
556886,11,Goal,0.889000015258789,0.6919999694824219,0.053648289293050766,Cole Palmer,a,8497,OpenPlay,2023,LeftFoot,22089,Luton,Chelsea,2,3,2023-12-30 12:30:00,,BallRecovery
556900,69,Goal,0.9519999694824218,0.4620000076293945,0.9273539781570435,Cole Palmer,a,8497,OpenPlay,2023,RightFoot,22089,Luton,Chelsea,2,3,2023-12-30 12:30:00,Nicolas Jackson,TakeOn
557899,48,Goal,0.885,0.5,0.7611688375473022,Cole Palmer,h,8497,Penalty,2023,LeftFoot,22097,Chelsea,Fulham,1,0,2024-01-13 12:30:00,,Standard
561571,18,Goal,0.9030000305175782,0.40299999237060546,0.35601821541786194,Cole Palmer,h,8497,OpenPlay,2023,RightFoot,22120,Chelsea,Wolverhampton Wanderers,2,4,2024-02-04 14:00:00,Moisés Caicedo,Throughball
569022,56,Goal,0.805,0.3240000152587891,0.02973678708076477,Cole Palmer,h,8497,OpenPlay,2023,LeftFoot,22169,Chelsea,Newcastle United,3,2,2024-03-11 20:00:00,Enzo Fernández,Pass
570721,43,Goal,0.885,0.5,0.7611688375473022,Cole Palmer,h,8497,Penalty,2023,LeftFoot,22188,Chelsea,Burnley,2,2,2024-03-30 15:00:00,,Standard
570738,77,Goal,0.8590000152587891,0.565,0.36159247159957886,Cole Palmer,h,8497,OpenPlay,2023,LeftFoot,22188,Chelsea,Burnley,2,2,2024-03-30 15:00:00,Raheem Sterling,Throughball
572009,18,Goal,0.885,0.5,0.7611688375473022,Cole Palmer,h,8497,Penalty,2023,LeftFoot,22201,Chelsea,Manchester United,4,3,2024-04-04 19:15:00,,Standard
572044,99,Goal,0.885,0.5,0.7611688375473022,Cole Palmer,h,8497,Penalty,2023,LeftFoot,22201,Chelsea,Manchester United,4,3,2024-04-04 19:15:00,,Standard
572046,100,Goal,0.8569999694824219,0.28399999618530275,0.029317373409867287,Cole Palmer,h,8497,FromCorner,2023,LeftFoot,22201,Chelsea,Manchester United,4,3,2024-04-04 19:15:00,Enzo Fernández,Pass
574582,12,Goal,0.8140000152587891,0.4540000152587891,0.06210532784461975,Cole Palmer,h,8497,OpenPlay,2023,LeftFoot,22219,Chelsea,Everton,6,0,2024-04-15 19:00:00,Nicolas Jackson,Pass
574585,17,Goal,0.9740000152587891,0.4879999923706055,0.8727668523788452,Cole Palmer,h,8497,OpenPlay,2023,Head,22219,Chelsea,Everton,6,0,2024-04-15 19:00:00,,Rebound
574587,28,Goal,0.7019999694824218,0.48,0.22258137166500092,Cole Palmer,h,8497,OpenPlay,2023,RightFoot,22219,Chelsea,Everton,6,0,2024-04-15 19:00:00,,BallRecovery
574596,63,Goal,0.885,0.5,0.7611688375473022,Cole Palmer,h,8497,Penalty,2023,LeftFoot,22219,Chelsea,Everton,6,0,2024-04-15 19:00:00,,Standard
578804,14,Goal,0.8819999694824219,0.44,0.0906350314617157,Cole Palmer,h,8497,OpenPlay,2023,LeftFoot,22249,Chelsea,West Ham,5,0,2024-05-05 13:00:00,Nicolas Jackson,Rebound
581197,33,Goal,0.9159999847412109,0.600999984741211,0.04721684008836746,Cole Palmer,a,8497,OpenPlay,2023,Head,22226,Brighton,Chelsea,1,2,2024-05-15 18:45:00,Marc Cucurella,Cross
586673,44,Goal,0.755,0.5990000152587891,0.016395259648561478,Cole Palmer,a,8497,OpenPlay,2024,LeftFoot,26619,Wolverhampton Wanderers,Chelsea,2,6,2024-08-25 13:00:00,Nicolas Jackson,Chipped
592106,46,Goal,0.860999984741211,0.644000015258789,0.2833598256111145,Cole Palmer,a,8497,OpenPlay,2024,LeftFoot,26642,West Ham,Chelsea,0,3,2024-09-21 11:30:00,Nicolas Jackson,Pass
594172,20,Goal,0.8540000152587891,0.4779999923706055,0.34908953309059143,Cole Palmer,h,8497,OpenPlay,2024,LeftFoot,26657,Chelsea,Brighton,4,2,2024-09-28 14:00:00,Nicolas Jackson,Pass
594173,27,Goal,0.885,0.5,0.7611688375473022,Cole Palmer,h,8497,Penalty,2024,LeftFoot,26657,Chelsea,Brighton,4,2,2024-09-28 14:00:00,,Standard
594174,30,Goal,0.7219999694824218,0.32799999237060545,0.037140220403671265,Cole Palmer,h,8497,DirectFreekick,2024,LeftFoot,26657,Chelsea,Brighton,4,2,2024-09-28 14:00:00,,Standard
594179,40,Goal,0.9119999694824219,0.634000015258789,0.1375078707933426,Cole Palmer,h,8497,OpenPlay,2024,LeftFoot,26657,Chelsea,Brighton,4,2,2024-09-28 14:00:00,Jadon Sancho,Throughball
598909,46,Goal,0.8480000305175781,0.6519999694824219,0.049186959862709045,Cole Palmer,h,8497,OpenPlay,2024,LeftFoot,26688,Chelsea,Newcastle United,2,1,2024-10-27 14:00:00,Romeo Lavia,Pass
604686,82,Goal,0.8069999694824219,0.39299999237060546,0.03367389738559723,Cole Palmer,h,8497,SetPiece,2024,LeftFoot,26724,Chelsea,Aston Villa,3,0,2024-12-01 13:30:00,Noni Madueke,Pass
605299,76,Goal,0.9719999694824218,0.4909999847412109,0.8947972059249878,Cole Palmer,a,8497,OpenPlay,2024,LeftFoot,26741,Southampton,Chelsea,1,5,2024-12-04 19:30:00,Christopher Nkunku,Rebound
606516,60,Goal,0.885,0.5,0.7611688375473022,Cole Palmer,a,8497,Penalty,2024,LeftFoot,26745,Tottenham,Chelsea,3,4,2024-12-08 16:30:00,,Standard
606522,83,Goal,0.885,0.5,0.7611688375473022,Cole Palmer,a,8497,Penalty,2024,LeftFoot,26745,Tottenham,Chelsea,3,4,2024-12-08 16:30:00,,Standard
609085,15,Goal,0.8130000305175781,0.5670000076293945,0.05856556072831154,Cole Palmer,h,8497,OpenPlay,2024,LeftFoot,26775,Chelsea,Fulham,1,2,2024-12-26 15:00:00,Levi Colwill,TakeOn
609903,13,Goal,0.9309999847412109,0.5709999847412109,0.475597620010376,Cole Palmer,a,8497,OpenPlay,2024,LeftFoot,26795,Crystal Palace,Chelsea,1,1,2025-01-04 15:00:00,Jadon Sancho,Pass
611483,12,Goal,0.8859999847412109,0.5609999847412109,0.3603881895542145,Cole Palmer,h,8497,OpenPlay,2024,LeftFoot,26809,Chelsea,Bournemouth,2,2,2025-01-14 19:30:00,Nicolas Jackson,Throughball
632113,95,Goal,0.885,0.5,0.7611688375473022,Cole Palmer,h,8497,Penalty,2024,LeftFoot,26948,Chelsea,Liverpool,3,1,2025-05-04 15:30:00,,Standard
642002,60,Goal,0.9,0.48,0.07754337042570114,Cole Palmer,a,8497,OpenPlay,2025,LeftFoot,28815,Brentford,Chelsea,2,2,2025-09-13 19:00:00,João Pedro,BallTouch
658165,20,Goal,0.9209999847412109,0.3770000076293945,0.3370308578014374,Cole Palmer,h,8497,OpenPlay,2025,LeftFoot,28931,Chelsea,Everton,2,0,2025-12-13 15:00:00,Malo Gusto,Throughball
660557,14,Goal,0.885,0.5,0.7611688375473022,Cole Palmer,h,8497,Penalty,2025,LeftFoot,28961,Chelsea,Bournemouth,2,2,2025-12-30 19:30:00,,Standard
663680,75,Goal,0.885,0.5,0.7611688375473022,Cole Palmer,h,8497,Penalty,2025,LeftFoot,28990,Chelsea,Brentford,2,0,2026-01-17 15:00:00,,Standard
667331,12,Goal,0.885,0.5,0.7611688375473022,Cole Palmer,a,8497,Penalty,2025,LeftFoot,29027,Wolverhampton Wanderers,Chelsea,1,3,2026-02-07 15:00:00,,Standard
667339,34,Goal,0.885,0.5,0.7611688375473022,Cole Palmer,a,8497,Penalty,2025,LeftFoot,29027,Wolverhampton Wanderers,Chelsea,1,3,2026-02-07 15:00:00,,Standard
667340,37,Goal,0.9230000305175782,0.5259999847412109,0.5898792743682861,Cole Palmer,a,8497,OpenPlay,2025,LeftFoot,29027,Wolverhampton Wanderers,Chelsea,1,3,2026-02-07 15:00:00,Marc Cucurella,Throughball
668168,57,Goal,0.885,0.5,0.7611688375473022,Cole Palmer,h,8497,Penalty,2025,LeftFoot,29030,Chelsea,Leeds,2,2,2026-02-10 19:30:00,,Standard
672219,54,Goal,0.855,0.4490000152587891,0.1363144814968109,Cole Palmer,a,8497,OpenPlay,2025,LeftFoot,29059,Aston Villa,Chelsea,1,4,2026-03-04 19:30:00,João Pedro,None
543454,32,Goal,0.9490000152587891,0.34700000762939454,0.38847726583480835,Mason Greenwood,a,7490,OpenPlay,2023,RightFoot,22767,Celta Vigo,Getafe,2,2,2023-10-08 16:30:00,Borja Mayoral,Pass
549961,32,Goal,0.8030000305175782,0.2539999961853027,0.016499103978276253,Mason Greenwood,h,7490,OpenPlay,2023,LeftFoot,22820,Getafe,Almeria,2,1,2023-11-25 17:30:00,Omar Alderete,Chipped
554432,79,Goal,0.885,0.5,0.7432776093482971,Mason Greenwood,a,7490,Penalty,2023,RightFoot,22853,Sevilla,Getafe,0,3,2023-12-16 17:30:00,,Standard
560493,20,Goal,0.855,0.27700000762939453,0.03337688744068146,Mason Greenwood,h,7490,OpenPlay,2023,LeftFoot,22898,Getafe,Granada,2,0,2024-01-29 20:00:00,Juan Iglesias,BallRecovery
561930,7,Goal,0.885,0.5,0.7432776093482971,Mason Greenwood,a,7490,Penalty,2023,RightFoot,22906,Real Betis,Getafe,1,1,2024-02-04 17:30:00,,Standard
566835,13,Goal,0.879000015258789,0.3679999923706055,0.5373267531394958,Mason Greenwood,h,7490,OpenPlay,2023,RightFoot,22947,Getafe,Las Palmas,3,3,2024-03-02 17:30:00,Diego Rico,TakeOn
576855,26,Goal,0.8980000305175782,0.5670000076293945,0.43704646825790405,Mason Greenwood,a,7490,OpenPlay,2023,LeftFoot,23005,Almeria,Getafe,1,3,2024-04-27 14:15:00,Ilaix Moriba,Pass
576867,47,Goal,0.9109999847412109,0.5729999923706055,0.38720667362213135,Mason Greenwood,a,7490,OpenPlay,2023,RightFoot,23005,Almeria,Getafe,1,3,2024-04-27 14:15:00,,Rebound
584832,2,Goal,0.9169999694824219,0.295,0.04696730896830559,Mason Greenwood,a,7490,OpenPlay,2024,RightFoot,28049,Brest,Marseille,1,5,2024-08-17 15:00:00,Amine Harit,Pass
584838,30,Goal,0.885,0.5,0.7600951194763184,Mason Greenwood,a,7490,Penalty,2024,RightFoot,28049,Brest,Marseille,1,5,2024-08-17 15:00:00,,Standard
587101,70,Goal,0.9569999694824218,0.4470000076293945,0.4233502149581909,Mason Greenwood,h,7490,OpenPlay,2024,Head,28065,Marseille,Reims,2,2,2024-08-25 18:45:00,,Rebound
589643,15,Goal,0.9540000152587891,0.674000015258789,0.06375731527805328,Mason Greenwood,a,7490,OpenPlay,2024,LeftFoot,28069,Toulouse,Marseille,1,3,2024-08-31 19:00:00,Luis Henrique,Pass
589644,16,Goal,0.875,0.3679999923706055,0.0972895696759224,Mason Greenwood,a,7490,OpenPlay,2024,LeftFoot,28069,Toulouse,Marseille,1,3,2024-08-31 19:00:00,Luis Henrique,Pass
597906,57,Goal,0.8630000305175781,0.34400001525878904,0.10668006539344788,Mason Greenwood,a,7490,OpenPlay,2024,RightFoot,28112,Montpellier,Marseille,0,5,2024-10-20 18:45:00,Sepe Elye Wahi,Pass
600882,60,Goal,0.785,0.5020000076293946,0.040198199450969696,Mason Greenwood,a,7490,OpenPlay,2024,LeftFoot,28135,Nantes,Marseille,1,2,2024-11-03 19:45:00,Luis Henrique,Pass
601111,64,Goal,0.885,0.5,0.7600951194763184,Mason Greenwood,h,7490,Penalty,2024,RightFoot,28146,Marseille,Auxerre,1,3,2024-11-08 19:45:00,,Standard
605010,88,Goal,0.885,0.5,0.7600951194763184,Mason Greenwood,h,7490,Penalty,2024,RightFoot,28162,Marseille,Monaco,2,1,2024-12-01 19:45:00,,Standard
606613,64,Goal,0.9209999847412109,0.5020000076293946,0.5557816028594971,Mason Greenwood,a,7490,SetPiece,2024,LeftFoot,28167,Saint-Etienne,Marseille,0,2,2024-12-08 19:45:00,,Rebound
610952,44,Goal,0.8959999847412109,0.49900001525878906,0.4420839548110962,Mason Greenwood,a,7490,OpenPlay,2024,RightFoot,28200,Rennes,Marseille,1,2,2025-01-11 20:00:00,Amir Murillo,Pass
612976,67,Goal,0.885,0.5,0.7600951194763184,Mason Greenwood,h,7490,Penalty,2024,RightFoot,28201,Marseille,Strasbourg,1,1,2025-01-19 19:45:00,,Standard
615730,60,Goal,0.9780000305175781,0.43900001525878907,0.7032911777496338,Mason Greenwood,h,7490,OpenPlay,2024,RightFoot,28219,Marseille,Lyon,3,2,2025-02-02 19:45:00,Amine Gouiri,Rebound
617301,49,Goal,0.885,0.5,0.7600951194763184,Mason Greenwood,h,7490,Penalty,2024,RightFoot,28238,Marseille,Saint-Etienne,5,1,2025-02-15 16:00:00,,Standard
620778,76,Goal,0.8630000305175781,0.44299999237060544,0.38038551807403564,Mason Greenwood,h,7490,OpenPlay,2024,LeftFoot,28256,Marseille,Nantes,2,0,2025-03-02 19:45:00,,BallTouch
626608,56,Goal,0.794000015258789,0.26299999237060545,0.020745521411299706,Mason Greenwood,h,7490,SetPiece,2024,RightFoot,28291,Marseille,Toulouse,3,2,2025-04-06 18:45:00,Ismael Bennacer,Pass
628925,7,Goal,0.885,0.5,0.7600951194763184,Mason Greenwood,h,7490,Penalty,2024,RightFoot,28314,Marseille,Montpellier,5,1,2025-04-19 19:05:00,,Standard
628937,66,Goal,0.899000015258789,0.455,0.48236846923828125,Mason Greenwood,h,7490,OpenPlay,2024,RightFoot,28314,Marseille,Montpellier,5,1,2025-04-19 19:05:00,Amir Murillo,Pass
630935,36,Goal,0.7319999694824219,0.6419999694824219,0.014759375713765621,Mason Greenwood,h,7490,SetPiece,2024,RightFoot,28325,Marseille,Brest,4,1,2025-04-27 18:45:00,Adrien Rabiot,Pass
633287,84,Goal,0.7530000305175781,0.36200000762939455,0.013938482850790024,Mason Greenwood,a,7490,OpenPlay,2024,RightFoot,28339,Le Havre,Marseille,1,3,2025-05-10 19:00:00,Luis Henrique,Cross
634764,20,Goal,0.885,0.5,0.7600951194763184,Mason Greenwood,h,7490,Penalty,2024,RightFoot,28346,Marseille,Rennes,4,2,2025-05-17 19:00:00,,Standard
634771,45,Goal,0.9080000305175782,0.6780000305175782,0.12943661212921143,Mason Greenwood,h,7490,OpenPlay,2024,RightFoot,28346,Marseille,Rennes,4,2,2025-05-17 19:00:00,Jonathan Rowe,Throughball
638896,17,Goal,0.885,0.5,0.7600951194763184,Mason Greenwood,h,7490,Penalty,2025,RightFoot,29548,Marseille,Paris FC,5,2,2025-08-23 15:00:00,,Standard
641320,12,Goal,0.885,0.5,0.7600951194763184,Mason Greenwood,h,7490,Penalty,2025,RightFoot,29568,Marseille,Lorient,4,0,2025-09-12 18:45:00,,Standard
647995,34,Goal,0.885,0.5,0.7600951194763184,Mason Greenwood,h,7490,Penalty,2025,RightFoot,29604,Marseille,Le Havre,6,2,2025-10-18 19:05:00,,Standard
648005,66,Goal,0.8590000152587891,0.3890000152587891,0.07887043803930283,Mason Greenwood,h,7490,OpenPlay,2025,LeftFoot,29604,Marseille,Le Havre,6,2,2025-10-18 19:05:00,Igor Paixão,Pass
648007,71,Goal,0.9169999694824219,0.405,0.4210163354873657,Mason Greenwood,h,7490,OpenPlay,2025,LeftFoot,29604,Marseille,Le Havre,6,2,2025-10-18 19:05:00,Robinio Vaz,Pass
648008,75,Goal,0.914000015258789,0.4129999923706055,0.49516066908836365,Mason Greenwood,h,7490,OpenPlay,2025,RightFoot,29604,Marseille,Le Havre,6,2,2025-10-18 19:05:00,Benjamin Pavard,Pass
649276,16,Goal,0.7969999694824219,0.5259999847412109,0.04619349539279938,Mason Greenwood,a,7490,OpenPlay,2025,RightFoot,29612,Lens,Marseille,2,1,2025-10-25 19:05:00,Timothy Weah,Pass
652345,32,Goal,0.885,0.5,0.7600951194763184,Mason Greenwood,h,7490,Penalty,2025,RightFoot,29641,Marseille,Brest,3,0,2025-11-08 16:00:00,,Standard
653300,32,Goal,0.8519999694824218,0.5459999847412109,0.08791879564523697,Mason Greenwood,a,7490,OpenPlay,2025,RightFoot,29651,Nice,Marseille,1,5,2025-11-21 19:45:00,,None
653309,52,Goal,0.8119999694824219,0.3340000152587891,0.050356004387140274,Mason Greenwood,a,7490,OpenPlay,2025,RightFoot,29651,Nice,Marseille,1,5,2025-11-21 19:45:00,Leonardo Balerdi,Pass
658928,81,Goal,0.8590000152587891,0.46799999237060547,0.1012786328792572,Mason Greenwood,h,7490,OpenPlay,2025,LeftFoot,29678,Marseille,Monaco,1,0,2025-12-14 19:45:00,Pierre-Emile Højbjerg,Pass
663960,23,Goal,0.8159999847412109,0.3559999847412109,0.05403302237391472,Mason Greenwood,a,7490,OpenPlay,2025,LeftFoot,29691,Angers,Marseille,2,5,2026-01-17 20:05:00,Emerson,Pass
666120,17,Goal,0.885,0.5,0.7600951194763184,Mason Greenwood,a,7490,Penalty,2025,RightFoot,29715,Paris FC,Marseille,2,2,2026-01-31 16:00:00,,Standard
668763,13,Goal,0.9519999694824218,0.38,0.36557596921920776,Mason Greenwood,h,7490,OpenPlay,2025,RightFoot,29731,Marseille,Strasbourg,2,2,2026-02-14 16:00:00,Amine Gouiri,Throughball
672918,17,Goal,0.8530000305175781,0.5479999923706055,0.08837659657001495,Mason Greenwood,a,7490,OpenPlay,2025,LeftFoot,29762,Toulouse,Marseille,0,1,2026-03-07 20:05:00,Igor Paixão,Pass
684468,54,Goal,0.885,0.5,0.7600951194763184,Mason Greenwood,a,7490,Penalty,2025,RightFoot,29828,Le Havre,Marseille,0,1,2026-05-10 19:00:00,,Standard
540943,67,Goal,0.895,0.5590000152587891,0.3856543302536011,Deniz Undav,a,10804,OpenPlay,2023,RightFoot,23115,FC Cologne,VfB Stuttgart,0,2,2023-09-30 13:30:00,Chris Führich,Pass
540954,87,Goal,0.965,0.45299999237060545,0.7174382209777832,Deniz Undav,a,10804,OpenPlay,2023,LeftFoot,23115,FC Cologne,VfB Stuttgart,0,2,2023-09-30 13:30:00,,Rebound
543982,87,Goal,0.9259999847412109,0.5220000076293946,0.45241111516952515,Deniz Undav,a,10804,OpenPlay,2023,Head,23129,Union Berlin,VfB Stuttgart,0,3,2023-10-21 13:30:00,Woo-Yeong Jeong,Cross
545355,72,Goal,0.965,0.51,0.6654369831085205,Deniz Undav,h,10804,OpenPlay,2023,Head,23145,VfB Stuttgart,Hoffenheim,2,3,2023-10-28 13:30:00,,None
548327,41,Goal,0.909000015258789,0.5329999923706055,0.47272926568984985,Deniz Undav,h,10804,OpenPlay,2023,LeftFoot,23162,VfB Stuttgart,Borussia Dortmund,2,1,2023-11-11 14:30:00,Jamie Leweling,Throughball
549980,0,Goal,0.9130000305175782,0.585,0.423214316368103,Deniz Undav,a,10804,OpenPlay,2023,RightFoot,23167,Eintracht Frankfurt,VfB Stuttgart,1,2,2023-11-25 17:30:00,Enzo Millot,Throughball
549995,45,Goal,0.925,0.4859999847412109,0.37897375226020813,Deniz Undav,a,10804,OpenPlay,2023,Head,23167,Eintracht Frankfurt,VfB Stuttgart,1,2,2023-11-25 17:30:00,Maximilian Mittelstädt,Chipped
551265,16,Goal,0.9769999694824218,0.504000015258789,0.9356361627578735,Deniz Undav,h,10804,OpenPlay,2023,RightFoot,23180,VfB Stuttgart,Werder Bremen,2,0,2023-12-02 17:30:00,,Rebound
555663,17,Goal,0.9430000305175781,0.3870000076293945,0.05305568501353264,Deniz Undav,h,10804,FromCorner,2023,RightFoot,23207,VfB Stuttgart,Augsburg,3,0,2023-12-20 19:30:00,Angelo Stiller,Cross
559753,29,Goal,0.8119999694824219,0.47700000762939454,0.06777117401361465,Deniz Undav,h,10804,OpenPlay,2023,RightFoot,23235,VfB Stuttgart,RasenBallsport Leipzig,5,2,2024-01-27 14:30:00,,None
559764,55,Goal,0.9269999694824219,0.5159999847412109,0.34606221318244934,Deniz Undav,h,10804,FromCorner,2023,Head,23235,VfB Stuttgart,RasenBallsport Leipzig,5,2,2024-01-27 14:30:00,Chris Führich,Cross
559767,74,Goal,0.9080000305175782,0.4109999847412109,0.4019251763820648,Deniz Undav,h,10804,SetPiece,2023,LeftFoot,23235,VfB Stuttgart,RasenBallsport Leipzig,5,2,2024-01-27 14:30:00,,Rebound
561177,2,Goal,0.8219999694824218,0.34599998474121096,0.1115914136171341,Deniz Undav,a,10804,OpenPlay,2023,RightFoot,23238,Freiburg,VfB Stuttgart,1,3,2024-02-03 14:30:00,Waldemar Anton,Throughball
563073,72,Goal,0.88,0.63,0.34120187163352966,Deniz Undav,h,10804,OpenPlay,2023,RightFoot,23253,VfB Stuttgart,Mainz 05,3,1,2024-02-11 14:30:00,Anthony Rouault,TakeOn
571459,97,Goal,0.8880000305175781,0.395,0.038043081760406494,Deniz Undav,h,10804,OpenPlay,2023,RightFoot,23307,VfB Stuttgart,FC Heidenheim,3,3,2024-03-31 16:30:00,Maximilian Mittelstädt,Aerial
573942,16,Goal,0.8680000305175781,0.40700000762939453,0.09689898788928986,Deniz Undav,h,10804,OpenPlay,2023,RightFoot,23324,VfB Stuttgart,Eintracht Frankfurt,3,0,2024-04-13 16:30:00,,BallRecovery
575497,70,Goal,0.980999984741211,0.51,0.7741271257400513,Deniz Undav,a,10804,OpenPlay,2023,LeftFoot,23333,Werder Bremen,VfB Stuttgart,2,1,2024-04-21 13:30:00,,None
576895,55,Goal,0.860999984741211,0.49400001525878906,0.0999530777335167,Deniz Undav,a,10804,OpenPlay,2023,RightFoot,23338,Bayer Leverkusen,VfB Stuttgart,2,2,2024-04-27 16:30:00,,None
590588,20,Goal,0.9290000152587891,0.5370000076293945,0.5434479117393494,Deniz Undav,a,10804,OpenPlay,2024,RightFoot,27765,Borussia M.Gladbach,VfB Stuttgart,1,3,2024-09-14 13:30:00,,None
593096,3,Goal,0.91,0.6419999694824219,0.08777215331792831,Deniz Undav,h,10804,OpenPlay,2024,LeftFoot,27776,VfB Stuttgart,Borussia Dortmund,5,1,2024-09-22 15:30:00,Maximilian Mittelstädt,Pass
593119,89,Goal,0.9,0.66,0.11562903225421906,Deniz Undav,h,10804,OpenPlay,2024,LeftFoot,27776,VfB Stuttgart,Borussia Dortmund,5,1,2024-09-22 15:30:00,Enzo Millot,Pass
594048,96,Goal,0.9640000152587891,0.3659999847412109,0.2617429792881012,Deniz Undav,a,10804,OpenPlay,2024,RightFoot,27780,Wolfsburg,VfB Stuttgart,2,2,2024-09-28 13:30:00,Maximilian Mittelstädt,Cross
598377,18,Goal,0.8640000152587891,0.4620000076293945,0.5420961380004883,Deniz Undav,h,10804,OpenPlay,2024,RightFoot,27805,VfB Stuttgart,Holstein Kiel,2,1,2024-10-26 13:30:00,El Bilal Touré,Throughball
611184,64,Goal,0.970999984741211,0.53,0.7621738314628601,Deniz Undav,a,10804,OpenPlay,2024,RightFoot,27882,Augsburg,VfB Stuttgart,0,1,2025-01-12 16:30:00,,Rebound
612228,79,Goal,0.8180000305175781,0.5279999923706055,0.08593477308750153,Deniz Undav,h,10804,OpenPlay,2024,RightFoot,27896,VfB Stuttgart,Freiburg,4,0,2025-01-18 14:30:00,Chris Führich,Pass
628829,22,Goal,0.8040000152587891,0.500999984741211,0.05415555462241173,Deniz Undav,a,10804,OpenPlay,2024,RightFoot,28010,Union Berlin,VfB Stuttgart,4,4,2025-04-19 16:30:00,Maximilian Mittelstädt,Pass
634451,22,Goal,0.960999984741211,0.46599998474121096,0.44796133041381836,Deniz Undav,a,10804,OpenPlay,2024,Head,28039,RasenBallsport Leipzig,VfB Stuttgart,2,3,2025-05-17 13:30:00,,None
649797,78,Goal,0.8490000152587891,0.4859999847412109,0.1894272118806839,Deniz Undav,h,10804,OpenPlay,2025,RightFoot,30294,VfB Stuttgart,Mainz 05,2,1,2025-10-26 15:30:00,Alexander Nübel,Pass
653011,38,Goal,0.9309999847412109,0.514000015258789,0.061667583882808685,Deniz Undav,h,10804,OpenPlay,2025,Head,30311,VfB Stuttgart,Augsburg,3,2,2025-11-09 16:30:00,Bilal El Khannouss,Aerial
653029,79,Goal,0.8490000152587891,0.600999984741211,0.07977481186389923,Deniz Undav,h,10804,OpenPlay,2025,RightFoot,30311,VfB Stuttgart,Augsburg,3,2,2025-11-09 16:30:00,Angelo Stiller,Pass
653526,46,Goal,0.9569999694824218,0.545,0.5261978507041931,Deniz Undav,a,10804,OpenPlay,2025,RightFoot,30316,Borussia Dortmund,VfB Stuttgart,3,3,2025-11-22 14:30:00,Bilal El Khannouss,HeadPass
653532,70,Goal,0.960999984741211,0.5320000076293945,0.5735951662063599,Deniz Undav,a,10804,FromCorner,2025,RightFoot,30316,Borussia Dortmund,VfB Stuttgart,3,3,2025-11-22 14:30:00,Maximilian Mittelstädt,HeadPass
653540,90,Goal,0.8640000152587891,0.5120000076293946,0.07714430242776871,Deniz Undav,a,10804,OpenPlay,2025,RightFoot,30316,Borussia Dortmund,VfB Stuttgart,3,3,2025-11-22 14:30:00,Chris Führich,Pass
655739,53,Goal,0.9109999847412109,0.5279999923706055,0.46362748742103577,Deniz Undav,a,10804,OpenPlay,2025,RightFoot,30328,Hamburger SV,VfB Stuttgart,2,1,2025-11-30 14:30:00,,Rebound
658955,78,Goal,0.8530000305175781,0.515,0.12172452360391617,Deniz Undav,a,10804,OpenPlay,2025,RightFoot,30349,Werder Bremen,VfB Stuttgart,0,4,2025-12-14 18:30:00,Jamie Leweling,Pass
662476,46,Goal,0.87,0.46599998474121096,0.3299027979373932,Deniz Undav,a,10804,OpenPlay,2025,RightFoot,30359,Bayer Leverkusen,VfB Stuttgart,1,4,2026-01-10 17:30:00,Chris Führich,Pass
662922,34,Goal,0.8930000305175781,0.36,0.09801869094371796,Deniz Undav,h,10804,OpenPlay,2025,LeftFoot,30375,VfB Stuttgart,Eintracht Frankfurt,3,2,2026-01-13 17:30:00,Joshua Vagnoman,TakeOn
665320,73,Goal,0.845,0.5870000076293945,0.0926721841096878,Deniz Undav,a,10804,OpenPlay,2025,RightFoot,30388,Borussia M.Gladbach,VfB Stuttgart,0,3,2026-01-25 14:30:00,Angelo Stiller,Pass
668851,91,Goal,0.9169999694824219,0.5359999847412109,0.528921365737915,Deniz Undav,h,10804,OpenPlay,2025,RightFoot,30420,VfB Stuttgart,FC Cologne,3,1,2026-02-14 17:30:00,Angelo Stiller,Pass
670467,87,Goal,0.8569999694824219,0.43099998474121093,0.07667002826929092,Deniz Undav,a,10804,OpenPlay,2025,RightFoot,30425,FC Heidenheim,VfB Stuttgart,3,3,2026-02-22 18:30:00,Nikolas Nartey,Pass
671653,20,Goal,0.9319999694824219,0.5320000076293945,0.5240837931632996,Deniz Undav,h,10804,OpenPlay,2025,RightFoot,30438,VfB Stuttgart,Wolfsburg,4,0,2026-03-01 14:30:00,Ermedin Demirovic,BallTouch
672607,76,Goal,0.8169999694824219,0.4979999923706055,0.3283534049987793,Deniz Undav,a,10804,OpenPlay,2025,RightFoot,30444,Mainz 05,VfB Stuttgart,2,2,2026-03-07 14:30:00,Tiago Tomás,BallRecovery
674743,55,Goal,0.8480000305175781,0.45799999237060546,0.30199000239372253,Deniz Undav,h,10804,OpenPlay,2025,RightFoot,30456,VfB Stuttgart,RasenBallsport Leipzig,1,0,2026-03-15 18:30:00,Chris Führich,Pass
676180,11,Goal,0.9669999694824218,0.4859999847412109,0.681706428527832,Deniz Undav,a,10804,OpenPlay,2025,LeftFoot,30458,Augsburg,VfB Stuttgart,2,5,2026-03-22 18:30:00,,None
676194,57,Goal,0.9359999847412109,0.44099998474121094,0.5706084370613098,Deniz Undav,a,10804,OpenPlay,2025,RightFoot,30458,Augsburg,VfB Stuttgart,2,5,2026-03-22 18:30:00,,Rebound
683654,57,Goal,0.9359999847412109,0.514000015258789,0.6096271872520447,Deniz Undav,h,10804,OpenPlay,2025,RightFoot,30519,VfB Stuttgart,Bayer Leverkusen,3,1,2026-05-09 13:30:00,Jamie Leweling,Cross
555619,29,Goal,0.885,0.5,0.75777667760849,Patrik Schick,h,1236,Penalty,2023,LeftFoot,23202,Bayer Leverkusen,Bochum,4,0,2023-12-20 19:30:00,,Standard
555620,31,Goal,0.860999984741211,0.46799999237060547,0.3473788797855377,Patrik Schick,h,1236,OpenPlay,2023,LeftFoot,23202,Bayer Leverkusen,Bochum,4,0,2023-12-20 19:30:00,Jeremie Frimpong,Cross
555626,45,Goal,0.9540000152587891,0.47200000762939454,0.1332278549671173,Patrik Schick,h,1236,FromCorner,2023,Head,23202,Bayer Leverkusen,Bochum,4,0,2023-12-20 19:30:00,Álex Grimaldo,Cross
569978,52,Goal,0.8919999694824219,0.4370000076293945,0.09040481597185135,Patrik Schick,a,1236,OpenPlay,2023,LeftFoot,23292,Freiburg,Bayer Leverkusen,2,3,2024-03-17 14:30:00,Jeremie Frimpong,Cross
570650,90,Goal,0.97,0.5029999923706054,0.8571187853813171,Patrik Schick,h,1236,OpenPlay,2023,LeftFoot,23301,Bayer Leverkusen,Hoffenheim,2,1,2024-03-30 14:30:00,Nathan Tella,Pass
579072,43,Goal,0.945,0.44,0.494388222694397,Patrik Schick,a,1236,OpenPlay,2023,Head,23346,Eintracht Frankfurt,Bayer Leverkusen,1,5,2024-05-05 15:30:00,Adam Hlozek,Aerial
580560,40,Goal,0.8630000305175781,0.48400001525878905,0.06246266886591911,Patrik Schick,a,1236,OpenPlay,2023,LeftFoot,23359,Bochum,Bayer Leverkusen,0,5,2024-05-12 17:30:00,Arthur,Cross
601380,17,Goal,0.9069999694824219,0.6419999694824219,0.32450994849205017,Patrik Schick,a,1236,OpenPlay,2024,LeftFoot,27830,Bochum,Bayer Leverkusen,1,1,2024-11-09 14:30:00,Florian Wirtz,Throughball
602802,31,Goal,0.87,0.45099998474121095,0.3474116325378418,Patrik Schick,h,1236,OpenPlay,2024,LeftFoot,27832,Bayer Leverkusen,FC Heidenheim,5,2,2024-11-23 14:30:00,Exequiel Palacios,Pass
602808,51,Goal,0.94,0.46,0.11881119757890701,Patrik Schick,h,1236,OpenPlay,2024,RightFoot,27832,Bayer Leverkusen,FC Heidenheim,5,2,2024-11-23 14:30:00,Florian Wirtz,Cross
602813,70,Goal,0.9680000305175781,0.5420000076293945,0.5984294414520264,Patrik Schick,h,1236,OpenPlay,2024,Head,27832,Bayer Leverkusen,FC Heidenheim,5,2,2024-11-23 14:30:00,Arthur,Chipped
604065,70,Goal,0.9290000152587891,0.53,0.3182186484336853,Patrik Schick,a,1236,OpenPlay,2024,OtherBodyPart,27848,Union Berlin,Bayer Leverkusen,1,2,2024-11-30 14:30:00,Florian Wirtz,Cross
608491,45,Goal,0.8130000305175781,0.5079999923706054,0.22784589231014252,Patrik Schick,h,1236,OpenPlay,2024,LeftFoot,27868,Bayer Leverkusen,Freiburg,5,1,2024-12-21 17:30:00,Florian Wirtz,Pass
608499,66,Goal,0.9180000305175782,0.5179999923706055,0.3659666180610657,Patrik Schick,h,1236,OpenPlay,2024,Head,27868,Bayer Leverkusen,Freiburg,5,1,2024-12-21 17:30:00,Florian Wirtz,Cross
608502,73,Goal,0.8540000152587891,0.555,0.13218259811401367,Patrik Schick,h,1236,OpenPlay,2024,LeftFoot,27868,Bayer Leverkusen,Freiburg,5,1,2024-12-21 17:30:00,Florian Wirtz,Pass
608504,76,Goal,0.9580000305175781,0.51,0.43459615111351013,Patrik Schick,h,1236,FromCorner,2024,Head,27868,Bayer Leverkusen,Freiburg,5,1,2024-12-21 17:30:00,Álex Grimaldo,Aerial
610442,7,Goal,0.94,0.44099998474121094,0.5489367842674255,Patrik Schick,a,1236,OpenPlay,2024,RightFoot,27878,Borussia Dortmund,Bayer Leverkusen,2,3,2025-01-10 19:30:00,Piero Hincapié,Pass
610444,18,Goal,0.9330000305175781,0.5379999923706055,0.5620665550231934,Patrik Schick,a,1236,OpenPlay,2024,LeftFoot,27878,Borussia Dortmund,Bayer Leverkusen,2,3,2025-01-10 19:30:00,Jeremie Frimpong,Pass
612450,73,Goal,0.8969999694824219,0.53,0.5304355025291443,Patrik Schick,h,1236,OpenPlay,2024,RightFoot,27895,Bayer Leverkusen,Borussia M.Gladbach,3,1,2025-01-18 17:30:00,Florian Wirtz,Throughball
613279,17,Goal,0.92,0.3990000152587891,0.4767065644264221,Patrik Schick,a,1236,OpenPlay,2024,LeftFoot,27904,RasenBallsport Leipzig,Bayer Leverkusen,2,2,2025-01-25 14:30:00,,Rebound
615629,50,Goal,0.8880000305175781,0.46,0.38338106870651245,Patrik Schick,h,1236,FromCorner,2024,LeftFoot,27916,Bayer Leverkusen,Hoffenheim,3,1,2025-02-02 16:30:00,,Rebound
618308,8,Goal,0.970999984741211,0.49,0.6929168701171875,Patrik Schick,a,1236,OpenPlay,2024,LeftFoot,27948,Holstein Kiel,Bayer Leverkusen,0,2,2025-02-22 14:30:00,,None
620205,32,Goal,0.9080000305175782,0.5570000076293945,0.14411896467208862,Patrik Schick,a,1236,OpenPlay,2024,LeftFoot,27951,Eintracht Frankfurt,Bayer Leverkusen,1,4,2025-03-01 17:30:00,Álex Grimaldo,Pass
623685,93,Goal,0.9340000152587891,0.4379999923706055,0.3512345552444458,Patrik Schick,a,1236,OpenPlay,2024,Head,27967,VfB Stuttgart,Bayer Leverkusen,3,4,2025-03-16 18:30:00,Jeremie Frimpong,Cross
629414,31,Goal,0.9590000152587891,0.5259999847412109,0.5809630155563354,Patrik Schick,a,1236,SetPiece,2024,Head,28011,St. Pauli,Bayer Leverkusen,1,1,2025-04-20 17:30:00,Álex Grimaldo,Cross
630136,12,Goal,0.8059999847412109,0.5179999923706055,0.07974810153245926,Patrik Schick,h,1236,OpenPlay,2024,LeftFoot,28012,Bayer Leverkusen,Augsburg,2,0,2025-04-26 13:30:00,Nathan Tella,Pass
634526,48,Goal,0.885,0.5,0.75777667760849,Patrik Schick,a,1236,Penalty,2024,LeftFoot,28045,Mainz 05,Bayer Leverkusen,2,2,2025-05-17 13:30:00,,Standard
634528,53,Goal,0.965999984741211,0.5609999847412109,0.28610488772392273,Patrik Schick,a,1236,FromCorner,2024,Head,28045,Mainz 05,Bayer Leverkusen,2,2,2025-05-17 13:30:00,Aleix García,Aerial
640198,4,Goal,0.9080000305175782,0.54,0.45407834649086,Patrik Schick,a,1236,OpenPlay,2025,LeftFoot,30236,Werder Bremen,Bayer Leverkusen,3,3,2025-08-30 13:30:00,Nathan Tella,Pass
640210,63,Goal,0.885,0.5,0.75777667760849,Patrik Schick,a,1236,Penalty,2025,LeftFoot,30236,Werder Bremen,Bayer Leverkusen,3,3,2025-08-30 13:30:00,,Standard
641301,48,Goal,0.885,0.5,0.75777667760849,Patrik Schick,h,1236,Penalty,2025,LeftFoot,30242,Bayer Leverkusen,Eintracht Frankfurt,3,1,2025-09-12 18:30:00,,Standard
652231,1,Goal,0.92,0.6559999847412109,0.31386080384254456,Patrik Schick,h,1236,OpenPlay,2025,LeftFoot,30305,Bayer Leverkusen,FC Heidenheim,6,0,2025-11-08 14:30:00,Ernest Poku,Pass
652236,21,Goal,0.9890000152587891,0.514000015258789,0.9688048958778381,Patrik Schick,h,1236,OpenPlay,2025,LeftFoot,30305,Bayer Leverkusen,FC Heidenheim,6,0,2025-11-08 14:30:00,,None
659469,43,Goal,0.9180000305175782,0.5690000152587891,0.4269137382507324,Patrik Schick,a,1236,OpenPlay,2025,RightFoot,30356,RasenBallsport Leipzig,Bayer Leverkusen,1,3,2025-12-20 17:30:00,Nathan Tella,TakeOn
668608,13,Goal,0.97,0.5729999923706055,0.560494601726532,Patrik Schick,h,1236,OpenPlay,2025,Head,30414,Bayer Leverkusen,St. Pauli,4,0,2026-02-14 14:30:00,Lucas Vázquez,Cross
675212,34,Goal,0.9519999694824218,0.5020000076293946,0.6040449142456055,Patrik Schick,a,1236,OpenPlay,2025,Head,30462,FC Heidenheim,Bayer Leverkusen,3,3,2026-03-21 14:30:00,Álex Grimaldo,Cross
675223,78,Goal,0.9519999694824218,0.49400001525878906,0.37027665972709656,Patrik Schick,a,1236,FromCorner,2025,Head,30462,FC Heidenheim,Bayer Leverkusen,3,3,2026-03-21 14:30:00,Álex Grimaldo,Aerial
676519,52,Goal,0.885,0.5,0.75777667760849,Patrik Schick,h,1236,Penalty,2025,LeftFoot,30467,Bayer Leverkusen,Wolfsburg,6,3,2026-04-04 13:30:00,,Standard
679099,11,Goal,0.899000015258789,0.455,0.03915680944919586,Patrik Schick,h,1236,OpenPlay,2025,Head,30485,Bayer Leverkusen,Augsburg,1,2,2026-04-18 13:30:00,Edmond Tapsoba,Aerial
680937,42,Goal,0.885,0.5,0.75777667760849,Patrik Schick,a,1236,Penalty,2025,LeftFoot,30496,FC Cologne,Bayer Leverkusen,1,2,2026-04-25 13:30:00,,Standard
680940,51,Goal,0.909000015258789,0.5020000076293946,0.6022635102272034,Patrik Schick,a,1236,OpenPlay,2025,LeftFoot,30496,FC Cologne,Bayer Leverkusen,1,2,2026-04-25 13:30:00,Nathan Tella,Pass
682500,24,Goal,0.93,0.49900001525878906,0.5770496726036072,Patrik Schick,h,1236,OpenPlay,2025,LeftFoot,30503,Bayer Leverkusen,RasenBallsport Leipzig,4,1,2026-05-02 16:30:00,Nathan Tella,Pass
682523,75,Goal,0.835,0.5970000076293945,0.23739302158355713,Patrik Schick,h,1236,OpenPlay,2025,LeftFoot,30503,Bayer Leverkusen,RasenBallsport Leipzig,4,1,2026-05-02 16:30:00,Ibrahim Maza,Pass
682526,88,Goal,0.8869999694824219,0.4620000076293945,0.635385274887085,Patrik Schick,h,1236,OpenPlay,2025,LeftFoot,30503,Bayer Leverkusen,RasenBallsport Leipzig,4,1,2026-05-02 16:30:00,Álex Grimaldo,Throughball
533504,72,Goal,0.8490000152587891,0.41200000762939454,0.09184663742780685,Vinícius Júnior,a,7008,OpenPlay,2023,RightFoot,22698,Almeria,Real Madrid,1,3,2023-08-19 17:30:00,Jude Bellingham,Pass
542746,64,Goal,0.9769999694824218,0.5690000152587891,0.9528964161872864,Vinícius Júnior,h,7008,OpenPlay,2023,RightFoot,22772,Real Madrid,Osasuna,4,0,2023-10-07 14:15:00,Federico Valverde,TakeOn
548688,41,Goal,0.9230000305175782,0.5179999923706055,0.32882559299468994,Vinícius Júnior,h,7008,OpenPlay,2023,OtherBodyPart,22808,Real Madrid,Valencia,5,1,2023-11-11 20:00:00,Rodrygo,Cross
548690,48,Goal,0.81,0.6719999694824219,0.04776734858751297,Vinícius Júnior,h,7008,OpenPlay,2023,RightFoot,22808,Real Madrid,Valencia,5,1,2023-11-11 20:00:00,Rodrygo,Pass
559326,66,Goal,0.9319999694824219,0.5320000076293945,0.37304264307022095,Vinícius Júnior,h,7008,OpenPlay,2023,OtherBodyPart,22888,Real Madrid,Almeria,3,2,2024-01-21 15:15:00,Aurelien Tchouameni,Cross
559871,64,Goal,0.9519999694824218,0.6680000305175782,0.22948749363422394,Vinícius Júnior,a,7008,OpenPlay,2023,LeftFoot,22899,Las Palmas,Real Madrid,1,2,2024-01-27 15:15:00,Eduardo Camavinga,Chipped
562686,5,Goal,0.76,0.7190000152587891,0.021121257916092873,Vinícius Júnior,h,7008,OpenPlay,2023,RightFoot,22923,Real Madrid,Girona,4,0,2024-02-10 17:30:00,Federico Valverde,Pass
566909,49,Goal,0.96,0.5159999847412109,0.09503603726625443,Vinícius Júnior,a,7008,OpenPlay,2023,RightFoot,22951,Valencia,Real Madrid,2,2,2024-03-02 20:00:00,Rodrygo,None
566918,75,Goal,0.9769999694824218,0.5359999847412109,0.6333063840866089,Vinícius Júnior,a,7008,OpenPlay,2023,Head,22951,Valencia,Real Madrid,2,2,2024-03-02 20:00:00,Brahim Diaz,Cross
568834,20,Goal,0.970999984741211,0.514000015258789,0.7944618463516235,Vinícius Júnior,h,7008,FromCorner,2023,RightFoot,22963,Real Madrid,Celta Vigo,4,0,2024-03-10 17:30:00,,Rebound
569482,3,Goal,0.88,0.4209999847412109,0.3886811137199402,Vinícius Júnior,a,7008,OpenPlay,2023,RightFoot,22967,Osasuna,Real Madrid,2,4,2024-03-16 15:15:00,,BallRecovery
569497,63,Goal,0.9540000152587891,0.6419999694824219,0.39794859290122986,Vinícius Júnior,a,7008,OpenPlay,2023,RightFoot,22967,Osasuna,Real Madrid,2,4,2024-03-16 15:15:00,Federico Valverde,BallTouch
575827,17,Goal,0.885,0.5,0.7432776093482971,Vinícius Júnior,h,7008,Penalty,2023,RightFoot,23000,Real Madrid,Barcelona,3,2,2024-04-21 19:00:00,,Standard
580976,26,Goal,0.9390000152587891,0.48200000762939454,0.6028833389282227,Vinícius Júnior,h,7008,OpenPlay,2023,RightFoot,23044,Real Madrid,Alaves,5,0,2024-05-14 19:30:00,Eduardo Camavinga,Pass
580995,69,Goal,0.94,0.31,0.1308039426803589,Vinícius Júnior,h,7008,OpenPlay,2023,RightFoot,23044,Real Madrid,Alaves,5,0,2024-05-14 19:30:00,Jude Bellingham,Throughball
587401,68,Goal,0.885,0.5,0.7432776093482971,Vinícius Júnior,a,7008,Penalty,2024,RightFoot,27011,Las Palmas,Real Madrid,1,1,2024-08-29 19:30:00,,Standard
591157,57,Goal,0.885,0.5,0.7432776093482971,Vinícius Júnior,a,7008,Penalty,2024,RightFoot,27031,Real Sociedad,Real Madrid,0,2,2024-09-14 19:00:00,,Standard
592817,77,Goal,0.9019999694824219,0.6190000152587891,0.3479388356208801,Vinícius Júnior,h,7008,OpenPlay,2024,LeftFoot,27041,Real Madrid,Espanyol,4,1,2024-09-21 19:00:00,Kylian Mbappe-Lottin,Pass
595894,72,Goal,0.7480000305175781,0.4490000152587891,0.029266515746712685,Vinícius Júnior,h,7008,OpenPlay,2024,RightFoot,27063,Real Madrid,Villarreal,2,0,2024-10-05 19:00:00,Federico Valverde,Pass
597406,65,Goal,0.925,0.3659999847412109,0.3638724088668823,Vinícius Júnior,a,7008,OpenPlay,2024,RightFoot,27075,Celta Vigo,Real Madrid,1,2,2024-10-19 19:00:00,Luka Modric,Throughball
601256,33,Goal,0.9019999694824219,0.64,0.07847341895103455,Vinícius Júnior,h,7008,OpenPlay,2024,RightFoot,27109,Real Madrid,Osasuna,4,0,2024-11-09 13:00:00,Jude Bellingham,Pass
601264,60,Goal,0.9519999694824218,0.5590000152587891,0.9174719452857971,Vinícius Júnior,h,7008,OpenPlay,2024,LeftFoot,27109,Real Madrid,Osasuna,4,0,2024-11-09 13:00:00,Andriy Lunin,TakeOn
601269,68,Goal,0.94,0.45299999237060545,0.6038186550140381,Vinícius Júnior,h,7008,OpenPlay,2024,RightFoot,27109,Real Madrid,Osasuna,4,0,2024-11-09 13:00:00,Brahim Diaz,Pass
619017,82,Goal,0.904000015258789,0.580999984741211,0.4784308671951294,Vinícius Júnior,h,7008,OpenPlay,2024,RightFoot,27228,Real Madrid,Girona,2,0,2025-02-23 15:15:00,Kylian Mbappe-Lottin,Pass
621885,33,Goal,0.9059999847412109,0.66,0.06581255048513412,Vinícius Júnior,h,7008,OpenPlay,2024,RightFoot,27251,Real Madrid,Rayo Vallecano,2,1,2025-03-09 15:15:00,Luka Modric,TakeOn
625738,49,Goal,0.975999984741211,0.4809999847412109,0.6421079635620117,Vinícius Júnior,h,7008,FromCorner,2024,RightFoot,27273,Real Madrid,Valencia,1,2,2025-04-05 14:15:00,Jude Bellingham,HeadPass
639770,92,Goal,0.875999984741211,0.5609999847412109,0.13101263344287872,Vinícius Júnior,a,7008,OpenPlay,2025,RightFoot,29175,Real Oviedo,Real Madrid,0,3,2025-08-24 19:30:00,Brahim Diaz,Pass
640655,37,Goal,0.855,0.6170000076293946,0.09004954993724823,Vinícius Júnior,h,7008,OpenPlay,2025,LeftFoot,29184,Real Madrid,Mallorca,2,1,2025-08-30 19:30:00,Federico Valverde,BallRecovery
644162,27,Goal,0.899000015258789,0.29399999618530276,0.040377479046583176,Vinícius Júnior,a,7008,OpenPlay,2025,RightFoot,29210,Levante,Real Madrid,1,4,2025-09-23 19:30:00,Federico Valverde,Pass
646452,46,Goal,0.9319999694824219,0.735,0.03240154683589935,Vinícius Júnior,h,7008,OpenPlay,2025,RightFoot,29231,Real Madrid,Villarreal,3,1,2025-10-04 19:00:00,Kylian Mbappe-Lottin,TakeOn
646458,68,Goal,0.885,0.5,0.7432776093482971,Vinícius Júnior,h,7008,Penalty,2025,RightFoot,29231,Real Madrid,Villarreal,3,1,2025-10-04 19:00:00,,Standard
666400,14,Goal,0.865999984741211,0.7119999694824218,0.03491833060979843,Vinícius Júnior,h,7008,OpenPlay,2025,RightFoot,29377,Real Madrid,Rayo Vallecano,2,1,2026-02-01 13:00:00,Brahim Diaz,Pass
668921,24,Goal,0.885,0.5,0.7432776093482971,Vinícius Júnior,h,7008,Penalty,2025,RightFoot,29391,Real Madrid,Real Sociedad,4,1,2026-02-14 20:00:00,,Standard
668925,47,Goal,0.885,0.5,0.7432776093482971,Vinícius Júnior,h,7008,Penalty,2025,RightFoot,29391,Real Madrid,Real Sociedad,4,1,2026-02-14 20:00:00,,Standard
669931,72,Goal,0.95,0.5,0.5596688389778137,Vinícius Júnior,a,7008,OpenPlay,2025,RightFoot,29405,Osasuna,Real Madrid,2,1,2026-02-21 17:30:00,Federico Valverde,Cross
676273,51,Goal,0.885,0.5,0.7432776093482971,Vinícius Júnior,h,7008,Penalty,2025,RightFoot,29446,Real Madrid,Atletico Madrid,3,2,2026-03-22 20:00:00,,Standard
676280,71,Goal,0.825,0.65,0.03788232058286667,Vinícius Júnior,h,7008,OpenPlay,2025,RightFoot,29446,Real Madrid,Atletico Madrid,3,2,2026-03-22 20:00:00,Trent Alexander-Arnold,Pass
680158,49,Goal,0.71,0.634000015258789,0.02325076423585415,Vinícius Júnior,h,7008,OpenPlay,2025,RightFoot,29483,Real Madrid,Alaves,2,1,2026-04-21 19:30:00,Federico Valverde,Pass
680685,16,Goal,0.9209999847412109,0.5770000076293945,0.42328983545303345,Vinícius Júnior,a,7008,OpenPlay,2025,LeftFoot,29474,Real Betis,Real Madrid,1,1,2026-04-24 19:00:00,,Rebound
683221,54,Goal,0.895,0.5359999847412109,0.41394612193107605,Vinícius Júnior,a,7008,OpenPlay,2025,RightFoot,29494,Espanyol,Real Madrid,0,2,2026-05-03 19:00:00,Gonzalo García,TakeOn
683226,65,Goal,0.8780000305175781,0.5690000152587891,0.11493728309869766,Vinícius Júnior,a,7008,OpenPlay,2025,RightFoot,29494,Espanyol,Real Madrid,0,2,2026-05-03 19:00:00,Jude Bellingham,Pass
686069,14,Goal,0.8530000305175781,0.53,0.08154682070016861,Vinícius Júnior,a,7008,OpenPlay,2025,RightFoot,29524,Sevilla,Real Madrid,0,1,2026-05-17 17:00:00,,Dispossessed
536072,61,Goal,0.9830000305175781,0.47200000762939454,0.9208013415336609,Ermedin Demirovic,h,6496,OpenPlay,2023,RightFoot,23087,Augsburg,Bochum,2,2,2023-09-02 13:30:00,,Rebound
539062,14,Goal,0.9269999694824219,0.524000015258789,0.42449140548706055,Ermedin Demirovic,h,6496,OpenPlay,2023,RightFoot,23102,Augsburg,Mainz 05,2,1,2023-09-23 13:30:00,,BallTouch
539063,44,Goal,0.955999984741211,0.49900001525878906,0.5477441549301147,Ermedin Demirovic,h,6496,OpenPlay,2023,Head,23102,Augsburg,Mainz 05,2,1,2023-09-23 13:30:00,Patric Pfeiffer,HeadPass
542532,85,Goal,0.8919999694824219,0.5709999847412109,0.06960273534059525,Ermedin Demirovic,h,6496,OpenPlay,2023,RightFoot,23122,Augsburg,Darmstadt,1,2,2023-10-07 13:30:00,,None
544793,41,Goal,0.9580000305175781,0.5159999847412109,0.6594498157501221,Ermedin Demirovic,a,6496,OpenPlay,2023,RightFoot,23136,FC Heidenheim,Augsburg,2,5,2023-10-22 15:30:00,Fredrik Jensen,Cross
548303,52,Goal,0.835999984741211,0.6930000305175781,0.035161808133125305,Ermedin Demirovic,h,6496,OpenPlay,2023,RightFoot,23161,Augsburg,Hoffenheim,1,1,2023-11-11 14:30:00,Ruben Vargas,TakeOn
549652,38,Goal,0.885,0.5,0.75777667760849,Ermedin Demirovic,a,6496,Penalty,2023,RightFoot,23165,Union Berlin,Augsburg,1,1,2023-11-25 14:30:00,,Standard
554166,22,Goal,0.8640000152587891,0.5170000076293946,0.3605448305606842,Ermedin Demirovic,h,6496,OpenPlay,2023,RightFoot,23198,Augsburg,Borussia Dortmund,1,1,2023-12-16 14:30:00,Mads Pedersen,Chipped
559784,51,Goal,0.9159999847412109,0.47400001525878904,0.1293102502822876,Ermedin Demirovic,h,6496,OpenPlay,2023,OtherBodyPart,23234,Augsburg,Bayern Munich,2,3,2024-01-27 14:30:00,Kevin Mbabu,Cross
559796,93,Goal,0.885,0.5,0.75777667760849,Ermedin Demirovic,h,6496,Penalty,2023,RightFoot,23234,Augsburg,Bayern Munich,2,3,2024-01-27 14:30:00,,Standard
561116,90,Goal,0.885,0.5,0.75777667760849,Ermedin Demirovic,a,6496,Penalty,2023,RightFoot,23242,Bochum,Augsburg,1,1,2024-02-03 14:30:00,,Standard
562379,59,Goal,0.8680000305175781,0.654000015258789,0.12336709350347519,Ermedin Demirovic,h,6496,OpenPlay,2023,RightFoot,23251,Augsburg,RasenBallsport Leipzig,2,2,2024-02-10 14:30:00,Kristijan Jakic,TakeOn
566393,19,Goal,0.8909999847412109,0.635,0.4074069857597351,Ermedin Demirovic,a,6496,OpenPlay,2023,RightFoot,23280,Darmstadt,Augsburg,0,6,2024-03-02 14:30:00,,BallRecovery
566397,28,Goal,0.9369999694824219,0.47,0.6122779250144958,Ermedin Demirovic,a,6496,OpenPlay,2023,RightFoot,23280,Darmstadt,Augsburg,0,6,2024-03-02 14:30:00,Fredrik Jensen,Pass
572965,60,Goal,0.9569999694824218,0.549000015258789,0.15246455371379852,Ermedin Demirovic,a,6496,OpenPlay,2023,RightFoot,23314,Hoffenheim,Augsburg,3,1,2024-04-07 13:30:00,Phillip Tietz,Pass
585950,1,Goal,0.905,0.555,0.09434453397989273,Ermedin Demirovic,a,6496,FromCorner,2024,RightFoot,27745,Freiburg,VfB Stuttgart,3,1,2024-08-24 13:30:00,,None
590599,56,Goal,0.9769999694824218,0.46,0.6311589479446411,Ermedin Demirovic,a,6496,OpenPlay,2024,LeftFoot,27765,Borussia M.Gladbach,VfB Stuttgart,1,3,2024-09-14 13:30:00,Fabian Rieder,Cross
590601,60,Goal,0.970999984741211,0.5470000076293945,0.4971853494644165,Ermedin Demirovic,a,6496,FromCorner,2024,Head,27765,Borussia M.Gladbach,VfB Stuttgart,1,3,2024-09-14 13:30:00,Fabian Rieder,Cross
593099,20,Goal,0.875999984741211,0.5279999923706055,0.2399216592311859,Ermedin Demirovic,h,6496,OpenPlay,2024,Head,27776,VfB Stuttgart,Borussia Dortmund,5,1,2024-09-22 15:30:00,Maximilian Mittelstädt,Cross
596467,98,Goal,0.9259999847412109,0.504000015258789,0.5756145715713501,Ermedin Demirovic,h,6496,SetPiece,2024,RightFoot,27795,VfB Stuttgart,Hoffenheim,1,1,2024-10-06 17:30:00,,Rebound
604070,19,Goal,0.970999984741211,0.47299999237060547,0.624750554561615,Ermedin Demirovic,a,6496,OpenPlay,2024,RightFoot,27844,Werder Bremen,VfB Stuttgart,2,2,2024-11-30 14:30:00,Maximilian Mittelstädt,Cross
604092,84,Goal,0.9419999694824219,0.634000015258789,0.21691446006298065,Ermedin Demirovic,a,6496,OpenPlay,2024,RightFoot,27844,Werder Bremen,VfB Stuttgart,2,2,2024-11-30 14:30:00,Angelo Stiller,Chipped
612216,16,Goal,0.9209999847412109,0.5279999923706055,0.3202158808708191,Ermedin Demirovic,h,6496,FromCorner,2024,Head,27896,VfB Stuttgart,Freiburg,4,0,2025-01-18 14:30:00,Angelo Stiller,Cross
621087,54,Goal,0.919000015258789,0.44099998474121094,0.4723779261112213,Ermedin Demirovic,a,6496,OpenPlay,2024,RightFoot,27966,Holstein Kiel,VfB Stuttgart,2,2,2025-03-08 14:30:00,Nick Woltemade,Pass
623662,13,Goal,0.9680000305175781,0.48700000762939455,0.7308768033981323,Ermedin Demirovic,h,6496,OpenPlay,2024,RightFoot,27967,VfB Stuttgart,Bayer Leverkusen,3,4,2025-03-16 18:30:00,,Rebound
625581,10,Goal,0.904000015258789,0.65,0.2980184257030487,Ermedin Demirovic,a,6496,OpenPlay,2024,LeftFoot,27992,Bochum,VfB Stuttgart,0,4,2025-04-05 13:30:00,Atakan Karazor,Chipped
625590,47,Goal,0.960999984741211,0.5159999847412109,0.6107253432273865,Ermedin Demirovic,a,6496,OpenPlay,2024,RightFoot,27992,Bochum,VfB Stuttgart,0,4,2025-04-05 13:30:00,Ramon Hendriks,Cross
625601,84,Goal,0.9590000152587891,0.535,0.5494534373283386,Ermedin Demirovic,a,6496,OpenPlay,2024,LeftFoot,27992,Bochum,VfB Stuttgart,0,4,2025-04-05 13:30:00,Leonidas Stergiou,Cross
633776,86,Goal,0.9459999847412109,0.5079999923706054,0.46889039874076843,Ermedin Demirovic,h,6496,FromCorner,2024,Head,28031,VfB Stuttgart,Augsburg,4,0,2025-05-11 17:30:00,Chris Führich,Cross
634463,77,Goal,0.9009999847412109,0.524000015258789,0.4681577980518341,Ermedin Demirovic,a,6496,OpenPlay,2024,RightFoot,28039,RasenBallsport Leipzig,VfB Stuttgart,2,3,2025-05-17 13:30:00,Deniz Undav,Pass
641498,19,Goal,0.9119999694824219,0.445,0.0986967608332634,Ermedin Demirovic,a,6496,OpenPlay,2025,RightFoot,30243,Freiburg,VfB Stuttgart,3,1,2025-09-13 13:30:00,Jamie Leweling,Cross
642724,42,Goal,0.9590000152587891,0.41200000762939454,0.46826377511024475,Ermedin Demirovic,h,6496,OpenPlay,2025,RightFoot,30251,VfB Stuttgart,St. Pauli,2,0,2025-09-19 18:30:00,Jamie Leweling,Pass
645433,27,Goal,0.885,0.5,0.75777667760849,Ermedin Demirovic,a,6496,Penalty,2025,RightFoot,30267,FC Cologne,VfB Stuttgart,1,2,2025-09-28 15:30:00,,Standard
662918,26,Goal,0.88,0.49599998474121093,0.4102061688899994,Ermedin Demirovic,h,6496,OpenPlay,2025,RightFoot,30375,VfB Stuttgart,Eintracht Frankfurt,3,2,2026-01-13 17:30:00,,None
666584,88,Goal,0.8130000305175781,0.6190000152587891,0.04175592213869095,Ermedin Demirovic,h,6496,OpenPlay,2025,RightFoot,30402,VfB Stuttgart,Freiburg,1,0,2026-02-01 14:30:00,Deniz Undav,Pass
668833,14,Goal,0.924000015258789,0.5259999847412109,0.4812045395374298,Ermedin Demirovic,h,6496,OpenPlay,2025,RightFoot,30420,VfB Stuttgart,FC Cologne,3,1,2026-02-14 17:30:00,Jamie Leweling,HeadPass
668850,83,Goal,0.91,0.52,0.33761289715766907,Ermedin Demirovic,h,6496,OpenPlay,2025,RightFoot,30420,VfB Stuttgart,FC Cologne,3,1,2026-02-14 17:30:00,Ramon Hendriks,Cross
672606,75,Goal,0.85,0.5059999847412109,0.06605952978134155,Ermedin Demirovic,a,6496,OpenPlay,2025,RightFoot,30444,Mainz 05,VfB Stuttgart,2,2,2026-03-07 14:30:00,Deniz Undav,BallTouch
676201,82,Goal,0.8909999847412109,0.534000015258789,0.5206795930862427,Ermedin Demirovic,a,6496,OpenPlay,2025,RightFoot,30458,Augsburg,VfB Stuttgart,2,5,2026-03-22 18:30:00,Deniz Undav,Pass
681463,60,Goal,0.9209999847412109,0.49,0.32601532340049744,Ermedin Demirovic,h,6496,OpenPlay,2025,Head,30501,VfB Stuttgart,Werder Bremen,1,1,2026-04-26 13:30:00,Bilal El Khannouss,Chipped
682246,63,Goal,0.9669999694824218,0.6020000076293945,0.3038112223148346,Ermedin Demirovic,a,6496,OpenPlay,2025,LeftFoot,30508,Hoffenheim,VfB Stuttgart,3,3,2026-05-02 13:30:00,Jamie Leweling,Cross
683635,4,Goal,0.9119999694824219,0.3890000152587891,0.3694588243961334,Ermedin Demirovic,h,6496,OpenPlay,2025,RightFoot,30519,VfB Stuttgart,Bayer Leverkusen,3,1,2026-05-09 13:30:00,Nikolas Nartey,Pass
533659,65,Goal,0.965,0.5020000076293946,0.7560501098632812,Jonathan Christian David,h,8636,OpenPlay,2023,RightFoot,23383,Lille,Nantes,2,0,2023-08-20 11:00:00,,Rebound
535369,54,Goal,0.8909999847412109,0.5470000076293945,0.32171717286109924,Jonathan Christian David,a,8636,OpenPlay,2023,LeftFoot,23393,Lorient,Lille,4,1,2023-08-27 15:05:00,Angel Gomes,Throughball
550606,26,Goal,0.885,0.5990000152587891,0.360103964805603,Jonathan Christian David,a,8636,OpenPlay,2023,RightFoot,23483,Lyon,Lille,0,2,2023-11-26 19:45:00,Yusuf Yazici,Throughball
551893,50,Goal,0.885,0.5,0.7600951194763184,Jonathan Christian David,h,8636,Penalty,2023,RightFoot,23491,Lille,Metz,2,0,2023-12-03 16:05:00,,Standard
555109,93,Goal,0.9619999694824218,0.5709999847412109,0.33814460039138794,Jonathan Christian David,h,8636,OpenPlay,2023,Head,23510,Lille,Paris Saint Germain,1,1,2023-12-17 19:45:00,,Rebound
558383,36,Goal,0.9269999694824219,0.5520000076293945,0.3045615553855896,Jonathan Christian David,h,8636,SetPiece,2023,Head,23527,Lille,Lorient,3,0,2024-01-14 12:00:00,Angel Gomes,Cross
561712,9,Goal,0.88,0.4379999923706055,0.3854576647281647,Jonathan Christian David,h,8636,OpenPlay,2023,RightFoot,23545,Lille,Clermont Foot,4,0,2024-02-04 14:00:00,Angel Gomes,Throughball
561720,37,Goal,0.765,0.40400001525878904,0.44113150238990784,Jonathan Christian David,h,8636,OpenPlay,2023,RightFoot,23545,Lille,Clermont Foot,4,0,2024-02-04 14:00:00,,TakeOn
563984,13,Goal,0.9669999694824218,0.5279999923706055,0.7413915991783142,Jonathan Christian David,h,8636,SetPiece,2023,LeftFoot,23563,Lille,Le Havre,3,0,2024-02-17 16:00:00,,Rebound
563991,43,Goal,0.88,0.435,0.4078541398048401,Jonathan Christian David,h,8636,OpenPlay,2023,RightFoot,23563,Lille,Le Havre,3,0,2024-02-17 16:00:00,Angel Gomes,Throughball
563994,48,Goal,0.9359999847412109,0.5520000076293945,0.5617000460624695,Jonathan Christian David,h,8636,SetPiece,2023,LeftFoot,23563,Lille,Le Havre,3,0,2024-02-17 16:00:00,,Rebound
566751,55,Goal,0.7419999694824219,0.524000015258789,0.2553616464138031,Jonathan Christian David,a,8636,OpenPlay,2023,RightFoot,23583,Reims,Lille,0,1,2024-03-02 16:00:00,,BallRecovery
568774,83,Goal,0.9209999847412109,0.6179999923706054,0.23098595440387726,Jonathan Christian David,h,8636,OpenPlay,2023,LeftFoot,23591,Lille,Rennes,2,2,2024-03-10 16:00:00,Trévis Dago,Cross
568776,91,Goal,0.9730000305175781,0.49900001525878906,0.9032599925994873,Jonathan Christian David,h,8636,OpenPlay,2023,LeftFoot,23591,Lille,Rennes,2,2,2024-03-10 16:00:00,,Rebound
569778,66,Goal,0.855,0.5370000076293945,0.09614219516515732,Jonathan Christian David,a,8636,OpenPlay,2023,RightFoot,23604,Brest,Lille,1,1,2024-03-17 12:00:00,Angel Gomes,Pass
572117,53,Goal,0.885,0.5,0.7600951194763184,Jonathan Christian David,h,8636,Penalty,2023,RightFoot,23617,Lille,Marseille,3,1,2024-04-05 19:00:00,,Standard
575363,11,Goal,0.895,0.44299999237060544,0.4068973660469055,Jonathan Christian David,h,8636,OpenPlay,2023,RightFoot,23634,Lille,Strasbourg,1,0,2024-04-21 13:00:00,Rémy Cabella,Pass
580775,7,Goal,0.9630000305175781,0.4779999923706055,0.526849091053009,Jonathan Christian David,a,8636,FromCorner,2023,Head,23665,Nantes,Lille,1,2,2024-05-12 19:00:00,Bafode Diakite,Rebound
580776,10,Goal,0.9019999694824219,0.53,0.4493885934352875,Jonathan Christian David,a,8636,OpenPlay,2023,LeftFoot,23665,Nantes,Lille,1,2,2024-05-12 19:00:00,Angel Gomes,Pass
585029,92,Goal,0.965,0.5540000152587891,0.6374713182449341,Jonathan Christian David,a,8636,OpenPlay,2024,LeftFoot,28050,Reims,Lille,0,2,2024-08-17 17:00:00,,Rebound
592567,83,Goal,0.885,0.5,0.7600951194763184,Jonathan Christian David,h,8636,Penalty,2024,RightFoot,28090,Lille,Strasbourg,3,3,2024-09-21 15:00:00,,Standard
594401,22,Goal,0.9109999847412109,0.5529999923706055,0.5779045224189758,Jonathan Christian David,a,8636,OpenPlay,2024,LeftFoot,28098,Le Havre,Lille,0,3,2024-09-28 17:00:00,Osame Sahraoui,Pass
594406,34,Goal,0.91,0.5570000076293945,0.3310341238975525,Jonathan Christian David,a,8636,OpenPlay,2024,RightFoot,28098,Le Havre,Lille,0,3,2024-09-28 17:00:00,Osame Sahraoui,Chipped
594414,78,Goal,0.9490000152587891,0.5540000152587891,0.5029266476631165,Jonathan Christian David,a,8636,OpenPlay,2024,Head,28098,Le Havre,Lille,0,3,2024-09-28 17:00:00,Edon Zhegrova,Cross
598767,97,Goal,0.885,0.5,0.7600951194763184,Jonathan Christian David,a,8636,Penalty,2024,RightFoot,28120,Lens,Lille,0,2,2024-10-26 19:00:00,,Standard
599783,16,Goal,0.925,0.65,0.3348997235298157,Jonathan Christian David,h,8636,OpenPlay,2024,LeftFoot,28136,Lille,Lyon,1,1,2024-11-01 20:00:00,,BallRecovery
604726,43,Goal,0.885,0.5,0.7600951194763184,Jonathan Christian David,a,8636,Penalty,2024,RightFoot,28160,Montpellier,Lille,2,2,2024-12-01 14:00:00,,Standard
604728,53,Goal,0.885,0.5,0.7600951194763184,Jonathan Christian David,a,8636,Penalty,2024,RightFoot,28160,Montpellier,Lille,2,2,2024-12-01 14:00:00,,Standard
605466,6,Goal,0.885,0.5,0.7600951194763184,Jonathan Christian David,h,8636,Penalty,2024,RightFoot,28169,Lille,Brest,3,1,2024-12-06 18:00:00,,Standard
605479,68,Goal,0.9540000152587891,0.455,0.6196559071540833,Jonathan Christian David,h,8636,OpenPlay,2024,RightFoot,28169,Lille,Brest,3,1,2024-12-06 18:00:00,,Rebound
615295,31,Goal,0.885,0.5,0.7600951194763184,Jonathan Christian David,h,8636,Penalty,2024,RightFoot,28222,Lille,Saint-Etienne,4,1,2025-02-01 20:05:00,,Standard
620329,79,Goal,0.9459999847412109,0.47700000762939454,0.5829732418060303,Jonathan Christian David,a,8636,OpenPlay,2024,RightFoot,28255,Paris Saint Germain,Lille,4,1,2025-03-01 20:05:00,,Rebound
621569,49,Goal,0.9740000152587891,0.505,0.873297393321991,Jonathan Christian David,h,8636,FromCorner,2024,RightFoot,28270,Lille,Montpellier,1,0,2025-03-08 18:00:00,Ismaily,Rebound
629104,42,Goal,0.8640000152587891,0.4209999847412109,0.133080393075943,Jonathan Christian David,h,8636,OpenPlay,2024,LeftFoot,28312,Lille,Auxerre,3,1,2025-04-20 13:00:00,Matias Fernandez-Pardo,Pass
629118,96,Goal,0.9290000152587891,0.524000015258789,0.638996958732605,Jonathan Christian David,h,8636,OpenPlay,2024,RightFoot,28312,Lille,Auxerre,3,1,2025-04-20 13:00:00,,Rebound
639727,58,Goal,0.955999984741211,0.5279999923706055,0.510297417640686,Jonathan Christian David,h,8636,FromCorner,2025,RightFoot,29851,Juventus,Parma Calcio 1913,2,0,2025-08-24 18:45:00,Kenan Yildiz,Cross
661800,62,Goal,0.9080000305175782,0.45799999237060546,0.8921308517456055,Jonathan Christian David,a,8636,OpenPlay,2025,LeftFoot,30032,Sassuolo,Juventus,0,3,2026-01-06 19:45:00,,TakeOn
662896,14,Goal,0.9059999847412109,0.5870000076293945,0.5107383728027344,Jonathan Christian David,h,8636,OpenPlay,2025,LeftFoot,30039,Juventus,Cremonese,5,0,2026-01-12 19:45:00,Kephren Thuram,Pass
665483,21,Goal,0.909000015258789,0.415,0.3025301396846771,Jonathan Christian David,h,8636,OpenPlay,2025,LeftFoot,30059,Juventus,Napoli,3,0,2026-01-25 17:00:00,Manuel Locatelli,Chipped
666821,63,Goal,0.98,0.524000015258789,0.9470272660255432,Jonathan Christian David,a,8636,OpenPlay,2025,LeftFoot,30070,Parma Calcio 1913,Juventus,1,4,2026-02-01 19:45:00,,Rebound
679950,1,Goal,0.9230000305175782,0.44,0.209092378616333,Jonathan Christian David,h,8636,FromCorner,2025,Head,30165,Juventus,Bologna,2,0,2026-04-19 18:45:00,Pierre Kalulu Kyatengwa,Cross
552638,56,Goal,0.885,0.5,0.7611688375473022,Jean-Philippe Mateta,h,5735,Penalty,2023,RightFoot,22047,Crystal Palace,Liverpool,1,2,2023-12-09 12:30:00,,Standard
554298,75,Goal,0.9669999694824218,0.5209999847412109,0.742124617099762,Jean-Philippe Mateta,a,5735,OpenPlay,2023,RightFoot,22061,Manchester City,Crystal Palace,2,2,2023-12-16 15:00:00,Jeffrey Schlupp,Pass
561214,70,Goal,0.9009999847412109,0.43400001525878906,0.0633406788110733,Jean-Philippe Mateta,a,5735,OpenPlay,2023,Head,22118,Brighton,Crystal Palace,4,1,2024-02-03 15:00:00,Joachim Andersen,Cross
565223,78,Goal,0.885,0.5,0.7611688375473022,Jean-Philippe Mateta,h,5735,Penalty,2023,RightFoot,22150,Crystal Palace,Burnley,3,0,2024-02-24 15:00:00,,Standard
568064,10,Goal,0.9480000305175781,0.4109999847412109,0.44129449129104614,Jean-Philippe Mateta,h,5735,OpenPlay,2023,RightFoot,22170,Crystal Palace,Luton,1,1,2024-03-09 15:00:00,Daniel Muñoz,Pass
570750,10,Goal,0.8490000152587891,0.555,0.09251461178064346,Jean-Philippe Mateta,a,5735,OpenPlay,2023,RightFoot,22192,Nottingham Forest,Crystal Palace,1,1,2024-03-30 15:00:00,Eberechi Eze,Pass
572149,3,Goal,0.8640000152587891,0.395,0.48204469680786133,Jean-Philippe Mateta,h,5735,OpenPlay,2023,RightFoot,22207,Crystal Palace,Manchester City,2,4,2024-04-06 11:30:00,Adam Wharton,Throughball
575542,30,Goal,0.9230000305175782,0.53,0.5461344122886658,Jean-Philippe Mateta,h,5735,OpenPlay,2023,RightFoot,22227,Crystal Palace,West Ham,5,2,2024-04-21 14:00:00,Michael Olise,Pass
575550,63,Goal,0.8690000152587891,0.5729999923706055,0.371768981218338,Jean-Philippe Mateta,h,5735,OpenPlay,2023,RightFoot,22227,Crystal Palace,West Ham,5,2,2024-04-21 14:00:00,Eberechi Eze,Pass
576273,54,Goal,0.8590000152587891,0.4620000076293945,0.3308022618293762,Jean-Philippe Mateta,h,5735,OpenPlay,2023,RightFoot,22178,Crystal Palace,Newcastle United,2,0,2024-04-24 19:00:00,Jordan Ayew,Pass
576282,87,Goal,0.9169999694824219,0.5729999923706055,0.4128764867782593,Jean-Philippe Mateta,h,5735,OpenPlay,2023,LeftFoot,22178,Crystal Palace,Newcastle United,2,0,2024-04-24 19:00:00,Will Hughes,Pass
579435,39,Goal,0.88,0.6559999847412109,0.3435188829898834,Jean-Philippe Mateta,h,5735,OpenPlay,2023,LeftFoot,22250,Crystal Palace,Manchester United,4,0,2024-05-06 19:00:00,Chris Richards,TakeOn
579850,27,Goal,0.945,0.485,0.6407343149185181,Jean-Philippe Mateta,a,5735,OpenPlay,2023,RightFoot,22264,Wolverhampton Wanderers,Crystal Palace,1,3,2024-05-11 14:00:00,,Rebound
582051,8,Goal,0.88,0.56,0.3927852511405945,Jean-Philippe Mateta,h,5735,OpenPlay,2023,LeftFoot,22270,Crystal Palace,Aston Villa,5,0,2024-05-19 15:00:00,Michael Olise,Throughball
582058,38,Goal,0.9269999694824219,0.45799999237060546,0.5271594524383545,Jean-Philippe Mateta,h,5735,OpenPlay,2023,RightFoot,22270,Crystal Palace,Aston Villa,5,0,2024-05-19 15:00:00,Daniel Muñoz,Pass
582066,62,Goal,0.9180000305175782,0.40900001525878904,0.40763944387435913,Jean-Philippe Mateta,h,5735,OpenPlay,2023,RightFoot,22270,Crystal Palace,Aston Villa,5,0,2024-05-19 15:00:00,Eberechi Eze,Pass
590810,46,Goal,0.9680000305175781,0.5359999847412109,0.5914250612258911,Jean-Philippe Mateta,h,5735,OpenPlay,2024,RightFoot,26636,Crystal Palace,Leicester,2,2,2024-09-14 14:00:00,Tyrick Mitchell,Cross
590822,91,Goal,0.885,0.5,0.7611688375473022,Jean-Philippe Mateta,h,5735,Penalty,2024,RightFoot,26636,Crystal Palace,Leicester,2,2,2024-09-14 14:00:00,,Standard
598871,30,Goal,0.9259999847412109,0.575,0.4644821584224701,Jean-Philippe Mateta,h,5735,OpenPlay,2024,LeftFoot,26689,Crystal Palace,Tottenham,1,0,2024-10-27 14:00:00,Eberechi Eze,Pass
605163,58,Goal,0.9109999847412109,0.64,0.4336123466491699,Jean-Philippe Mateta,a,5735,OpenPlay,2024,LeftFoot,26737,Ipswich,Crystal Palace,0,1,2024-12-03 19:30:00,Eberechi Eze,TakeOn
609926,81,Goal,0.9359999847412109,0.4620000076293945,0.5119228363037109,Jean-Philippe Mateta,h,5735,OpenPlay,2024,RightFoot,26795,Crystal Palace,Chelsea,1,1,2025-01-04 15:00:00,Eberechi Eze,Pass
611663,51,Goal,0.9619999694824218,0.5790000152587891,0.8330144286155701,Jean-Philippe Mateta,a,5735,OpenPlay,2024,LeftFoot,26806,Leicester,Crystal Palace,0,2,2025-01-15 19:30:00,Ismaila Sarr,TakeOn
612310,47,Goal,0.8159999847412109,0.54,0.12068336457014084,Jean-Philippe Mateta,a,5735,OpenPlay,2024,RightFoot,26821,West Ham,Crystal Palace,0,2,2025-01-18 15:00:00,Eberechi Eze,Throughball
612319,88,Goal,0.885,0.5,0.7611688375473022,Jean-Philippe Mateta,a,5735,Penalty,2024,RightFoot,26821,West Ham,Crystal Palace,0,2,2025-01-18 15:00:00,,Standard
615457,63,Goal,0.970999984741211,0.485,0.8552038669586182,Jean-Philippe Mateta,a,5735,SetPiece,2024,RightFoot,26838,Manchester United,Crystal Palace,0,2,2025-02-02 14:00:00,,Rebound
615459,88,Goal,0.91,0.54,0.6128495931625366,Jean-Philippe Mateta,a,5735,OpenPlay,2024,RightFoot,26838,Manchester United,Crystal Palace,0,2,2025-02-02 14:00:00,Daniel Muñoz,Pass
617353,46,Goal,0.9130000305175782,0.5020000076293946,0.49181604385375977,Jean-Philippe Mateta,h,5735,FromCorner,2024,LeftFoot,26844,Crystal Palace,Everton,1,2,2025-02-15 17:30:00,Marc Guehi,Throughball
619513,58,Goal,0.855,0.5470000076293945,0.07838469743728638,Jean-Philippe Mateta,h,5735,OpenPlay,2024,LeftFoot,26868,Crystal Palace,Aston Villa,4,1,2025-02-25 19:30:00,Eberechi Eze,BallTouch
625685,2,Goal,0.85,0.6559999847412109,0.050122879445552826,Jean-Philippe Mateta,h,5735,OpenPlay,2024,LeftFoot,26904,Crystal Palace,Brighton,2,1,2025-04-05 14:00:00,Eberechi Eze,Pass
629824,82,Goal,0.730999984741211,0.47299999237060547,0.01610676757991314,Jean-Philippe Mateta,a,5735,OpenPlay,2024,RightFoot,26933,Arsenal,Crystal Palace,2,2,2025-04-23 19:00:00,,BallRecovery
641120,20,Goal,0.885,0.5,0.7611688375473022,Jean-Philippe Mateta,a,5735,Penalty,2025,RightFoot,28807,Aston Villa,Crystal Palace,0,3,2025-08-31 18:00:00,,Standard
643066,36,Goal,0.970999984741211,0.4829999923706055,0.6040295958518982,Jean-Philippe Mateta,a,5735,FromCorner,2025,Head,28819,West Ham,Crystal Palace,1,2,2025-09-20 14:00:00,,Rebound
647583,63,Goal,0.9459999847412109,0.4929999923706055,0.6212283968925476,Jean-Philippe Mateta,h,5735,OpenPlay,2025,LeftFoot,28850,Crystal Palace,Bournemouth,3,3,2025-10-18 14:00:00,Daniel Muñoz,Pass
647585,68,Goal,0.9819999694824219,0.5709999847412109,0.5354506969451904,Jean-Philippe Mateta,h,5735,OpenPlay,2025,LeftFoot,28850,Crystal Palace,Bournemouth,3,3,2025-10-18 14:00:00,,Rebound
647593,96,Goal,0.885,0.5,0.7611688375473022,Jean-Philippe Mateta,h,5735,Penalty,2025,RightFoot,28850,Crystal Palace,Bournemouth,3,3,2025-10-18 14:00:00,,Standard
650849,29,Goal,0.8830000305175781,0.4379999923706055,0.03891671448945999,Jean-Philippe Mateta,h,5735,SetPiece,2025,Head,28870,Crystal Palace,Brentford,2,0,2025-11-01 15:00:00,Jefferson Lerma,HeadPass
656389,35,Goal,0.885,0.5,0.7611688375473022,Jean-Philippe Mateta,h,5735,Penalty,2025,RightFoot,28901,Crystal Palace,Manchester United,1,2,2025-11-30 12:00:00,,Standard
660711,38,Goal,0.9459999847412109,0.5209999847412109,0.5287830829620361,Jean-Philippe Mateta,h,5735,OpenPlay,2025,Head,28962,Crystal Palace,Fulham,1,1,2026-01-01 17:30:00,Nathaniel Clyne,Cross
678353,79,Goal,0.9340000152587891,0.49700000762939456,0.3947923183441162,Jean-Philippe Mateta,h,5735,OpenPlay,2025,Head,29096,Crystal Palace,Newcastle United,2,1,2026-04-12 13:00:00,Tyrick Mitchell,Pass
678354,93,Goal,0.885,0.5,0.7611688375473022,Jean-Philippe Mateta,h,5735,Penalty,2025,RightFoot,29096,Crystal Palace,Newcastle United,2,1,2026-04-12 13:00:00,,Standard
684078,76,Goal,0.9209999847412109,0.534000015258789,0.49373748898506165,Jean-Philippe Mateta,h,5735,OpenPlay,2025,LeftFoot,29130,Crystal Palace,Everton,2,2,2026-05-10 13:00:00,,None
534547,89,Goal,0.885,0.5,0.75777667760849,Andrej Kramaric,a,956,Penalty,2023,RightFoot,23078,FC Heidenheim,Hoffenheim,2,3,2023-08-26 13:30:00,,Standard
537431,0,Goal,0.919000015258789,0.6070000076293945,0.3621513843536377,Andrej Kramaric,a,956,OpenPlay,2023,LeftFoot,23097,FC Cologne,Hoffenheim,1,3,2023-09-16 13:30:00,,None
538953,21,Goal,0.885,0.5,0.75777667760849,Andrej Kramaric,a,956,Penalty,2023,RightFoot,23106,Union Berlin,Hoffenheim,0,2,2023-09-23 13:30:00,,Standard
540711,24,Goal,0.885,0.5,0.75777667760849,Andrej Kramaric,h,956,Penalty,2023,RightFoot,23110,Hoffenheim,Borussia Dortmund,1,3,2023-09-29 18:30:00,,Standard
552509,42,Goal,0.9159999847412109,0.580999984741211,0.34969642758369446,Andrej Kramaric,h,956,OpenPlay,2023,RightFoot,23187,Hoffenheim,Bochum,3,1,2023-12-08 19:30:00,Grischa Prömel,TakeOn
555286,13,Goal,0.885,0.5,0.75777667760849,Andrej Kramaric,h,956,Penalty,2023,RightFoot,23205,Hoffenheim,Darmstadt,3,3,2023-12-19 19:30:00,,Standard
559816,51,Goal,0.885,0.5,0.75777667760849,Andrej Kramaric,h,956,Penalty,2023,RightFoot,23232,Hoffenheim,FC Heidenheim,1,1,2024-01-27 14:30:00,,Standard
563187,93,Goal,0.8819999694824219,0.48900001525878906,0.07781939953565598,Andrej Kramaric,h,956,OpenPlay,2023,LeftFoot,23247,Hoffenheim,FC Cologne,1,1,2024-02-11 16:30:00,Ozan Kabak,HeadPass
572951,19,Goal,0.785,0.5209999847412109,0.04013919085264206,Andrej Kramaric,h,956,OpenPlay,2023,RightFoot,23314,Hoffenheim,Augsburg,3,1,2024-04-07 13:30:00,Wout Weghorst,Pass
576479,72,Goal,0.9830000305175781,0.504000015258789,0.8906271457672119,Andrej Kramaric,a,956,OpenPlay,2023,RightFoot,23341,Bochum,Hoffenheim,3,2,2024-04-26 18:30:00,David Jurásek,Rebound
576484,83,Goal,0.8440000152587891,0.6619999694824219,0.03611487150192261,Andrej Kramaric,a,956,OpenPlay,2023,RightFoot,23341,Bochum,Hoffenheim,3,2,2024-04-26 18:30:00,Florian Grillitsch,Chipped
578049,89,Goal,0.9269999694824219,0.49900001525878906,0.32439103722572327,Andrej Kramaric,h,956,OpenPlay,2023,Head,23349,Hoffenheim,RasenBallsport Leipzig,1,1,2024-05-03 18:30:00,Marius Bülter,Chipped
581746,67,Goal,0.9319999694824219,0.49400001525878906,0.5483704209327698,Andrej Kramaric,h,956,OpenPlay,2023,RightFoot,23367,Hoffenheim,Bayern Munich,4,2,2024-05-18 13:30:00,Ihlas Bebou,Pass
581751,84,Goal,0.840999984741211,0.5279999923706055,0.07376199960708618,Andrej Kramaric,h,956,OpenPlay,2023,RightFoot,23367,Hoffenheim,Bayern Munich,4,2,2024-05-18 13:30:00,Tom Bischof,Pass
581752,86,Goal,0.904000015258789,0.4779999923706055,0.3908618092536926,Andrej Kramaric,h,956,OpenPlay,2023,LeftFoot,23367,Hoffenheim,Bayern Munich,4,2,2024-05-18 13:30:00,,TakeOn
585975,5,Goal,0.885,0.5,0.75777667760849,Andrej Kramaric,h,956,Penalty,2024,RightFoot,27744,Hoffenheim,Holstein Kiel,3,2,2024-08-24 13:30:00,,Standard
585987,36,Goal,0.9359999847412109,0.509000015258789,0.4982033669948578,Andrej Kramaric,h,956,OpenPlay,2024,Head,27744,Hoffenheim,Holstein Kiel,3,2,2024-08-24 13:30:00,Marius Bülter,Cross
586010,86,Goal,0.9319999694824219,0.3970000076293945,0.35599419474601746,Andrej Kramaric,h,956,OpenPlay,2024,RightFoot,27744,Hoffenheim,Holstein Kiel,3,2,2024-08-24 13:30:00,,Rebound
589015,53,Goal,0.9690000152587891,0.539000015258789,0.5767129063606262,Andrej Kramaric,a,956,OpenPlay,2024,LeftFoot,27756,Eintracht Frankfurt,Hoffenheim,3,1,2024-08-31 13:30:00,Adam Hlozek,Cross
596953,10,Goal,0.8159999847412109,0.5079999923706054,0.31766176223754883,Andrej Kramaric,h,956,OpenPlay,2024,RightFoot,27799,Hoffenheim,Bochum,3,1,2024-10-19 13:30:00,,None
608239,57,Goal,0.885,0.5,0.75777667760849,Andrej Kramaric,h,956,Penalty,2024,RightFoot,27872,Hoffenheim,Borussia M.Gladbach,1,2,2024-12-21 14:30:00,,Standard
612126,45,Goal,0.885,0.6170000076293946,0.09280772507190704,Andrej Kramaric,a,956,OpenPlay,2024,LeftFoot,27903,Holstein Kiel,Hoffenheim,1,3,2025-01-18 14:30:00,,None
624112,70,Goal,0.885,0.5,0.75777667760849,Andrej Kramaric,h,956,Penalty,2024,RightFoot,27983,Hoffenheim,Augsburg,1,1,2025-03-29 14:30:00,,Standard
627087,3,Goal,0.975999984741211,0.534000015258789,0.8060978055000305,Andrej Kramaric,h,956,OpenPlay,2024,LeftFoot,27998,Hoffenheim,Mainz 05,2,0,2025-04-12 13:30:00,Bazoumana Touré,Pass
627092,31,Goal,0.845,0.5720000076293945,0.308841347694397,Andrej Kramaric,h,956,OpenPlay,2024,RightFoot,27998,Hoffenheim,Mainz 05,2,0,2025-04-12 13:30:00,Bazoumana Touré,Pass
628399,49,Goal,0.8590000152587891,0.53,0.06832382082939148,Andrej Kramaric,a,956,SetPiece,2024,RightFoot,28007,Freiburg,Hoffenheim,3,2,2025-04-19 13:30:00,,None
641445,45,Goal,0.885,0.5,0.75777667760849,Andrej Kramaric,a,956,Penalty,2025,RightFoot,30247,Union Berlin,Hoffenheim,2,4,2025-09-13 13:30:00,,Standard
648336,58,Goal,0.8830000305175781,0.4759999847412109,0.12731733918190002,Andrej Kramaric,a,956,OpenPlay,2025,RightFoot,30284,St. Pauli,Hoffenheim,0,3,2025-10-19 15:30:00,Vladimir Coufal,Pass
648804,62,Goal,0.905,0.6029999923706054,0.4482651650905609,Andrej Kramaric,h,956,OpenPlay,2025,RightFoot,30293,Hoffenheim,FC Heidenheim,3,1,2025-10-25 13:30:00,Bazoumana Touré,Throughball
663071,21,Goal,0.885,0.5,0.75777667760849,Andrej Kramaric,h,956,Penalty,2025,RightFoot,30372,Hoffenheim,Borussia M.Gladbach,5,1,2026-01-14 19:30:00,,Standard
663077,45,Goal,0.93,0.5420000076293945,0.5875943303108215,Andrej Kramaric,h,956,OpenPlay,2025,RightFoot,30372,Hoffenheim,Borussia M.Gladbach,5,1,2026-01-14 19:30:00,,None
663078,48,Goal,0.904000015258789,0.3220000076293945,0.13465604186058044,Andrej Kramaric,h,956,OpenPlay,2025,RightFoot,30372,Hoffenheim,Borussia M.Gladbach,5,1,2026-01-14 19:30:00,Tim Lemperle,Throughball
665962,41,Goal,0.885,0.5,0.75777667760849,Andrej Kramaric,h,956,Penalty,2025,RightFoot,30400,Hoffenheim,Union Berlin,3,1,2026-01-31 14:30:00,,Standard
665963,44,Goal,0.9080000305175782,0.4490000152587891,0.28523653745651245,Andrej Kramaric,h,956,OpenPlay,2025,Head,30400,Hoffenheim,Union Berlin,3,1,2026-01-31 14:30:00,Bazoumana Touré,Cross
667884,34,Goal,0.914000015258789,0.5,0.5013388395309448,Andrej Kramaric,a,956,OpenPlay,2025,LeftFoot,30404,Bayern Munich,Hoffenheim,5,1,2026-02-08 16:30:00,Fisnik Asllani,Pass
669657,59,Goal,0.9490000152587891,0.47,0.4837873876094818,Andrej Kramaric,a,956,OpenPlay,2025,Head,30423,FC Cologne,Hoffenheim,2,2,2026-02-21 14:30:00,,None
679151,41,Goal,0.885,0.5,0.75777667760849,Andrej Kramaric,h,956,Penalty,2025,RightFoot,30490,Hoffenheim,Borussia Dortmund,2,1,2026-04-18 13:30:00,,Standard
679161,97,Goal,0.885,0.5,0.75777667760849,Andrej Kramaric,h,956,Penalty,2025,RightFoot,30490,Hoffenheim,Borussia Dortmund,2,1,2026-04-18 13:30:00,,Standard
682224,7,Goal,0.955999984741211,0.4,0.38003355264663696,Andrej Kramaric,h,956,OpenPlay,2025,RightFoot,30508,Hoffenheim,VfB Stuttgart,3,3,2026-05-02 13:30:00,Fisnik Asllani,Rebound
682238,48,Goal,0.93,0.47200000762939454,0.42257043719291687,Andrej Kramaric,h,956,OpenPlay,2025,RightFoot,30508,Hoffenheim,VfB Stuttgart,3,3,2026-05-02 13:30:00,Bazoumana Touré,Cross
537028,23,Goal,0.94,0.47400001525878904,0.46376729011535645,Marcus Thuram,h,5992,OpenPlay,2023,Head,22332,Inter,Fiorentina,4,0,2023-09-03 16:30:00,Federico Dimarco,Cross
537778,37,Goal,0.879000015258789,0.6880000305175781,0.05977272987365723,Marcus Thuram,h,5992,OpenPlay,2023,RightFoot,22336,Inter,AC Milan,5,1,2023-09-16 16:00:00,Denzel Dumfries,Pass
544196,58,Goal,0.8640000152587891,0.46,0.10425260663032532,Marcus Thuram,a,5992,OpenPlay,2023,RightFoot,22390,Torino,Inter,0,3,2023-10-21 16:00:00,Denzel Dumfries,Pass
546322,80,Goal,0.9490000152587891,0.5179999923706055,0.5656746625900269,Marcus Thuram,h,5992,OpenPlay,2023,RightFoot,22397,Inter,Roma,1,0,2023-10-29 17:00:00,Federico Dimarco,Cross
552054,84,Goal,0.9740000152587891,0.5079999923706054,0.7791145443916321,Marcus Thuram,a,5992,OpenPlay,2023,RightFoot,22442,Napoli,Inter,0,3,2023-12-03 19:45:00,Juan Cuadrado,Cross
553188,43,Goal,0.98,0.46599998474121096,0.8018139600753784,Marcus Thuram,h,5992,OpenPlay,2023,RightFoot,22450,Inter,Udinese,4,0,2023-12-09 19:45:00,Henrikh Mkhitaryan,Cross
555077,65,Goal,0.905,0.63,0.34042924642562866,Marcus Thuram,a,5992,OpenPlay,2023,LeftFoot,22463,Lazio,Inter,0,2,2023-12-17 19:45:00,Nicolò Barella,Pass
558297,87,Goal,0.8969999694824219,0.3970000076293945,0.4928753674030304,Marcus Thuram,a,5992,OpenPlay,2023,LeftFoot,22504,Monza,Inter,1,5,2024-01-13 19:45:00,Henrikh Mkhitaryan,Chipped
562677,48,Goal,0.9569999694824218,0.44299999237060544,0.5157331824302673,Marcus Thuram,a,5992,OpenPlay,2023,RightFoot,22544,Roma,Inter,2,4,2024-02-10 17:00:00,Matteo Darmian,Cross
563559,16,Goal,0.899000015258789,0.5640000152587891,0.378948837518692,Marcus Thuram,h,5992,OpenPlay,2023,RightFoot,22550,Inter,Salernitana,4,0,2024-02-16 20:00:00,Carlos Augusto,Pass
574440,11,Goal,0.955,0.47,0.6301441788673401,Marcus Thuram,h,5992,OpenPlay,2023,RightFoot,22616,Inter,Cagliari,2,2,2024-04-14 18:45:00,Alexis Sánchez,Pass
575922,48,Goal,0.8240000152587891,0.6759999847412109,0.04711979255080223,Marcus Thuram,a,5992,OpenPlay,2023,RightFoot,22633,AC Milan,Inter,1,2,2024-04-22 18:45:00,,None
579552,83,Goal,0.8680000305175781,0.6359999847412109,0.4010044038295746,Marcus Thuram,a,5992,OpenPlay,2023,LeftFoot,22657,Frosinone,Inter,0,5,2024-05-10 18:45:00,Lautaro Martínez,BallRecovery
584925,29,Goal,0.919000015258789,0.47,0.04710732027888298,Marcus Thuram,a,5992,OpenPlay,2024,Head,27362,Genoa,Inter,2,2,2024-08-17 16:30:00,Nicolò Barella,Aerial
584943,81,Goal,0.914000015258789,0.445,0.45340150594711304,Marcus Thuram,a,5992,OpenPlay,2024,RightFoot,27362,Genoa,Inter,2,2,2024-08-17 16:30:00,Davide Frattesi,Throughball
588930,46,Goal,0.9230000305175782,0.53,0.580497682094574,Marcus Thuram,h,5992,OpenPlay,2024,RightFoot,27383,Inter,Atalanta,4,0,2024-08-30 18:45:00,,None
588934,55,Goal,0.919000015258789,0.5429999923706055,0.4875849783420563,Marcus Thuram,h,5992,FromCorner,2024,RightFoot,27383,Inter,Atalanta,4,0,2024-08-30 18:45:00,,None
595845,24,Goal,0.9169999694824219,0.47700000762939454,0.3334749937057495,Marcus Thuram,h,5992,OpenPlay,2024,Head,27428,Inter,Torino,3,2,2024-10-05 18:45:00,Alessandro Bastoni,Cross
595849,34,Goal,0.924000015258789,0.5209999847412109,0.3971726894378662,Marcus Thuram,h,5992,OpenPlay,2024,Head,27428,Inter,Torino,3,2,2024-10-05 18:45:00,Francesco Acerbi,Cross
595866,59,Goal,0.97,0.3990000152587891,0.35284143686294556,Marcus Thuram,h,5992,OpenPlay,2024,RightFoot,27428,Inter,Torino,3,2,2024-10-05 18:45:00,,Rebound
602694,21,Goal,0.8880000305175781,0.40700000762939453,0.35005104541778564,Marcus Thuram,a,5992,OpenPlay,2024,RightFoot,27485,Verona,Inter,0,5,2024-11-23 14:00:00,Joaquín Correa,Throughball
602695,24,Goal,0.9159999847412109,0.42900001525878906,0.6555877327919006,Marcus Thuram,a,5992,OpenPlay,2024,RightFoot,27485,Verona,Inter,0,5,2024-11-23 14:00:00,Alessandro Bastoni,TakeOn
605460,65,Goal,0.9769999694824218,0.5359999847412109,0.6318902969360352,Marcus Thuram,h,5992,FromCorner,2024,RightFoot,27507,Inter,Parma Calcio 1913,3,1,2024-12-06 17:30:00,Yann Bisseck,HeadPass
607928,89,Goal,0.895,0.625999984741211,0.10623698681592941,Marcus Thuram,a,5992,OpenPlay,2024,RightFoot,27515,Lazio,Inter,0,6,2024-12-16 19:45:00,Henrikh Mkhitaryan,Pass
609023,91,Goal,0.855,0.3340000152587891,0.08822586387395859,Marcus Thuram,h,5992,OpenPlay,2024,RightFoot,27531,Inter,Como,2,0,2024-12-23 19:45:00,Piotr Zielinski,Pass
612959,88,Goal,0.9119999694824219,0.5790000152587891,0.39948418736457825,Marcus Thuram,h,5992,OpenPlay,2024,RightFoot,27567,Inter,Empoli,3,1,2025-01-19 19:45:00,Marko Arnautovic,Pass
625841,44,Goal,0.8909999847412109,0.524000015258789,0.4251554012298584,Marcus Thuram,a,5992,OpenPlay,2024,RightFoot,27670,Parma Calcio 1913,Inter,2,2,2025-04-05 16:00:00,Henrikh Mkhitaryan,Pass
639818,35,Goal,0.924000015258789,0.34400001525878904,0.29563939571380615,Marcus Thuram,h,5992,OpenPlay,2025,RightFoot,29853,Inter,Torino,5,0,2025-08-25 18:45:00,Petar Sucic,Pass
639835,61,Goal,0.95,0.435,0.4286080300807953,Marcus Thuram,h,5992,OpenPlay,2025,Head,29853,Inter,Torino,5,0,2025-08-25 18:45:00,Alessandro Bastoni,Aerial
641852,75,Goal,0.925,0.514000015258789,0.34363237023353577,Marcus Thuram,a,5992,FromCorner,2025,Head,29865,Juventus,Inter,4,3,2025-09-13 16:00:00,Federico Dimarco,Cross
657078,58,Goal,0.9769999694824218,0.4420000076293945,0.5500466823577881,Marcus Thuram,h,5992,FromCorner,2025,LeftFoot,29976,Inter,Como,4,0,2025-12-06 17:00:00,Francesco Acerbi,HeadPass
661710,73,Goal,0.97,0.45299999237060545,0.6750069856643677,Marcus Thuram,h,5992,FromCorner,2025,OtherBodyPart,30019,Inter,Bologna,3,1,2026-01-04 19:45:00,,None
662021,97,Goal,0.855999984741211,0.41900001525878905,0.4107730984687805,Marcus Thuram,a,5992,OpenPlay,2025,LeftFoot,30030,Parma Calcio 1913,Inter,0,2,2026-01-07 19:45:00,Nicolò Barella,BallRecovery
667948,27,Goal,0.9290000152587891,0.534000015258789,0.40338096022605896,Marcus Thuram,a,5992,OpenPlay,2025,RightFoot,30075,Sassuolo,Inter,0,5,2026-02-08 17:00:00,Federico Dimarco,Cross
677240,54,Goal,0.93,0.5729999923706055,0.07653841376304626,Marcus Thuram,h,5992,FromCorner,2025,Head,30145,Inter,Roma,5,2,2026-04-05 18:45:00,Hakan Calhanoglu,Cross
678679,45,Goal,0.905,0.549000015258789,0.08099646121263504,Marcus Thuram,a,5992,OpenPlay,2025,RightFoot,30157,Como,Inter,3,4,2026-04-12 18:45:00,Nicolò Barella,Cross
678680,48,Goal,0.7269999694824218,0.3,0.011045373976230621,Marcus Thuram,a,5992,OpenPlay,2025,RightFoot,30157,Como,Inter,3,4,2026-04-12 18:45:00,,None
678958,51,Goal,0.9630000305175781,0.465,0.8399379849433899,Marcus Thuram,h,5992,OpenPlay,2025,RightFoot,30164,Inter,Cagliari,3,0,2026-04-17 18:45:00,Federico Dimarco,Pass
681652,22,Goal,0.970999984741211,0.4620000076293945,0.6004611253738403,Marcus Thuram,a,5992,OpenPlay,2025,Head,30182,Torino,Inter,2,2,2026-04-26 16:00:00,Federico Dimarco,Chipped
683195,45,Goal,0.9059999847412109,0.39299999237060546,0.3623235821723938,Marcus Thuram,h,5992,OpenPlay,2025,RightFoot,30188,Inter,Parma Calcio 1913,2,0,2026-05-03 18:45:00,Piotr Zielinski,Throughball
532413,26,Goal,0.885,0.5,0.7611688375473022,Bryan Mbeumo,h,6552,Penalty,2023,LeftFoot,22282,Brentford,Tottenham,2,2,2023-08-13 13:00:00,,Standard
533188,65,Goal,0.885,0.5,0.7611688375473022,Bryan Mbeumo,a,6552,Penalty,2023,LeftFoot,22287,Fulham,Brentford,0,3,2023-08-19 14:00:00,,Standard
533193,91,Goal,0.9640000152587891,0.5129999923706055,0.8103819489479065,Bryan Mbeumo,a,6552,OpenPlay,2023,LeftFoot,22287,Fulham,Brentford,0,3,2023-08-19 14:00:00,Kristoffer Ajer,Pass
536249,92,Goal,0.8619999694824219,0.45299999237060545,0.3011491596698761,Bryan Mbeumo,h,6552,OpenPlay,2023,LeftFoot,21928,Brentford,Bournemouth,2,2,2023-09-02 14:00:00,Nathan Collins,Throughball
544063,61,Goal,0.8180000305175781,0.4370000076293945,0.055756594985723495,Bryan Mbeumo,h,6552,OpenPlay,2023,LeftFoot,21977,Brentford,Burnley,3,0,2023-10-21 14:00:00,Neal Maupay,Pass
545233,95,Goal,0.8540000152587891,0.555,0.41306257247924805,Bryan Mbeumo,a,6552,OpenPlay,2023,LeftFoot,21989,Chelsea,Brentford,0,2,2023-10-28 11:30:00,Neal Maupay,Pass
552257,26,Goal,0.885,0.5,0.7611688375473022,Bryan Mbeumo,a,6552,Penalty,2023,LeftFoot,22036,Brighton,Brentford,2,1,2023-12-06 19:30:00,,Standard
572386,60,Goal,0.9169999694824219,0.5079999923706054,0.11202002316713333,Bryan Mbeumo,a,6552,OpenPlay,2023,RightFoot,22205,Aston Villa,Brentford,3,3,2024-04-06 14:00:00,Sergio Reguilón,Cross
579979,85,Goal,0.8540000152587891,0.5359999847412109,0.3736286461353302,Bryan Mbeumo,a,6552,OpenPlay,2023,LeftFoot,22255,Bournemouth,Brentford,1,2,2024-05-11 14:00:00,Yoane Wissa,Chipped
585157,28,Goal,0.9,0.34400001525878904,0.07405825704336166,Bryan Mbeumo,h,6552,OpenPlay,2024,LeftFoot,26609,Brentford,Crystal Palace,2,1,2024-08-18 13:00:00,Yoane Wissa,Pass
589156,42,Goal,0.9009999847412109,0.4229999923706055,0.3575889468193054,Bryan Mbeumo,h,6552,OpenPlay,2024,LeftFoot,26623,Brentford,Southampton,3,1,2024-08-31 14:00:00,,Rebound
589166,64,Goal,0.8830000305175781,0.44799999237060545,0.39201679825782776,Bryan Mbeumo,h,6552,OpenPlay,2024,LeftFoot,26623,Brentford,Southampton,3,1,2024-08-31 14:00:00,Mathias Jensen,Pass
592490,0,Goal,0.9,0.49400001525878906,0.10689929127693176,Bryan Mbeumo,a,6552,OpenPlay,2024,LeftFoot,26648,Tottenham,Brentford,3,1,2024-09-21 14:00:00,Keane Lewis-Potter,Cross
594141,0,Goal,0.8669999694824219,0.4859999847412109,0.07995214313268661,Bryan Mbeumo,h,6552,OpenPlay,2024,LeftFoot,26656,Brentford,West Ham,1,1,2024-09-28 14:00:00,Fabio Carvalho,HeadPass
595559,19,Goal,0.885,0.5,0.7611688375473022,Bryan Mbeumo,h,6552,Penalty,2024,LeftFoot,26667,Brentford,Wolverhampton Wanderers,5,3,2024-10-05 14:00:00,,Standard
598469,50,Goal,0.885,0.5,0.7611688375473022,Bryan Mbeumo,h,6552,Penalty,2024,LeftFoot,26685,Brentford,Ipswich,4,3,2024-10-26 14:00:00,,Standard
598485,95,Goal,0.755,0.23299999237060548,0.01621144451200962,Bryan Mbeumo,h,6552,OpenPlay,2024,LeftFoot,26685,Brentford,Ipswich,4,3,2024-10-26 14:00:00,Mads Roerslev,Pass
605873,7,Goal,0.8590000152587891,0.43599998474121093,0.0943097397685051,Bryan Mbeumo,h,6552,OpenPlay,2024,LeftFoot,26743,Brentford,Newcastle United,4,2,2024-12-07 15:00:00,Christian Nørgaard,TakeOn
607771,89,Goal,0.7969999694824219,0.37099998474121093,0.18549636006355286,Bryan Mbeumo,a,6552,OpenPlay,2024,LeftFoot,26757,Chelsea,Brentford,2,1,2024-12-15 19:00:00,Kevin Schade,TakeOn
609786,12,Goal,0.865999984741211,0.36,0.09078158438205719,Bryan Mbeumo,h,6552,OpenPlay,2024,LeftFoot,26783,Brentford,Arsenal,1,3,2025-01-01 17:30:00,Mikkel Damsgaard,Pass
609945,61,Goal,0.9309999847412109,0.634000015258789,0.343330979347229,Bryan Mbeumo,a,6552,OpenPlay,2024,LeftFoot,26799,Southampton,Brentford,0,5,2025-01-04 15:00:00,Yoane Wissa,Pass
609947,68,Goal,0.885,0.5,0.7611688375473022,Bryan Mbeumo,a,6552,Penalty,2024,LeftFoot,26799,Southampton,Brentford,0,5,2025-01-04 15:00:00,,Standard
613766,65,Goal,0.885,0.5,0.7611688375473022,Bryan Mbeumo,a,6552,Penalty,2024,LeftFoot,26825,Crystal Palace,Brentford,1,2,2025-01-26 14:00:00,,Standard
618209,26,Goal,0.8719999694824219,0.28299999237060547,0.0728670209646225,Bryan Mbeumo,a,6552,OpenPlay,2024,LeftFoot,26858,Leicester,Brentford,0,4,2025-02-21 20:00:00,Mikkel Damsgaard,Pass
625180,65,Goal,0.885,0.5,0.7611688375473022,Bryan Mbeumo,a,6552,Penalty,2024,LeftFoot,26899,Newcastle United,Brentford,2,1,2025-04-02 19:45:00,,Standard
628637,8,Goal,0.8540000152587891,0.45799999237060546,0.3178524672985077,Bryan Mbeumo,h,6552,OpenPlay,2024,RightFoot,26923,Brentford,Brighton,4,2,2025-04-19 14:00:00,Keane Lewis-Potter,Throughball
628646,47,Goal,0.8640000152587891,0.34200000762939453,0.048869457095861435,Bryan Mbeumo,h,6552,OpenPlay,2024,LeftFoot,26923,Brentford,Brighton,4,2,2025-04-19 14:00:00,Yoane Wissa,Pass
635047,21,Goal,0.8930000305175781,0.385,0.07688885182142258,Bryan Mbeumo,h,6552,OpenPlay,2024,RightFoot,26964,Brentford,Fulham,2,3,2025-05-18 14:00:00,Yoane Wissa,Pass
636308,19,Goal,0.9059999847412109,0.4329999923706055,0.4194124639034271,Bryan Mbeumo,a,6552,OpenPlay,2024,RightFoot,26978,Wolverhampton Wanderers,Brentford,1,1,2025-05-25 15:00:00,Christian Nørgaard,Pass
640307,56,Goal,0.9259999847412109,0.49,0.552983283996582,Bryan Mbeumo,h,6552,OpenPlay,2025,LeftFoot,28802,Manchester United,Burnley,3,2,2025-08-30 14:00:00,Diogo Dalot,Pass
648287,1,Goal,0.9269999694824219,0.36,0.3349863588809967,Bryan Mbeumo,a,6552,OpenPlay,2025,RightFoot,28852,Liverpool,Manchester United,1,2,2025-10-19 15:30:00,Amad Diallo Traore,Throughball
649100,60,Goal,0.860999984741211,0.405,0.10491649806499481,Bryan Mbeumo,h,6552,OpenPlay,2025,LeftFoot,28865,Manchester United,Brighton,4,2,2025-10-25 16:30:00,Benjamin Sesko,Pass
649112,96,Goal,0.8980000305175782,0.5840000152587891,0.34458863735198975,Bryan Mbeumo,h,6552,OpenPlay,2025,LeftFoot,28865,Manchester United,Brighton,4,2,2025-10-25 16:30:00,Ayden Heaven,Pass
652041,31,Goal,0.9169999694824219,0.575,0.2692733407020569,Bryan Mbeumo,a,6552,OpenPlay,2025,Head,28886,Tottenham,Manchester United,2,2,2025-11-08 12:30:00,Amad Diallo Traore,Cross
657829,50,Goal,0.9009999847412109,0.45799999237060546,0.5486844778060913,Bryan Mbeumo,a,6552,OpenPlay,2025,RightFoot,28927,Wolverhampton Wanderers,Manchester United,1,4,2025-12-08 20:00:00,Diogo Dalot,Pass
663355,64,Goal,0.8909999847412109,0.6090000152587891,0.36643466353416443,Bryan Mbeumo,h,6552,OpenPlay,2025,LeftFoot,28993,Manchester United,Manchester City,2,0,2026-01-17 12:30:00,Bruno Fernandes,Pass
665430,36,Goal,0.8690000152587891,0.43900001525878907,0.268869549036026,Bryan Mbeumo,a,6552,OpenPlay,2025,RightFoot,28999,Arsenal,Manchester United,2,3,2026-01-25 16:30:00,,BallRecovery
667038,37,Goal,0.850999984741211,0.52,0.051388245075941086,Bryan Mbeumo,h,6552,FromCorner,2025,LeftFoot,29025,Manchester United,Tottenham,2,0,2026-02-07 12:30:00,Kobbie Mainoo,Pass
685630,75,Goal,0.924000015258789,0.5120000076293946,0.3926260769367218,Bryan Mbeumo,h,6552,OpenPlay,2025,LeftFoot,29145,Manchester United,Nottingham Forest,3,2,2026-05-17 11:30:00,Bruno Fernandes,Cross
532183,71,Goal,0.9730000305175781,0.5570000076293945,0.5289545059204102,Artem Dovbyk,a,11736,OpenPlay,2023,Head,22687,Real Sociedad,Girona,1,1,2023-08-12 15:00:00,Viktor Tsygankov,Cross
538877,32,Goal,0.885,0.5,0.7432776093482971,Artem Dovbyk,h,11736,Penalty,2023,LeftFoot,22739,Girona,Mallorca,5,3,2023-09-23 12:00:00,,Standard
540316,55,Goal,0.9490000152587891,0.4470000076293945,0.4350051283836365,Artem Dovbyk,a,11736,OpenPlay,2023,Head,22751,Villarreal,Girona,1,2,2023-09-27 17:00:00,Sávio,Cross
544708,38,Goal,0.9230000305175782,0.65,0.06867489963769913,Artem Dovbyk,h,11736,OpenPlay,2023,LeftFoot,22776,Girona,Almeria,5,2,2023-10-22 14:15:00,Daley Blind,Pass
544710,42,Goal,0.865999984741211,0.41700000762939454,0.08926942199468613,Artem Dovbyk,h,11736,OpenPlay,2023,LeftFoot,22776,Girona,Almeria,5,2,2023-10-22 14:15:00,Yan Couto,Pass
546612,70,Goal,0.980999984741211,0.46799999237060547,0.7234968543052673,Artem Dovbyk,a,11736,OpenPlay,2023,Head,22802,Osasuna,Girona,2,4,2023-11-04 13:00:00,,None
548163,41,Goal,0.8909999847412109,0.48400001525878905,0.44904088973999023,Artem Dovbyk,a,11736,OpenPlay,2023,LeftFoot,22812,Rayo Vallecano,Girona,1,2,2023-11-11 13:00:00,Viktor Tsygankov,Pass
553816,11,Goal,0.9230000305175782,0.545,0.5200111269950867,Artem Dovbyk,a,11736,OpenPlay,2023,LeftFoot,22835,Barcelona,Girona,2,4,2023-12-10 20:00:00,Viktor Tsygankov,Pass
555188,22,Goal,0.92,0.4979999923706055,0.4211494028568268,Artem Dovbyk,h,11736,OpenPlay,2023,Head,22854,Girona,Alaves,3,0,2023-12-18 20:00:00,,Rebound
555195,58,Goal,0.885,0.5,0.7432776093482971,Artem Dovbyk,h,11736,Penalty,2023,LeftFoot,22854,Girona,Alaves,3,0,2023-12-18 20:00:00,,Standard
555860,38,Goal,0.885,0.5,0.7432776093482971,Artem Dovbyk,a,11736,Penalty,2023,LeftFoot,22857,Real Betis,Girona,1,1,2023-12-21 18:00:00,,Standard
559464,12,Goal,0.965,0.4520000076293945,0.0965130627155304,Artem Dovbyk,h,11736,OpenPlay,2023,Head,22886,Girona,Sevilla,5,1,2024-01-21 20:00:00,Sávio,Aerial
559465,14,Goal,0.905,0.5590000152587891,0.5563797354698181,Artem Dovbyk,h,11736,OpenPlay,2023,LeftFoot,22886,Girona,Sevilla,5,1,2024-01-21 20:00:00,Portu,Pass
559466,18,Goal,0.8169999694824219,0.37,0.059407204389572144,Artem Dovbyk,h,11736,OpenPlay,2023,LeftFoot,22886,Girona,Sevilla,5,1,2024-01-21 20:00:00,Yan Couto,Chipped
571375,35,Goal,0.885,0.5,0.7432776093482971,Artem Dovbyk,h,11736,Penalty,2023,LeftFoot,22983,Girona,Real Betis,3,2,2024-03-31 15:15:00,,Standard
571382,64,Goal,0.8669999694824219,0.45799999237060546,0.36650946736335754,Artem Dovbyk,h,11736,OpenPlay,2023,LeftFoot,22983,Girona,Real Betis,3,2,2024-03-31 15:15:00,Portu,Throughball
573433,3,Goal,0.9830000305175781,0.5359999847412109,0.8904008269309998,Artem Dovbyk,a,11736,OpenPlay,2023,RightFoot,22986,Atletico Madrid,Girona,3,1,2024-04-13 12:00:00,Yan Couto,Pass
575279,70,Goal,0.9230000305175782,0.5720000076293945,0.29402223229408264,Artem Dovbyk,h,11736,OpenPlay,2023,LeftFoot,23002,Girona,Cadiz,4,1,2024-04-20 19:00:00,Miguel Gutiérrez,TakeOn
576603,56,Goal,0.885,0.5,0.7432776093482971,Artem Dovbyk,a,11736,Penalty,2023,LeftFoot,23012,Las Palmas,Girona,0,2,2024-04-27 12:00:00,,Standard
578626,3,Goal,0.9519999694824218,0.5020000076293946,0.46349459886550903,Artem Dovbyk,h,11736,OpenPlay,2023,Head,23019,Girona,Barcelona,4,2,2024-05-04 16:30:00,Iván Martín,Chipped
582444,57,Goal,0.9680000305175781,0.5109999847412109,0.7690614461898804,Artem Dovbyk,a,11736,OpenPlay,2023,LeftFoot,23053,Valencia,Girona,1,3,2024-05-19 17:00:00,Iván Martín,Rebound
583034,43,Goal,0.885,0.5,0.7432776093482971,Artem Dovbyk,h,11736,Penalty,2023,LeftFoot,23058,Girona,Granada,7,0,2024-05-24 19:00:00,,Standard
583043,74,Goal,0.9080000305175782,0.6029999923706054,0.48847249150276184,Artem Dovbyk,h,11736,OpenPlay,2023,LeftFoot,23058,Girona,Granada,7,0,2024-05-24 19:00:00,Cristhian Stuani,Throughball
583046,89,Goal,0.885,0.5,0.7432776093482971,Artem Dovbyk,h,11736,Penalty,2023,LeftFoot,23058,Girona,Granada,7,0,2024-05-24 19:00:00,,Standard
591203,36,Goal,0.9309999847412109,0.5129999923706055,0.5613051056861877,Artem Dovbyk,a,11736,SetPiece,2024,RightFoot,27394,Genoa,Roma,1,1,2024-09-15 10:30:00,,None
593187,18,Goal,0.8730000305175781,0.67,0.12187011539936066,Artem Dovbyk,h,11736,OpenPlay,2024,LeftFoot,27410,Roma,Udinese,3,0,2024-09-22 16:00:00,Stephan El Shaarawy,Throughball
596407,60,Goal,0.9030000305175782,0.5570000076293945,0.43007561564445496,Artem Dovbyk,a,11736,OpenPlay,2024,LeftFoot,27425,Monza,Roma,1,1,2024-10-06 16:00:00,,None
600820,52,Goal,0.9669999694824218,0.5120000076293946,0.8066872954368591,Artem Dovbyk,a,11736,OpenPlay,2024,RightFoot,27468,Verona,Roma,3,2,2024-11-03 17:00:00,Mehmet Zeki Çelik,Pass
608606,82,Goal,0.975,0.48,0.9548642039299011,Artem Dovbyk,h,11736,OpenPlay,2024,LeftFoot,27529,Roma,Parma Calcio 1913,5,0,2024-12-22 11:30:00,Paulo Dybala,Pass
611212,97,Goal,0.885,0.5,0.7612988352775574,Artem Dovbyk,a,11736,Penalty,2024,LeftFoot,27554,Bologna,Roma,2,2,2025-01-12 17:00:00,,Standard
611981,24,Goal,0.98,0.5259999847412109,0.9365551471710205,Artem Dovbyk,h,11736,OpenPlay,2024,LeftFoot,27570,Roma,Genoa,3,1,2025-01-17 19:45:00,,Rebound
613821,63,Goal,0.885,0.5,0.7612988352775574,Artem Dovbyk,a,11736,Penalty,2024,LeftFoot,27579,Udinese,Roma,1,2,2025-01-26 14:00:00,,Standard
620675,75,Goal,0.9590000152587891,0.49200000762939455,0.6761678457260132,Artem Dovbyk,h,11736,OpenPlay,2024,LeftFoot,27630,Roma,Como,2,1,2025-03-02 17:00:00,Devyne Rensch,Pass
623398,61,Goal,0.960999984741211,0.504000015258789,0.6264865398406982,Artem Dovbyk,h,11736,FromCorner,2024,LeftFoot,27648,Roma,Cagliari,1,0,2025-03-16 15:00:00,,None
624394,79,Goal,0.9230000305175782,0.34599998474121096,0.06189028173685074,Artem Dovbyk,a,11736,OpenPlay,2024,LeftFoot,27657,Lecce,Roma,0,1,2025-03-29 19:45:00,Bryan Cristante,Chipped
632138,49,Goal,0.965,0.5529999923706055,0.39710336923599243,Artem Dovbyk,h,11736,FromCorner,2024,Head,27710,Roma,Fiorentina,1,0,2025-05-04 16:00:00,Eldor Shomurodov,HeadPass
645237,6,Goal,0.924000015258789,0.555,0.053249578922986984,Artem Dovbyk,h,11736,SetPiece,2025,Head,29892,Roma,Verona,2,0,2025-09-28 13:00:00,Mehmet Zeki Çelik,Aerial
650188,80,Goal,0.889000015258789,0.56,0.1198892593383789,Artem Dovbyk,h,11736,OpenPlay,2025,LeftFoot,29933,Roma,Parma Calcio 1913,2,1,2025-10-29 16:30:00,,Rebound
661781,70,Goal,0.9540000152587891,0.5020000076293946,0.6287242770195007,Artem Dovbyk,a,11736,FromCorner,2025,LeftFoot,30027,Lecce,Roma,0,2,2026-01-06 17:00:00,Niccolò Pisilli,Rebound
563365,52,Goal,0.9519999694824218,0.5429999923706055,0.13153919577598572,Jonathan Burkardt,h,7108,FromCorner,2023,Head,23221,Mainz 05,Union Berlin,1,1,2024-02-07 17:30:00,Nadiem Amiri,Cross
566473,11,Goal,0.8069999694824219,0.49200000762939455,0.05468587949872017,Jonathan Burkardt,h,7108,OpenPlay,2023,LeftFoot,23275,Mainz 05,Borussia M.Gladbach,1,1,2024-03-02 14:30:00,Jae-Sung Lee,Pass
569347,47,Goal,0.885,0.5,0.75777667760849,Jonathan Burkardt,h,7108,Penalty,2023,RightFoot,23294,Mainz 05,Bochum,2,0,2024-03-16 14:30:00,,Standard
569357,70,Goal,0.9769999694824218,0.53,0.5975539684295654,Jonathan Burkardt,h,7108,FromCorner,2023,LeftFoot,23294,Mainz 05,Bochum,2,0,2024-03-16 14:30:00,Jae-Sung Lee,HeadPass
573612,46,Goal,0.9290000152587891,0.5570000076293945,0.27761346101760864,Jonathan Burkardt,h,7108,OpenPlay,2023,Head,23320,Mainz 05,Hoffenheim,4,1,2024-04-13 13:30:00,Anthony Caci,Cross
575781,39,Goal,0.9230000305175782,0.47,0.42315059900283813,Jonathan Burkardt,a,7108,OpenPlay,2023,RightFoot,23328,Freiburg,Mainz 05,1,1,2024-04-21 17:30:00,Anthony Caci,Cross
579183,36,Goal,0.89,0.48900001525878906,0.3167555034160614,Jonathan Burkardt,a,7108,OpenPlay,2023,RightFoot,23352,FC Heidenheim,Mainz 05,1,1,2024-05-05 17:30:00,Anthony Caci,Cross
581598,84,Goal,0.919000015258789,0.514000015258789,0.588596522808075,Jonathan Burkardt,a,7108,OpenPlay,2023,Head,23366,Wolfsburg,Mainz 05,1,3,2024-05-18 13:30:00,Brajan Gruda,Pass
589055,61,Goal,0.9540000152587891,0.42700000762939455,0.3023655414581299,Jonathan Burkardt,a,7108,OpenPlay,2024,Head,27755,VfB Stuttgart,Mainz 05,3,3,2024-08-31 13:30:00,Andreas Hanche-Olsen,Chipped
591958,14,Goal,0.9009999847412109,0.52,0.12422974407672882,Jonathan Burkardt,a,7108,OpenPlay,2024,Head,27769,Augsburg,Mainz 05,2,3,2024-09-20 18:30:00,Philipp Mwene,Cross
591970,48,Goal,0.9640000152587891,0.42700000762939455,0.5786460041999817,Jonathan Burkardt,a,7108,OpenPlay,2024,RightFoot,27769,Augsburg,Mainz 05,2,3,2024-09-20 18:30:00,Hong Hyun-Seok,None
595795,4,Goal,0.9230000305175782,0.5970000076293945,0.27056074142456055,Jonathan Burkardt,a,7108,OpenPlay,2024,Head,27793,St. Pauli,Mainz 05,0,3,2024-10-05 16:30:00,Philipp Mwene,Throughball
595815,61,Goal,0.8809999847412109,0.3990000152587891,0.519996702671051,Jonathan Burkardt,a,7108,OpenPlay,2024,RightFoot,27793,St. Pauli,Mainz 05,0,3,2024-10-05 16:30:00,Nadiem Amiri,Throughball
601341,47,Goal,0.9730000305175781,0.4209999847412109,0.360075980424881,Jonathan Burkardt,h,7108,OpenPlay,2024,RightFoot,27828,Mainz 05,Borussia Dortmund,3,1,2024-11-09 14:30:00,Danny da Costa,Cross
603430,36,Goal,0.885,0.5,0.75777667760849,Jonathan Burkardt,a,7108,Penalty,2024,RightFoot,27840,Holstein Kiel,Mainz 05,0,3,2024-11-24 14:30:00,,Standard
604949,3,Goal,0.955999984741211,0.48400001525878905,0.6698463559150696,Jonathan Burkardt,h,7108,OpenPlay,2024,RightFoot,27847,Mainz 05,Hoffenheim,2,0,2024-12-01 16:30:00,Jae-Sung Lee,Pass
604954,23,Goal,0.78,0.3340000152587891,0.04683588445186615,Jonathan Burkardt,h,7108,OpenPlay,2024,RightFoot,27847,Mainz 05,Hoffenheim,2,0,2024-12-01 16:30:00,Anthony Caci,HeadPass
606389,38,Goal,0.975999984741211,0.4759999847412109,0.8212195634841919,Jonathan Burkardt,a,7108,OpenPlay,2024,OtherBodyPart,27853,Wolfsburg,Mainz 05,4,3,2024-12-08 14:30:00,Stefan Bell,HeadPass
610688,22,Goal,0.919000015258789,0.43900001525878907,0.31314340233802795,Jonathan Burkardt,h,7108,OpenPlay,2024,RightFoot,27883,Mainz 05,Bochum,2,0,2025-01-11 14:30:00,Anthony Caci,Chipped
610697,68,Goal,0.960999984741211,0.5209999847412109,0.7292001247406006,Jonathan Burkardt,h,7108,OpenPlay,2024,LeftFoot,27883,Mainz 05,Bochum,2,0,2025-01-11 14:30:00,Philipp Mwene,Pass
617934,28,Goal,0.98,0.52,0.7212842702865601,Jonathan Burkardt,a,7108,OpenPlay,2024,LeftFoot,27934,FC Heidenheim,Mainz 05,0,2,2025-02-16 18:30:00,Anthony Caci,Cross
620013,57,Goal,0.915,0.6419999694824219,0.08931145071983337,Jonathan Burkardt,a,7108,OpenPlay,2024,LeftFoot,27950,RasenBallsport Leipzig,Mainz 05,1,2,2025-03-01 14:30:00,Nadiem Amiri,Pass
622526,33,Goal,0.9669999694824218,0.5279999923706055,0.5946432948112488,Jonathan Burkardt,h,7108,OpenPlay,2024,LeftFoot,27972,Mainz 05,Freiburg,2,2,2025-03-15 14:30:00,Anthony Caci,Cross
632248,56,Goal,0.9540000152587891,0.5420000076293945,0.6123235821723938,Jonathan Burkardt,h,7108,OpenPlay,2024,OtherBodyPart,28026,Mainz 05,Eintracht Frankfurt,1,1,2025-05-04 17:30:00,,None
632648,72,Goal,0.7880000305175782,0.435,0.05051561817526817,Jonathan Burkardt,a,7108,OpenPlay,2024,RightFoot,28037,Bochum,Mainz 05,1,4,2025-05-10 13:30:00,Paul Nebel,BallTouch
634530,62,Goal,0.885,0.5,0.75777667760849,Jonathan Burkardt,h,7108,Penalty,2024,RightFoot,28045,Mainz 05,Bayer Leverkusen,2,2,2025-05-17 13:30:00,,Standard
643718,86,Goal,0.885,0.5,0.75777667760849,Jonathan Burkardt,h,7108,Penalty,2025,RightFoot,30257,Eintracht Frankfurt,Union Berlin,3,4,2025-09-21 13:30:00,,Standard
644985,34,Goal,0.9319999694824219,0.4490000152587891,0.625283420085907,Jonathan Burkardt,a,7108,OpenPlay,2025,RightFoot,30265,Borussia M.Gladbach,Eintracht Frankfurt,4,6,2025-09-27 16:30:00,Can Uzun,Throughball
648158,17,Goal,0.919000015258789,0.5870000076293945,0.30215564370155334,Jonathan Burkardt,a,7108,OpenPlay,2025,LeftFoot,30280,Freiburg,Eintracht Frankfurt,2,2,2025-10-19 13:30:00,,Dispossessed
648161,37,Goal,0.8969999694824219,0.47400001525878904,0.1316908746957779,Jonathan Burkardt,a,7108,OpenPlay,2025,RightFoot,30280,Freiburg,Eintracht Frankfurt,2,2,2025-10-19 13:30:00,Farès Chaïbi,Pass
648852,34,Goal,0.9730000305175781,0.51,0.7709391713142395,Jonathan Burkardt,h,7108,OpenPlay,2025,Head,30291,Eintracht Frankfurt,St. Pauli,2,0,2025-10-25 13:30:00,,None
648858,55,Goal,0.9309999847412109,0.5529999923706055,0.3906373679637909,Jonathan Burkardt,h,7108,OpenPlay,2025,LeftFoot,30291,Eintracht Frankfurt,St. Pauli,2,0,2025-10-25 13:30:00,Farès Chaïbi,Cross
653904,58,Goal,0.960999984741211,0.47200000762939454,0.6772122979164124,Jonathan Burkardt,a,7108,OpenPlay,2025,LeftFoot,30317,FC Cologne,Eintracht Frankfurt,3,4,2025-11-22 17:30:00,Ritsu Doan,Pass
653905,62,Goal,0.8919999694824219,0.485,0.5917300581932068,Jonathan Burkardt,a,7108,OpenPlay,2025,RightFoot,30317,FC Cologne,Eintracht Frankfurt,3,4,2025-11-22 17:30:00,Ansgar Knauff,TakeOn
669714,76,Goal,0.885,0.5,0.75777667760849,Jonathan Burkardt,a,7108,Penalty,2025,RightFoot,30422,Bayern Munich,Eintracht Frankfurt,3,2,2026-02-21 14:30:00,,Standard
677124,65,Goal,0.955999984741211,0.5259999847412109,0.6487533450126648,Jonathan Burkardt,h,7108,OpenPlay,2025,RightFoot,30469,Eintracht Frankfurt,FC Cologne,2,2,2026-04-05 15:30:00,Farès Chaïbi,Pass
683380,86,Goal,0.95,0.5120000076293946,0.6181538105010986,Jonathan Burkardt,a,7108,OpenPlay,2025,LeftFoot,30513,Borussia Dortmund,Eintracht Frankfurt,3,2,2026-05-08 18:30:00,,Rebound
685478,71,Goal,0.885,0.5,0.75777667760849,Jonathan Burkardt,h,7108,Penalty,2025,RightFoot,30524,Eintracht Frankfurt,VfB Stuttgart,2,2,2026-05-16 13:30:00,,Standard
685485,91,Goal,0.885,0.5,0.75777667760849,Jonathan Burkardt,h,7108,Penalty,2025,RightFoot,30524,Eintracht Frankfurt,VfB Stuttgart,2,2,2026-05-16 13:30:00,,Standard
536977,84,Goal,0.875,0.585,0.22419574856758118,Benjamin Sesko,a,11974,OpenPlay,2023,RightFoot,23091,Union Berlin,RasenBallsport Leipzig,0,3,2023-09-03 15:30:00,Xavi Simons,TakeOn
536978,86,Goal,0.875999984741211,0.514000015258789,0.38377299904823303,Benjamin Sesko,a,11974,OpenPlay,2023,Head,23091,Union Berlin,RasenBallsport Leipzig,0,3,2023-09-03 15:30:00,Dani Olmo,Throughball
545631,87,Goal,0.905,0.49,0.4396507740020752,Benjamin Sesko,h,11974,FromCorner,2023,LeftFoot,23138,RasenBallsport Leipzig,FC Cologne,6,0,2023-10-28 16:30:00,,Rebound
559754,31,Goal,0.9419999694824219,0.5259999847412109,0.43443942070007324,Benjamin Sesko,a,11974,FromCorner,2023,Head,23235,VfB Stuttgart,RasenBallsport Leipzig,5,2,2024-01-27 14:30:00,David Raum,Cross
561892,47,Goal,0.925,0.5420000076293945,0.36504897475242615,Benjamin Sesko,h,11974,SetPiece,2023,Head,23237,RasenBallsport Leipzig,Union Berlin,2,0,2024-02-04 16:30:00,David Raum,Cross
562376,51,Goal,0.914000015258789,0.5320000076293945,0.12251009792089462,Benjamin Sesko,a,11974,OpenPlay,2023,Head,23251,Augsburg,RasenBallsport Leipzig,2,2,2024-02-10 14:30:00,Dani Olmo,Cross
565401,69,Goal,0.860999984741211,0.5790000152587891,0.08070480078458786,Benjamin Sesko,a,11974,OpenPlay,2023,RightFoot,23271,Bayern Munich,RasenBallsport Leipzig,2,1,2024-02-24 17:30:00,Dani Olmo,Pass
572367,53,Goal,0.9640000152587891,0.51,0.8880771398544312,Benjamin Sesko,a,11974,OpenPlay,2023,LeftFoot,23310,Freiburg,RasenBallsport Leipzig,1,4,2024-04-06 13:30:00,Loïs Openda,Pass
573585,67,Goal,0.850999984741211,0.549000015258789,0.12233544886112213,Benjamin Sesko,h,11974,OpenPlay,2023,LeftFoot,23318,RasenBallsport Leipzig,Wolfsburg,3,0,2024-04-13 13:30:00,Xavi Simons,Pass
574875,41,Goal,0.904000015258789,0.585,0.08798190951347351,Benjamin Sesko,a,11974,OpenPlay,2023,RightFoot,23334,FC Heidenheim,RasenBallsport Leipzig,1,2,2024-04-20 13:30:00,,None
576702,46,Goal,0.9319999694824219,0.425,0.43856775760650635,Benjamin Sesko,h,11974,FromCorner,2023,RightFoot,23336,RasenBallsport Leipzig,Borussia Dortmund,4,1,2024-04-27 13:30:00,,Rebound
578031,37,Goal,0.9109999847412109,0.5179999923706055,0.30174484848976135,Benjamin Sesko,a,11974,OpenPlay,2023,Head,23349,Hoffenheim,RasenBallsport Leipzig,1,1,2024-05-03 18:30:00,David Raum,Cross
579776,60,Goal,0.8490000152587891,0.4620000076293945,0.05575412139296532,Benjamin Sesko,h,11974,OpenPlay,2023,RightFoot,23354,RasenBallsport Leipzig,Werder Bremen,1,1,2024-05-11 13:30:00,Mohamed Simakan,HeadPass
581557,45,Goal,0.774000015258789,0.4570000076293945,0.06464560329914093,Benjamin Sesko,a,11974,OpenPlay,2023,RightFoot,23365,Eintracht Frankfurt,RasenBallsport Leipzig,2,2,2024-05-18 13:30:00,Nicolas Seiwald,Pass
593945,10,Goal,0.725999984741211,0.34400001525878904,0.013660199008882046,Benjamin Sesko,h,11974,OpenPlay,2024,RightFoot,27783,RasenBallsport Leipzig,Augsburg,4,0,2024-09-28 13:30:00,Loïs Openda,TakeOn
593946,14,Goal,0.9259999847412109,0.455,0.3781074583530426,Benjamin Sesko,h,11974,OpenPlay,2024,Head,27783,RasenBallsport Leipzig,Augsburg,4,0,2024-09-28 13:30:00,David Raum,Cross
600275,26,Goal,0.9540000152587891,0.6719999694824219,0.07014522701501846,Benjamin Sesko,a,11974,OpenPlay,2024,LeftFoot,27816,Borussia Dortmund,RasenBallsport Leipzig,2,1,2024-11-02 17:30:00,Loïs Openda,Pass
605805,26,Goal,0.8819999694824219,0.395,0.07699014991521835,Benjamin Sesko,a,11974,OpenPlay,2024,RightFoot,27856,Holstein Kiel,RasenBallsport Leipzig,0,2,2024-12-07 14:30:00,,Rebound
607804,18,Goal,0.9690000152587891,0.4209999847412109,0.4880363345146179,Benjamin Sesko,h,11974,OpenPlay,2024,Head,27859,RasenBallsport Leipzig,Eintracht Frankfurt,2,1,2024-12-15 18:30:00,,Aerial
608063,1,Goal,0.8680000305175781,0.45599998474121095,0.35109347105026245,Benjamin Sesko,a,11974,OpenPlay,2024,RightFoot,27870,Bayern Munich,RasenBallsport Leipzig,5,1,2024-12-20 19:30:00,Loïs Openda,Pass
611078,46,Goal,0.745999984741211,0.67,0.021250631660223007,Benjamin Sesko,h,11974,OpenPlay,2024,RightFoot,27877,RasenBallsport Leipzig,Werder Bremen,4,2,2025-01-12 14:30:00,,BallRecovery
611815,9,Goal,0.874000015258789,0.45099998474121095,0.37069129943847656,Benjamin Sesko,a,11974,OpenPlay,2024,RightFoot,27887,VfB Stuttgart,RasenBallsport Leipzig,2,1,2025-01-15 19:30:00,Xavi Simons,Pass
616496,15,Goal,0.9080000305175782,0.629000015258789,0.40056368708610535,Benjamin Sesko,h,11974,OpenPlay,2024,RightFoot,27923,RasenBallsport Leipzig,St. Pauli,2,0,2025-02-09 16:30:00,Xavi Simons,TakeOn
618960,63,Goal,0.885,0.5,0.75777667760849,Benjamin Sesko,h,11974,Penalty,2024,RightFoot,27941,RasenBallsport Leipzig,FC Heidenheim,2,2,2025-02-23 14:30:00,,Standard
625640,23,Goal,0.875,0.43099998474121093,0.023007161915302277,Benjamin Sesko,h,11974,FromCorner,2024,Head,27985,RasenBallsport Leipzig,Hoffenheim,3,1,2025-04-05 13:30:00,David Raum,Cross
628454,73,Goal,0.885,0.5,0.75777667760849,Benjamin Sesko,h,11974,Penalty,2024,RightFoot,28003,RasenBallsport Leipzig,Holstein Kiel,1,1,2025-04-19 13:30:00,,Standard
631380,10,Goal,0.68,0.720999984741211,0.1673208475112915,Benjamin Sesko,h,11974,OpenPlay,2024,RightFoot,28021,RasenBallsport Leipzig,Bayern Munich,3,3,2025-05-03 13:30:00,Xavi Simons,Pass
644490,25,Goal,0.9640000152587891,0.5179999923706055,0.6560744643211365,Benjamin Sesko,a,11974,OpenPlay,2025,LeftFoot,28828,Brentford,Manchester United,3,1,2025-09-27 11:30:00,,Rebound
646154,30,Goal,0.9580000305175781,0.49200000762939455,0.6503399610519409,Benjamin Sesko,h,11974,OpenPlay,2025,RightFoot,28845,Manchester United,Sunderland,2,0,2025-10-04 14:00:00,,None
662138,49,Goal,0.915,0.35400001525878905,0.34301531314849854,Benjamin Sesko,a,11974,OpenPlay,2025,RightFoot,28982,Burnley,Manchester United,2,2,2026-01-07 20:15:00,Bruno Fernandes,Throughball
662144,59,Goal,0.9019999694824219,0.5940000152587891,0.29565784335136414,Benjamin Sesko,a,11974,OpenPlay,2025,RightFoot,28982,Burnley,Manchester United,2,2,2026-01-07 20:15:00,Patrick Dorgu,Cross
666452,93,Goal,0.86,0.4570000076293945,0.06446173787117004,Benjamin Sesko,h,11974,OpenPlay,2025,RightFoot,29012,Manchester United,Fulham,3,2,2026-02-01 14:00:00,Bruno Fernandes,Cross
668259,95,Goal,0.8930000305175781,0.44400001525878907,0.07984189689159393,Benjamin Sesko,a,11974,OpenPlay,2025,RightFoot,29037,West Ham,Manchester United,1,1,2026-02-10 20:15:00,Bryan Mbeumo,Cross
670595,70,Goal,0.8780000305175781,0.5509999847412109,0.4592024087905884,Benjamin Sesko,a,11974,OpenPlay,2025,RightFoot,29042,Everton,Manchester United,0,1,2026-02-23 20:00:00,Bryan Mbeumo,Pass
671575,64,Goal,0.9130000305175782,0.5179999923706055,0.40316736698150635,Benjamin Sesko,h,11974,OpenPlay,2025,Head,29055,Manchester United,Crystal Palace,2,1,2026-03-01 14:00:00,Bruno Fernandes,Aerial
674445,80,Goal,0.9080000305175782,0.5690000152587891,0.12187274545431137,Benjamin Sesko,h,11974,OpenPlay,2025,RightFoot,29074,Manchester United,Aston Villa,3,1,2026-03-15 14:00:00,,None
681873,42,Goal,0.914000015258789,0.565,0.7053220272064209,Benjamin Sesko,h,11974,OpenPlay,2025,RightFoot,29114,Manchester United,Brentford,2,1,2026-04-27 19:00:00,Bruno Fernandes,TakeOn
682908,13,Goal,0.955999984741211,0.5020000076293946,0.6975114941596985,Benjamin Sesko,h,11974,OpenPlay,2025,OtherBodyPart,29125,Manchester United,Liverpool,3,2,2026-05-03 14:30:00,,None
549727,73,Goal,0.86,0.28600000381469726,0.03664027154445648,Michael Olise,a,9948,OpenPlay,2023,LeftFoot,22019,Luton,Crystal Palace,2,1,2023-11-25 15:00:00,Joel Ward,TakeOn
554301,94,Goal,0.885,0.5,0.7611688375473022,Michael Olise,a,9948,Penalty,2023,LeftFoot,22061,Manchester City,Crystal Palace,2,2,2023-12-16 15:00:00,,Standard
556610,45,Goal,0.9290000152587891,0.43,0.3494974672794342,Michael Olise,a,9948,OpenPlay,2023,LeftFoot,22080,Chelsea,Crystal Palace,2,1,2023-12-27 19:30:00,Jordan Ayew,Cross
557033,13,Goal,0.975,0.42400001525878905,0.4045485854148865,Michael Olise,h,9948,OpenPlay,2023,LeftFoot,22086,Crystal Palace,Brentford,3,1,2023-12-30 15:00:00,Jordan Ayew,Cross
557045,57,Goal,0.8480000305175781,0.49400001525878906,0.10752841830253601,Michael Olise,h,9948,OpenPlay,2023,LeftFoot,22086,Crystal Palace,Brentford,3,1,2023-12-30 15:00:00,Marc Guehi,Pass
560628,66,Goal,0.7659999847412109,0.47400001525878904,0.025625895708799362,Michael Olise,h,9948,OpenPlay,2023,LeftFoot,22112,Crystal Palace,Sheffield United,3,2,2024-01-30 20:00:00,,None
575531,6,Goal,0.945,0.48,0.4228719174861908,Michael Olise,h,9948,FromCorner,2023,Head,22227,Crystal Palace,West Ham,5,2,2024-04-21 14:00:00,Joachim Andersen,Aerial
579429,11,Goal,0.835999984741211,0.5220000076293946,0.07273966073989868,Michael Olise,h,9948,OpenPlay,2023,LeftFoot,22250,Crystal Palace,Manchester United,4,0,2024-05-06 19:00:00,Daniel Muñoz,Pass
579445,65,Goal,0.845,0.3160000038146973,0.04959212988615036,Michael Olise,h,9948,OpenPlay,2023,LeftFoot,22250,Crystal Palace,Manchester United,4,0,2024-05-06 19:00:00,Daniel Muñoz,Pass
579848,25,Goal,0.8030000305175782,0.34799999237060547,0.032374415546655655,Michael Olise,a,9948,OpenPlay,2023,LeftFoot,22264,Wolverhampton Wanderers,Crystal Palace,1,3,2024-05-11 14:00:00,Adam Wharton,Pass
591051,64,Goal,0.87,0.385,0.06705384701490402,Michael Olise,a,9948,OpenPlay,2024,LeftFoot,27766,Holstein Kiel,Bayern Munich,1,6,2024-09-14 16:30:00,,Rebound
592176,22,Goal,0.9,0.52,0.449049174785614,Michael Olise,a,9948,OpenPlay,2024,LeftFoot,27773,Werder Bremen,Bayern Munich,0,5,2024-09-21 13:30:00,Harry Kane,Pass
592186,59,Goal,0.855,0.5259999847412109,0.09134435653686523,Michael Olise,a,9948,OpenPlay,2024,LeftFoot,27773,Werder Bremen,Bayern Munich,0,5,2024-09-21 13:30:00,,None
596337,52,Goal,0.8480000305175781,0.4329999923706055,0.04804089665412903,Michael Olise,a,9948,OpenPlay,2024,LeftFoot,27787,Eintracht Frankfurt,Bayern Munich,3,3,2024-10-06 15:30:00,Harry Kane,TakeOn
599175,15,Goal,0.7830000305175782,0.43400001525878906,0.09801719337701797,Michael Olise,a,9948,DirectFreekick,2024,LeftFoot,27812,Bochum,Bayern Munich,0,5,2024-10-27 14:30:00,,Standard
612192,38,Goal,0.735999984741211,0.49,0.019305100664496422,Michael Olise,h,9948,OpenPlay,2024,LeftFoot,27897,Bayern Munich,Wolfsburg,3,2,2025-01-18 14:30:00,Leroy Sané,BallRecovery
619146,46,Goal,0.975999984741211,0.519000015258789,0.891975998878479,Michael Olise,h,9948,OpenPlay,2024,LeftFoot,27940,Bayern Munich,Eintracht Frankfurt,4,0,2025-02-23 16:30:00,Leroy Sané,Pass
619708,44,Goal,0.8869999694824219,0.40299999237060546,0.48402443528175354,Michael Olise,a,9948,OpenPlay,2024,LeftFoot,27949,VfB Stuttgart,Bayern Munich,1,3,2025-02-28 19:30:00,Leroy Sané,Pass
630164,39,Goal,0.8669999694824219,0.3320000076293945,0.06973715871572495,Michael Olise,h,9948,OpenPlay,2024,LeftFoot,28014,Bayern Munich,Mainz 05,3,0,2025-04-26 13:30:00,Konrad Laimer,Pass
631396,62,Goal,0.8090000152587891,0.53,0.04603278264403343,Michael Olise,a,9948,OpenPlay,2024,LeftFoot,28021,RasenBallsport Leipzig,Bayern Munich,3,3,2025-05-03 13:30:00,Serge Gnabry,Goal
633012,89,Goal,0.9,0.48400001525878905,0.4846936762332916,Michael Olise,h,9948,OpenPlay,2024,LeftFoot,28032,Bayern Munich,Borussia M.Gladbach,2,0,2025-05-10 16:30:00,Leroy Sané,Throughball
634405,32,Goal,0.7719999694824219,0.305,0.05723895505070686,Michael Olise,a,9948,DirectFreekick,2024,LeftFoot,28041,Hoffenheim,Bayern Munich,0,4,2025-05-17 13:30:00,,Standard
638517,26,Goal,0.879000015258789,0.35400001525878905,0.06916379928588867,Michael Olise,h,9948,OpenPlay,2025,RightFoot,30224,Bayern Munich,RasenBallsport Leipzig,6,0,2025-08-22 18:30:00,,BallTouch
638524,41,Goal,0.914000015258789,0.43,0.43276408314704895,Michael Olise,h,9948,FromCorner,2025,LeftFoot,30224,Bayern Munich,RasenBallsport Leipzig,6,0,2025-08-22 18:30:00,Serge Gnabry,Throughball
640459,47,Goal,0.885,0.5429999923706055,0.29185524582862854,Michael Olise,a,9948,OpenPlay,2025,RightFoot,30238,Augsburg,Bayern Munich,2,3,2025-08-30 16:30:00,Harry Kane,BallRecovery
647839,77,Goal,0.9890000152587891,0.5,0.9547781348228455,Michael Olise,h,9948,OpenPlay,2025,LeftFoot,30278,Bayern Munich,Borussia Dortmund,2,1,2025-10-18 16:30:00,,None
653551,46,Goal,0.855999984741211,0.4129999923706055,0.07763329893350601,Michael Olise,h,9948,OpenPlay,2025,LeftFoot,30315,Bayern Munich,Freiburg,6,2,2025-11-22 14:30:00,Lennart Karl,Pass
653566,83,Goal,0.8080000305175781,0.31799999237060544,0.06467676907777786,Michael Olise,h,9948,OpenPlay,2025,LeftFoot,30315,Bayern Munich,Freiburg,6,2,2025-11-22 14:30:00,Hiroki Ito,Chipped
659797,31,Goal,0.97,0.48200000762939454,0.20765484869480133,Michael Olise,a,9948,OpenPlay,2025,LeftFoot,30354,FC Heidenheim,Bayern Munich,0,4,2025-12-21 16:30:00,,Rebound
662813,49,Goal,0.835999984741211,0.37,0.09268278628587723,Michael Olise,h,9948,OpenPlay,2025,LeftFoot,30360,Bayern Munich,Wolfsburg,8,1,2026-01-11 16:30:00,Konrad Laimer,TakeOn
662821,75,Goal,0.9169999694824219,0.3679999923706055,0.46086549758911133,Michael Olise,h,9948,OpenPlay,2025,RightFoot,30360,Bayern Munich,Wolfsburg,8,1,2026-01-11 16:30:00,Luis Díaz,Throughball
663900,87,Goal,0.855999984741211,0.43,0.13686047494411469,Michael Olise,a,9948,OpenPlay,2025,LeftFoot,30382,RasenBallsport Leipzig,Bayern Munich,1,5,2026-01-17 17:30:00,Jamal Musiala,BallTouch
675262,42,Goal,0.865999984741211,0.3729999923706055,0.06149591505527496,Michael Olise,h,9948,OpenPlay,2025,LeftFoot,30459,Bayern Munich,Union Berlin,4,0,2026-03-21 14:30:00,,None
678057,53,Goal,0.8040000152587891,0.4979999923706055,0.07013566046953201,Michael Olise,a,9948,OpenPlay,2025,LeftFoot,30482,St. Pauli,Bayern Munich,0,5,2026-04-11 16:30:00,Leon Goretzka,BallRecovery
680893,72,Goal,0.850999984741211,0.24399999618530274,0.024576589465141296,Michael Olise,a,9948,OpenPlay,2025,LeftFoot,30499,Mainz 05,Bayern Munich,3,4,2026-04-25 13:30:00,Konrad Laimer,Pass
682205,99,Goal,0.7569999694824219,0.37400001525878906,0.015202938579022884,Michael Olise,h,9948,FromCorner,2025,LeftFoot,30504,Bayern Munich,FC Heidenheim,3,3,2026-05-02 13:30:00,Alphonso Davies,HeadPass
683855,55,Goal,0.8240000152587891,0.25799999237060545,0.025233294814825058,Michael Olise,a,9948,OpenPlay,2025,LeftFoot,30520,Wolfsburg,Bayern Munich,0,1,2026-05-09 16:30:00,Konrad Laimer,Pass
532028,50,Goal,0.7709999847412109,0.445,0.03021552599966526,Jarrod Bowen,a,1776,OpenPlay,2023,LeftFoot,22277,Bournemouth,West Ham,1,1,2023-08-12 14:00:00,Tomas Soucek,Pass
534798,57,Goal,0.9390000152587891,0.4470000076293945,0.5562483072280884,Jarrod Bowen,a,1776,OpenPlay,2023,LeftFoot,22301,Brighton,West Ham,1,3,2023-08-26 16:30:00,Said Benrahma,Chipped
535902,36,Goal,0.955999984741211,0.455,0.517398476600647,Jarrod Bowen,a,1776,OpenPlay,2023,Head,21925,Luton,West Ham,1,2,2023-09-01 19:00:00,Lucas Paquetá,Throughball
539675,41,Goal,0.9159999847412109,0.49,0.09849350154399872,Jarrod Bowen,a,1776,OpenPlay,2023,Head,21953,Liverpool,West Ham,3,1,2023-09-24 13:00:00,Vladimir Coufal,Cross
541256,23,Goal,0.86,0.45799999237060546,0.33312323689460754,Jarrod Bowen,h,1776,OpenPlay,2023,LeftFoot,21960,West Ham,Sheffield United,2,0,2023-09-30 14:00:00,Vladimir Coufal,Pass
544773,55,Goal,0.7880000305175782,0.23299999237060548,0.01461730059236288,Jarrod Bowen,a,1776,OpenPlay,2023,LeftFoot,21976,Aston Villa,West Ham,4,1,2023-10-22 15:30:00,Edson Álvarez,Pass
546863,25,Goal,0.9840000152587891,0.5690000152587891,0.5600556135177612,Jarrod Bowen,a,1776,OpenPlay,2023,LeftFoot,21995,Brentford,West Ham,3,2,2023-11-04 15:00:00,,Rebound
548755,64,Goal,0.9619999694824218,0.5159999847412109,0.4815865457057953,Jarrod Bowen,h,1776,FromCorner,2023,Head,22013,West Ham,Nottingham Forest,3,2,2023-11-12 14:00:00,James Ward-Prowse,Aerial
552465,51,Goal,0.9280000305175782,0.44599998474121094,0.4791664481163025,Jarrod Bowen,a,1776,OpenPlay,2023,RightFoot,22041,Tottenham,West Ham,1,2,2023-12-07 20:15:00,,Rebound
554785,73,Goal,0.8830000305175781,0.34400001525878904,0.11755939573049545,Jarrod Bowen,h,1776,OpenPlay,2023,RightFoot,22064,West Ham,Wolverhampton Wanderers,3,0,2023-12-17 14:00:00,Lucas Paquetá,Pass
556132,71,Goal,0.9730000305175781,0.44,0.6088562607765198,Jarrod Bowen,h,1776,OpenPlay,2023,LeftFoot,22072,West Ham,Manchester United,2,0,2023-12-23 12:30:00,,None
566011,4,Goal,0.8730000305175781,0.6840000152587891,0.05128451809287071,Jarrod Bowen,h,1776,OpenPlay,2023,LeftFoot,22153,West Ham,Brentford,4,2,2024-02-26 20:00:00,Emerson,Pass
566012,6,Goal,0.8909999847412109,0.4759999847412109,0.5771908760070801,Jarrod Bowen,h,1776,OpenPlay,2023,LeftFoot,22153,West Ham,Brentford,4,2,2024-02-26 20:00:00,Vladimir Coufal,Pass
566025,62,Goal,0.9490000152587891,0.504000015258789,0.5906131863594055,Jarrod Bowen,h,1776,OpenPlay,2023,Head,22153,West Ham,Brentford,4,2,2024-02-26 20:00:00,Mohammed Kudus,Cross
570381,47,Goal,0.830999984741211,0.45099998474121095,0.151001438498497,Jarrod Bowen,a,1776,OpenPlay,2023,RightFoot,22191,Newcastle United,West Ham,4,3,2024-03-30 12:30:00,Mohammed Kudus,Throughball
576570,42,Goal,0.9019999694824219,0.4879999923706055,0.07297512143850327,Jarrod Bowen,h,1776,FromCorner,2023,Head,22243,West Ham,Liverpool,2,2,2024-04-27 11:30:00,Mohammed Kudus,Cross
586060,71,Goal,0.8519999694824218,0.40900001525878904,0.11563483625650406,Jarrod Bowen,a,1776,OpenPlay,2024,LeftFoot,26613,Crystal Palace,West Ham,0,2,2024-08-24 14:00:00,Max Kilman,Pass
595502,48,Goal,0.874000015258789,0.3039999961853027,0.06094583868980408,Jarrod Bowen,h,1776,OpenPlay,2024,LeftFoot,26665,West Ham,Ipswich,4,1,2024-10-05 14:00:00,,BallRecovery
598863,91,Goal,0.885,0.5,0.7611688375473022,Jarrod Bowen,h,1776,Penalty,2024,LeftFoot,26690,West Ham,Manchester United,2,1,2024-10-27 14:00:00,,Standard
606723,71,Goal,0.8569999694824219,0.29,0.029740961268544197,Jarrod Bowen,h,1776,SetPiece,2024,LeftFoot,26746,West Ham,Wolverhampton Wanderers,2,1,2024-12-09 20:00:00,Mohammed Kudus,Pass
609179,58,Goal,0.9690000152587891,0.525,0.7399704456329346,Jarrod Bowen,a,1776,FromCorner,2024,LeftFoot,26780,Southampton,West Ham,0,1,2024-12-26 15:00:00,Niclas Füllkrug,Rebound
615802,41,Goal,0.8490000152587891,0.40599998474121096,0.31102120876312256,Jarrod Bowen,a,1776,OpenPlay,2024,LeftFoot,26835,Chelsea,West Ham,2,1,2025-02-03 20:00:00,,None
618410,43,Goal,0.9640000152587891,0.5120000076293946,0.6940588355064392,Jarrod Bowen,a,1776,OpenPlay,2024,Head,26853,Arsenal,West Ham,0,1,2025-02-22 15:00:00,Aaron Wan-Bissaka,Cross
625715,67,Goal,0.92,0.48200000762939454,0.05787316709756851,Jarrod Bowen,h,1776,OpenPlay,2024,Head,26911,West Ham,Bournemouth,2,2,2025-04-05 14:00:00,Mohammed Kudus,Aerial
628619,46,Goal,0.8730000305175781,0.34700000762939454,0.09467208385467529,Jarrod Bowen,h,1776,OpenPlay,2024,LeftFoot,26931,West Ham,Southampton,1,1,2025-04-19 14:00:00,Niclas Füllkrug,Pass
631889,27,Goal,0.975999984741211,0.41,0.4028262495994568,Jarrod Bowen,h,1776,OpenPlay,2024,LeftFoot,26943,West Ham,Tottenham,1,1,2025-05-04 13:00:00,Aaron Wan-Bissaka,Throughball
633443,56,Goal,0.9319999694824219,0.42700000762939455,0.47285768389701843,Jarrod Bowen,a,1776,OpenPlay,2024,LeftFoot,26956,Manchester United,West Ham,0,2,2025-05-11 13:15:00,Aaron Wan-Bissaka,Pass
634980,85,Goal,0.88,0.395,0.05887848511338234,Jarrod Bowen,h,1776,OpenPlay,2024,LeftFoot,26971,West Ham,Nottingham Forest,1,2,2025-05-18 13:15:00,,None
636267,54,Goal,0.8019999694824219,0.3079999923706055,0.02669358067214489,Jarrod Bowen,a,1776,OpenPlay,2024,LeftFoot,26980,Ipswich,West Ham,1,3,2025-05-25 15:00:00,Aaron Wan-Bissaka,LayOff
640739,83,Goal,0.815,0.5259999847412109,0.06273777037858963,Jarrod Bowen,a,1776,OpenPlay,2025,LeftFoot,28804,Nottingham Forest,West Ham,0,3,2025-08-31 13:00:00,Crysencio Summerville,Pass
643069,48,Goal,0.9340000152587891,0.47400001525878904,0.11966060101985931,Jarrod Bowen,h,1776,FromCorner,2025,Head,28819,West Ham,Crystal Palace,1,2,2025-09-20 14:00:00,El Hadji Malick Diouf,Cross
645738,64,Goal,0.8719999694824219,0.27399999618530274,0.061372317373752594,Jarrod Bowen,a,1776,OpenPlay,2025,LeftFoot,28837,Everton,West Ham,1,1,2025-09-29 19:00:00,,None
657380,72,Goal,0.925,0.6759999847412109,0.09533562511205673,Jarrod Bowen,a,1776,OpenPlay,2025,LeftFoot,28920,Brighton,West Ham,1,1,2025-12-07 14:00:00,Callum Wilson,Pass
658573,23,Goal,0.9519999694824218,0.49599998474121093,0.6638897061347961,Jarrod Bowen,h,1776,OpenPlay,2025,RightFoot,28937,West Ham,Aston Villa,2,3,2025-12-14 14:00:00,Freddie Potts,Rebound
660623,9,Goal,0.8780000305175781,0.5359999847412109,0.3502575159072876,Jarrod Bowen,h,1776,OpenPlay,2025,LeftFoot,28967,West Ham,Brighton,2,2,2025-12-30 19:30:00,Lucas Paquetá,Throughball
664600,27,Goal,0.885,0.5,0.7611688375473022,Jarrod Bowen,h,1776,Penalty,2025,LeftFoot,29007,West Ham,Sunderland,3,1,2026-01-24 12:30:00,,Standard
666196,6,Goal,0.815,0.19,0.01945376768708229,Jarrod Bowen,a,1776,OpenPlay,2025,LeftFoot,29009,Chelsea,West Ham,3,2,2026-01-31 17:30:00,Aaron Wan-Bissaka,Pass
537982,65,Goal,0.7859999847412109,0.5429999923706055,0.05223242565989494,Raphinha,h,8026,OpenPlay,2023,LeftFoot,22726,Barcelona,Real Betis,5,0,2023-09-16 19:00:00,Robert Lewandowski,Pass
540203,40,Goal,0.7730000305175782,0.40700000762939453,0.025155527517199516,Raphinha,a,8026,OpenPlay,2023,LeftFoot,22749,Mallorca,Barcelona,2,2,2023-09-26 19:30:00,,BlockedPass
555415,32,Goal,0.9740000152587891,0.47200000762939454,0.7873886823654175,Raphinha,h,8026,FromCorner,2023,LeftFoot,22863,Barcelona,Almeria,3,2,2023-12-20 18:00:00,,Rebound
565268,19,Goal,0.8590000152587891,0.435,0.28982770442962646,Raphinha,h,8026,OpenPlay,2023,LeftFoot,22936,Barcelona,Getafe,4,0,2024-02-24 15:15:00,Jules Koundé,Chipped
571052,58,Goal,0.9069999694824219,0.45799999237060546,0.304524302482605,Raphinha,h,8026,OpenPlay,2023,Head,22976,Barcelona,Las Palmas,1,0,2024-03-30 20:00:00,João Félix,Chipped
580897,92,Goal,0.885,0.5,0.7432776093482971,Raphinha,h,8026,Penalty,2023,LeftFoot,23027,Barcelona,Real Sociedad,2,0,2024-05-13 19:00:00,,Standard
589314,19,Goal,0.9119999694824219,0.43099998474121093,0.30838659405708313,Raphinha,h,8026,OpenPlay,2024,LeftFoot,27012,Barcelona,Real Valladolid,7,0,2024-08-31 15:00:00,Pau Cubarsí,Chipped
589327,63,Goal,0.9680000305175781,0.5379999923706055,0.6885185241699219,Raphinha,h,8026,OpenPlay,2024,LeftFoot,27012,Barcelona,Real Valladolid,7,0,2024-08-31 15:00:00,Robert Lewandowski,None
589328,71,Goal,0.909000015258789,0.534000015258789,0.6527318358421326,Raphinha,h,8026,OpenPlay,2024,LeftFoot,27012,Barcelona,Real Valladolid,7,0,2024-08-31 15:00:00,Lamine Yamal,Throughball
593235,74,Goal,0.8419999694824218,0.654000015258789,0.06614509969949722,Raphinha,a,8026,OpenPlay,2024,LeftFoot,27037,Villarreal,Barcelona,1,5,2024-09-22 16:30:00,Pau Victor,Pass
593236,82,Goal,0.8569999694824219,0.5690000152587891,0.4411676228046417,Raphinha,a,8026,OpenPlay,2024,LeftFoot,27037,Villarreal,Barcelona,1,5,2024-09-22 16:30:00,Lamine Yamal,Chipped
598723,83,Goal,0.8809999847412109,0.45099998474121095,0.43100622296333313,Raphinha,a,8026,OpenPlay,2024,RightFoot,27085,Real Madrid,Barcelona,0,4,2024-10-26 19:00:00,Iñigo Martínez,Throughball
600720,22,Goal,0.870999984741211,0.49900001525878906,0.3085829019546509,Raphinha,h,8026,OpenPlay,2024,LeftFoot,27101,Barcelona,Espanyol,3,1,2024-11-03 15:15:00,Marc Casadó,Chipped
603209,14,Goal,0.884000015258789,0.43099998474121093,0.3110570013523102,Raphinha,a,8026,OpenPlay,2024,LeftFoot,27117,Celta Vigo,Barcelona,2,2,2024-11-23 20:00:00,Jules Koundé,TakeOn
603943,60,Goal,0.7809999847412109,0.4370000076293945,0.02748619206249714,Raphinha,h,8026,OpenPlay,2024,LeftFoot,27122,Barcelona,Las Palmas,1,2,2024-11-30 13:00:00,Pedri,Pass
605135,55,Goal,0.885,0.5,0.7432776093482971,Raphinha,a,8026,Penalty,2024,LeftFoot,27167,Mallorca,Barcelona,1,5,2024-12-03 18:00:00,,Standard
605140,73,Goal,0.9290000152587891,0.4759999847412109,0.46206894516944885,Raphinha,a,8026,OpenPlay,2024,LeftFoot,27167,Mallorca,Barcelona,1,5,2024-12-03 18:00:00,Lamine Yamal,Cross
614177,13,Goal,0.904000015258789,0.3240000152587891,0.45783698558807373,Raphinha,h,8026,OpenPlay,2024,RightFoot,27184,Barcelona,Valencia,7,1,2025-01-26 20:00:00,Fermín López,TakeOn
616757,54,Goal,0.785,0.41,0.03711702302098274,Raphinha,a,8026,OpenPlay,2024,RightFoot,27206,Sevilla,Barcelona,1,4,2025-02-09 20:00:00,Pau Cubarsí,TakeOn
628685,67,Goal,0.955,0.5259999847412109,0.49142149090766907,Raphinha,h,8026,OpenPlay,2024,Head,27292,Barcelona,Celta Vigo,4,3,2025-04-19 14:15:00,Lamine Yamal,Cross
628690,97,Goal,0.885,0.5,0.7432776093482971,Raphinha,h,8026,Penalty,2024,LeftFoot,27292,Barcelona,Celta Vigo,4,3,2025-04-19 14:15:00,,Standard
631702,53,Goal,0.8530000305175781,0.48200000762939454,0.39228591322898865,Raphinha,a,8026,OpenPlay,2024,RightFoot,27316,Real Valladolid,Barcelona,1,2,2025-05-03 19:00:00,,None
633576,33,Goal,0.8690000152587891,0.6170000076293946,0.25224074721336365,Raphinha,h,8026,OpenPlay,2024,LeftFoot,27324,Barcelona,Real Madrid,4,3,2025-05-11 14:15:00,Pedri,Pass
633579,44,Goal,0.92,0.5120000076293946,0.5730738639831543,Raphinha,h,8026,OpenPlay,2024,LeftFoot,27324,Barcelona,Real Madrid,4,3,2025-05-11 14:15:00,Ferrán Torres,Pass
637879,6,Goal,0.9490000152587891,0.5420000076293945,0.5027597546577454,Raphinha,a,8026,OpenPlay,2025,Head,29160,Mallorca,Barcelona,0,3,2025-08-16 17:30:00,Lamine Yamal,Cross
642622,52,Goal,0.965,0.46299999237060546,0.6176091432571411,Raphinha,h,8026,OpenPlay,2025,RightFoot,29194,Barcelona,Valencia,6,0,2025-09-14 19:00:00,Marcus Rashford,Cross
642624,65,Goal,0.85,0.3770000076293945,0.06377314776182175,Raphinha,h,8026,OpenPlay,2025,LeftFoot,29194,Barcelona,Valencia,6,0,2025-09-14 19:00:00,,None
656167,25,Goal,0.914000015258789,0.3559999847412109,0.5326295495033264,Raphinha,h,8026,OpenPlay,2025,RightFoot,29342,Barcelona,Atletico Madrid,3,1,2025-12-02 20:00:00,Pedri,TakeOn
658349,69,Goal,0.8130000305175781,0.52,0.07636319845914841,Raphinha,h,8026,OpenPlay,2025,LeftFoot,29310,Barcelona,Osasuna,2,0,2025-12-13 17:30:00,Pedri,Pass
658351,85,Goal,0.9819999694824219,0.5570000076293945,0.6261971592903137,Raphinha,h,8026,OpenPlay,2025,LeftFoot,29310,Barcelona,Osasuna,2,0,2025-12-13 17:30:00,,None
659732,11,Goal,0.885,0.5,0.7432776093482971,Raphinha,a,8026,Penalty,2025,LeftFoot,29325,Villarreal,Barcelona,0,2,2025-12-21 15:15:00,,Standard
665344,56,Goal,0.8180000305175781,0.534000015258789,0.3648124039173126,Raphinha,h,8026,OpenPlay,2025,LeftFoot,29361,Barcelona,Real Oviedo,3,0,2026-01-25 15:15:00,,BallRecovery
674516,8,Goal,0.885,0.5,0.7432776093482971,Raphinha,h,8026,Penalty,2025,LeftFoot,29430,Barcelona,Sevilla,5,2,2026-03-15 15:15:00,,Standard
674518,20,Goal,0.885,0.5,0.7432776093482971,Raphinha,h,8026,Penalty,2025,LeftFoot,29430,Barcelona,Sevilla,5,2,2026-03-15 15:15:00,,Standard
674527,50,Goal,0.8530000305175781,0.46599998474121096,0.10449657589197159,Raphinha,h,8026,OpenPlay,2025,LeftFoot,29430,Barcelona,Sevilla,5,2,2026-03-15 15:15:00,Fermín López,Pass
686556,27,Goal,0.8009999847412109,0.2879999923706055,0.07246022671461105,Raphinha,h,8026,DirectFreekick,2025,LeftFoot,29519,Barcelona,Real Betis,3,1,2026-05-17 17:00:00,,Standard
686564,61,Goal,0.855,0.545,0.3855436146259308,Raphinha,h,8026,OpenPlay,2025,LeftFoot,29519,Barcelona,Real Betis,3,1,2026-05-17 17:00:00,,BallRecovery
535336,90,Goal,0.9569999694824218,0.545,0.5838854312896729,Omar Marmoush,a,8393,OpenPlay,2023,RightFoot,23081,Mainz 05,Eintracht Frankfurt,1,1,2023-08-27 13:30:00,Eric Junior Dina Ebimbe,Pass
543879,10,Goal,0.875,0.48,0.07067137211561203,Omar Marmoush,a,8393,OpenPlay,2023,RightFoot,23132,Hoffenheim,Eintracht Frankfurt,1,3,2023-10-21 13:30:00,Jens Grahl,Chipped
546138,7,Goal,0.885,0.5,0.75777667760849,Omar Marmoush,h,8393,Penalty,2023,RightFoot,23140,Eintracht Frankfurt,Borussia Dortmund,3,3,2023-10-29 14:30:00,,Standard
546143,23,Goal,0.9640000152587891,0.45299999237060545,0.6447230577468872,Omar Marmoush,h,8393,OpenPlay,2023,RightFoot,23140,Eintracht Frankfurt,Borussia Dortmund,3,3,2023-10-29 14:30:00,,Rebound
546793,1,Goal,0.8469999694824218,0.5429999923706055,0.062158580869436264,Omar Marmoush,a,8393,SetPiece,2023,RightFoot,23147,Union Berlin,Eintracht Frankfurt,0,3,2023-11-04 14:30:00,,None
546795,13,Goal,0.9730000305175781,0.5279999923706055,0.7906597852706909,Omar Marmoush,a,8393,OpenPlay,2023,RightFoot,23147,Union Berlin,Eintracht Frankfurt,0,3,2023-11-04 14:30:00,Hugo Larsson,Pass
552831,11,Goal,0.9259999847412109,0.3659999847412109,0.08162540197372437,Omar Marmoush,h,8393,OpenPlay,2023,RightFoot,23184,Eintracht Frankfurt,Bayern Munich,5,1,2023-12-09 14:30:00,,Rebound
562345,13,Goal,0.9869999694824219,0.46700000762939453,0.979897141456604,Omar Marmoush,h,8393,OpenPlay,2023,RightFoot,23252,Eintracht Frankfurt,Bochum,1,1,2024-02-10 14:30:00,Farès Chaïbi,TakeOn
564456,26,Goal,0.8930000305175781,0.5790000152587891,0.2783695161342621,Omar Marmoush,a,8393,OpenPlay,2023,LeftFoot,23255,Freiburg,Eintracht Frankfurt,3,3,2024-02-18 14:30:00,Philipp Max,Cross
565752,91,Goal,0.885,0.385,0.3649235963821411,Omar Marmoush,h,8393,OpenPlay,2023,RightFoot,23267,Eintracht Frankfurt,Wolfsburg,2,2,2024-02-25 14:30:00,,None
574708,94,Goal,0.874000015258789,0.5359999847412109,0.5622379183769226,Omar Marmoush,h,8393,OpenPlay,2023,RightFoot,23329,Eintracht Frankfurt,Augsburg,3,1,2024-04-19 18:30:00,Ellyes Skhiri,BallRecovery
581564,76,Goal,0.885,0.5,0.75777667760849,Omar Marmoush,h,8393,Penalty,2023,RightFoot,23365,Eintracht Frankfurt,RasenBallsport Leipzig,2,2,2024-05-18 13:30:00,,Standard
589016,55,Goal,0.9030000305175782,0.62,0.3289589285850525,Omar Marmoush,h,8393,OpenPlay,2024,RightFoot,27756,Eintracht Frankfurt,Hoffenheim,3,1,2024-08-31 13:30:00,Mario Götze,Pass
590618,29,Goal,0.9690000152587891,0.54,0.9640123844146729,Omar Marmoush,a,8393,OpenPlay,2024,RightFoot,27764,Wolfsburg,Eintracht Frankfurt,1,2,2024-09-14 13:30:00,Hugo Ekitike,TakeOn
590633,81,Goal,0.885,0.5,0.75777667760849,Omar Marmoush,a,8393,Penalty,2024,RightFoot,27764,Wolfsburg,Eintracht Frankfurt,1,2,2024-09-14 13:30:00,,Standard
592698,79,Goal,0.9180000305175782,0.4370000076293945,0.45328646898269653,Omar Marmoush,h,8393,OpenPlay,2024,RightFoot,27774,Eintracht Frankfurt,Borussia M.Gladbach,2,0,2024-09-21 16:30:00,Jean Négoce,TakeOn
594683,24,Goal,0.879000015258789,0.6379999923706055,0.09209518879652023,Omar Marmoush,a,8393,OpenPlay,2024,LeftFoot,27785,Holstein Kiel,Eintracht Frankfurt,2,4,2024-09-29 13:30:00,Tuta,Pass
594701,64,Goal,0.8980000305175782,0.6190000152587891,0.07413578778505325,Omar Marmoush,a,8393,OpenPlay,2024,RightFoot,27785,Holstein Kiel,Eintracht Frankfurt,2,4,2024-09-29 13:30:00,,None
596327,21,Goal,0.8469999694824218,0.43900001525878907,0.0990954264998436,Omar Marmoush,h,8393,OpenPlay,2024,RightFoot,27787,Eintracht Frankfurt,Bayern Munich,3,3,2024-10-06 15:30:00,Ansgar Knauff,Throughball
596345,93,Goal,0.875,0.39099998474121095,0.4443734288215637,Omar Marmoush,h,8393,OpenPlay,2024,RightFoot,27787,Eintracht Frankfurt,Bayern Munich,3,3,2024-10-06 15:30:00,Eric Junior Dina Ebimbe,Aerial
596982,15,Goal,0.885,0.5,0.75777667760849,Omar Marmoush,a,8393,Penalty,2024,RightFoot,27796,Bayer Leverkusen,Eintracht Frankfurt,2,1,2024-10-19 13:30:00,,Standard
599954,17,Goal,0.7869999694824219,0.66,0.07578393816947937,Omar Marmoush,h,8393,DirectFreekick,2024,RightFoot,27817,Eintracht Frankfurt,Bochum,7,2,2024-11-02 14:30:00,,Standard
602252,61,Goal,0.715999984741211,0.6809999847412109,0.036786939948797226,Omar Marmoush,a,8393,DirectFreekick,2024,RightFoot,27823,VfB Stuttgart,Eintracht Frankfurt,2,3,2024-11-10 16:30:00,,Standard
604928,21,Goal,0.889000015258789,0.634000015258789,0.2651090919971466,Omar Marmoush,a,8393,OpenPlay,2024,LeftFoot,27843,FC Heidenheim,Eintracht Frankfurt,0,4,2024-12-01 16:30:00,Nathaniel Brown,Pass
604933,57,Goal,0.8690000152587891,0.6780000305175782,0.3863065242767334,Omar Marmoush,a,8393,OpenPlay,2024,RightFoot,27843,FC Heidenheim,Eintracht Frankfurt,0,4,2024-12-01 16:30:00,Nathaniel Brown,TakeOn
610716,31,Goal,0.905,0.3890000152587891,0.08074446767568588,Omar Marmoush,a,8393,OpenPlay,2024,RightFoot,27885,St. Pauli,Eintracht Frankfurt,0,1,2025-01-11 14:30:00,,None
611446,64,Goal,0.874000015258789,0.5670000076293945,0.08595187962055206,Omar Marmoush,h,8393,OpenPlay,2024,RightFoot,27889,Eintracht Frankfurt,Freiburg,4,1,2025-01-14 19:30:00,,Rebound
617198,18,Goal,0.8209999847412109,0.34400001525878904,0.276448130607605,Omar Marmoush,h,8393,OpenPlay,2024,RightFoot,26848,Manchester City,Newcastle United,4,0,2025-02-15 15:00:00,Ederson,Chipped
617199,23,Goal,0.845,0.5929999923706055,0.0890933945775032,Omar Marmoush,h,8393,OpenPlay,2024,RightFoot,26848,Manchester City,Newcastle United,4,0,2025-02-15 15:00:00,Ilkay Gündogan,Pass
617202,32,Goal,0.8930000305175781,0.4570000076293945,0.4851844906806946,Omar Marmoush,h,8393,OpenPlay,2024,RightFoot,26848,Manchester City,Newcastle United,4,0,2025-02-15 15:00:00,Sávio,Pass
622662,38,Goal,0.7719999694824219,0.5020000076293946,0.030831729993224144,Omar Marmoush,h,8393,OpenPlay,2024,RightFoot,26889,Manchester City,Brighton,2,2,2025-03-15 15:00:00,Ilkay Gündogan,Pass
625141,28,Goal,0.8809999847412109,0.524000015258789,0.4077244699001312,Omar Marmoush,h,8393,OpenPlay,2024,RightFoot,26898,Manchester City,Leicester,2,0,2025-04-02 19:45:00,,None
626906,35,Goal,0.9180000305175782,0.53,0.4793553650379181,Omar Marmoush,h,8393,OpenPlay,2024,RightFoot,26917,Manchester City,Crystal Palace,5,2,2025-04-12 11:30:00,Ilkay Gündogan,Rebound
635700,13,Goal,0.7090000152587891,0.4859999847412109,0.01759038306772709,Omar Marmoush,h,8393,OpenPlay,2024,RightFoot,26970,Manchester City,Bournemouth,3,1,2025-05-20 19:00:00,Mateo Kovacic,Pass
664843,5,Goal,0.9209999847412109,0.505,0.3901805877685547,Omar Marmoush,h,8393,OpenPlay,2025,RightFoot,29005,Manchester City,Wolverhampton Wanderers,2,0,2026-01-24 15:00:00,Matheus Nunes,Cross
683807,91,Goal,0.9019999694824219,0.435,0.13457557559013367,Omar Marmoush,h,8393,OpenPlay,2025,RightFoot,29133,Manchester City,Brentford,3,0,2026-05-09 16:30:00,Erling Haaland,Pass
684988,39,Goal,0.9080000305175782,0.45099998474121095,0.46976181864738464,Omar Marmoush,h,8393,OpenPlay,2025,RightFoot,29084,Manchester City,Crystal Palace,3,0,2026-05-13 19:00:00,Phil Foden,Pass
532922,70,Goal,0.895,0.610999984741211,0.06011710315942764,Georges Mikautadze,h,8187,FromCorner,2023,RightFoot,23388,Metz,Marseille,2,2,2023-08-18 19:00:00,Kevin N&#039;Doram,Pass
535294,68,Goal,0.8569999694824219,0.4420000076293945,0.36586880683898926,Georges Mikautadze,a,8187,OpenPlay,2023,RightFoot,23395,Clermont Foot,Metz,0,1,2023-08-27 13:00:00,,BallRecovery
564959,12,Goal,0.8690000152587891,0.43099998474121093,0.3619236648082733,Georges Mikautadze,h,8187,OpenPlay,2023,RightFoot,23570,Metz,Lyon,1,2,2024-02-23 20:00:00,,BallRecovery
567169,57,Goal,0.885,0.5,0.7600951194763184,Georges Mikautadze,a,8187,Penalty,2023,RightFoot,23584,Nantes,Metz,0,2,2024-03-03 14:00:00,,Standard
568529,32,Goal,0.885,0.5,0.7600951194763184,Georges Mikautadze,h,8187,Penalty,2023,RightFoot,23595,Metz,Clermont Foot,1,0,2024-03-10 14:00:00,,Standard
572755,73,Goal,0.94,0.3079999923706055,0.37147197127342224,Georges Mikautadze,a,8187,OpenPlay,2023,RightFoot,23622,Brest,Metz,4,3,2024-04-07 11:00:00,Arthur Atta,Throughball
572757,79,Goal,0.9209999847412109,0.5179999923706055,0.42401546239852905,Georges Mikautadze,a,8187,OpenPlay,2023,RightFoot,23622,Brest,Metz,4,3,2024-04-07 11:00:00,,Rebound
573365,33,Goal,0.8640000152587891,0.5429999923706055,0.06631739437580109,Georges Mikautadze,h,8187,OpenPlay,2023,LeftFoot,23631,Metz,Lens,2,1,2024-04-12 19:00:00,Arthur Atta,None
573367,47,Goal,0.8780000305175781,0.35,0.2770487368106842,Georges Mikautadze,h,8187,OpenPlay,2023,RightFoot,23631,Metz,Lens,2,1,2024-04-12 19:00:00,Kevin N&#039;Doram,Pass
575420,45,Goal,0.960999984741211,0.629000015258789,0.5854989290237427,Georges Mikautadze,a,8187,OpenPlay,2023,LeftFoot,23639,Le Havre,Metz,0,1,2024-04-21 13:00:00,,TakeOn
577131,22,Goal,0.885,0.5,0.7600951194763184,Georges Mikautadze,h,8187,Penalty,2023,RightFoot,23648,Metz,Lille,1,2,2024-04-28 11:00:00,,Standard
578677,16,Goal,0.8569999694824219,0.19200000762939454,0.018952909857034683,Georges Mikautadze,h,8187,OpenPlay,2023,RightFoot,23657,Metz,Rennes,2,3,2024-05-04 17:00:00,Ablie Jallow,Chipped
580685,53,Goal,0.8230000305175781,0.38299999237060545,0.04989008232951164,Georges Mikautadze,a,8187,OpenPlay,2023,LeftFoot,23660,Strasbourg,Metz,2,1,2024-05-12 19:00:00,Papa Amadou Diallo,Pass
599008,49,Goal,0.885,0.5,0.7600951194763184,Georges Mikautadze,h,8187,Penalty,2024,RightFoot,28126,Lyon,Auxerre,2,2,2024-10-27 14:00:00,,Standard
599015,61,Goal,0.965999984741211,0.5920000076293945,0.2926520109176636,Georges Mikautadze,h,8187,OpenPlay,2024,Head,28126,Lyon,Auxerre,2,2,2024-10-27 14:00:00,Said Benrahma,Chipped
606158,87,Goal,0.955999984741211,0.6619999694824219,0.023860542103648186,Georges Mikautadze,a,8187,FromCorner,2024,RightFoot,28168,Angers,Lyon,0,3,2024-12-07 20:00:00,Malick Fofana,TakeOn
607894,39,Goal,0.9209999847412109,0.445,0.3976966440677643,Georges Mikautadze,a,8187,OpenPlay,2024,RightFoot,28182,Paris Saint Germain,Lyon,3,1,2024-12-15 19:45:00,Mathis Cherki,Throughball
616362,92,Goal,0.9740000152587891,0.5279999923706055,0.9720157980918884,Georges Mikautadze,h,8187,OpenPlay,2024,RightFoot,28234,Lyon,Reims,4,0,2025-02-09 14:00:00,Mathis Cherki,Pass
617600,2,Goal,0.925,0.32,0.2777315676212311,Georges Mikautadze,a,8187,OpenPlay,2024,RightFoot,28239,Montpellier,Lyon,1,4,2025-02-16 14:00:00,Mathis Cherki,Pass
623332,81,Goal,0.919000015258789,0.31799999237060544,0.04526849463582039,Georges Mikautadze,h,8187,FromCorner,2024,RightFoot,28277,Lyon,Le Havre,4,2,2025-03-16 14:00:00,,None
623902,95,Goal,0.885,0.5,0.7600951194763184,Georges Mikautadze,a,8187,Penalty,2024,RightFoot,28285,Strasbourg,Lyon,4,2,2025-03-28 19:45:00,,Standard
628081,53,Goal,0.885,0.5,0.7600951194763184,Georges Mikautadze,a,8187,Penalty,2024,RightFoot,28302,Auxerre,Lyon,1,3,2025-04-13 18:45:00,,Standard
630500,76,Goal,0.904000015258789,0.47400001525878904,0.4379536211490631,Georges Mikautadze,h,8187,OpenPlay,2024,RightFoot,28326,Lyon,Rennes,4,1,2025-04-26 19:05:00,Mathis Cherki,Chipped
632057,78,Goal,0.925,0.585,0.17546486854553223,Georges Mikautadze,h,8187,OpenPlay,2024,Head,28330,Lyon,Lens,1,2,2025-05-04 15:15:00,Clinton Mata,Cross
637776,45,Goal,0.9309999847412109,0.5209999847412109,0.5758469104766846,Georges Mikautadze,a,8187,OpenPlay,2025,RightFoot,29539,Lens,Lyon,0,1,2025-08-16 15:00:00,Malick Fofana,Pass
643276,68,Goal,0.9290000152587891,0.49700000762939456,0.4005756676197052,Georges Mikautadze,h,8187,OpenPlay,2025,Head,29207,Villarreal,Osasuna,2,1,2025-09-20 16:30:00,Manor Solomon,Cross
646461,72,Goal,0.8119999694824219,0.52,0.057079583406448364,Georges Mikautadze,a,8187,OpenPlay,2025,RightFoot,29231,Real Madrid,Villarreal,3,1,2025-10-04 19:00:00,Pape Alassane Gueye,Pass
656692,63,Goal,0.88,0.34400001525878904,0.43906569480895996,Georges Mikautadze,h,8187,OpenPlay,2025,RightFoot,29304,Villarreal,Getafe,2,0,2025-12-06 13:00:00,,None
661119,12,Goal,0.879000015258789,0.3729999923706055,0.31066229939460754,Georges Mikautadze,a,8187,OpenPlay,2025,RightFoot,29330,Elche,Villarreal,1,3,2026-01-03 17:30:00,Nicolas Pepe,Pass
662558,74,Goal,0.9259999847412109,0.6090000152587891,0.46698275208473206,Georges Mikautadze,h,8187,OpenPlay,2025,RightFoot,29341,Villarreal,Alaves,3,1,2026-01-10 15:15:00,Alberto Moleiro,Throughball
668144,34,Goal,0.9330000305175781,0.52,0.5056425929069519,Georges Mikautadze,h,8187,OpenPlay,2025,RightFoot,29384,Villarreal,Espanyol,4,1,2026-02-09 20:00:00,Tajon Buchanan,HeadPass
668759,75,Goal,0.9569999694824218,0.5509999847412109,0.5614830851554871,Georges Mikautadze,a,8187,OpenPlay,2025,RightFoot,29389,Getafe,Villarreal,2,1,2026-02-14 15:15:00,,Rebound
669414,56,Goal,0.8640000152587891,0.5590000152587891,0.4068740904331207,Georges Mikautadze,a,8187,OpenPlay,2025,RightFoot,29311,Levante,Villarreal,0,1,2026-02-18 19:00:00,Nicolas Pepe,Pass
675022,14,Goal,0.960999984741211,0.5359999847412109,0.6801419854164124,Georges Mikautadze,h,8187,OpenPlay,2025,RightFoot,29438,Villarreal,Real Sociedad,3,1,2026-03-20 20:00:00,,Rebound
682071,37,Goal,0.9540000152587891,0.67,0.29484987258911133,Georges Mikautadze,h,8187,OpenPlay,2025,RightFoot,29489,Villarreal,Levante,5,1,2026-05-02 12:00:00,,None
682083,67,Goal,0.9209999847412109,0.5320000076293945,0.549051821231842,Georges Mikautadze,h,8187,OpenPlay,2025,LeftFoot,29489,Villarreal,Levante,5,1,2026-05-02 12:00:00,Nicolas Pepe,Pass
684931,19,Goal,0.9819999694824219,0.54,0.6379902362823486,Georges Mikautadze,h,8187,OpenPlay,2025,RightFoot,29516,Villarreal,Sevilla,2,3,2026-05-13 17:00:00,Alberto Moleiro,Chipped
536785,95,Goal,0.9330000305175781,0.5129999923706055,0.3870556652545929,Matheus Cunha,a,7080,OpenPlay,2023,Head,21932,Crystal Palace,Wolverhampton Wanderers,3,2,2023-09-03 13:00:00,Pedro Neto,Cross
543994,46,Goal,0.8430000305175781,0.509000015258789,0.0714603066444397,Matheus Cunha,a,7080,OpenPlay,2023,RightFoot,21975,Bournemouth,Wolverhampton Wanderers,1,2,2023-10-21 14:00:00,Pedro Neto,Pass
550738,21,Goal,0.9319999694824219,0.555,0.36195653676986694,Matheus Cunha,a,7080,OpenPlay,2023,Head,22018,Fulham,Wolverhampton Wanderers,3,2,2023-11-27 20:00:00,Jean-Ricner Bellegarde,Cross
551198,85,Goal,0.8590000152587891,0.41900001525878905,0.06841160356998444,Matheus Cunha,a,7080,OpenPlay,2023,LeftFoot,22026,Arsenal,Wolverhampton Wanderers,2,1,2023-12-02 15:00:00,Nélson Semedo,Tackle
552950,31,Goal,0.9290000152587891,0.4570000076293945,0.5243670344352722,Matheus Cunha,h,7080,OpenPlay,2023,RightFoot,22054,Wolverhampton Wanderers,Nottingham Forest,1,1,2023-12-09 15:00:00,Pablo Sarabia,Pass
556972,52,Goal,0.9830000305175781,0.5379999923706055,0.9133436679840088,Matheus Cunha,h,7080,OpenPlay,2023,RightFoot,22094,Wolverhampton Wanderers,Everton,3,0,2023-12-30 15:00:00,Hee-Chan Hwang,Pass
561572,21,Goal,0.879000015258789,0.65,0.06370586156845093,Matheus Cunha,a,7080,OpenPlay,2023,RightFoot,22120,Chelsea,Wolverhampton Wanderers,2,4,2024-02-04 14:00:00,João Gomes,Pass
561587,62,Goal,0.919000015258789,0.4520000076293945,0.48600760102272034,Matheus Cunha,a,7080,OpenPlay,2023,RightFoot,22120,Chelsea,Wolverhampton Wanderers,2,4,2024-02-04 14:00:00,Pedro Neto,Pass
561590,81,Goal,0.885,0.5,0.7611688375473022,Matheus Cunha,a,7080,Penalty,2023,RightFoot,22120,Chelsea,Wolverhampton Wanderers,2,4,2024-02-04 14:00:00,,Standard
573783,39,Goal,0.9080000305175782,0.6780000305175782,0.05477288365364075,Matheus Cunha,a,7080,OpenPlay,2023,RightFoot,22223,Nottingham Forest,Wolverhampton Wanderers,2,2,2024-04-13 14:00:00,,None
573791,61,Goal,0.97,0.49,0.8057381510734558,Matheus Cunha,a,7080,FromCorner,2023,RightFoot,22223,Nottingham Forest,Wolverhampton Wanderers,2,2,2024-04-13 14:00:00,,Rebound
579861,65,Goal,0.9130000305175782,0.45799999237060546,0.08684763312339783,Matheus Cunha,h,7080,OpenPlay,2023,RightFoot,22264,Wolverhampton Wanderers,Crystal Palace,1,3,2024-05-11 14:00:00,,None
586667,26,Goal,0.905,0.5670000076293945,0.5948760509490967,Matheus Cunha,h,7080,OpenPlay,2024,RightFoot,26619,Wolverhampton Wanderers,Chelsea,2,6,2024-08-25 13:00:00,Rayan Ait Nouri,Pass
592473,24,Goal,0.7780000305175782,0.6379999923706055,0.024960719048976898,Matheus Cunha,a,7080,OpenPlay,2024,RightFoot,26647,Aston Villa,Wolverhampton Wanderers,3,1,2024-09-21 14:00:00,,BallRecovery
595555,3,Goal,0.8769999694824219,0.47200000762939454,0.10195551812648773,Matheus Cunha,a,7080,OpenPlay,2024,RightFoot,26667,Brentford,Wolverhampton Wanderers,5,3,2024-10-05 14:00:00,Nélson Semedo,Pass
598519,92,Goal,0.870999984741211,0.3110000038146973,0.09421709179878235,Matheus Cunha,a,7080,OpenPlay,2024,RightFoot,26686,Brighton,Wolverhampton Wanderers,2,2,2024-10-26 14:00:00,Tommy Doyle,Chipped
601501,50,Goal,0.7480000305175781,0.40900001525878904,0.0280286967754364,Matheus Cunha,h,7080,OpenPlay,2024,RightFoot,26711,Wolverhampton Wanderers,Southampton,2,0,2024-11-09 15:00:00,Mario Lemina,Pass
602871,30,Goal,0.9459999847412109,0.5509999847412109,0.4536341726779938,Matheus Cunha,a,7080,OpenPlay,2024,RightFoot,26717,Fulham,Wolverhampton Wanderers,1,4,2024-11-23 15:00:00,Mario Lemina,Throughball
602881,86,Goal,0.7930000305175782,0.595,0.04582224041223526,Matheus Cunha,a,7080,OpenPlay,2024,RightFoot,26717,Fulham,Wolverhampton Wanderers,1,4,2024-11-23 15:00:00,João Gomes,Pass
606978,71,Goal,0.924000015258789,0.69,0.05578381195664406,Matheus Cunha,h,7080,OpenPlay,2024,LeftFoot,26758,Wolverhampton Wanderers,Ipswich,1,2,2024-12-14 15:00:00,Gonçalo Guedes,Pass
608656,43,Goal,0.9490000152587891,0.325,0.09433991461992264,Matheus Cunha,a,7080,OpenPlay,2024,RightFoot,26770,Leicester,Wolverhampton Wanderers,0,3,2024-12-22 14:00:00,Gonçalo Guedes,Pass
609204,57,Goal,0.9940000152587891,0.995,0.0108511783182621,Matheus Cunha,h,7080,FromCorner,2024,RightFoot,26781,Wolverhampton Wanderers,Manchester United,2,0,2024-12-26 17:30:00,,None
615169,96,Goal,0.8880000305175781,0.34799999237060547,0.12760305404663086,Matheus Cunha,h,7080,OpenPlay,2024,RightFoot,26841,Wolverhampton Wanderers,Aston Villa,2,0,2025-02-01 17:30:00,,None
617595,66,Goal,0.784000015258789,0.4109999847412109,0.0307575985789299,Matheus Cunha,a,7080,OpenPlay,2024,LeftFoot,26847,Liverpool,Wolverhampton Wanderers,2,1,2025-02-16 14:00:00,Jean-Ricner Bellegarde,Pass
618507,35,Goal,0.895,0.5059999847412109,0.4209138751029968,Matheus Cunha,a,7080,OpenPlay,2024,RightFoot,26852,Bournemouth,Wolverhampton Wanderers,0,1,2025-02-22 15:00:00,Marshall Munetsi,None
627619,85,Goal,0.8530000305175781,0.515,0.369459867477417,Matheus Cunha,h,7080,OpenPlay,2024,RightFoot,26919,Wolverhampton Wanderers,Tottenham,4,2,2025-04-13 13:00:00,,BallRecovery
630338,32,Goal,0.95,0.5709999847412109,0.38406792283058167,Matheus Cunha,h,7080,OpenPlay,2024,RightFoot,26941,Wolverhampton Wanderers,Leicester,3,0,2025-04-26 14:00:00,Rayan Ait Nouri,Cross
649089,23,Goal,0.795,0.5820000076293945,0.04005824029445648,Matheus Cunha,h,7080,OpenPlay,2025,RightFoot,28865,Manchester United,Brighton,4,2,2025-10-25 16:30:00,Casemiro,Pass
659015,78,Goal,0.905,0.5359999847412109,0.45190194249153137,Matheus Cunha,h,7080,OpenPlay,2025,RightFoot,28934,Manchester United,Bournemouth,4,4,2025-12-15 20:00:00,,None
659772,47,Goal,0.914000015258789,0.664000015258789,0.21119919419288635,Matheus Cunha,a,7080,OpenPlay,2025,RightFoot,28939,Aston Villa,Manchester United,2,1,2025-12-21 16:30:00,Patrick Dorgu,BallRecovery
661291,64,Goal,0.8809999847412109,0.3039999961853027,0.04236411303281784,Matheus Cunha,a,7080,OpenPlay,2025,RightFoot,28976,Leeds,Manchester United,1,1,2026-01-04 12:30:00,Joshua Zirkzee,Pass
665443,86,Goal,0.72,0.504000015258789,0.020503200590610504,Matheus Cunha,a,7080,OpenPlay,2025,RightFoot,28999,Arsenal,Manchester United,2,3,2026-01-25 16:30:00,Kobbie Mainoo,Pass
666442,55,Goal,0.914000015258789,0.32099998474121094,0.13380762934684753,Matheus Cunha,h,7080,OpenPlay,2025,RightFoot,29012,Manchester United,Fulham,3,2,2026-02-01 14:00:00,Casemiro,Throughball
674444,70,Goal,0.899000015258789,0.66,0.31202009320259094,Matheus Cunha,h,7080,OpenPlay,2025,RightFoot,29074,Manchester United,Aston Villa,3,1,2026-03-15 14:00:00,Bruno Fernandes,Throughball
679457,42,Goal,0.904000015258789,0.4859999847412109,0.34650298953056335,Matheus Cunha,a,7080,OpenPlay,2025,RightFoot,29100,Chelsea,Manchester United,0,1,2026-04-18 19:00:00,Bruno Fernandes,Cross
682906,5,Goal,0.8469999694824218,0.5429999923706055,0.0634295642375946,Matheus Cunha,h,7080,FromCorner,2025,LeftFoot,29125,Manchester United,Liverpool,3,2,2026-05-03 14:30:00,,Rebound
685621,54,Goal,0.9109999847412109,0.5420000076293945,0.4284462332725525,Matheus Cunha,h,7080,OpenPlay,2025,RightFoot,29145,Manchester United,Nottingham Forest,3,2,2026-05-17 11:30:00,,Rebound
532903,88,Goal,0.9180000305175782,0.44099998474121094,0.11083554476499557,Chris Wood,h,4456,OpenPlay,2023,Head,22285,Nottingham Forest,Sheffield United,2,1,2023-08-18 18:45:00,Serge Aurier,Cross
544024,47,Goal,0.860999984741211,0.52,0.5659551024436951,Chris Wood,h,4456,OpenPlay,2023,LeftFoot,21982,Nottingham Forest,Luton,2,2,2023-10-21 14:00:00,Anthony Elanga,Throughball
544036,75,Goal,0.889000015258789,0.4759999847412109,0.0845676064491272,Chris Wood,h,4456,OpenPlay,2023,Head,21982,Nottingham Forest,Luton,2,2,2023-10-21 14:00:00,Anthony Elanga,Cross
556265,73,Goal,0.9159999847412109,0.5729999923706055,0.019370609894394875,Chris Wood,h,4456,FromCorner,2023,Head,22070,Nottingham Forest,Bournemouth,2,3,2023-12-23 15:00:00,Morgan Gibbs-White,Aerial
556468,45,Goal,0.9690000152587891,0.509000015258789,0.9373231530189514,Chris Wood,a,4456,OpenPlay,2023,LeftFoot,22083,Newcastle United,Nottingham Forest,1,3,2023-12-26 12:30:00,Anthony Elanga,Pass
556474,52,Goal,0.950999984741211,0.580999984741211,0.6914634704589844,Chris Wood,a,4456,OpenPlay,2023,LeftFoot,22083,Newcastle United,Nottingham Forest,1,3,2023-12-26 12:30:00,Anthony Elanga,TakeOn
556476,59,Goal,0.9269999694824219,0.6359999847412109,0.5405219793319702,Chris Wood,a,4456,OpenPlay,2023,LeftFoot,22083,Newcastle United,Nottingham Forest,1,3,2023-12-26 12:30:00,Murillo,TakeOn
559083,64,Goal,0.9230000305175782,0.53,0.26724740862846375,Chris Wood,a,4456,OpenPlay,2023,Head,22104,Brentford,Nottingham Forest,3,2,2024-01-20 17:30:00,Callum Hudson-Odoi,Cross
569437,33,Goal,0.935,0.5159999847412109,0.4560912251472473,Chris Wood,a,4456,OpenPlay,2023,RightFoot,22181,Luton,Nottingham Forest,1,1,2024-03-16 15:00:00,Morgan Gibbs-White,Chipped
570764,60,Goal,0.9580000305175781,0.5420000076293945,0.4124339520931244,Chris Wood,h,4456,OpenPlay,2023,Head,22192,Nottingham Forest,Crystal Palace,1,1,2024-03-30 15:00:00,Morgan Gibbs-White,Cross
571752,18,Goal,0.72,0.5220000076293946,0.02421330288052559,Chris Wood,h,4456,OpenPlay,2023,RightFoot,22198,Nottingham Forest,Fulham,3,1,2024-04-02 18:30:00,Murillo,Pass
573155,26,Goal,0.8919999694824219,0.41700000762939454,0.39241740107536316,Chris Wood,a,4456,OpenPlay,2023,RightFoot,22213,Tottenham,Nottingham Forest,3,1,2024-04-07 19:00:00,Anthony Elanga,Pass
582096,1,Goal,0.955,0.5629999923706055,0.43680858612060547,Chris Wood,a,4456,OpenPlay,2023,LeftFoot,22268,Burnley,Nottingham Forest,1,2,2024-05-19 15:00:00,Anthony Elanga,Cross
582101,13,Goal,0.9059999847412109,0.4759999847412109,0.49360403418540955,Chris Wood,a,4456,OpenPlay,2023,RightFoot,22268,Burnley,Nottingham Forest,1,2,2024-05-19 15:00:00,Ryan Yates,None
584809,22,Goal,0.9319999694824219,0.524000015258789,0.5572144389152527,Chris Wood,h,4456,OpenPlay,2024,RightFoot,26607,Nottingham Forest,Bournemouth,1,1,2024-08-17 14:00:00,,Rebound
589255,9,Goal,0.895,0.6020000076293945,0.020675161853432655,Chris Wood,h,4456,FromCorner,2024,Head,26627,Nottingham Forest,Wolverhampton Wanderers,1,1,2024-08-31 14:00:00,Elliot Anderson,Cross
592935,12,Goal,0.885,0.5,0.7611688375473022,Chris Wood,a,4456,Penalty,2024,RightFoot,26650,Brighton,Nottingham Forest,2,2,2024-09-22 13:00:00,,Standard
596067,48,Goal,0.9109999847412109,0.5420000076293945,0.4478428065776825,Chris Wood,a,4456,SetPiece,2024,RightFoot,26668,Chelsea,Nottingham Forest,1,1,2024-10-06 13:00:00,Nikola Milenkovic,HeadPass
597998,64,Goal,0.7819999694824219,0.585,0.029688479378819466,Chris Wood,h,4456,OpenPlay,2024,RightFoot,26677,Nottingham Forest,Crystal Palace,1,0,2024-10-21 19:00:00,,None
598153,46,Goal,0.8719999694824219,0.5359999847412109,0.11314927786588669,Chris Wood,a,4456,OpenPlay,2024,RightFoot,26682,Leicester,Nottingham Forest,1,3,2024-10-25 19:00:00,Elliot Anderson,Pass
598158,59,Goal,0.9080000305175782,0.5359999847412109,0.3958129584789276,Chris Wood,a,4456,OpenPlay,2024,Head,26682,Leicester,Nottingham Forest,1,3,2024-10-25 19:00:00,,None
600171,26,Goal,0.9480000305175781,0.49900001525878906,0.5494793653488159,Chris Wood,h,4456,OpenPlay,2024,Head,26698,Nottingham Forest,West Ham,3,0,2024-11-02 15:00:00,Álex Moreno,Chipped
604131,48,Goal,0.885,0.5,0.7611688375473022,Chris Wood,h,4456,Penalty,2024,RightFoot,26728,Nottingham Forest,Ipswich,1,0,2024-11-30 15:00:00,,Standard
606003,53,Goal,0.9569999694824218,0.5429999923706055,0.12617787718772888,Chris Wood,a,4456,OpenPlay,2024,Head,26744,Manchester United,Nottingham Forest,2,3,2024-12-07 17:30:00,Morgan Gibbs-White,Aerial
609482,14,Goal,0.874000015258789,0.575,0.08106184005737305,Chris Wood,a,4456,OpenPlay,2024,RightFoot,26785,Everton,Nottingham Forest,0,2,2024-12-29 15:00:00,Anthony Elanga,HeadPass
610403,43,Goal,0.9180000305175782,0.5359999847412109,0.4776661694049835,Chris Wood,a,4456,OpenPlay,2024,LeftFoot,26801,Wolverhampton Wanderers,Nottingham Forest,0,3,2025-01-06 20:00:00,Callum Hudson-Odoi,Pass
611577,7,Goal,0.91,0.6379999923706055,0.3316420614719391,Chris Wood,h,4456,OpenPlay,2024,LeftFoot,26807,Nottingham Forest,Liverpool,1,1,2025-01-14 20:00:00,Anthony Elanga,Throughball
612652,40,Goal,0.8809999847412109,0.46799999237060547,0.04390649497509003,Chris Wood,h,4456,OpenPlay,2024,Head,26820,Nottingham Forest,Southampton,3,2,2025-01-19 14:00:00,Ola Aina,Cross
614438,31,Goal,0.9740000152587891,0.5470000076293945,0.6320794820785522,Chris Wood,h,4456,OpenPlay,2024,Head,26840,Nottingham Forest,Brighton,7,0,2025-02-01 12:30:00,Anthony Elanga,Cross
614443,63,Goal,0.9619999694824218,0.5059999847412109,0.8011463284492493,Chris Wood,h,4456,OpenPlay,2024,RightFoot,26840,Nottingham Forest,Brighton,7,0,2025-02-01 12:30:00,Anthony Elanga,Pass
614445,68,Goal,0.885,0.5,0.7611688375473022,Chris Wood,h,4456,Penalty,2024,RightFoot,26840,Nottingham Forest,Brighton,7,0,2025-02-01 12:30:00,,Standard
617174,36,Goal,0.8680000305175781,0.47,0.08015255630016327,Chris Wood,a,4456,OpenPlay,2024,LeftFoot,26845,Fulham,Nottingham Forest,2,1,2025-02-15 15:00:00,Morgan Gibbs-White,Chipped
629543,15,Goal,0.9159999847412109,0.49599998474121093,0.37292513251304626,Chris Wood,a,4456,SetPiece,2024,Head,26930,Tottenham,Nottingham Forest,1,2,2025-04-21 19:00:00,Anthony Elanga,Cross
633473,55,Goal,0.9169999694824219,0.5420000076293945,0.2651331424713135,Chris Wood,h,4456,OpenPlay,2024,Head,26958,Nottingham Forest,Leicester,2,2,2025-05-11 13:15:00,Morgan Gibbs-White,Cross
638063,5,Goal,0.9059999847412109,0.415,0.08667483180761337,Chris Wood,h,4456,FromCorner,2025,RightFoot,28785,Nottingham Forest,Brentford,3,1,2025-08-17 13:00:00,,None
638073,46,Goal,0.960999984741211,0.605,0.3639630973339081,Chris Wood,h,4456,OpenPlay,2025,LeftFoot,28785,Nottingham Forest,Brentford,3,1,2025-08-17 13:00:00,Elliot Anderson,BallRecovery
680667,30,Goal,0.8690000152587891,0.47400001525878904,0.37086695432662964,Chris Wood,a,4456,OpenPlay,2025,LeftFoot,29115,Sunderland,Nottingham Forest,0,5,2026-04-24 19:00:00,Morgan Gibbs-White,Pass
532590,17,Goal,0.9,0.545,0.3949512243270874,Luis Díaz,a,10408,OpenPlay,2023,LeftFoot,22283,Chelsea,Liverpool,1,1,2023-08-13 15:30:00,Mohamed Salah,Throughball
533204,27,Goal,0.9209999847412109,0.45799999237060546,0.09050827473402023,Luis Díaz,h,10408,OpenPlay,2023,RightFoot,22288,Liverpool,Bournemouth,3,1,2023-08-19 14:00:00,,None
547545,94,Goal,0.9359999847412109,0.5379999923706055,0.07872238010168076,Luis Díaz,a,10408,OpenPlay,2023,OtherBodyPart,21999,Luton,Liverpool,1,1,2023-11-05 16:30:00,Harvey Elliott,Aerial
560787,78,Goal,0.9480000305175781,0.47200000762939454,0.5883322358131409,Luis Díaz,h,10408,OpenPlay,2023,RightFoot,22113,Liverpool,Chelsea,4,1,2024-01-31 20:15:00,Darwin Núñez,Cross
562458,51,Goal,0.965,0.46,0.527243435382843,Luis Díaz,h,10408,OpenPlay,2023,Head,22128,Liverpool,Burnley,3,1,2024-02-10 15:00:00,,None
564870,70,Goal,0.924000015258789,0.5970000076293945,0.4218635857105255,Luis Díaz,h,10408,OpenPlay,2023,LeftFoot,22151,Liverpool,Luton,4,1,2024-02-21 15:00:00,Andrew Robertson,None
571207,26,Goal,0.9440000152587891,0.53,0.5626915097236633,Luis Díaz,h,10408,FromCorner,2023,RightFoot,22189,Liverpool,Brighton,2,1,2024-03-31 14:00:00,,None
572987,22,Goal,0.945,0.5570000076293945,0.495776504278183,Luis Díaz,a,10408,FromCorner,2023,RightFoot,22211,Manchester United,Liverpool,2,2,2024-04-07 14:30:00,Darwin Núñez,Pass
586847,12,Goal,0.860999984741211,0.5709999847412109,0.3561244308948517,Luis Díaz,h,10408,OpenPlay,2024,LeftFoot,26621,Liverpool,Brentford,2,0,2024-08-25 15:30:00,Diogo Jota,Pass
589904,34,Goal,0.955999984741211,0.565,0.38760507106781006,Luis Díaz,a,10408,OpenPlay,2024,Head,26631,Manchester United,Liverpool,0,3,2024-09-01 15:00:00,Mohamed Salah,Chipped
589906,41,Goal,0.875,0.4620000076293945,0.3899449110031128,Luis Díaz,a,10408,OpenPlay,2024,RightFoot,26631,Manchester United,Liverpool,0,3,2024-09-01 15:00:00,Mohamed Salah,Pass
592405,25,Goal,0.8690000152587891,0.375,0.28687089681625366,Luis Díaz,h,10408,OpenPlay,2024,RightFoot,26645,Liverpool,Bournemouth,3,0,2024-09-21 14:00:00,Ibrahima Konaté,Chipped
592406,27,Goal,0.94,0.6359999847412109,0.3302900195121765,Luis Díaz,h,10408,OpenPlay,2024,LeftFoot,26645,Liverpool,Bournemouth,3,0,2024-09-21 14:00:00,Trent Alexander-Arnold,Pass
608802,22,Goal,0.914000015258789,0.5120000076293946,0.30775609612464905,Luis Díaz,a,10408,OpenPlay,2024,Head,26768,Tottenham,Liverpool,3,6,2024-12-22 16:30:00,Trent Alexander-Arnold,Cross
608824,84,Goal,0.92,0.35,0.12302748113870621,Luis Díaz,a,10408,OpenPlay,2024,RightFoot,26768,Tottenham,Liverpool,3,6,2024-12-22 16:30:00,Mohamed Salah,Pass
609586,29,Goal,0.8640000152587891,0.5259999847412109,0.07853517681360245,Luis Díaz,a,10408,OpenPlay,2024,RightFoot,26791,West Ham,Liverpool,0,5,2024-12-29 17:15:00,,None
617575,14,Goal,0.9230000305175782,0.5359999847412109,0.5212099552154541,Luis Díaz,h,10408,OpenPlay,2024,OtherBodyPart,26847,Liverpool,Wolverhampton Wanderers,2,1,2025-02-16 14:00:00,,None
626260,71,Goal,0.855,0.47,0.3000154197216034,Luis Díaz,a,10408,OpenPlay,2024,RightFoot,26906,Fulham,Liverpool,3,2,2025-04-06 13:00:00,Conor Bradley,Pass
627674,17,Goal,0.9219999694824219,0.5579999923706055,0.43261390924453735,Luis Díaz,h,10408,OpenPlay,2024,RightFoot,26916,Liverpool,West Ham,2,1,2025-04-13 13:00:00,Mohamed Salah,Pass
630813,15,Goal,0.97,0.5370000076293945,0.7251431941986084,Luis Díaz,h,10408,OpenPlay,2024,RightFoot,26936,Liverpool,Tottenham,5,1,2025-04-27 15:30:00,Dominik Szoboszlai,Pass
633604,20,Goal,0.960999984741211,0.5179999923706055,0.80335533618927,Luis Díaz,h,10408,OpenPlay,2024,LeftFoot,26952,Liverpool,Arsenal,2,2,2025-05-11 15:30:00,Dominik Szoboszlai,Pass
638520,31,Goal,0.879000015258789,0.45799999237060546,0.4198751151561737,Luis Díaz,h,10408,OpenPlay,2025,RightFoot,30224,Bayern Munich,RasenBallsport Leipzig,6,0,2025-08-22 18:30:00,Serge Gnabry,Pass
640457,48,Goal,0.925,0.4570000076293945,0.5405349731445312,Luis Díaz,a,10408,OpenPlay,2025,LeftFoot,30238,Augsburg,Bayern Munich,2,3,2025-08-30 16:30:00,Konrad Laimer,Pass
641937,28,Goal,0.7719999694824219,0.6659999847412109,0.021683216094970703,Luis Díaz,h,10408,SetPiece,2025,RightFoot,30248,Bayern Munich,Hamburger SV,5,0,2025-09-13 16:30:00,Joshua Kimmich,Pass
646329,0,Goal,0.950999984741211,0.54,0.5539280772209167,Luis Díaz,a,10408,OpenPlay,2025,LeftFoot,30272,Eintracht Frankfurt,Bayern Munich,0,3,2025-10-04 16:30:00,Serge Gnabry,Cross
646345,83,Goal,0.9330000305175781,0.6719999694824219,0.40149012207984924,Luis Díaz,a,10408,OpenPlay,2025,LeftFoot,30272,Eintracht Frankfurt,Bayern Munich,0,3,2025-10-04 16:30:00,Raphael Guerreiro,TakeOn
652159,37,Goal,0.9890000152587891,0.69,0.062277164310216904,Luis Díaz,a,10408,OpenPlay,2025,RightFoot,30312,Union Berlin,Bayern Munich,2,2,2025-11-08 14:30:00,Josip Stanisic,TakeOn
655051,92,Goal,0.9330000305175781,0.49,0.434305876493454,Luis Díaz,h,10408,OpenPlay,2025,Head,30324,Bayern Munich,St. Pauli,3,1,2025-11-29 14:30:00,Joshua Kimmich,Cross
659816,85,Goal,0.960999984741211,0.5,0.6617282629013062,Luis Díaz,a,10408,OpenPlay,2025,Head,30354,FC Heidenheim,Bayern Munich,0,4,2025-12-21 16:30:00,Josip Stanisic,Pass
662808,29,Goal,0.9540000152587891,0.514000015258789,0.5945236682891846,Luis Díaz,h,10408,OpenPlay,2025,Head,30360,Bayern Munich,Wolfsburg,8,1,2026-01-11 16:30:00,Michael Olise,Cross
666236,45,Goal,0.914000015258789,0.4570000076293945,0.4782765209674835,Luis Díaz,a,10408,OpenPlay,2025,RightFoot,30399,Hamburger SV,Bayern Munich,2,2,2026-01-31 17:30:00,Michael Olise,Throughball
667887,46,Goal,0.899000015258789,0.5729999923706055,0.4863147437572479,Luis Díaz,h,10408,OpenPlay,2025,RightFoot,30404,Bayern Munich,Hoffenheim,5,1,2026-02-08 16:30:00,Harry Kane,Pass
667890,61,Goal,0.9569999694824218,0.4329999923706055,0.5882225632667542,Luis Díaz,h,10408,OpenPlay,2025,RightFoot,30404,Bayern Munich,Hoffenheim,5,1,2026-02-08 16:30:00,Michael Olise,Pass
667903,88,Goal,0.815,0.5059999847412109,0.0747465044260025,Luis Díaz,h,10408,OpenPlay,2025,RightFoot,30404,Bayern Munich,Hoffenheim,5,1,2026-02-08 16:30:00,Jamal Musiala,Pass
672357,32,Goal,0.895,0.52,0.12542691826820374,Luis Díaz,h,10408,OpenPlay,2025,RightFoot,30440,Bayern Munich,Borussia M.Gladbach,4,1,2026-03-06 19:30:00,Leon Goretzka,Throughball
673808,68,Goal,0.884000015258789,0.580999984741211,0.3466930389404297,Luis Díaz,a,10408,OpenPlay,2025,RightFoot,30449,Bayer Leverkusen,Bayern Munich,1,1,2026-03-14 14:30:00,Michael Olise,Pass
533579,30,Goal,0.855999984741211,0.35200000762939454,0.30547618865966797,Julián Álvarez,h,10846,OpenPlay,2023,RightFoot,22291,Manchester City,Newcastle United,1,0,2023-08-19 19:00:00,Phil Foden,Pass
536289,30,Goal,0.9309999847412109,0.49,0.5601994395256042,Julián Álvarez,h,10846,OpenPlay,2023,RightFoot,21927,Manchester City,Fulham,5,1,2023-09-02 14:00:00,Erling Haaland,Rebound
541160,57,Goal,0.799000015258789,0.7230000305175781,0.05963302031159401,Julián Álvarez,a,10846,DirectFreekick,2023,RightFoot,21961,Wolverhampton Wanderers,Manchester City,2,1,2023-09-30 14:00:00,,Standard
544073,6,Goal,0.894000015258789,0.5870000076293945,0.3707936406135559,Julián Álvarez,h,10846,OpenPlay,2023,LeftFoot,21980,Manchester City,Brighton,2,1,2023-10-21 14:00:00,Jéremy Doku,Pass
556645,63,Goal,0.885,0.5,0.7611688375473022,Julián Álvarez,a,10846,Penalty,2023,RightFoot,22081,Everton,Manchester City,1,3,2023-12-27 20:15:00,,Standard
556997,60,Goal,0.975999984741211,0.4779999923706055,0.9270991683006287,Julián Álvarez,h,10846,OpenPlay,2023,RightFoot,22090,Manchester City,Sheffield United,2,0,2023-12-30 15:00:00,Phil Foden,Pass
560692,15,Goal,0.955999984741211,0.5,0.5944355130195618,Julián Álvarez,h,10846,OpenPlay,2023,Head,22114,Manchester City,Burnley,3,1,2024-01-31 19:30:00,Matheus Nunes,Chipped
560694,21,Goal,0.905,0.46099998474121096,0.4847694933414459,Julián Álvarez,h,10846,SetPiece,2023,RightFoot,22114,Manchester City,Burnley,3,1,2024-01-31 19:30:00,Kevin De Bruyne,Throughball
576438,61,Goal,0.894000015258789,0.46,0.517155647277832,Julián Álvarez,a,10846,OpenPlay,2023,RightFoot,22176,Brighton,Manchester City,0,4,2024-04-25 19:00:00,Kyle Walker,None
578622,84,Goal,0.9069999694824219,0.6170000076293946,0.3762824237346649,Julián Álvarez,h,10846,OpenPlay,2023,LeftFoot,22253,Manchester City,Wolverhampton Wanderers,5,1,2024-05-04 16:30:00,Rodri,Pass
579669,95,Goal,0.885,0.5,0.7611688375473022,Julián Álvarez,a,10846,Penalty,2023,RightFoot,22258,Fulham,Manchester City,0,4,2024-05-11 11:30:00,,Standard
591776,93,Goal,0.9490000152587891,0.555,0.6345689296722412,Julián Álvarez,h,10846,OpenPlay,2024,LeftFoot,27023,Atletico Madrid,Valencia,3,0,2024-09-15 19:00:00,,None
593584,89,Goal,0.96,0.5579999923706055,0.4829997420310974,Julián Álvarez,a,10846,OpenPlay,2024,RightFoot,27048,Celta Vigo,Atletico Madrid,0,1,2024-09-26 19:00:00,Antoine Griezmann,Cross
596524,0,Goal,0.9,0.6880000305175781,0.05730258673429489,Julián Álvarez,a,10846,OpenPlay,2024,LeftFoot,27067,Real Sociedad,Atletico Madrid,1,1,2024-10-06 19:00:00,Antoine Griezmann,Pass
602122,60,Goal,0.8969999694824219,0.555,0.5262009501457214,Julián Álvarez,a,10846,OpenPlay,2024,RightFoot,27107,Mallorca,Atletico Madrid,0,1,2024-11-10 15:15:00,Giuliano Simeone,Pass
604486,34,Goal,0.9259999847412109,0.48200000762939454,0.5522913336753845,Julián Álvarez,a,10846,OpenPlay,2024,RightFoot,27126,Real Valladolid,Atletico Madrid,0,5,2024-11-30 20:00:00,,Rebound
611106,54,Goal,0.9490000152587891,0.5320000076293945,0.44944286346435547,Julián Álvarez,h,10846,FromCorner,2024,LeftFoot,27163,Atletico Madrid,Osasuna,1,0,2025-01-12 15:15:00,Clement Lenglet,HeadPass
616235,34,Goal,0.885,0.5,0.7432776093482971,Julián Álvarez,a,10846,Penalty,2024,RightFoot,27205,Real Madrid,Atletico Madrid,1,1,2025-02-08 20:00:00,,Standard
618595,11,Goal,0.914000015258789,0.455,0.467721551656723,Julián Álvarez,a,10846,OpenPlay,2024,RightFoot,27225,Valencia,Atletico Madrid,0,3,2025-02-22 17:30:00,Giuliano Simeone,Tackle
618600,29,Goal,0.93,0.4809999847412109,0.4268612861633301,Julián Álvarez,a,10846,OpenPlay,2024,Head,27225,Valencia,Atletico Madrid,0,3,2025-02-22 17:30:00,Antoine Griezmann,Chipped
620294,65,Goal,0.865999984741211,0.5,0.371438205242157,Julián Álvarez,h,10846,OpenPlay,2024,LeftFoot,27236,Atletico Madrid,Athletic Club,1,0,2025-03-01 20:00:00,Marcos Llorente,Throughball
623782,44,Goal,0.8869999694824219,0.4979999923706055,0.42265719175338745,Julián Álvarez,h,10846,OpenPlay,2024,RightFoot,27252,Atletico Madrid,Barcelona,2,4,2025-03-16 20:00:00,Giuliano Simeone,Pass
626365,24,Goal,0.885,0.5,0.7432776093482971,Julián Álvarez,a,10846,Penalty,2024,RightFoot,27277,Sevilla,Atletico Madrid,1,2,2025-04-06 14:15:00,,Standard
628174,24,Goal,0.885,0.5,0.7432776093482971,Julián Álvarez,h,10846,Penalty,2024,RightFoot,27284,Atletico Madrid,Real Valladolid,4,2,2025-04-14 19:00:00,,Standard
628188,70,Goal,0.885,0.5,0.7432776093482971,Julián Álvarez,h,10846,Penalty,2024,RightFoot,27284,Atletico Madrid,Real Valladolid,4,2,2025-04-14 19:00:00,,Standard
629956,76,Goal,0.8369999694824218,0.43099998474121093,0.4370136260986328,Julián Álvarez,h,10846,OpenPlay,2024,RightFoot,27304,Atletico Madrid,Rayo Vallecano,3,0,2025-04-24 19:30:00,Antoine Griezmann,Throughball
635366,9,Goal,0.715999984741211,0.44799999237060545,0.049738090485334396,Julián Álvarez,h,10846,DirectFreekick,2024,RightFoot,27342,Atletico Madrid,Real Betis,4,1,2025-05-18 17:00:00,,Standard
635383,74,Goal,0.955999984741211,0.49400001525878906,0.6584758758544922,Julián Álvarez,h,10846,OpenPlay,2024,RightFoot,27342,Atletico Madrid,Real Betis,4,1,2025-05-18 17:00:00,Antoine Griezmann,Pass
638338,36,Goal,0.7730000305175782,0.590999984741211,0.08613128960132599,Julián Álvarez,a,10846,DirectFreekick,2025,RightFoot,29165,Espanyol,Atletico Madrid,2,1,2025-08-17 19:30:00,,Standard
644255,14,Goal,0.9290000152587891,0.5620000076293945,0.3806522488594055,Julián Álvarez,h,10846,OpenPlay,2025,LeftFoot,29216,Atletico Madrid,Rayo Vallecano,3,2,2025-09-24 19:30:00,Marcos Llorente,Cross
644276,79,Goal,0.9890000152587891,0.4520000076293945,0.8692499399185181,Julián Álvarez,h,10846,OpenPlay,2025,RightFoot,29216,Atletico Madrid,Rayo Vallecano,3,2,2025-09-24 19:30:00,,Rebound
644281,87,Goal,0.7659999847412109,0.385,0.02408216893672943,Julián Álvarez,h,10846,OpenPlay,2025,LeftFoot,29216,Atletico Madrid,Rayo Vallecano,3,2,2025-09-24 19:30:00,Giuliano Simeone,Pass
644800,50,Goal,0.885,0.5,0.7432776093482971,Julián Álvarez,h,10846,Penalty,2025,RightFoot,29219,Atletico Madrid,Real Madrid,5,2,2025-09-27 14:15:00,,Standard
644803,63,Goal,0.7959999847412109,0.6969999694824218,0.0744328647851944,Julián Álvarez,h,10846,DirectFreekick,2025,RightFoot,29219,Atletico Madrid,Real Madrid,5,2,2025-09-27 14:15:00,,Standard
650937,63,Goal,0.885,0.5,0.7432776093482971,Julián Álvarez,h,10846,Penalty,2025,RightFoot,29259,Atletico Madrid,Sevilla,3,0,2025-11-01 15:15:00,,Standard
671385,93,Goal,0.905,0.46599998474121096,0.32575875520706177,Julián Álvarez,a,10846,OpenPlay,2025,LeftFoot,29414,Real Oviedo,Atletico Madrid,0,1,2026-02-28 20:00:00,,TakeOn
537830,84,Goal,0.9319999694824219,0.5220000076293946,0.573981761932373,Vedat Muriqi,a,9002,OpenPlay,2023,RightFoot,22727,Celta Vigo,Mallorca,0,1,2023-09-16 16:30:00,Dani Rodríguez,Rebound
538868,3,Goal,0.885,0.5,0.7431496977806091,Vedat Muriqi,a,9002,Penalty,2023,LeftFoot,22739,Girona,Mallorca,5,3,2023-09-23 12:00:00,,Standard
540198,7,Goal,0.925,0.48200000762939454,0.48071232438087463,Vedat Muriqi,h,9002,OpenPlay,2023,LeftFoot,22749,Mallorca,Barcelona,2,2,2023-09-26 19:30:00,Antonio Sánchez,HeadPass
541291,43,Goal,0.955999984741211,0.49,0.5914082527160645,Vedat Muriqi,a,9002,SetPiece,2023,LeftFoot,22764,Rayo Vallecano,Mallorca,2,2,2023-09-30 14:15:00,Abdón Prats,HeadPass
563096,90,Goal,0.960999984741211,0.5429999923706055,0.4812915027141571,Vedat Muriqi,h,9002,FromCorner,2023,Head,22917,Mallorca,Rayo Vallecano,2,1,2024-02-11 15:15:00,Dani Rodríguez,Cross
577146,11,Goal,0.905,0.53,0.2081398367881775,Vedat Muriqi,a,9002,OpenPlay,2023,Head,23008,Cadiz,Mallorca,1,1,2024-04-28 12:00:00,Martin Valjent,Cross
583420,89,Goal,0.9819999694824219,0.5259999847412109,0.7467690110206604,Vedat Muriqi,a,9002,FromCorner,2023,Head,23057,Getafe,Mallorca,1,2,2024-05-26 12:00:00,Raíllo,Rebound
585522,52,Goal,0.9230000305175782,0.44299999237060544,0.27852663397789,Vedat Muriqi,h,9002,FromCorner,2024,Head,26989,Mallorca,Real Madrid,1,1,2024-08-18 19:30:00,Dani Rodríguez,Cross
597460,75,Goal,0.9490000152587891,0.534000015258789,0.44800472259521484,Vedat Muriqi,h,9002,FromCorner,2024,Head,27077,Mallorca,Rayo Vallecano,1,0,2024-10-20 12:00:00,Dani Rodríguez,Cross
605129,42,Goal,0.945,0.5529999923706055,0.7417718172073364,Vedat Muriqi,h,9002,OpenPlay,2024,LeftFoot,27167,Mallorca,Barcelona,1,5,2024-12-03 18:00:00,Pablo Maffeo,Pass
616838,80,Goal,0.885,0.5,0.7432776093482971,Vedat Muriqi,h,9002,Penalty,2024,LeftFoot,27210,Mallorca,Osasuna,1,1,2025-02-10 20:00:00,,Standard
617888,6,Goal,0.9169999694824219,0.5559999847412109,0.11907883733510971,Vedat Muriqi,h,9002,OpenPlay,2024,Head,27217,Mallorca,Las Palmas,3,1,2025-02-16 17:30:00,Dani Rodríguez,Cross
617892,27,Goal,0.9009999847412109,0.5459999847412109,0.3405703902244568,Vedat Muriqi,h,9002,OpenPlay,2024,LeftFoot,27217,Mallorca,Las Palmas,3,1,2025-02-16 17:30:00,Johan Mojica,Cross
622715,96,Goal,0.885,0.5,0.7432776093482971,Vedat Muriqi,h,9002,Penalty,2024,LeftFoot,27261,Mallorca,Espanyol,2,1,2025-03-15 15:15:00,,Standard
640648,17,Goal,0.9180000305175782,0.4859999847412109,0.10745136439800262,Vedat Muriqi,a,9002,FromCorner,2025,Head,29184,Real Madrid,Mallorca,2,1,2025-08-30 19:30:00,Pablo Torre,Cross
642697,44,Goal,0.885,0.5,0.7432776093482971,Vedat Muriqi,a,9002,Penalty,2025,LeftFoot,29198,Espanyol,Mallorca,3,2,2025-09-15 19:00:00,,Standard
642704,64,Goal,0.9230000305175782,0.5709999847412109,0.23498353362083435,Vedat Muriqi,a,9002,OpenPlay,2025,Head,29198,Espanyol,Mallorca,3,2,2025-09-15 19:00:00,Sergi Darder,Cross
643759,84,Goal,0.9340000152587891,0.46700000762939453,0.3548421859741211,Vedat Muriqi,h,9002,OpenPlay,2025,Head,29204,Mallorca,Atletico Madrid,1,1,2025-09-21 14:15:00,Jan Virgili,Rebound
647324,66,Goal,0.92,0.6619999694824219,0.3038504421710968,Vedat Muriqi,a,9002,OpenPlay,2025,LeftFoot,29247,Sevilla,Mallorca,1,3,2025-10-18 12:00:00,Jan Virgili,Pass
653107,13,Goal,0.9259999847412109,0.46599998474121096,0.38773220777511597,Vedat Muriqi,h,9002,OpenPlay,2025,RightFoot,29276,Mallorca,Getafe,1,0,2025-11-09 17:30:00,Johan Mojica,Cross
654826,61,Goal,0.885,0.5,0.7432776093482971,Vedat Muriqi,h,9002,Penalty,2025,LeftFoot,29291,Mallorca,Osasuna,2,2,2025-11-29 13:00:00,,Standard
654828,65,Goal,0.8690000152587891,0.35400001525878905,0.07101544737815857,Vedat Muriqi,h,9002,OpenPlay,2025,RightFoot,29291,Mallorca,Osasuna,2,2,2025-11-29 13:00:00,Jan Virgili,Pass
658243,88,Goal,0.8530000305175781,0.5159999847412109,0.14793211221694946,Vedat Muriqi,h,9002,OpenPlay,2025,Head,29314,Mallorca,Elche,3,1,2025-12-13 15:15:00,Omar Mascarell,Cross
661661,90,Goal,0.885,0.5,0.7432776093482971,Vedat Muriqi,h,9002,Penalty,2025,LeftFoot,29336,Mallorca,Girona,1,2,2026-01-04 17:30:00,,Standard
662673,29,Goal,0.924000015258789,0.4979999923706055,0.39485466480255127,Vedat Muriqi,a,9002,OpenPlay,2025,Head,29347,Rayo Vallecano,Mallorca,2,1,2026-01-11 13:00:00,Toni Lato,Cross
663629,4,Goal,0.879000015258789,0.44599998474121094,0.3819936215877533,Vedat Muriqi,h,9002,OpenPlay,2025,RightFoot,29349,Mallorca,Athletic Club,3,2,2026-01-17 15:15:00,Sergi Darder,Pass
663643,41,Goal,0.9830000305175781,0.46900001525878904,0.9377239346504211,Vedat Muriqi,h,9002,SetPiece,2025,RightFoot,29349,Mallorca,Athletic Club,3,2,2026-01-17 15:15:00,,Rebound
663654,68,Goal,0.885,0.5,0.7432776093482971,Vedat Muriqi,h,9002,Penalty,2025,LeftFoot,29349,Mallorca,Athletic Club,3,2,2026-01-17 15:15:00,,Standard
666901,25,Goal,0.885,0.5,0.7432776093482971,Vedat Muriqi,h,9002,Penalty,2025,LeftFoot,29369,Mallorca,Sevilla,4,1,2026-02-02 20:00:00,,Standard
669320,65,Goal,0.8819999694824219,0.555,0.04529880732297897,Vedat Muriqi,h,9002,OpenPlay,2025,Head,29396,Mallorca,Real Betis,1,2,2026-02-15 20:00:00,Sergi Darder,Cross
672456,34,Goal,0.8169999694824219,0.5079999923706054,0.24649907648563385,Vedat Muriqi,a,9002,OpenPlay,2025,OtherBodyPart,29426,Osasuna,Mallorca,2,2,2026-03-07 13:00:00,,None
672464,60,Goal,0.8580000305175781,0.4540000152587891,0.12343461066484451,Vedat Muriqi,a,9002,OpenPlay,2025,LeftFoot,29426,Osasuna,Mallorca,2,2,2026-03-07 13:00:00,Sergi Darder,Pass
676658,90,Goal,0.88,0.4129999923706055,0.10092645138502121,Vedat Muriqi,h,9002,OpenPlay,2025,RightFoot,29452,Mallorca,Real Madrid,2,1,2026-04-04 14:15:00,Mateo Joseph,Pass
678440,35,Goal,0.9540000152587891,0.45799999237060546,0.5869180560112,Vedat Muriqi,h,9002,FromCorner,2025,LeftFoot,29466,Mallorca,Rayo Vallecano,3,0,2026-04-12 14:15:00,Samú Costa,Rebound
678442,39,Goal,0.9269999694824219,0.47200000762939454,0.43123936653137207,Vedat Muriqi,h,9002,OpenPlay,2025,LeftFoot,29466,Mallorca,Rayo Vallecano,3,0,2026-04-12 14:15:00,Zito,Cross
684006,46,Goal,0.9369999694824219,0.48400001525878905,0.5359318852424622,Vedat Muriqi,h,9002,OpenPlay,2025,LeftFoot,29502,Mallorca,Villarreal,1,1,2026-05-10 12:00:00,,None
533423,87,Goal,0.935,0.5690000152587891,0.1318504512310028,Donyell Malen,h,9749,FromCorner,2023,RightFoot,23071,Borussia Dortmund,FC Cologne,1,0,2023-08-19 16:30:00,Felix Nmecha,Rebound
534594,55,Goal,0.775,0.41700000762939454,0.03042905405163765,Donyell Malen,a,9749,OpenPlay,2023,RightFoot,23077,Bochum,Borussia Dortmund,1,1,2023-08-26 13:30:00,Julian Brandt,Pass
537561,59,Goal,0.870999984741211,0.41700000762939454,0.37704476714134216,Donyell Malen,a,9749,OpenPlay,2023,RightFoot,23094,Freiburg,Borussia Dortmund,2,4,2023-09-16 13:30:00,Niclas Füllkrug,Pass
549641,96,Goal,0.9319999694824219,0.5220000076293946,0.6165882349014282,Donyell Malen,h,9749,OpenPlay,2023,RightFoot,23164,Borussia Dortmund,Borussia M.Gladbach,4,2,2023-11-25 14:30:00,,BallRecovery
554168,34,Goal,0.8180000305175781,0.49,0.060781463980674744,Donyell Malen,a,9749,OpenPlay,2023,RightFoot,23198,Augsburg,Borussia Dortmund,1,1,2023-12-16 14:30:00,Niclas Füllkrug,Pass
558922,11,Goal,0.8730000305175781,0.4470000076293945,0.04813370853662491,Donyell Malen,a,9749,FromCorner,2023,RightFoot,23223,FC Cologne,Borussia Dortmund,0,4,2024-01-20 14:30:00,Julian Brandt,Cross
558939,60,Goal,0.8719999694824219,0.455,0.48476696014404297,Donyell Malen,a,9749,OpenPlay,2023,RightFoot,23223,FC Cologne,Borussia Dortmund,0,4,2024-01-20 14:30:00,Ian Maatsen,Chipped
562160,15,Goal,0.8580000305175781,0.47700000762939454,0.10281817615032196,Donyell Malen,h,9749,OpenPlay,2023,RightFoot,23246,Borussia Dortmund,Freiburg,3,0,2024-02-09 19:30:00,Niclas Füllkrug,Pass
562162,51,Goal,0.914000015258789,0.3189999961853027,0.09790359437465668,Donyell Malen,h,9749,OpenPlay,2023,RightFoot,23246,Borussia Dortmund,Freiburg,3,0,2024-02-09 19:30:00,Niclas Füllkrug,Pass
565802,20,Goal,0.9619999694824218,0.5020000076293946,0.5801037549972534,Donyell Malen,h,9749,FromCorner,2023,RightFoot,23270,Borussia Dortmund,Hoffenheim,2,3,2024-02-25 16:30:00,Marco Reus,HeadPass
568224,20,Goal,0.9640000152587891,0.4179999923706055,0.13702283799648285,Donyell Malen,a,9749,OpenPlay,2023,RightFoot,23286,Werder Bremen,Borussia Dortmund,1,2,2024-03-09 17:30:00,,Rebound
578333,19,Goal,0.945,0.45599998474121095,0.4724457859992981,Donyell Malen,h,9749,OpenPlay,2023,Head,23344,Borussia Dortmund,Augsburg,5,1,2024-05-04 13:30:00,Jamie Bynoe-Gittens,Cross
581486,87,Goal,0.975,0.4859999847412109,0.9220479130744934,Donyell Malen,h,9749,OpenPlay,2023,RightFoot,23362,Borussia Dortmund,Darmstadt,4,0,2024-05-18 13:30:00,,Rebound
590349,10,Goal,0.8230000305175781,0.51,0.07171561568975449,Donyell Malen,h,9749,OpenPlay,2024,RightFoot,27760,Borussia Dortmund,FC Heidenheim,4,2,2024-09-13 18:30:00,Karim Adeyemi,Pass
598324,3,Goal,0.875999984741211,0.48200000762939454,0.3995875120162964,Donyell Malen,a,9749,OpenPlay,2024,LeftFoot,27809,Augsburg,Borussia Dortmund,2,1,2024-10-26 13:30:00,Serhou Guirassy,Throughball
608832,24,Goal,0.980999984741211,0.525,0.5972854495048523,Donyell Malen,a,9749,FromCorner,2024,RightFoot,27874,Wolfsburg,Borussia Dortmund,1,3,2024-12-22 16:30:00,Ramy Bensebaini,Cross
625209,99,Goal,0.9169999694824219,0.3160000038146973,0.11288443207740784,Donyell Malen,a,9749,OpenPlay,2024,RightFoot,26893,Brighton,Aston Villa,0,3,2025-04-02 19:45:00,Marco Asensio,Pass
625855,14,Goal,0.9619999694824218,0.47700000762939454,0.6297279596328735,Donyell Malen,h,9749,OpenPlay,2024,RightFoot,26902,Aston Villa,Nottingham Forest,2,1,2025-04-05 16:30:00,Ian Maatsen,Cross
627179,78,Goal,0.8969999694824219,0.32799999237060545,0.2669849395751953,Donyell Malen,a,9749,OpenPlay,2024,RightFoot,26921,Southampton,Aston Villa,0,3,2025-04-12 14:00:00,Morgan Rogers,Pass
646653,24,Goal,0.91,0.385,0.12220802158117294,Donyell Malen,h,9749,OpenPlay,2025,RightFoot,28840,Aston Villa,Burnley,2,1,2025-10-05 13:00:00,Boubacar Kamara,Throughball
646659,62,Goal,0.89,0.3579999923706055,0.30903878808021545,Donyell Malen,h,9749,OpenPlay,2025,RightFoot,28840,Aston Villa,Burnley,2,1,2025-10-05 13:00:00,Morgan Rogers,Pass
652713,81,Goal,0.9019999694824219,0.52,0.11906164139509201,Donyell Malen,h,9749,FromCorner,2025,RightFoot,28878,Aston Villa,Bournemouth,4,0,2025-11-09 14:00:00,Youri Tielemans,Rebound
656279,77,Goal,0.9669999694824218,0.534000015258789,0.6465192437171936,Donyell Malen,a,9749,OpenPlay,2025,RightFoot,28910,Brighton,Aston Villa,3,4,2025-12-03 19:30:00,,None
664249,25,Goal,0.925,0.5770000076293945,0.43784478306770325,Donyell Malen,a,9749,OpenPlay,2025,RightFoot,30050,Torino,Roma,0,2,2026-01-18 17:00:00,Paulo Dybala,Pass
668123,24,Goal,0.9540000152587891,0.33299999237060546,0.22605568170547485,Donyell Malen,h,9749,OpenPlay,2025,RightFoot,30076,Roma,Cagliari,2,0,2026-02-09 19:45:00,Gianluca Mancini,Pass
668131,64,Goal,0.9680000305175781,0.4779999923706055,0.7759749889373779,Donyell Malen,h,9749,OpenPlay,2025,RightFoot,30076,Roma,Cagliari,2,0,2026-02-09 19:45:00,Mehmet Zeki Çelik,Pass
669284,6,Goal,0.915,0.47200000762939454,0.6134615540504456,Donyell Malen,a,9749,OpenPlay,2025,RightFoot,30089,Napoli,Roma,2,2,2026-02-15 19:45:00,Bryan Zaragoza,Pass
669295,70,Goal,0.885,0.5,0.7612988352775574,Donyell Malen,a,9749,Penalty,2025,RightFoot,30089,Napoli,Roma,2,2,2026-02-15 19:45:00,,Standard
671962,64,Goal,0.8909999847412109,0.629000015258789,0.2998831570148468,Donyell Malen,h,9749,OpenPlay,2025,RightFoot,30108,Roma,Juventus,3,3,2026-03-01 19:45:00,Kouadio Kone,Throughball
674624,6,Goal,0.885,0.5,0.7612988352775574,Donyell Malen,a,9749,Penalty,2025,RightFoot,30124,Como,Roma,2,1,2026-03-15 17:00:00,,Standard
677479,2,Goal,0.8640000152587891,0.6909999847412109,0.07866640388965607,Donyell Malen,h,9749,OpenPlay,2025,RightFoot,30162,Roma,Pisa,3,0,2026-04-10 18:45:00,,None
677485,42,Goal,0.9669999694824218,0.5259999847412109,0.8200820684432983,Donyell Malen,h,9749,OpenPlay,2025,LeftFoot,30162,Roma,Pisa,3,0,2026-04-10 18:45:00,Devyne Rensch,Pass
677487,51,Goal,0.875,0.49200000762939455,0.34266534447669983,Donyell Malen,h,9749,OpenPlay,2025,RightFoot,30162,Roma,Pisa,3,0,2026-04-10 18:45:00,Matìas Soulè Malvano,Pass
681104,6,Goal,0.8619999694824219,0.5270000076293946,0.3934098780155182,Donyell Malen,a,9749,OpenPlay,2025,RightFoot,30174,Bologna,Roma,0,2,2026-04-25 16:00:00,Neil El Aynaoui,Pass
684263,21,Goal,0.8190000152587891,0.5059999847412109,0.264721155166626,Donyell Malen,a,9749,OpenPlay,2025,RightFoot,30202,Parma Calcio 1913,Roma,2,3,2026-05-10 16:00:00,Paulo Dybala,Pass
684284,100,Goal,0.885,0.5,0.7612988352775574,Donyell Malen,a,9749,Penalty,2025,RightFoot,30202,Parma Calcio 1913,Roma,2,3,2026-05-10 16:00:00,,Standard
533196,2,Goal,0.8680000305175781,0.37900001525878907,0.06995689868927002,Antoine Semenyo,a,11363,OpenPlay,2023,RightFoot,22288,Liverpool,Bournemouth,3,1,2023-08-19 14:00:00,Dominic Solanke,Dispossessed
545480,21,Goal,0.874000015258789,0.6379999923706055,0.05513833835721016,Antoine Semenyo,h,11363,OpenPlay,2023,LeftFoot,21985,Bournemouth,Burnley,2,1,2023-10-28 14:00:00,,BallRecovery
551566,9,Goal,0.85,0.51,0.30561500787734985,Antoine Semenyo,h,11363,OpenPlay,2023,RightFoot,22025,Bournemouth,Aston Villa,2,2,2023-12-03 14:00:00,Ryan Christie,Pass
563929,68,Goal,0.835999984741211,0.36,0.07548339664936066,Antoine Semenyo,a,11363,OpenPlay,2023,RightFoot,22141,Newcastle United,Bournemouth,2,2,2024-02-17 15:00:00,Dominic Solanke,Pass
567061,87,Goal,0.845,0.3729999923706055,0.08564824610948563,Antoine Semenyo,a,11363,OpenPlay,2023,LeftFoot,22156,Burnley,Bournemouth,0,2,2024-03-03 13:00:00,Lewis Cook,Pass
569086,63,Goal,0.8530000305175781,0.37799999237060544,0.05018502473831177,Antoine Semenyo,h,11363,OpenPlay,2023,LeftFoot,25861,Bournemouth,Luton,4,3,2024-03-13 19:30:00,Ryan Christie,Chipped
569092,82,Goal,0.909000015258789,0.35400001525878905,0.307759553194046,Antoine Semenyo,h,11363,OpenPlay,2023,RightFoot,25861,Bournemouth,Luton,4,3,2024-03-13 19:30:00,Enes Ünal,Pass
576302,36,Goal,0.9590000152587891,0.5629999923706055,0.5799673199653625,Antoine Semenyo,a,11363,OpenPlay,2023,LeftFoot,22184,Wolverhampton Wanderers,Bournemouth,0,1,2024-04-24 18:45:00,,None
584829,85,Goal,0.9619999694824218,0.49200000762939455,0.6533881425857544,Antoine Semenyo,a,11363,OpenPlay,2024,LeftFoot,26607,Nottingham Forest,Bournemouth,1,1,2024-08-17 14:00:00,,None
589206,86,Goal,0.9680000305175781,0.46,0.5976698398590088,Antoine Semenyo,a,11363,OpenPlay,2024,RightFoot,26624,Everton,Bournemouth,2,3,2024-08-31 14:00:00,Dango Ouattara,Cross
595027,38,Goal,0.8669999694824219,0.29600000381469727,0.05719175189733505,Antoine Semenyo,h,11363,OpenPlay,2024,RightFoot,26661,Bournemouth,Southampton,3,1,2024-09-30 19:00:00,Lewis Cook,TakeOn
600074,8,Goal,0.935,0.504000015258789,0.5845360159873962,Antoine Semenyo,h,11363,OpenPlay,2024,RightFoot,26692,Bournemouth,Manchester City,2,1,2024-11-02 15:00:00,Milos Kerkez,Pass
608713,62,Goal,0.9059999847412109,0.5159999847412109,0.5649834275245667,Antoine Semenyo,a,11363,OpenPlay,2024,LeftFoot,26769,Manchester United,Bournemouth,0,3,2024-12-22 14:00:00,Dango Ouattara,Pass
611503,67,Goal,0.9009999847412109,0.685,0.06056636571884155,Antoine Semenyo,a,11363,OpenPlay,2024,LeftFoot,26809,Chelsea,Bournemouth,2,2,2025-01-14 19:30:00,Ryan Christie,Pass
613434,90,Goal,0.925,0.7290000152587891,0.1041555404663086,Antoine Semenyo,h,11363,OpenPlay,2024,RightFoot,26822,Bournemouth,Nottingham Forest,5,0,2025-01-25 15:00:00,Marcus Tavernier,Pass
628145,0,Goal,0.8540000152587891,0.395,0.10522878170013428,Antoine Semenyo,h,11363,OpenPlay,2024,LeftFoot,26912,Bournemouth,Fulham,1,0,2025-04-14 19:00:00,,None
630587,22,Goal,0.8859999847412109,0.405,0.10336156189441681,Antoine Semenyo,h,11363,OpenPlay,2024,LeftFoot,26932,Bournemouth,Manchester United,1,1,2025-04-27 13:00:00,Evanilson,LayOff
636292,73,Goal,0.9290000152587891,0.524000015258789,0.47787508368492126,Antoine Semenyo,h,11363,FromCorner,2024,RightFoot,26979,Bournemouth,Leicester,2,0,2025-05-25 15:00:00,Illia Zabarnyi,HeadPass
636297,87,Goal,0.7809999847412109,0.5259999847412109,0.04802074283361435,Antoine Semenyo,h,11363,OpenPlay,2024,RightFoot,26979,Bournemouth,Leicester,2,0,2025-05-25 15:00:00,Dean Huijsen,BlockedPass
637519,63,Goal,0.9080000305175782,0.5129999923706055,0.42599424719810486,Antoine Semenyo,a,11363,OpenPlay,2025,LeftFoot,28778,Liverpool,Bournemouth,4,2,2025-08-15 19:00:00,David Brooks,Cross
637523,75,Goal,0.825,0.4829999923706055,0.09559009969234467,Antoine Semenyo,a,11363,OpenPlay,2025,LeftFoot,28778,Liverpool,Bournemouth,4,2,2025-08-15 19:00:00,Hamed Junior Traore,Pass
641685,60,Goal,0.885,0.5,0.7611688375473022,Antoine Semenyo,h,11363,Penalty,2025,RightFoot,28810,Bournemouth,Brighton,2,1,2025-09-13 14:00:00,,Standard
644735,25,Goal,0.8169999694824219,0.5559999847412109,0.15621031820774078,Antoine Semenyo,a,11363,DirectFreekick,2025,RightFoot,28832,Leeds,Bournemouth,2,2,2025-09-27 14:00:00,,Standard
645857,77,Goal,0.975999984741211,0.654000015258789,0.07629428058862686,Antoine Semenyo,h,11363,OpenPlay,2025,RightFoot,28838,Bournemouth,Fulham,3,1,2025-10-03 19:00:00,Adrien Truffert,TakeOn
645864,95,Goal,0.850999984741211,0.5629999923706055,0.45716217160224915,Antoine Semenyo,h,11363,OpenPlay,2025,LeftFoot,28838,Bournemouth,Fulham,3,1,2025-10-03 19:00:00,Ben Doak,Pass
659003,39,Goal,0.9009999847412109,0.325,0.0491848848760128,Antoine Semenyo,a,11363,OpenPlay,2025,RightFoot,28934,Manchester United,Bournemouth,4,4,2025-12-15 20:00:00,Adam Smith,BallRecovery
659282,66,Goal,0.8209999847412109,0.6619999694824219,0.038949862122535706,Antoine Semenyo,h,11363,OpenPlay,2025,RightFoot,28938,Bournemouth,Burnley,1,1,2025-12-20 15:00:00,,BallTouch
660183,74,Goal,0.9790000152587891,0.505,0.8771986365318298,Antoine Semenyo,a,11363,OpenPlay,2025,RightFoot,28949,Brentford,Bournemouth,4,1,2025-12-27 15:00:00,,Rebound
661933,94,Goal,0.7869999694824219,0.6969999694824218,0.01998584344983101,Antoine Semenyo,h,11363,OpenPlay,2025,RightFoot,28979,Bournemouth,Tottenham,3,2,2026-01-07 19:30:00,David Brooks,Pass
664850,46,Goal,0.86,0.4370000076293945,0.11114516109228134,Antoine Semenyo,h,11363,OpenPlay,2025,LeftFoot,29005,Manchester City,Wolverhampton Wanderers,2,0,2026-01-24 15:00:00,Bernardo Silva,Pass
666691,43,Goal,0.8780000305175781,0.48,0.404064804315567,Antoine Semenyo,a,11363,OpenPlay,2025,LeftFoot,29016,Tottenham,Manchester City,2,2,2026-02-01 16:30:00,Bernardo Silva,Pass
668293,23,Goal,0.9519999694824218,0.49,0.6171725392341614,Antoine Semenyo,h,11363,OpenPlay,2025,RightFoot,29033,Manchester City,Fulham,3,0,2026-02-11 19:30:00,,None
671235,46,Goal,0.95,0.49200000762939455,0.5955175757408142,Antoine Semenyo,a,11363,OpenPlay,2025,RightFoot,29053,Leeds,Manchester City,0,1,2026-02-28 17:30:00,Rayan Ait Nouri,Cross
672257,30,Goal,0.9109999847412109,0.51,0.4669118821620941,Antoine Semenyo,h,11363,OpenPlay,2025,LeftFoot,29064,Manchester City,Nottingham Forest,2,2,2026-03-04 19:30:00,Mathis Cherki,Pass
684986,31,Goal,0.8780000305175781,0.40799999237060547,0.3288593888282776,Antoine Semenyo,h,11363,OpenPlay,2025,RightFoot,29084,Manchester City,Crystal Palace,3,0,2026-05-13 19:00:00,Phil Foden,Pass
541589,20,Goal,0.894000015258789,0.39799999237060546,0.35263603925704956,Riccardo Orsolini,h,6160,OpenPlay,2023,LeftFoot,22366,Bologna,Empoli,3,0,2023-10-01 10:30:00,,TakeOn
541604,65,Goal,0.9209999847412109,0.35400001525878905,0.10425814986228943,Riccardo Orsolini,h,6160,OpenPlay,2023,LeftFoot,22366,Bologna,Empoli,3,0,2023-10-01 10:30:00,Lewis Ferguson,Pass
541610,91,Goal,0.8880000305175781,0.445,0.47208085656166077,Riccardo Orsolini,h,6160,OpenPlay,2023,LeftFoot,22366,Bologna,Empoli,3,0,2023-10-01 10:30:00,Oussama El Azzouzi,Pass
542461,18,Goal,0.885,0.5,0.7612988352775574,Riccardo Orsolini,a,6160,Penalty,2023,LeftFoot,22383,Inter,Bologna,2,2,2023-10-07 13:00:00,,Standard
558508,23,Goal,0.980999984741211,0.3990000152587891,0.29210156202316284,Riccardo Orsolini,a,6160,OpenPlay,2023,LeftFoot,22502,Cagliari,Bologna,2,1,2024-01-14 14:00:00,Stefan Posch,Chipped
560008,91,Goal,0.885,0.5,0.7612988352775574,Riccardo Orsolini,a,6160,Penalty,2023,LeftFoot,22518,AC Milan,Bologna,2,2,2024-01-27 19:45:00,,Standard
562930,26,Goal,0.955999984741211,0.33099998474121095,0.08818574249744415,Riccardo Orsolini,h,6160,OpenPlay,2023,RightFoot,22535,Bologna,Lecce,4,0,2024-02-11 14:00:00,Stefan Posch,Pass
562934,48,Goal,0.884000015258789,0.3340000152587891,0.09157803654670715,Riccardo Orsolini,h,6160,OpenPlay,2023,LeftFoot,22535,Bologna,Lecce,4,0,2024-02-11 14:00:00,Riccardo Calafiori,Pass
563450,11,Goal,0.905,0.38299999237060545,0.07676014304161072,Riccardo Orsolini,h,6160,OpenPlay,2023,LeftFoot,22505,Bologna,Fiorentina,2,0,2024-02-14 18:00:00,Lewis Ferguson,Chipped
571585,13,Goal,0.8119999694824219,0.2720000076293945,0.023651152849197388,Riccardo Orsolini,h,6160,OpenPlay,2023,LeftFoot,22596,Bologna,Salernitana,3,0,2024-04-01 11:30:00,Riccardo Calafiori,Chipped
585347,56,Goal,0.885,0.5,0.7612988352775574,Riccardo Orsolini,h,6160,Penalty,2024,LeftFoot,27367,Bologna,Udinese,1,1,2024-08-18 16:30:00,,Standard
596794,36,Goal,0.8830000305175781,0.3039999961853027,0.04171965271234512,Riccardo Orsolini,a,6160,OpenPlay,2024,LeftFoot,27434,Genoa,Bologna,2,2,2024-10-19 13:00:00,Nikola Moro,Pass
599497,34,Goal,0.9169999694824219,0.33,0.07123134285211563,Riccardo Orsolini,a,6160,OpenPlay,2024,RightFoot,27453,Cagliari,Bologna,0,2,2024-10-29 17:30:00,Dan Ndoye,Pass
599897,84,Goal,0.9209999847412109,0.48700000762939455,0.3847724199295044,Riccardo Orsolini,h,6160,OpenPlay,2024,Head,27467,Bologna,Lecce,1,0,2024-11-02 14:00:00,Juan Miranda,Cross
601936,65,Goal,0.9,0.3990000152587891,0.12371125817298889,Riccardo Orsolini,a,6160,OpenPlay,2024,LeftFoot,27476,Roma,Bologna,2,3,2024-11-10 14:00:00,Santiago Castro,Throughball
604446,68,Goal,0.885,0.5,0.7612988352775574,Riccardo Orsolini,h,6160,Penalty,2024,LeftFoot,27494,Bologna,Venezia,3,0,2024-11-30 19:45:00,,Standard
612114,68,Goal,0.955999984741211,0.40400001525878904,0.3179168701171875,Riccardo Orsolini,h,6160,OpenPlay,2024,LeftFoot,27571,Bologna,Monza,3,1,2025-01-18 14:00:00,Charalampos Lykogiannis,Cross
620443,47,Goal,0.885,0.5,0.7612988352775574,Riccardo Orsolini,h,6160,Penalty,2024,LeftFoot,27623,Bologna,Cagliari,2,1,2025-03-02 14:00:00,,Standard
620446,55,Goal,0.9769999694824218,0.4570000076293945,0.8005759716033936,Riccardo Orsolini,h,6160,OpenPlay,2024,RightFoot,27623,Bologna,Cagliari,2,1,2025-03-02 14:00:00,Nicolò Cambiaghi,Pass
623289,47,Goal,0.919000015258789,0.6419999694824219,0.3481912910938263,Riccardo Orsolini,h,6160,OpenPlay,2024,LeftFoot,27645,Bologna,Lazio,5,0,2025-03-16 14:00:00,Dan Ndoye,Throughball
624054,48,Goal,0.8969999694824219,0.3729999923706055,0.05133650451898575,Riccardo Orsolini,a,6160,OpenPlay,2024,LeftFoot,27653,Venezia,Bologna,0,1,2025-03-29 14:00:00,Nicolò Cambiaghi,Cross
629365,93,Goal,0.9109999847412109,0.455,0.1039777547121048,Riccardo Orsolini,h,6160,OpenPlay,2024,LeftFoot,27682,Bologna,Inter,1,0,2025-04-20 16:00:00,,None
632507,48,Goal,0.8,0.36400001525878906,0.041061535477638245,Riccardo Orsolini,a,6160,OpenPlay,2024,LeftFoot,27717,AC Milan,Bologna,3,1,2025-05-09 18:45:00,Thijs Dallinga,HeadPass
635439,78,Goal,0.9630000305175781,0.5159999847412109,0.6932369470596313,Riccardo Orsolini,a,6160,OpenPlay,2024,LeftFoot,27723,Fiorentina,Bologna,3,2,2025-05-18 18:45:00,Dan Ndoye,Pass
635994,63,Goal,0.904000015258789,0.5379999923706055,0.07200157642364502,Riccardo Orsolini,h,6160,OpenPlay,2024,LeftFoot,27734,Bologna,Genoa,1,3,2025-05-24 16:00:00,Nicolò Casale,Chipped
640419,58,Goal,0.825,0.49900001525878906,0.06934788823127747,Riccardo Orsolini,h,6160,OpenPlay,2025,LeftFoot,29856,Bologna,Como,1,0,2025-08-30 16:30:00,Santiago Castro,Pass
642911,98,Goal,0.885,0.5,0.7612988352775574,Riccardo Orsolini,h,6160,Penalty,2025,LeftFoot,29877,Bologna,Genoa,2,1,2025-09-20 13:00:00,,Standard
645498,45,Goal,0.885,0.5,0.7612988352775574,Riccardo Orsolini,a,6160,Penalty,2025,LeftFoot,29888,Lecce,Bologna,2,2,2025-09-28 16:00:00,,Standard
646676,39,Goal,0.924000015258789,0.435,0.41673171520233154,Riccardo Orsolini,h,6160,OpenPlay,2025,LeftFoot,29895,Bologna,Pisa,4,0,2025-10-05 13:00:00,Nicolò Cambiaghi,Cross
648130,79,Goal,0.7880000305175782,0.2979999923706055,0.026772575452923775,Riccardo Orsolini,a,6160,OpenPlay,2025,LeftFoot,29905,Cagliari,Bologna,0,2,2025-10-19 13:00:00,Benjamín Domínguez,Pass
656037,47,Goal,0.885,0.5,0.7612988352775574,Riccardo Orsolini,h,6160,Penalty,2025,LeftFoot,29965,Bologna,Cremonese,1,3,2025-12-01 19:45:00,,Standard
663154,20,Goal,0.8640000152587891,0.2610000038146973,0.0552232526242733,Riccardo Orsolini,a,6160,SetPiece,2025,LeftFoot,30003,Verona,Bologna,2,3,2026-01-15 17:30:00,Remo Freuler,TakeOn
678593,91,Goal,0.8590000152587891,0.41700000762939454,0.3200700581073761,Riccardo Orsolini,h,6160,OpenPlay,2025,LeftFoot,30155,Bologna,Lecce,2,0,2026-04-12 16:00:00,Federico Bernardeschi,Pass
684758,33,Goal,0.885,0.5,0.7612988352775574,Riccardo Orsolini,a,6160,Penalty,2025,LeftFoot,30201,Napoli,Bologna,2,3,2026-05-11 18:45:00,,Standard
685975,77,Goal,0.9669999694824218,0.42700000762939455,0.45642614364624023,Riccardo Orsolini,a,6160,SetPiece,2025,LeftFoot,30204,Atalanta,Bologna,0,1,2026-05-17 16:00:00,Jonathan Rowe,Cross
549384,69,Goal,0.9680000305175781,0.31,0.06276997923851013,Ousmane Dembélé,h,3226,OpenPlay,2023,RightFoot,23479,Paris Saint Germain,Monaco,5,2,2023-11-24 20:00:00,Fabián,Chipped
576048,18,Goal,0.8369999694824218,0.4620000076293945,0.07831628620624542,Ousmane Dembélé,a,3226,OpenPlay,2023,LeftFoot,23624,Lorient,Paris Saint Germain,1,4,2024-04-24 17:00:00,Senny Mayulu,Pass
576053,59,Goal,0.955,0.45299999237060545,0.6352525353431702,Ousmane Dembélé,a,3226,OpenPlay,2023,RightFoot,23624,Lorient,Paris Saint Germain,1,4,2024-04-24 17:00:00,Kylian Mbappe-Lottin,Pass
584624,84,Goal,0.9230000305175782,0.4879999923706055,0.4028494358062744,Ousmane Dembélé,a,3226,OpenPlay,2024,Head,28048,Le Havre,Paris Saint Germain,1,4,2024-08-16 18:45:00,João Neves,Cross
591123,41,Goal,0.965999984741211,0.4259999847412109,0.3669856786727905,Ousmane Dembélé,h,3226,OpenPlay,2024,Head,28079,Paris Saint Germain,Brest,3,1,2024-09-14 19:00:00,Marco Asensio,Cross
591132,73,Goal,0.8330000305175781,0.5129999923706055,0.36302682757377625,Ousmane Dembélé,h,3226,OpenPlay,2024,LeftFoot,28079,Paris Saint Germain,Brest,3,1,2024-09-14 19:00:00,,Rebound
592775,67,Goal,0.9830000305175781,0.43599998474121093,0.5190879106521606,Ousmane Dembélé,a,3226,OpenPlay,2024,RightFoot,28086,Reims,Paris Saint Germain,1,1,2024-09-21 19:00:00,João Neves,Cross
600239,3,Goal,0.9819999694824219,0.46,0.891994059085846,Ousmane Dembélé,h,3226,OpenPlay,2024,RightFoot,28130,Paris Saint Germain,Lens,1,0,2024-11-02 16:00:00,Bradley Barcola,Pass
607890,7,Goal,0.8930000305175781,0.565,0.1179877445101738,Ousmane Dembélé,h,3226,OpenPlay,2024,LeftFoot,28182,Paris Saint Germain,Lyon,3,1,2024-12-15 19:45:00,Désiré Doué,Pass
607997,63,Goal,0.9309999847412109,0.509000015258789,0.5506781935691833,Ousmane Dembélé,a,3226,OpenPlay,2024,LeftFoot,28183,Monaco,Paris Saint Germain,2,4,2024-12-18 20:00:00,,Rebound
608005,96,Goal,0.9019999694824219,0.6359999847412109,0.36804717779159546,Ousmane Dembélé,a,3226,OpenPlay,2024,LeftFoot,28183,Monaco,Paris Saint Germain,2,4,2024-12-18 20:00:00,Fabián,Chipped
611241,12,Goal,0.855999984741211,0.415,0.08151604980230331,Ousmane Dembélé,h,3226,OpenPlay,2024,LeftFoot,28199,Paris Saint Germain,Saint-Etienne,2,1,2025-01-12 19:45:00,Lee Kang-In,Pass
611245,22,Goal,0.885,0.5,0.7600951194763184,Ousmane Dembélé,h,3226,Penalty,2024,RightFoot,28199,Paris Saint Germain,Saint-Etienne,2,1,2025-01-12 19:45:00,,Standard
613681,46,Goal,0.8959999847412109,0.36400001525878906,0.09073516726493835,Ousmane Dembélé,h,3226,OpenPlay,2024,LeftFoot,28216,Paris Saint Germain,Reims,1,1,2025-01-25 20:05:00,Khvicha Kvaratskhelia,Pass
615034,28,Goal,0.8780000305175781,0.47,0.38792121410369873,Ousmane Dembélé,a,3226,OpenPlay,2024,RightFoot,28220,Brest,Paris Saint Germain,2,5,2025-02-01 16:00:00,Bradley Barcola,Pass
615042,56,Goal,0.860999984741211,0.41200000762939454,0.3056034445762634,Ousmane Dembélé,a,3226,OpenPlay,2024,RightFoot,28220,Brest,Paris Saint Germain,2,5,2025-02-01 16:00:00,,Rebound
615043,61,Goal,0.9259999847412109,0.5629999923706055,0.4575134217739105,Ousmane Dembélé,a,3226,OpenPlay,2024,RightFoot,28220,Brest,Paris Saint Germain,2,5,2025-02-01 16:00:00,Lee Kang-In,Throughball
615965,56,Goal,0.9290000152587891,0.3659999847412109,0.35952869057655334,Ousmane Dembélé,h,3226,OpenPlay,2024,RightFoot,28233,Paris Saint Germain,Monaco,4,1,2025-02-07 20:05:00,Désiré Doué,Throughball
615974,89,Goal,0.98,0.4879999923706055,0.9671052694320679,Ousmane Dembélé,h,3226,OpenPlay,2024,RightFoot,28233,Paris Saint Germain,Monaco,4,1,2025-02-07 20:05:00,Nuno Mendes,Pass
619316,58,Goal,0.855999984741211,0.375,0.07304784655570984,Ousmane Dembélé,a,3226,OpenPlay,2024,LeftFoot,28254,Lyon,Paris Saint Germain,2,3,2025-02-23 19:45:00,Khvicha Kvaratskhelia,Pass
620315,27,Goal,0.9169999694824219,0.40299999237060546,0.4620942175388336,Ousmane Dembélé,h,3226,OpenPlay,2024,LeftFoot,28255,Paris Saint Germain,Lille,4,1,2025-03-01 20:05:00,João Neves,Pass
621408,90,Goal,0.9180000305175782,0.629000015258789,0.36465826630592346,Ousmane Dembélé,a,3226,OpenPlay,2024,LeftFoot,28271,Rennes,Paris Saint Germain,1,4,2025-03-08 16:00:00,Achraf Hakimi,Pass
621411,93,Goal,0.855999984741211,0.3659999847412109,0.08940225094556808,Ousmane Dembélé,a,3226,OpenPlay,2024,LeftFoot,28271,Rennes,Paris Saint Germain,1,4,2025-03-08 16:00:00,Vitinha,Pass
623752,16,Goal,0.8580000305175781,0.525,0.15298573672771454,Ousmane Dembélé,h,3226,OpenPlay,2024,RightFoot,28273,Paris Saint Germain,Marseille,3,1,2025-03-16 19:45:00,Fabián,TakeOn
640627,30,Goal,0.885,0.5,0.7600951194763184,Ousmane Dembélé,a,3226,Penalty,2025,RightFoot,29559,Toulouse,Paris Saint Germain,3,6,2025-08-30 19:05:00,,Standard
640635,50,Goal,0.885,0.5,0.7600951194763184,Ousmane Dembélé,a,3226,Penalty,2025,RightFoot,29559,Toulouse,Paris Saint Germain,3,6,2025-08-30 19:05:00,,Standard
661681,52,Goal,0.8440000152587891,0.30100000381469727,0.03344336152076721,Ousmane Dembélé,h,3226,OpenPlay,2025,LeftFoot,29689,Paris Saint Germain,Paris FC,2,1,2026-01-04 19:45:00,Warren Zaïre-Emery,Pass
663281,12,Goal,0.775,0.49,0.032689325511455536,Ousmane Dembélé,h,3226,OpenPlay,2025,LeftFoot,29696,Paris Saint Germain,Lille,3,0,2026-01-16 20:00:00,Vitinha,Pass
663290,63,Goal,0.8569999694824219,0.534000015258789,0.1479213535785675,Ousmane Dembélé,h,3226,OpenPlay,2025,LeftFoot,29696,Paris Saint Germain,Lille,3,0,2026-01-16 20:00:00,Désiré Doué,TakeOn
667987,11,Goal,0.889000015258789,0.4229999923706055,0.3602587580680847,Ousmane Dembélé,h,3226,OpenPlay,2025,RightFoot,29726,Paris Saint Germain,Marseille,5,0,2026-02-08 19:45:00,Nuno Mendes,Pass
667993,36,Goal,0.950999984741211,0.34599998474121096,0.3015587329864502,Ousmane Dembélé,h,3226,OpenPlay,2025,RightFoot,29726,Paris Saint Germain,Marseille,5,0,2026-02-08 19:45:00,Senny Mayulu,TakeOn
668461,70,Goal,0.9569999694824218,0.4590000152587891,0.6071591377258301,Ousmane Dembélé,a,3226,OpenPlay,2025,Head,29735,Rennes,Paris Saint Germain,3,1,2026-02-13 18:00:00,,None
676293,22,Goal,0.835999984741211,0.36,0.04663889482617378,Ousmane Dembélé,h,3226,OpenPlay,2025,LeftFoot,29788,Paris Saint Germain,Toulouse,3,1,2026-04-03 18:45:00,,None
676296,32,Goal,0.9780000305175781,0.5159999847412109,0.9105833172798157,Ousmane Dembélé,h,3226,FromCorner,2025,RightFoot,29788,Paris Saint Germain,Toulouse,3,1,2026-04-03 18:45:00,Khvicha Kvaratskhelia,Rebound
532069,70,Goal,0.885,0.5,0.7611688375473022,João Pedro,h,8272,Penalty,2023,RightFoot,22278,Brighton,Luton,4,1,2023-08-12 14:00:00,,Standard
537702,70,Goal,0.85,0.5670000076293945,0.11411576718091965,João Pedro,a,8272,OpenPlay,2023,RightFoot,21940,Manchester United,Brighton,1,3,2023-09-16 14:00:00,Tariq Lamptey,Pass
549770,48,Goal,0.8819999694824219,0.5429999923706055,0.0249429102987051,João Pedro,a,8272,OpenPlay,2023,Head,22022,Nottingham Forest,Brighton,2,3,2023-11-25 15:00:00,Pascal Groß,Aerial
549775,57,Goal,0.885,0.5,0.7610946297645569,João Pedro,a,8272,Penalty,2023,RightFoot,22022,Nottingham Forest,Brighton,2,3,2023-11-25 15:00:00,,Standard
551668,91,Goal,0.9730000305175781,0.5459999847412109,0.13717319071292877,João Pedro,a,8272,FromCorner,2023,Head,22029,Chelsea,Brighton,3,2,2023-12-03 14:00:00,James Milner,Cross
556685,23,Goal,0.885,0.5,0.7611688375473022,João Pedro,h,8272,Penalty,2023,RightFoot,22078,Brighton,Tottenham,4,2,2023-12-28 19:30:00,,Standard
556701,74,Goal,0.885,0.5,0.7611688375473022,João Pedro,h,8272,Penalty,2023,RightFoot,22078,Brighton,Tottenham,4,2,2023-12-28 19:30:00,,Standard
561216,83,Goal,0.91,0.4490000152587891,0.5605654120445251,João Pedro,h,8272,OpenPlay,2023,RightFoot,22118,Brighton,Crystal Palace,4,1,2024-02-03 15:00:00,Danny Welbeck,Throughball
578879,86,Goal,0.9480000305175781,0.5,0.5071362257003784,João Pedro,h,8272,SetPiece,2023,Head,22247,Brighton,Aston Villa,1,0,2024-05-05 13:00:00,,Rebound
585868,94,Goal,0.9540000152587891,0.47200000762939454,0.4375663697719574,João Pedro,h,8272,FromCorner,2024,Head,26612,Brighton,Manchester United,2,1,2024-08-24 11:30:00,Simon Adingra,Chipped
588960,57,Goal,0.9,0.5179999923706055,0.42352408170700073,João Pedro,a,8272,OpenPlay,2024,LeftFoot,26622,Arsenal,Brighton,1,1,2024-08-31 11:30:00,,Rebound
601659,77,Goal,0.9380000305175781,0.48200000762939454,0.39766016602516174,João Pedro,h,8272,OpenPlay,2024,RightFoot,26703,Brighton,Manchester City,2,1,2024-11-09 17:30:00,,Dispossessed
602842,3,Goal,0.9530000305175781,0.45799999237060546,0.6192044019699097,João Pedro,a,8272,OpenPlay,2024,RightFoot,26712,Bournemouth,Brighton,1,2,2024-11-23 15:00:00,,Rebound
610090,60,Goal,0.885,0.5,0.7611688375473022,João Pedro,h,8272,Penalty,2024,RightFoot,26794,Brighton,Arsenal,1,1,2025-01-04 17:30:00,,Standard
618476,22,Goal,0.8540000152587891,0.524000015258789,0.34025049209594727,João Pedro,a,8272,OpenPlay,2024,RightFoot,26861,Southampton,Brighton,0,4,2025-02-22 15:00:00,,Dispossessed
619470,11,Goal,0.885,0.5,0.7611688375473022,João Pedro,h,8272,Penalty,2024,RightFoot,26863,Brighton,Bournemouth,2,1,2025-02-25 19:30:00,,Standard
621283,97,Goal,0.885,0.5,0.7611688375473022,João Pedro,h,8272,Penalty,2024,RightFoot,26873,Brighton,Fulham,2,1,2025-03-08 15:00:00,,Standard
627217,30,Goal,0.885,0.5,0.7611688375473022,João Pedro,h,8272,Penalty,2024,RightFoot,26914,Brighton,Leicester,2,2,2025-04-12 14:00:00,,Standard
627232,54,Goal,0.885,0.5,0.7611688375473022,João Pedro,h,8272,Penalty,2024,RightFoot,26914,Brighton,Leicester,2,2,2025-04-12 14:00:00,,Standard
638569,14,Goal,0.9669999694824218,0.5059999847412109,0.5352728962898254,João Pedro,a,8272,FromCorner,2025,Head,28788,West Ham,Chelsea,1,5,2025-08-22 19:00:00,Marc Cucurella,HeadPass
640087,53,Goal,0.965,0.5029999923706054,0.530866265296936,João Pedro,h,8272,FromCorner,2025,Head,28798,Chelsea,Fulham,2,0,2025-08-30 11:30:00,Enzo Fernández,Cross
651050,33,Goal,0.9159999847412109,0.48200000762939454,0.5045353174209595,João Pedro,a,8272,OpenPlay,2025,RightFoot,28876,Tottenham,Chelsea,0,1,2025-11-01 17:30:00,Moisés Caicedo,Pass
652553,64,Goal,0.9030000305175782,0.4829999923706055,0.4630769193172455,João Pedro,h,8272,OpenPlay,2025,RightFoot,28880,Chelsea,Wolverhampton Wanderers,3,0,2025-11-08 20:00:00,,None
659137,65,Goal,0.8619999694824219,0.59,0.3619305491447449,João Pedro,a,8272,OpenPlay,2025,RightFoot,28945,Newcastle United,Chelsea,2,2,2025-12-20 12:30:00,Robert Sánchez,Pass
660309,36,Goal,0.9869999694824219,0.49599998474121093,0.7437954545021057,João Pedro,h,8272,FromCorner,2025,RightFoot,28951,Chelsea,Aston Villa,1,2,2025-12-27 17:30:00,Reece James,Cross
663669,25,Goal,0.865,0.624000015258789,0.06097930669784546,João Pedro,h,8272,OpenPlay,2025,LeftFoot,28990,Chelsea,Brentford,2,0,2026-01-17 15:00:00,Enzo Fernández,None
665170,49,Goal,0.925,0.40099998474121096,0.412984699010849,João Pedro,a,8272,OpenPlay,2025,LeftFoot,29002,Crystal Palace,Chelsea,1,3,2026-01-25 14:00:00,Estêvão,Chipped
666209,56,Goal,0.9680000305175781,0.549000015258789,0.5738232135772705,João Pedro,h,8272,OpenPlay,2025,Head,29009,Chelsea,West Ham,3,2,2026-01-31 17:30:00,Wesley Fofana,Cross
668162,23,Goal,0.905,0.5870000076293945,0.38648131489753723,João Pedro,h,8272,OpenPlay,2025,LeftFoot,29030,Chelsea,Leeds,2,2,2026-02-10 19:30:00,Cole Palmer,Throughball
669745,3,Goal,0.9740000152587891,0.4859999847412109,0.9184686541557312,João Pedro,h,8272,OpenPlay,2025,LeftFoot,29040,Chelsea,Burnley,1,1,2026-02-21 15:00:00,Pedro Neto,Pass
672215,34,Goal,0.9730000305175781,0.51,0.8978991508483887,João Pedro,a,8272,OpenPlay,2025,RightFoot,29059,Aston Villa,Chelsea,1,4,2026-03-04 19:30:00,Malo Gusto,Pass
672217,50,Goal,0.9230000305175782,0.5709999847412109,0.4525119662284851,João Pedro,a,8272,OpenPlay,2025,LeftFoot,29059,Aston Villa,Chelsea,1,4,2026-03-04 19:30:00,Enzo Fernández,Throughball
672220,63,Goal,0.935,0.4859999847412109,0.6222708821296692,João Pedro,a,8272,OpenPlay,2025,RightFoot,29059,Aston Villa,Chelsea,1,4,2026-03-04 19:30:00,Alejandro Garnacho,Pass
683260,92,Goal,0.945,0.5279999923706055,0.5261064767837524,João Pedro,h,8272,OpenPlay,2025,RightFoot,29122,Chelsea,Nottingham Forest,1,3,2026-05-04 14:00:00,Marc Cucurella,HeadPass
533129,70,Goal,0.955,0.4859999847412109,0.52034592628479,Loïs Openda,a,10832,SetPiece,2023,Head,23066,Bayer Leverkusen,RasenBallsport Leipzig,3,2,2023-08-19 13:30:00,Mohamed Simakan,HeadPass
534340,65,Goal,0.975999984741211,0.46799999237060547,0.696671187877655,Loïs Openda,h,10832,OpenPlay,2023,Head,23074,RasenBallsport Leipzig,VfB Stuttgart,5,1,2023-08-25 18:30:00,David Raum,Cross
537574,10,Goal,0.8480000305175781,0.5029999923706054,0.3430289924144745,Loïs Openda,h,10832,OpenPlay,2023,RightFoot,23093,RasenBallsport Leipzig,Augsburg,3,0,2023-09-16 13:30:00,Xavi Simons,Pass
541455,19,Goal,0.8640000152587891,0.5509999847412109,0.11946339160203934,Loïs Openda,h,10832,OpenPlay,2023,LeftFoot,23116,RasenBallsport Leipzig,Bayern Munich,2,2,2023-09-30 16:30:00,Xaver Schlager,Throughball
543849,0,Goal,0.9540000152587891,0.3890000152587891,0.37823250889778137,Loïs Openda,a,10832,OpenPlay,2023,RightFoot,23133,Darmstadt,RasenBallsport Leipzig,1,3,2023-10-21 13:30:00,Benjamin Henrichs,Throughball
543868,71,Goal,0.8969999694824219,0.45099998474121095,0.11388617753982544,Loïs Openda,a,10832,OpenPlay,2023,LeftFoot,23133,Darmstadt,RasenBallsport Leipzig,1,3,2023-10-21 13:30:00,Christoph Baumgartner,None
545613,39,Goal,0.8619999694824219,0.3659999847412109,0.5206520557403564,Loïs Openda,h,10832,OpenPlay,2023,RightFoot,23138,RasenBallsport Leipzig,FC Cologne,6,0,2023-10-28 16:30:00,Xavi Simons,Throughball
545616,47,Goal,0.870999984741211,0.55,0.3640119135379791,Loïs Openda,h,10832,OpenPlay,2023,LeftFoot,23138,RasenBallsport Leipzig,FC Cologne,6,0,2023-10-28 16:30:00,Xavi Simons,Pass
549223,78,Goal,0.885,0.5,0.75777667760849,Loïs Openda,h,10832,Penalty,2023,RightFoot,23156,RasenBallsport Leipzig,Freiburg,3,1,2023-11-12 19:30:00,,Standard
551156,28,Goal,0.885,0.5,0.75777667760849,Loïs Openda,h,10832,Penalty,2023,RightFoot,23174,RasenBallsport Leipzig,FC Heidenheim,2,1,2023-12-02 14:30:00,,Standard
555220,46,Goal,0.9819999694824219,0.5890000152587891,0.36205288767814636,Loïs Openda,a,10832,OpenPlay,2023,RightFoot,23206,Werder Bremen,RasenBallsport Leipzig,1,1,2023-12-19 17:30:00,,Rebound
559119,55,Goal,0.899000015258789,0.590999984741211,0.5490572452545166,Loïs Openda,h,10832,OpenPlay,2023,LeftFoot,23219,RasenBallsport Leipzig,Bayer Leverkusen,2,3,2024-01-20 17:30:00,Dani Olmo,Throughball
559763,54,Goal,0.8090000152587891,0.625,0.030665306374430656,Loïs Openda,a,10832,OpenPlay,2023,RightFoot,23235,VfB Stuttgart,RasenBallsport Leipzig,5,2,2024-01-27 14:30:00,Nicolas Seiwald,Pass
561880,10,Goal,0.9730000305175781,0.435,0.610607922077179,Loïs Openda,h,10832,SetPiece,2023,RightFoot,23237,RasenBallsport Leipzig,Union Berlin,2,0,2024-02-04 16:30:00,,Rebound
562373,38,Goal,0.9130000305175782,0.5059999847412109,0.2912125587463379,Loïs Openda,a,10832,OpenPlay,2023,Head,23251,Augsburg,RasenBallsport Leipzig,2,2,2024-02-10 14:30:00,David Raum,Cross
564094,56,Goal,0.845,0.5309999847412109,0.3350014388561249,Loïs Openda,h,10832,OpenPlay,2023,RightFoot,23254,RasenBallsport Leipzig,Borussia M.Gladbach,2,0,2024-02-17 17:30:00,Xaver Schlager,Throughball
566464,67,Goal,0.8980000305175782,0.6070000076293945,0.5443804860115051,Loïs Openda,a,10832,OpenPlay,2023,LeftFoot,23278,Bochum,RasenBallsport Leipzig,1,4,2024-03-02 14:30:00,Amadou Haidara,Throughball
569117,62,Goal,0.975999984741211,0.47400001525878904,0.9219141006469727,Loïs Openda,a,10832,OpenPlay,2023,RightFoot,23295,FC Cologne,RasenBallsport Leipzig,1,5,2024-03-15 19:30:00,Xavi Simons,Pass
569118,66,Goal,0.8690000152587891,0.54,0.05103899538516998,Loïs Openda,a,10832,OpenPlay,2023,Head,23295,FC Cologne,RasenBallsport Leipzig,1,5,2024-03-15 19:30:00,David Raum,Cross
572351,17,Goal,0.9069999694824219,0.3870000076293945,0.1334073692560196,Loïs Openda,a,10832,OpenPlay,2023,RightFoot,23310,Freiburg,RasenBallsport Leipzig,1,4,2024-04-06 13:30:00,Dani Olmo,Chipped
572361,43,Goal,0.8809999847412109,0.5709999847412109,0.46290117502212524,Loïs Openda,a,10832,OpenPlay,2023,RightFoot,23310,Freiburg,RasenBallsport Leipzig,1,4,2024-04-06 13:30:00,,None
573589,81,Goal,0.8419999694824218,0.445,0.3246864378452301,Loïs Openda,h,10832,OpenPlay,2023,RightFoot,23318,RasenBallsport Leipzig,Wolfsburg,3,0,2024-04-13 13:30:00,,TakeOn
574888,84,Goal,0.9580000305175781,0.5120000076293946,0.7493776082992554,Loïs Openda,a,10832,OpenPlay,2023,RightFoot,23334,FC Heidenheim,RasenBallsport Leipzig,1,2,2024-04-20 13:30:00,Mohamed Simakan,Pass
576695,22,Goal,0.9319999694824219,0.5020000076293946,0.47755166888237,Loïs Openda,h,10832,OpenPlay,2023,RightFoot,23336,RasenBallsport Leipzig,Borussia Dortmund,4,1,2024-04-27 13:30:00,Xavi Simons,Cross
589383,56,Goal,0.9580000305175781,0.33299999237060546,0.29898419976234436,Loïs Openda,a,10832,OpenPlay,2024,RightFoot,27757,Bayer Leverkusen,RasenBallsport Leipzig,2,3,2024-08-31 16:30:00,Benjamin Sesko,Throughball
589390,79,Goal,0.7240000152587891,0.6630000305175782,0.016719885170459747,Loïs Openda,a,10832,OpenPlay,2024,RightFoot,27757,Bayer Leverkusen,RasenBallsport Leipzig,2,3,2024-08-31 16:30:00,Antonio Nusa,Pass
593951,45,Goal,0.8590000152587891,0.42900001525878906,0.5211788415908813,Loïs Openda,h,10832,OpenPlay,2024,RightFoot,27783,RasenBallsport Leipzig,Augsburg,4,0,2024-09-28 13:30:00,Xavi Simons,Throughball
596187,58,Goal,0.9290000152587891,0.28600000381469726,0.11058971285820007,Loïs Openda,a,10832,OpenPlay,2024,RightFoot,27788,FC Heidenheim,RasenBallsport Leipzig,0,1,2024-10-06 13:30:00,Antonio Nusa,Throughball
598368,77,Goal,0.9330000305175781,0.32799999237060545,0.29704907536506653,Loïs Openda,h,10832,OpenPlay,2024,RightFoot,27806,RasenBallsport Leipzig,Freiburg,3,1,2024-10-26 13:30:00,André Silva,Pass
607820,50,Goal,0.9259999847412109,0.6029999923706054,0.3719344735145569,Loïs Openda,h,10832,FromCorner,2024,RightFoot,27859,RasenBallsport Leipzig,Eintracht Frankfurt,2,1,2024-12-15 18:30:00,Christoph Baumgartner,Rebound
618957,46,Goal,0.8930000305175781,0.4129999923706055,0.09562301635742188,Loïs Openda,h,10832,OpenPlay,2024,LeftFoot,27941,RasenBallsport Leipzig,FC Heidenheim,2,2,2025-02-23 14:30:00,Benjamin Sesko,Pass
622867,47,Goal,0.9290000152587891,0.36,0.10543392598628998,Loïs Openda,h,10832,FromCorner,2024,LeftFoot,27968,RasenBallsport Leipzig,Borussia Dortmund,2,0,2025-03-15 17:30:00,Xavi Simons,Cross
626742,10,Goal,0.7530000305175781,0.43,0.022990861907601357,Loïs Openda,a,10832,OpenPlay,2024,RightFoot,27999,Wolfsburg,RasenBallsport Leipzig,2,3,2025-04-11 18:30:00,Bote Baku,BallRecovery
659532,69,Goal,0.9619999694824218,0.5209999847412109,0.7499335408210754,Loïs Openda,h,10832,OpenPlay,2025,RightFoot,29999,Juventus,Roma,2,1,2025-12-20 19:45:00,Weston McKennie,Pass
533440,68,Goal,0.894000015258789,0.3729999923706055,0.07779436558485031,Alexandre Lacazette,h,3277,OpenPlay,2023,RightFoot,23384,Lyon,Montpellier,1,4,2023-08-19 15:00:00,Sael Kumbedi,Pass
543185,21,Goal,0.9590000152587891,0.6519999694824219,0.3115115463733673,Alexandre Lacazette,h,3277,OpenPlay,2023,LeftFoot,23437,Lyon,Lorient,3,3,2023-10-08 13:00:00,Jeffinho,TakeOn
543186,40,Goal,0.885,0.5,0.7600951194763184,Alexandre Lacazette,h,3277,Penalty,2023,RightFoot,23437,Lyon,Lorient,3,3,2023-10-08 13:00:00,,Standard
553593,24,Goal,0.9740000152587891,0.4979999923706055,0.8749273419380188,Alexandre Lacazette,h,3277,FromCorner,2023,LeftFoot,23501,Lyon,Toulouse,3,0,2023-12-10 16:05:00,Jake O&#039;Brien,Rebound
553595,28,Goal,0.9580000305175781,0.415,0.4979114830493927,Alexandre Lacazette,h,3277,SetPiece,2023,RightFoot,23501,Lyon,Toulouse,3,0,2023-12-10 16:05:00,,Rebound
553614,79,Goal,0.9369999694824219,0.47,0.5955672264099121,Alexandre Lacazette,h,3277,SetPiece,2023,LeftFoot,23501,Lyon,Toulouse,3,0,2023-12-10 16:05:00,,Rebound
555791,48,Goal,0.93,0.5359999847412109,0.6449468731880188,Alexandre Lacazette,h,3277,OpenPlay,2023,RightFoot,23518,Lyon,Nantes,1,0,2023-12-20 20:00:00,Mathis Cherki,Pass
558612,53,Goal,0.9269999694824219,0.46900001525878904,0.4981303811073303,Alexandre Lacazette,a,3277,OpenPlay,2023,RightFoot,23530,Le Havre,Lyon,3,1,2024-01-14 16:05:00,Mathis Cherki,Pass
559634,77,Goal,0.9740000152587891,0.5990000152587891,0.11542011797428131,Alexandre Lacazette,h,3277,OpenPlay,2023,LeftFoot,23537,Lyon,Rennes,2,3,2024-01-26 20:00:00,,TakeOn
561983,36,Goal,0.965,0.524000015258789,0.7224284410476685,Alexandre Lacazette,h,3277,OpenPlay,2023,LeftFoot,23546,Lyon,Marseille,1,0,2024-02-04 19:45:00,,Rebound
563122,73,Goal,0.9619999694824218,0.6819999694824219,0.07726775854825974,Alexandre Lacazette,a,3277,OpenPlay,2023,RightFoot,23556,Montpellier,Lyon,1,2,2024-02-11 16:05:00,Nicolás Tagliafico,TakeOn
564973,45,Goal,0.8869999694824219,0.4570000076293945,0.38621950149536133,Alexandre Lacazette,a,3277,OpenPlay,2023,LeftFoot,23570,Metz,Lyon,1,2,2024-02-23 20:00:00,Clinton Mata,Rebound
569194,32,Goal,0.8669999694824219,0.48900001525878906,0.08843473345041275,Alexandre Lacazette,a,3277,OpenPlay,2023,RightFoot,23597,Toulouse,Lyon,2,3,2024-03-15 20:00:00,,Rebound
573220,74,Goal,0.9730000305175781,0.45299999237060545,0.6147165298461914,Alexandre Lacazette,a,3277,OpenPlay,2023,LeftFoot,23620,Nantes,Lyon,1,3,2024-04-07 18:45:00,,None
574488,69,Goal,0.9480000305175781,0.575,0.10784928500652313,Alexandre Lacazette,h,3277,FromCorner,2023,RightFoot,23628,Lyon,Brest,4,3,2024-04-14 18:45:00,,None
577620,21,Goal,0.9319999694824219,0.47200000762939454,0.4684389531612396,Alexandre Lacazette,h,3277,OpenPlay,2023,LeftFoot,23646,Lyon,Monaco,3,2,2024-04-28 17:00:00,Said Benrahma,Cross
579469,87,Goal,0.9459999847412109,0.5120000076293946,0.5179619193077087,Alexandre Lacazette,a,3277,OpenPlay,2023,RightFoot,23652,Lille,Lyon,3,4,2024-05-06 19:00:00,Ainsley Maitland-Niles,Cross
582761,38,Goal,0.9080000305175782,0.46599998474121096,0.462697833776474,Alexandre Lacazette,h,3277,OpenPlay,2023,RightFoot,23671,Lyon,Strasbourg,2,1,2024-05-19 19:00:00,Said Benrahma,Pass
582775,95,Goal,0.885,0.5,0.7600951194763184,Alexandre Lacazette,h,3277,Penalty,2023,RightFoot,23671,Lyon,Strasbourg,2,1,2024-05-19 19:00:00,,Standard
597478,70,Goal,0.9619999694824218,0.5409999847412109,0.6870242357254028,Alexandre Lacazette,a,3277,OpenPlay,2024,RightFoot,28115,Le Havre,Lyon,0,4,2024-10-20 13:00:00,Mathis Cherki,Pass
602381,28,Goal,0.975,0.5279999923706055,0.7116256952285767,Alexandre Lacazette,h,3277,FromCorner,2024,RightFoot,28145,Lyon,Saint-Etienne,1,0,2024-11-10 19:45:00,,None
604871,3,Goal,0.945,0.51,0.5518496632575989,Alexandre Lacazette,h,3277,OpenPlay,2024,RightFoot,28163,Lyon,Nice,4,1,2024-12-01 16:00:00,Clinton Mata,Cross
604880,40,Goal,0.9119999694824219,0.46900001525878904,0.47626176476478577,Alexandre Lacazette,h,3277,OpenPlay,2024,LeftFoot,28163,Lyon,Nice,4,1,2024-12-01 16:00:00,Said Benrahma,Pass
604890,68,Goal,0.885,0.5,0.7600951194763184,Alexandre Lacazette,h,3277,Penalty,2024,RightFoot,28163,Lyon,Nice,4,1,2024-12-01 16:00:00,,Standard
615734,71,Goal,0.885,0.5,0.7600951194763184,Alexandre Lacazette,a,3277,Penalty,2024,RightFoot,28219,Marseille,Lyon,3,2,2025-02-02 19:45:00,,Standard
617614,72,Goal,0.9269999694824219,0.5179999923706055,0.5153498649597168,Alexandre Lacazette,a,3277,OpenPlay,2024,LeftFoot,28239,Montpellier,Lyon,1,4,2025-02-16 14:00:00,Abner,Cross
620466,23,Goal,0.914000015258789,0.63,0.3524805009365082,Alexandre Lacazette,h,3277,OpenPlay,2024,LeftFoot,28257,Lyon,Brest,2,1,2025-03-02 14:00:00,Mathis Cherki,Throughball
620481,81,Goal,0.9630000305175781,0.49400001525878906,0.6269667744636536,Alexandre Lacazette,h,3277,OpenPlay,2024,LeftFoot,28257,Lyon,Brest,2,1,2025-03-02 14:00:00,Mathis Cherki,Cross
623306,21,Goal,0.885,0.5,0.7600951194763184,Alexandre Lacazette,h,3277,Penalty,2024,RightFoot,28277,Lyon,Le Havre,4,2,2025-03-16 14:00:00,,Standard
626025,37,Goal,0.885,0.5,0.7600951194763184,Alexandre Lacazette,h,3277,Penalty,2024,RightFoot,28295,Lyon,Lille,2,1,2025-04-05 19:05:00,,Standard
628090,83,Goal,0.9680000305175781,0.47200000762939454,0.8093052506446838,Alexandre Lacazette,a,3277,OpenPlay,2024,LeftFoot,28302,Auxerre,Lyon,1,3,2025-04-13 18:45:00,Georges Mikautadze,Pass
630492,38,Goal,0.8669999694824219,0.32799999237060545,0.10586957633495331,Alexandre Lacazette,h,3277,OpenPlay,2024,RightFoot,28326,Lyon,Rennes,4,1,2025-04-26 19:05:00,Thiago Almada,Pass
634630,54,Goal,0.885,0.5,0.7600951194763184,Alexandre Lacazette,h,3277,Penalty,2024,RightFoot,28348,Lyon,Angers,2,0,2025-05-17 19:00:00,,Standard
634638,71,Goal,0.955999984741211,0.53,0.6733800172805786,Alexandre Lacazette,h,3277,OpenPlay,2024,RightFoot,28348,Lyon,Angers,2,0,2025-05-17 19:00:00,Mathis Cherki,Pass
535558,79,Goal,0.9569999694824218,0.47200000762939454,0.11277444660663605,Hugo Duro,h,6637,OpenPlay,2023,Head,22711,Valencia,Osasuna,1,2,2023-08-27 17:30:00,,Aerial
537731,4,Goal,0.975,0.555,0.11207684874534607,Hugo Duro,h,6637,OpenPlay,2023,LeftFoot,22731,Valencia,Atletico Madrid,3,0,2023-09-16 14:15:00,,None
537740,33,Goal,0.9069999694824219,0.395,0.5171350836753845,Hugo Duro,h,6637,OpenPlay,2023,RightFoot,22731,Valencia,Atletico Madrid,3,0,2023-09-16 14:15:00,Fran Pérez,TakeOn
545058,25,Goal,0.9769999694824218,0.47200000762939454,0.857299268245697,Hugo Duro,h,6637,OpenPlay,2023,Head,22780,Valencia,Cadiz,2,0,2023-10-23 19:00:00,,Rebound
546342,67,Goal,0.9690000152587891,0.47,0.7089315056800842,Hugo Duro,a,6637,OpenPlay,2023,RightFoot,22786,Athletic Club,Valencia,2,2,2023-10-29 17:30:00,Fran Pérez,Pass
548696,87,Goal,0.9,0.46799999237060547,0.26950758695602417,Hugo Duro,a,6637,OpenPlay,2023,RightFoot,22808,Real Madrid,Valencia,5,1,2023-11-11 20:00:00,Hugo Gonzalez,Cross
550941,55,Goal,0.865,0.5570000076293945,0.3772314786911011,Hugo Duro,a,6637,OpenPlay,2023,LeftFoot,22827,Girona,Valencia,2,1,2023-12-02 13:00:00,,BallRecovery
558582,7,Goal,0.9159999847412109,0.4979999923706055,0.5304931402206421,Hugo Duro,a,6637,OpenPlay,2023,LeftFoot,22880,Cadiz,Valencia,1,4,2024-01-14 15:15:00,Diego López,Pass
559101,60,Goal,0.9290000152587891,0.4470000076293945,0.06232733651995659,Hugo Duro,h,6637,OpenPlay,2023,Head,22889,Valencia,Athletic Club,1,0,2024-01-20 17:30:00,José Gayá,Aerial
560996,13,Goal,0.855,0.52,0.05352247506380081,Hugo Duro,h,6637,OpenPlay,2023,RightFoot,22911,Valencia,Almeria,2,1,2024-02-03 13:00:00,Diego López,Cross
566902,26,Goal,0.9109999847412109,0.524000015258789,0.369743674993515,Hugo Duro,h,6637,OpenPlay,2023,Head,22951,Valencia,Real Madrid,2,2,2024-03-02 20:00:00,Fran Pérez,Rebound
567821,39,Goal,0.909000015258789,0.675,0.30940157175064087,Hugo Duro,h,6637,OpenPlay,2023,LeftFoot,22964,Valencia,Getafe,1,0,2024-03-09 13:00:00,Sergi Canos,Throughball
577942,26,Goal,0.850999984741211,0.46599998474121096,0.3549749255180359,Hugo Duro,a,6637,OpenPlay,2023,LeftFoot,23006,Barcelona,Valencia,4,2,2024-04-29 19:00:00,,None
585117,43,Goal,0.960999984741211,0.47,0.5927295684814453,Hugo Duro,h,6637,OpenPlay,2024,Head,26987,Valencia,Barcelona,1,2,2024-08-17 19:30:00,Diego López,Cross
589660,23,Goal,0.905,0.40299999237060546,0.07788203656673431,Hugo Duro,h,6637,FromCorner,2024,LeftFoot,27015,Valencia,Villarreal,1,1,2024-08-31 19:30:00,,None
602658,49,Goal,0.9130000305175782,0.5420000076293945,0.4693361520767212,Hugo Duro,h,6637,OpenPlay,2024,LeftFoot,27118,Valencia,Real Betis,4,2,2024-11-23 13:00:00,,Rebound
602659,52,Goal,0.8480000305175781,0.6270000076293946,0.32909920811653137,Hugo Duro,h,6637,OpenPlay,2024,LeftFoot,27118,Valencia,Real Betis,4,2,2024-11-23 13:00:00,Javier Guerra,Throughball
609812,26,Goal,0.9730000305175781,0.53,0.7923334240913391,Hugo Duro,h,6637,OpenPlay,2024,RightFoot,27099,Valencia,Real Madrid,1,2,2025-01-03 20:00:00,,Rebound
612991,25,Goal,0.9580000305175781,0.5579999923706055,0.6009508967399597,Hugo Duro,h,6637,OpenPlay,2024,LeftFoot,27179,Valencia,Real Sociedad,1,0,2025-01-19 20:00:00,,Rebound
614194,58,Goal,0.9159999847412109,0.5629999923706055,0.37245526909828186,Hugo Duro,a,6637,OpenPlay,2024,LeftFoot,27184,Barcelona,Valencia,7,1,2025-01-26 20:00:00,Diego López,Pass
625752,94,Goal,0.9269999694824219,0.4979999923706055,0.45082026720046997,Hugo Duro,a,6637,OpenPlay,2024,Head,27273,Real Madrid,Valencia,1,2,2025-04-05 14:15:00,Rafa Mir,Cross
631621,21,Goal,0.9490000152587891,0.514000015258789,0.6061728596687317,Hugo Duro,a,6637,OpenPlay,2024,RightFoot,27313,Las Palmas,Valencia,2,3,2025-05-03 16:30:00,,None
631629,57,Goal,0.9469999694824218,0.485,0.6207329034805298,Hugo Duro,a,6637,OpenPlay,2024,Head,27313,Las Palmas,Valencia,2,3,2025-05-03 16:30:00,,Aerial
632560,36,Goal,0.885,0.5,0.7432776093482971,Hugo Duro,h,6637,Penalty,2024,LeftFoot,27330,Valencia,Getafe,3,0,2025-05-10 12:00:00,,Standard
640046,96,Goal,0.914000015258789,0.48400001525878905,0.5271832942962646,Hugo Duro,h,6637,OpenPlay,2025,RightFoot,29180,Valencia,Getafe,3,0,2025-08-29 19:30:00,Largie Ramazani,Pass
643450,92,Goal,0.9569999694824218,0.5,0.5927537083625793,Hugo Duro,h,6637,OpenPlay,2025,LeftFoot,29203,Valencia,Athletic Club,2,0,2025-09-20 19:00:00,Baptiste Santamaria,Cross
644116,61,Goal,0.925,0.46599998474121096,0.3483991026878357,Hugo Duro,a,6637,FromCorner,2025,Head,29209,Espanyol,Valencia,2,2,2025-09-23 17:00:00,Filip Ugrinic,Cross
653336,78,Goal,0.9159999847412109,0.4979999923706055,0.4046314060688019,Hugo Duro,h,6637,OpenPlay,2025,LeftFoot,29286,Valencia,Levante,1,0,2025-11-21 20:00:00,José Gayá,Cross
657477,92,Goal,0.9069999694824219,0.53,0.3730221688747406,Hugo Duro,h,6637,OpenPlay,2025,LeftFoot,29307,Valencia,Sevilla,1,1,2025-12-07 15:15:00,Filip Ugrinic,Cross
659115,51,Goal,0.9730000305175781,0.534000015258789,0.5951573252677917,Hugo Duro,h,6637,OpenPlay,2025,Head,29327,Valencia,Mallorca,1,1,2025-12-19 20:00:00,Thierry Correia,Pass
664868,15,Goal,0.9109999847412109,0.5670000076293945,0.7177795767784119,Hugo Duro,h,6637,OpenPlay,2025,LeftFoot,29364,Valencia,Espanyol,3,2,2026-01-24 15:15:00,Lucas Beltrán,TakeOn
673417,98,Goal,0.885,0.5,0.7432776093482971,Hugo Duro,h,6637,Penalty,2025,LeftFoot,29422,Valencia,Alaves,3,2,2026-03-08 20:00:00,,Standard
675641,37,Goal,0.924000015258789,0.4490000152587891,0.3597177565097809,Hugo Duro,a,6637,OpenPlay,2025,Head,29444,Sevilla,Valencia,0,2,2026-03-21 20:00:00,,Rebound
686186,21,Goal,0.8980000305175782,0.605,0.2988221347332001,Hugo Duro,a,6637,OpenPlay,2025,LeftFoot,29521,Real Sociedad,Valencia,3,4,2026-05-17 17:00:00,Eray Cömert,Chipped
532316,35,Goal,0.8690000152587891,0.42200000762939455,0.042985450476408005,Jude Bellingham,a,8824,FromCorner,2023,RightFoot,22689,Athletic Club,Real Madrid,0,2,2023-08-12 19:30:00,David Alaba,Cross
533476,18,Goal,0.9330000305175781,0.5320000076293945,0.5424477458000183,Jude Bellingham,a,8824,OpenPlay,2023,RightFoot,22698,Almeria,Real Madrid,1,3,2023-08-19 17:30:00,,Rebound
533499,59,Goal,0.9230000305175782,0.49200000762939455,0.3961528539657593,Jude Bellingham,a,8824,OpenPlay,2023,Head,22698,Almeria,Real Madrid,1,3,2023-08-19 17:30:00,Toni Kroos,Cross
534434,80,Goal,0.9569999694824218,0.505,0.46505823731422424,Jude Bellingham,a,8824,FromCorner,2023,Head,22712,Celta Vigo,Real Madrid,0,1,2023-08-25 19:30:00,Joselu,HeadPass
536358,94,Goal,0.95,0.5570000076293945,0.5694471001625061,Jude Bellingham,h,8824,OpenPlay,2023,LeftFoot,22723,Real Madrid,Getafe,2,1,2023-09-02 14:15:00,,Rebound
541447,70,Goal,0.9109999847412109,0.48,0.5228685140609741,Jude Bellingham,a,8824,OpenPlay,2023,RightFoot,22760,Girona,Real Madrid,0,3,2023-09-30 16:30:00,Joselu,Pass
542733,8,Goal,0.8819999694824219,0.4329999923706055,0.10425940155982971,Jude Bellingham,h,8824,OpenPlay,2023,LeftFoot,22772,Real Madrid,Osasuna,4,0,2023-10-07 14:15:00,Daniel Carvajal,Pass
542743,53,Goal,0.9259999847412109,0.635,0.3818016052246094,Jude Bellingham,h,8824,OpenPlay,2023,RightFoot,22772,Real Madrid,Osasuna,4,0,2023-10-07 14:15:00,Federico Valverde,Throughball
545525,67,Goal,0.7269999694824218,0.4879999923706055,0.014992902055382729,Jude Bellingham,a,8824,OpenPlay,2023,RightFoot,22787,Barcelona,Real Madrid,1,2,2023-10-28 14:15:00,,None
545532,91,Goal,0.9540000152587891,0.49,0.5702791810035706,Jude Bellingham,a,8824,OpenPlay,2023,RightFoot,22787,Barcelona,Real Madrid,1,2,2023-10-28 14:15:00,Luka Modric,BallTouch
550581,73,Goal,0.9209999847412109,0.6680000305175782,0.11202625930309296,Jude Bellingham,a,8824,OpenPlay,2023,LeftFoot,22817,Cadiz,Real Madrid,0,3,2023-11-26 17:30:00,Rodrygo,Pass
552982,52,Goal,0.925,0.595,0.30966949462890625,Jude Bellingham,a,8824,OpenPlay,2023,RightFoot,22836,Real Betis,Real Madrid,1,1,2023-12-09 15:15:00,Brahim Diaz,Chipped
555119,24,Goal,0.925,0.555,0.3351777195930481,Jude Bellingham,h,8824,OpenPlay,2023,Head,22849,Real Madrid,Villarreal,4,1,2023-12-17 20:00:00,Luka Modric,Chipped
559324,56,Goal,0.885,0.5,0.7432776093482971,Jude Bellingham,h,8824,Penalty,2023,RightFoot,22888,Real Madrid,Almeria,3,2,2024-01-21 15:15:00,,Standard
562690,34,Goal,0.950999984741211,0.6580000305175782,0.49928873777389526,Jude Bellingham,h,8824,OpenPlay,2023,LeftFoot,22923,Real Madrid,Girona,4,0,2024-02-10 17:30:00,Vinícius Júnior,TakeOn
562697,53,Goal,0.9690000152587891,0.49599998474121093,0.8513110876083374,Jude Bellingham,h,8824,OpenPlay,2023,LeftFoot,22923,Real Madrid,Girona,4,0,2024-02-10 17:30:00,,Rebound
575847,90,Goal,0.95,0.6419999694824219,0.25806552171707153,Jude Bellingham,h,8824,OpenPlay,2023,LeftFoot,23000,Real Madrid,Barcelona,3,2,2024-04-21 19:00:00,Lucas Vázquez,Cross
578512,67,Goal,0.9319999694824219,0.47400001525878904,0.5848566889762878,Jude Bellingham,h,8824,OpenPlay,2023,RightFoot,23021,Real Madrid,Cadiz,3,0,2024-05-04 14:15:00,Brahim Diaz,Pass
580974,9,Goal,0.95,0.66,0.057108357548713684,Jude Bellingham,h,8824,OpenPlay,2023,LeftFoot,23044,Real Madrid,Alaves,5,0,2024-05-14 19:30:00,Toni Kroos,Chipped
601257,41,Goal,0.855999984741211,0.5179999923706055,0.3263437747955322,Jude Bellingham,h,8824,OpenPlay,2024,RightFoot,27109,Real Madrid,Osasuna,4,0,2024-11-09 13:00:00,Raúl,Throughball
603648,84,Goal,0.9490000152587891,0.49599998474121093,0.4451882243156433,Jude Bellingham,a,8824,FromCorner,2024,Head,27116,Leganes,Real Madrid,0,3,2024-11-24 17:30:00,,Rebound
604776,29,Goal,0.885,0.5,0.7432776093482971,Jude Bellingham,h,8824,Penalty,2024,RightFoot,27127,Real Madrid,Getafe,2,0,2024-12-01 15:15:00,,Standard
605317,77,Goal,0.9130000305175782,0.4570000076293945,0.473797470331192,Jude Bellingham,a,8824,OpenPlay,2024,LeftFoot,27162,Athletic Club,Real Madrid,2,1,2024-12-04 20:00:00,,Rebound
606123,35,Goal,0.8819999694824219,0.5870000076293945,0.07536695897579193,Jude Bellingham,a,8824,OpenPlay,2024,RightFoot,27137,Girona,Real Madrid,0,3,2024-12-07 20:00:00,,None
607344,44,Goal,0.9,0.49599998474121093,0.32845762372016907,Jude Bellingham,a,8824,OpenPlay,2024,Head,27144,Rayo Vallecano,Real Madrid,3,3,2024-12-14 20:00:00,Rodrygo,Cross
609825,94,Goal,0.85,0.600999984741211,0.34731683135032654,Jude Bellingham,a,8824,OpenPlay,2024,RightFoot,27099,Valencia,Real Madrid,1,2,2025-01-03 20:00:00,,BallRecovery
624419,46,Goal,0.970999984741211,0.4909999847412109,0.8332252502441406,Jude Bellingham,h,8824,OpenPlay,2024,RightFoot,27268,Real Madrid,Leganes,3,2,2025-03-29 20:00:00,,Rebound
635261,86,Goal,0.990999984741211,0.5179999923706055,0.9246947169303894,Jude Bellingham,a,8824,OpenPlay,2024,LeftFoot,27348,Sevilla,Real Madrid,0,2,2025-05-18 17:00:00,Gonzalo García,HeadPass
649671,42,Goal,0.9740000152587891,0.514000015258789,0.661574125289917,Jude Bellingham,h,8824,SetPiece,2025,RightFoot,29254,Real Madrid,Barcelona,2,1,2025-10-26 15:15:00,Eder Militão,HeadPass
651191,43,Goal,0.8119999694824219,0.7040000152587891,0.057152025401592255,Jude Bellingham,h,8824,OpenPlay,2025,RightFoot,29263,Real Madrid,Valencia,4,0,2025-11-01 20:00:00,Federico Valverde,TakeOn
654560,86,Goal,0.9740000152587891,0.5120000076293946,0.8492443561553955,Jude Bellingham,a,8824,SetPiece,2025,RightFoot,29280,Elche,Real Madrid,2,2,2025-11-23 20:00:00,Kylian Mbappe-Lottin,Pass
659595,37,Goal,0.914000015258789,0.4809999847412109,0.3297610580921173,Jude Bellingham,h,8824,SetPiece,2025,Head,29322,Real Madrid,Sevilla,2,0,2025-12-20 20:00:00,Rodrygo,Aerial
685161,79,Goal,0.8590000152587891,0.45299999237060545,0.12345290929079056,Jude Bellingham,h,8824,OpenPlay,2025,LeftFoot,29517,Real Madrid,Real Oviedo,2,0,2026-05-14 19:30:00,Kylian Mbappe-Lottin,TakeOn
539093,6,Goal,0.8590000152587891,0.405,0.06913430988788605,Phil Foden,h,6055,OpenPlay,2023,LeftFoot,21946,Manchester City,Nottingham Forest,2,0,2023-09-23 14:00:00,Kyle Walker,Pass
546215,79,Goal,0.97,0.504000015258789,0.9242032766342163,Phil Foden,a,6055,OpenPlay,2023,LeftFoot,21992,Manchester United,Manchester City,0,3,2023-10-29 15:30:00,Erling Haaland,Pass
546849,63,Goal,0.9159999847412109,0.5529999923706055,0.14323829114437103,Phil Foden,h,6055,OpenPlay,2023,LeftFoot,22000,Manchester City,Bournemouth,6,1,2023-11-04 15:00:00,Jéremy Doku,Pass
551914,30,Goal,0.9319999694824219,0.5279999923706055,0.5932251214981079,Phil Foden,h,6055,OpenPlay,2023,LeftFoot,22031,Manchester City,Tottenham,3,3,2023-12-03 16:30:00,Julián Álvarez,Pass
556640,52,Goal,0.7730000305175782,0.31,0.01883522979915142,Phil Foden,a,6055,FromCorner,2023,LeftFoot,22081,Everton,Manchester City,1,3,2023-12-27 20:15:00,Bernardo Silva,Pass
562079,47,Goal,0.899000015258789,0.4759999847412109,0.08408128470182419,Phil Foden,a,6055,OpenPlay,2023,LeftFoot,22117,Brentford,Manchester City,1,3,2024-02-05 20:00:00,,None
562081,52,Goal,0.9130000305175782,0.48200000762939454,0.31891584396362305,Phil Foden,a,6055,OpenPlay,2023,Head,22117,Brentford,Manchester City,1,3,2024-02-05 20:00:00,Kevin De Bruyne,Cross
562090,69,Goal,0.8980000305175782,0.5329999923706055,0.44627970457077026,Phil Foden,a,6055,OpenPlay,2023,LeftFoot,22117,Brentford,Manchester City,1,3,2024-02-05 20:00:00,Erling Haaland,Pass
565335,23,Goal,0.9540000152587891,0.46799999237060547,0.63483726978302,Phil Foden,a,6055,OpenPlay,2023,LeftFoot,22145,Bournemouth,Manchester City,0,1,2024-02-24 17:30:00,,Rebound
567284,55,Goal,0.7809999847412109,0.4109999847412109,0.03249590843915939,Phil Foden,h,6055,OpenPlay,2023,LeftFoot,22160,Manchester City,Manchester United,3,1,2024-03-03 15:30:00,Rodri,Pass
567288,79,Goal,0.925,0.654000015258789,0.08809267729520798,Phil Foden,h,6055,OpenPlay,2023,LeftFoot,22160,Manchester City,Manchester United,3,1,2024-03-03 15:30:00,Julián Álvarez,Pass
571923,45,Goal,0.7609999847412109,0.5670000076293945,0.07010503858327866,Phil Foden,h,6055,DirectFreekick,2023,LeftFoot,22204,Manchester City,Aston Villa,4,1,2024-04-03 19:15:00,,Standard
571934,61,Goal,0.850999984741211,0.54,0.33756396174430847,Phil Foden,h,6055,OpenPlay,2023,LeftFoot,22204,Manchester City,Aston Villa,4,1,2024-04-03 19:15:00,Rodri,Pass
571937,68,Goal,0.769000015258789,0.5320000076293945,0.03522736206650734,Phil Foden,h,6055,OpenPlay,2023,LeftFoot,22204,Manchester City,Aston Villa,4,1,2024-04-03 19:15:00,,BallRecovery
576429,25,Goal,0.805,0.3370000076293945,0.08453938364982605,Phil Foden,a,6055,DirectFreekick,2023,LeftFoot,22176,Brighton,Manchester City,0,4,2024-04-25 19:00:00,,Standard
576430,33,Goal,0.855,0.35,0.36689913272857666,Phil Foden,a,6055,OpenPlay,2023,LeftFoot,22176,Brighton,Manchester City,0,4,2024-04-25 19:00:00,Bernardo Silva,BallRecovery
579663,58,Goal,0.8469999694824218,0.4640000152587891,0.0918060913681984,Phil Foden,a,6055,OpenPlay,2023,RightFoot,22258,Fulham,Manchester City,0,4,2024-05-11 11:30:00,Bernardo Silva,BallTouch
581948,1,Goal,0.8090000152587891,0.3970000076293945,0.05416150763630867,Phil Foden,h,6055,OpenPlay,2023,LeftFoot,22273,Manchester City,West Ham,3,1,2024-05-19 15:00:00,Bernardo Silva,TakeOn
581954,17,Goal,0.874000015258789,0.5170000076293946,0.12613163888454437,Phil Foden,h,6055,OpenPlay,2023,LeftFoot,22273,Manchester City,West Ham,3,1,2024-05-19 15:00:00,Jéremy Doku,Pass
608158,92,Goal,0.8919999694824219,0.43900001525878907,0.31236621737480164,Phil Foden,a,6055,OpenPlay,2024,LeftFoot,26762,Aston Villa,Manchester City,2,1,2024-12-21 12:30:00,,Rebound
610018,57,Goal,0.9109999847412109,0.49400001525878906,0.5497567057609558,Phil Foden,h,6055,OpenPlay,2024,LeftFoot,26798,Manchester City,West Ham,4,1,2025-01-04 15:00:00,Kevin De Bruyne,Pass
611385,65,Goal,0.914000015258789,0.4879999923706055,0.35375499725341797,Phil Foden,a,6055,OpenPlay,2024,LeftFoot,26803,Brentford,Manchester City,2,2,2025-01-14 19:30:00,Kevin De Bruyne,Cross
611389,77,Goal,0.925,0.575,0.3996332883834839,Phil Foden,a,6055,OpenPlay,2024,LeftFoot,26803,Brentford,Manchester City,2,2,2025-01-14 19:30:00,,Rebound
612844,26,Goal,0.935,0.524000015258789,0.5801604390144348,Phil Foden,a,6055,OpenPlay,2024,LeftFoot,26816,Ipswich,Manchester City,0,6,2025-01-19 16:30:00,,None
612848,41,Goal,0.9490000152587891,0.5590000152587891,0.6024907231330872,Phil Foden,a,6055,OpenPlay,2024,LeftFoot,26816,Ipswich,Manchester City,0,6,2025-01-19 16:30:00,Kevin De Bruyne,Pass
613544,86,Goal,0.870999984741211,0.5459999847412109,0.37857693433761597,Phil Foden,h,6055,OpenPlay,2024,LeftFoot,26828,Manchester City,Chelsea,3,1,2025-01-25 17:30:00,Erling Haaland,Pass
642426,17,Goal,0.9169999694824219,0.47,0.057905472815036774,Phil Foden,h,6055,OpenPlay,2025,Head,28817,Manchester City,Manchester United,3,0,2025-09-14 15:30:00,Jéremy Doku,Chipped
655053,0,Goal,0.914000015258789,0.48700000762939455,0.49485883116722107,Phil Foden,h,6055,OpenPlay,2025,LeftFoot,28903,Manchester City,Leeds,3,2,2025-11-29 15:00:00,Matheus Nunes,Pass
655078,90,Goal,0.8430000305175781,0.53,0.09195039421319962,Phil Foden,h,6055,OpenPlay,2025,LeftFoot,28903,Manchester City,Leeds,3,2,2025-11-29 15:00:00,Mathis Cherki,Pass
656101,43,Goal,0.799000015258789,0.41700000762939454,0.026426883414387703,Phil Foden,a,6055,FromCorner,2025,LeftFoot,28912,Fulham,Manchester City,4,5,2025-12-02 19:30:00,,None
656103,47,Goal,0.9459999847412109,0.3990000152587891,0.5453680157661438,Phil Foden,a,6055,OpenPlay,2025,RightFoot,28912,Fulham,Manchester City,4,5,2025-12-02 19:30:00,Erling Haaland,BallTouch
656936,64,Goal,0.9230000305175782,0.46299999237060546,0.3915630280971527,Phil Foden,h,6055,OpenPlay,2025,Head,28924,Manchester City,Sunderland,3,0,2025-12-06 15:00:00,Mathis Cherki,Cross
658529,68,Goal,0.784000015258789,0.5370000076293945,0.04762526601552963,Phil Foden,a,6055,OpenPlay,2025,LeftFoot,28932,Crystal Palace,Manchester City,0,3,2025-12-14 14:00:00,Mathis Cherki,Pass
534543,76,Goal,0.955999984741211,0.47,0.4899573028087616,Maximilian Beier,a,8137,FromCorner,2023,RightFoot,23078,FC Heidenheim,Hoffenheim,2,3,2023-08-26 13:30:00,Tom Bischof,Cross
536126,59,Goal,0.8830000305175781,0.4640000152587891,0.39432254433631897,Maximilian Beier,h,8137,OpenPlay,2023,LeftFoot,23085,Hoffenheim,Wolfsburg,3,1,2023-09-02 13:30:00,Robert Skov,Cross
537445,51,Goal,0.8109999847412109,0.66,0.09374403208494186,Maximilian Beier,a,8137,OpenPlay,2023,RightFoot,23097,FC Cologne,Hoffenheim,1,3,2023-09-16 13:30:00,Grischa Prömel,Pass
538958,37,Goal,0.92,0.49700000762939456,0.4064617156982422,Maximilian Beier,a,8137,OpenPlay,2023,LeftFoot,23106,Union Berlin,Hoffenheim,0,2,2023-09-23 13:30:00,Grischa Prömel,Cross
542866,7,Goal,0.91,0.5659999847412109,0.4189547002315521,Maximilian Beier,a,8137,OpenPlay,2023,RightFoot,23124,Werder Bremen,Hoffenheim,2,3,2023-10-07 16:30:00,Grischa Prömel,Pass
543877,2,Goal,0.86,0.5309999847412109,0.2383202314376831,Maximilian Beier,h,8137,OpenPlay,2023,LeftFoot,23132,Hoffenheim,Eintracht Frankfurt,1,3,2023-10-21 13:30:00,Oliver Baumann,TakeOn
558908,76,Goal,0.8540000152587891,0.5,0.30862998962402344,Maximilian Beier,a,8137,OpenPlay,2023,RightFoot,23220,Freiburg,Hoffenheim,3,2,2024-01-20 14:30:00,Florian Grillitsch,TakeOn
561737,5,Goal,0.9459999847412109,0.6580000305175782,0.3076270818710327,Maximilian Beier,a,8137,OpenPlay,2023,LeftFoot,23239,Wolfsburg,Hoffenheim,2,2,2024-02-04 14:30:00,Umut Tohumcu,TakeOn
565810,60,Goal,0.764000015258789,0.585,0.03978151082992554,Maximilian Beier,a,8137,OpenPlay,2023,RightFoot,23270,Borussia Dortmund,Hoffenheim,2,3,2024-02-25 16:30:00,Florian Grillitsch,Pass
565812,63,Goal,0.9109999847412109,0.4759999847412109,0.6121630668640137,Maximilian Beier,a,8137,OpenPlay,2023,RightFoot,23270,Borussia Dortmund,Hoffenheim,2,3,2024-02-25 16:30:00,Anton Stach,Pass
567349,7,Goal,0.8930000305175781,0.5529999923706055,0.055978819727897644,Maximilian Beier,h,8137,FromCorner,2023,RightFoot,23277,Hoffenheim,Werder Bremen,2,1,2024-03-03 16:30:00,Anton Stach,Cross
567360,43,Goal,0.9230000305175782,0.5729999923706055,0.46037447452545166,Maximilian Beier,h,8137,OpenPlay,2023,LeftFoot,23277,Hoffenheim,Werder Bremen,2,1,2024-03-03 16:30:00,Ihlas Bebou,Pass
570616,32,Goal,0.9209999847412109,0.6419999694824219,0.31041961908340454,Maximilian Beier,a,8137,OpenPlay,2023,RightFoot,23301,Bayer Leverkusen,Hoffenheim,2,1,2024-03-30 14:30:00,Wout Weghorst,Pass
580379,5,Goal,0.89,0.32599998474121095,0.32264673709869385,Maximilian Beier,a,8137,OpenPlay,2023,RightFoot,23361,Darmstadt,Hoffenheim,0,6,2024-05-12 13:30:00,Pavel Kaderábek,Throughball
580387,43,Goal,0.8569999694824219,0.5320000076293945,0.4597993791103363,Maximilian Beier,a,8137,OpenPlay,2023,RightFoot,23361,Darmstadt,Hoffenheim,0,6,2024-05-12 13:30:00,Ihlas Bebou,Throughball
581729,7,Goal,0.88,0.48200000762939454,0.3403896689414978,Maximilian Beier,h,8137,OpenPlay,2023,RightFoot,23367,Hoffenheim,Bayern Munich,4,2,2024-05-18 13:30:00,Andrej Kramaric,Pass
600278,29,Goal,0.960999984741211,0.5179999923706055,0.6632047891616821,Maximilian Beier,h,8137,FromCorner,2024,RightFoot,27816,Borussia Dortmund,RasenBallsport Leipzig,2,1,2024-11-02 17:30:00,Felix Nmecha,Rebound
602743,6,Goal,0.9119999694824219,0.415,0.4087110757827759,Maximilian Beier,h,8137,OpenPlay,2024,RightFoot,27835,Borussia Dortmund,Freiburg,4,0,2024-11-23 14:30:00,Ramy Bensebaini,Pass
608833,27,Goal,0.87,0.5429999923706055,0.3749428689479828,Maximilian Beier,a,8137,OpenPlay,2024,RightFoot,27874,Wolfsburg,Borussia Dortmund,1,3,2024-12-22 16:30:00,Julian Brandt,Throughball
614782,62,Goal,0.9230000305175782,0.5420000076293945,0.5399405360221863,Maximilian Beier,a,8137,OpenPlay,2024,RightFoot,27920,FC Heidenheim,Borussia Dortmund,1,2,2025-02-01 14:30:00,Ramy Bensebaini,Pass
618653,88,Goal,0.9380000305175781,0.5790000152587891,0.3238161504268646,Maximilian Beier,h,8137,OpenPlay,2024,Head,27942,Borussia Dortmund,Union Berlin,6,0,2025-02-22 17:30:00,Pascal Groß,Cross
624768,38,Goal,0.9790000152587891,0.47900001525878905,0.9627671837806702,Maximilian Beier,h,8137,OpenPlay,2024,RightFoot,27979,Borussia Dortmund,Mainz 05,3,1,2025-03-30 16:30:00,Karim Adeyemi,Pass
624780,71,Goal,0.9490000152587891,0.4909999847412109,0.3339339792728424,Maximilian Beier,h,8137,FromCorner,2024,Head,27979,Borussia Dortmund,Mainz 05,3,1,2025-03-30 16:30:00,Nico Schlotterbeck,Aerial
627344,47,Goal,0.9830000305175781,0.5670000076293945,0.47312310338020325,Maximilian Beier,a,8137,OpenPlay,2024,Head,27996,Bayern Munich,Borussia Dortmund,2,2,2025-04-12 16:30:00,Julian Ryerson,Cross
641527,50,Goal,0.9159999847412109,0.5159999847412109,0.5338009595870972,Maximilian Beier,a,8137,OpenPlay,2025,RightFoot,30244,FC Heidenheim,Borussia Dortmund,0,2,2025-09-13 13:30:00,Karim Adeyemi,Pass
649144,95,Goal,0.8969999694824219,0.6559999847412109,0.044452354311943054,Maximilian Beier,h,8137,FromCorner,2025,RightFoot,30290,Borussia Dortmund,FC Cologne,1,0,2025-10-25 16:30:00,Fabio Silva,BallTouch
653523,40,Goal,0.97,0.48200000762939454,0.7795189619064331,Maximilian Beier,h,8137,OpenPlay,2025,RightFoot,30316,Borussia Dortmund,VfB Stuttgart,3,3,2025-11-22 14:30:00,,Rebound
659101,96,Goal,0.8569999694824219,0.5320000076293945,0.11171385645866394,Maximilian Beier,h,8137,OpenPlay,2025,LeftFoot,30351,Borussia Dortmund,Borussia M.Gladbach,2,0,2025-12-19 19:30:00,Fabio Silva,Pass
662283,9,Goal,0.9069999694824219,0.4329999923706055,0.31736722588539124,Maximilian Beier,a,8137,OpenPlay,2025,LeftFoot,30362,Eintracht Frankfurt,Borussia Dortmund,3,3,2026-01-09 19:30:00,Julian Ryerson,Cross
664993,83,Goal,0.9259999847412109,0.3139999961853027,0.22650255262851715,Maximilian Beier,a,8137,OpenPlay,2025,RightFoot,30394,Union Berlin,Borussia Dortmund,0,3,2026-01-24 17:30:00,Jobe Bellingham,Pass
668473,14,Goal,0.9819999694824219,0.5920000076293945,0.20505237579345703,Maximilian Beier,h,8137,OpenPlay,2025,Head,30415,Borussia Dortmund,Mainz 05,4,0,2026-02-13 19:30:00,Julian Ryerson,Cross
672837,59,Goal,0.92,0.5829999923706055,0.44218891859054565,Maximilian Beier,a,8137,OpenPlay,2025,RightFoot,30441,FC Cologne,Borussia Dortmund,1,2,2026-03-07 17:30:00,Julian Brandt,Throughball
681567,7,Goal,0.9440000152587891,0.69,0.27912384271621704,Maximilian Beier,h,8137,OpenPlay,2025,RightFoot,30495,Borussia Dortmund,Freiburg,4,0,2026-04-26 15:30:00,Ramy Bensebaini,Chipped
539538,60,Goal,0.885,0.5,0.7432776093482971,Mikel Oyarzabal,h,2234,Penalty,2023,LeftFoot,22743,Real Sociedad,Getafe,4,3,2023-09-24 12:00:00,,Standard
539545,87,Goal,0.9330000305175781,0.405,0.456874817609787,Mikel Oyarzabal,h,2234,OpenPlay,2023,LeftFoot,22743,Real Sociedad,Getafe,4,3,2023-09-24 12:00:00,Mikel Merino,Pass
541567,65,Goal,0.970999984741211,0.4109999847412109,0.6397347450256348,Mikel Oyarzabal,h,2234,OpenPlay,2023,RightFoot,22762,Real Sociedad,Athletic Club,3,0,2023-09-30 19:00:00,Martín Zubimendi,TakeOn
543274,72,Goal,0.8109999847412109,0.49,0.3652680516242981,Mikel Oyarzabal,a,2234,OpenPlay,2023,LeftFoot,22765,Atletico Madrid,Real Sociedad,2,1,2023-10-08 14:15:00,Carlos Fernández,Chipped
546173,40,Goal,0.9290000152587891,0.47,0.40576842427253723,Mikel Oyarzabal,a,2234,OpenPlay,2023,RightFoot,22790,Rayo Vallecano,Real Sociedad,2,2,2023-10-29 15:15:00,Ander Barrenetxea,Cross
546181,65,Goal,0.885,0.5,0.7432776093482971,Mikel Oyarzabal,a,2234,Penalty,2023,LeftFoot,22790,Rayo Vallecano,Real Sociedad,2,2,2023-10-29 15:15:00,,Standard
548425,61,Goal,0.975,0.545,0.6782361268997192,Mikel Oyarzabal,a,2234,FromCorner,2023,LeftFoot,22805,Almeria,Real Sociedad,1,3,2023-11-11 15:15:00,,Rebound
558201,87,Goal,0.950999984741211,0.504000015258789,0.6227705478668213,Mikel Oyarzabal,a,2234,OpenPlay,2023,OtherBodyPart,22876,Athletic Club,Real Sociedad,2,1,2024-01-13 17:30:00,Aihen Muñoz,Rebound
574517,58,Goal,0.980999984741211,0.5690000152587891,0.585096538066864,Mikel Oyarzabal,h,2234,OpenPlay,2023,LeftFoot,22991,Real Sociedad,Almeria,2,2,2024-04-14 19:00:00,Sheraldo Becker,Pass
597272,43,Goal,0.9230000305175782,0.47,0.3934498727321625,Mikel Oyarzabal,a,2234,OpenPlay,2024,Head,27076,Girona,Real Sociedad,0,1,2024-10-19 16:30:00,Ander Barrenetxea,Cross
600866,67,Goal,0.885,0.5,0.7432776093482971,Mikel Oyarzabal,a,2234,Penalty,2024,LeftFoot,27100,Sevilla,Real Sociedad,0,2,2024-11-03 17:30:00,,Standard
605039,30,Goal,0.885,0.5,0.7432776093482971,Mikel Oyarzabal,h,2234,Penalty,2024,LeftFoot,27130,Real Sociedad,Real Betis,2,0,2024-12-01 20:00:00,,Standard
606233,91,Goal,0.8590000152587891,0.5020000076293946,0.1284095048904419,Mikel Oyarzabal,a,2234,OpenPlay,2024,LeftFoot,27133,Leganes,Real Sociedad,0,3,2024-12-08 13:00:00,Ander Barrenetxea,Pass
623944,22,Goal,0.9130000305175782,0.45299999237060545,0.35217323899269104,Mikel Oyarzabal,h,2234,OpenPlay,2024,LeftFoot,27265,Real Sociedad,Real Valladolid,2,1,2025-03-29 13:00:00,Pablo Marín,Cross
626104,4,Goal,0.9330000305175781,0.5159999847412109,0.5867406129837036,Mikel Oyarzabal,a,2234,OpenPlay,2024,RightFoot,27274,Las Palmas,Real Sociedad,1,3,2025-04-06 12:00:00,,Rebound
629191,18,Goal,0.885,0.5,0.7432776093482971,Mikel Oyarzabal,a,2234,Penalty,2024,LeftFoot,27298,Villarreal,Real Sociedad,2,2,2025-04-20 14:15:00,,Standard
629199,48,Goal,0.980999984741211,0.5029999923706054,0.8868854641914368,Mikel Oyarzabal,a,2234,OpenPlay,2024,LeftFoot,27298,Villarreal,Real Sociedad,2,2,2025-04-20 14:15:00,,None
635270,19,Goal,0.885,0.5,0.7432776093482971,Mikel Oyarzabal,h,2234,Penalty,2024,LeftFoot,27347,Real Sociedad,Girona,3,2,2025-05-18 17:00:00,,Standard
641778,55,Goal,0.885,0.5,0.7432776093482971,Mikel Oyarzabal,h,2234,Penalty,2025,LeftFoot,29195,Real Sociedad,Real Madrid,1,2,2025-09-13 14:15:00,,Standard
644242,48,Goal,0.9619999694824218,0.4909999847412109,0.7351172566413879,Mikel Oyarzabal,h,2234,OpenPlay,2025,RightFoot,29215,Real Sociedad,Mallorca,1,0,2025-09-24 19:30:00,Ander Barrenetxea,Pass
648669,18,Goal,0.885,0.5,0.7432776093482971,Mikel Oyarzabal,h,2234,Penalty,2025,LeftFoot,29250,Real Sociedad,Sevilla,2,1,2025-10-24 19:00:00,,Standard
648671,35,Goal,0.9209999847412109,0.6519999694824219,0.06877612322568893,Mikel Oyarzabal,h,2234,OpenPlay,2025,LeftFoot,29250,Real Sociedad,Sevilla,2,1,2025-10-24 19:00:00,,None
652015,88,Goal,0.885,0.5,0.7432776093482971,Mikel Oyarzabal,a,2234,Penalty,2025,LeftFoot,29270,Elche,Real Sociedad,1,1,2025-11-07 20:00:00,,Standard
664343,31,Goal,0.9540000152587891,0.5829999923706055,0.3548589050769806,Mikel Oyarzabal,h,2234,OpenPlay,2025,LeftFoot,29350,Real Sociedad,Barcelona,2,1,2026-01-18 20:00:00,Gonçalo Guedes,Cross
665501,16,Goal,0.7930000305175782,0.5470000076293945,0.06417879462242126,Mikel Oyarzabal,h,2234,OpenPlay,2025,LeftFoot,29362,Real Sociedad,Celta Vigo,3,1,2026-01-25 17:30:00,Beñat Turrientes,Pass
665519,74,Goal,0.78,0.534000015258789,0.07324254512786865,Mikel Oyarzabal,h,2234,OpenPlay,2025,LeftFoot,29362,Real Sociedad,Celta Vigo,3,1,2026-01-25 17:30:00,Jon Gorrotxategi,BallRecovery
667572,36,Goal,0.79,0.4570000076293945,0.33307528495788574,Mikel Oyarzabal,h,2234,OpenPlay,2025,RightFoot,29383,Real Sociedad,Elche,3,1,2026-02-07 20:00:00,,BallRecovery
668920,20,Goal,0.885,0.5,0.7431496977806091,Mikel Oyarzabal,a,2234,Penalty,2025,LeftFoot,29391,Real Madrid,Real Sociedad,4,1,2026-02-14 20:00:00,,Standard
672809,67,Goal,0.8209999847412109,0.5929999923706055,0.0456182025372982,Mikel Oyarzabal,a,2234,OpenPlay,2025,LeftFoot,29419,Atletico Madrid,Real Sociedad,3,2,2026-03-07 17:30:00,,None
674758,23,Goal,0.885,0.5,0.7432776093482971,Mikel Oyarzabal,h,2234,Penalty,2025,LeftFoot,29437,Real Sociedad,Osasuna,3,1,2026-03-15 20:00:00,,Standard
681369,21,Goal,0.8580000305175781,0.5029999923706054,0.09309763461351395,Mikel Oyarzabal,a,2234,OpenPlay,2025,LeftFoot,29475,Rayo Vallecano,Real Sociedad,3,3,2026-04-26 12:00:00,Ander Barrenetxea,Pass
681384,75,Goal,0.885,0.5,0.7432776093482971,Mikel Oyarzabal,a,2234,Penalty,2025,LeftFoot,29475,Rayo Vallecano,Real Sociedad,3,3,2026-04-26 12:00:00,,Standard
683889,90,Goal,0.885,0.5,0.7432776093482971,Mikel Oyarzabal,h,2234,Penalty,2025,LeftFoot,29504,Real Sociedad,Real Betis,2,2,2026-05-09 19:00:00,,Standard
534029,93,Goal,0.8969999694824219,0.5690000152587891,0.36069637537002563,Ferrán Torres,h,6441,OpenPlay,2023,LeftFoot,22701,Barcelona,Cadiz,2,0,2023-08-20 17:30:00,Robert Lewandowski,HeadPass
535440,67,Goal,0.88,0.5159999847412109,0.09209972620010376,Ferrán Torres,a,6441,OpenPlay,2023,LeftFoot,22710,Villarreal,Barcelona,3,4,2023-08-27 15:30:00,,Rebound
537980,61,Goal,0.7480000305175781,0.4540000152587891,0.07031633704900742,Ferrán Torres,h,6441,DirectFreekick,2023,RightFoot,22726,Barcelona,Real Betis,5,0,2023-09-16 19:00:00,,Standard
557515,54,Goal,0.8590000152587891,0.5259999847412109,0.08574821054935455,Ferrán Torres,a,6441,OpenPlay,2023,RightFoot,22870,Las Palmas,Barcelona,1,2,2024-01-04 20:30:00,Sergi Roberto,Pass
559415,20,Goal,0.924000015258789,0.5059999847412109,0.5634735822677612,Ferrán Torres,a,6441,OpenPlay,2023,RightFoot,22891,Real Betis,Barcelona,2,4,2024-01-21 17:30:00,Pedri,Pass
559419,47,Goal,0.91,0.5279999923706055,0.5153199434280396,Ferrán Torres,a,6441,OpenPlay,2023,LeftFoot,22891,Real Betis,Barcelona,2,4,2024-01-21 17:30:00,,None
559434,91,Goal,0.8640000152587891,0.3679999923706055,0.4997703731060028,Ferrán Torres,a,6441,OpenPlay,2023,RightFoot,22891,Real Betis,Barcelona,2,4,2024-01-21 17:30:00,Lamine Yamal,Throughball
589332,84,Goal,0.914000015258789,0.5479999923706055,0.4119284749031067,Ferrán Torres,h,6441,OpenPlay,2024,RightFoot,27012,Barcelona,Real Valladolid,7,0,2024-08-31 15:00:00,Raphinha,Cross
605121,11,Goal,0.87,0.500999984741211,0.3799549341201782,Ferrán Torres,a,6441,OpenPlay,2024,RightFoot,27167,Mallorca,Barcelona,1,5,2024-12-03 18:00:00,,TakeOn
605917,81,Goal,0.885,0.45099998474121095,0.4082649350166321,Ferrán Torres,a,6441,OpenPlay,2024,RightFoot,27139,Real Betis,Barcelona,2,2,2024-12-07 15:15:00,Lamine Yamal,Throughball
614175,7,Goal,0.9030000305175782,0.5479999923706055,0.33713045716285706,Ferrán Torres,h,6441,OpenPlay,2024,RightFoot,27184,Barcelona,Valencia,7,1,2025-01-26 20:00:00,Álex Balde,Cross
618795,94,Goal,0.9430000305175781,0.664000015258789,0.29789865016937256,Ferrán Torres,a,6441,OpenPlay,2024,LeftFoot,27226,Las Palmas,Barcelona,0,2,2025-02-22 20:00:00,Raphinha,Pass
623790,77,Goal,0.924000015258789,0.45799999237060546,0.3555070459842682,Ferrán Torres,a,6441,OpenPlay,2024,Head,27252,Atletico Madrid,Barcelona,2,4,2025-03-16 20:00:00,Raphinha,Cross
623794,97,Goal,0.8190000152587891,0.4570000076293945,0.07678624987602234,Ferrán Torres,a,6441,OpenPlay,2024,RightFoot,27252,Atletico Madrid,Barcelona,2,4,2025-03-16 20:00:00,Raphinha,BallRecovery
623796,10,Goal,0.965999984741211,0.5209999847412109,0.6156385540962219,Ferrán Torres,h,6441,OpenPlay,2024,RightFoot,27244,Barcelona,Osasuna,3,0,2025-03-27 20:00:00,Álex Balde,Cross
624675,85,Goal,0.855,0.545,0.11232093721628189,Ferrán Torres,h,6441,OpenPlay,2024,LeftFoot,27270,Barcelona,Girona,4,1,2025-03-30 15:15:00,Gerard Martín,Pass
628664,11,Goal,0.8069999694824219,0.39299999237060546,0.04252851381897926,Ferrán Torres,h,6441,OpenPlay,2024,RightFoot,27292,Barcelona,Celta Vigo,4,3,2025-04-19 14:15:00,Iñigo Martínez,TakeOn
637882,22,Goal,0.8090000152587891,0.4490000152587891,0.06484029442071915,Ferrán Torres,a,6441,OpenPlay,2025,RightFoot,29160,Mallorca,Barcelona,0,3,2025-08-16 17:30:00,,None
639226,51,Goal,0.9319999694824219,0.5,0.3345003128051758,Ferrán Torres,a,6441,FromCorner,2025,RightFoot,29171,Levante,Barcelona,2,3,2025-08-23 19:30:00,Raphinha,Cross
644001,14,Goal,0.8819999694824219,0.42700000762939455,0.388178288936615,Ferrán Torres,h,6441,OpenPlay,2025,RightFoot,29199,Barcelona,Getafe,3,0,2025-09-21 19:00:00,Dani Olmo,Pass
644003,33,Goal,0.7919999694824219,0.575,0.37112653255462646,Ferrán Torres,h,6441,OpenPlay,2025,RightFoot,29199,Barcelona,Getafe,3,0,2025-09-21 19:00:00,Raphinha,BallRecovery
651705,11,Goal,0.9330000305175781,0.47200000762939454,0.5982621312141418,Ferrán Torres,h,6441,OpenPlay,2025,RightFoot,29260,Barcelona,Elche,3,1,2025-11-02 17:30:00,Fermín López,Pass
653716,47,Goal,0.85,0.5729999923706055,0.3823167383670807,Ferrán Torres,h,6441,OpenPlay,2025,LeftFoot,29284,Barcelona,Athletic Club,4,0,2025-11-22 15:15:00,Lamine Yamal,Chipped
653732,89,Goal,0.8469999694824218,0.5070000076293946,0.2939310669898987,Ferrán Torres,h,6441,OpenPlay,2025,RightFoot,29284,Barcelona,Athletic Club,4,0,2025-11-22 15:15:00,Lamine Yamal,Pass
656186,95,Goal,0.9569999694824218,0.524000015258789,0.5775237679481506,Ferrán Torres,h,6441,OpenPlay,2025,RightFoot,29342,Barcelona,Atletico Madrid,3,1,2025-12-02 20:00:00,Álex Balde,Cross
657124,10,Goal,0.9380000305175781,0.47200000762939454,0.5425427556037903,Ferrán Torres,a,6441,OpenPlay,2025,RightFoot,29302,Real Betis,Barcelona,3,5,2025-12-06 17:30:00,Jules Koundé,Pass
657125,12,Goal,0.919000015258789,0.5129999923706055,0.392713725566864,Ferrán Torres,a,6441,OpenPlay,2025,RightFoot,29302,Real Betis,Barcelona,3,5,2025-12-06 17:30:00,Roony Bardghji,Cross
657131,39,Goal,0.7869999694824219,0.600999984741211,0.05070623382925987,Ferrán Torres,a,6441,OpenPlay,2025,RightFoot,29302,Real Betis,Barcelona,3,5,2025-12-06 17:30:00,Pedri,Pass
666324,39,Goal,0.899000015258789,0.48400001525878905,0.4475448429584503,Ferrán Torres,a,6441,OpenPlay,2025,RightFoot,29373,Elche,Barcelona,1,3,2026-01-31 20:00:00,Frenkie de Jong,Pass
678013,8,Goal,0.9790000152587891,0.54,0.5431056618690491,Ferrán Torres,h,6441,FromCorner,2025,Head,29459,Barcelona,Espanyol,4,1,2026-04-11 16:30:00,Lamine Yamal,Aerial
678016,24,Goal,0.8959999847412109,0.3189999961853027,0.2796036899089813,Ferrán Torres,h,6441,OpenPlay,2025,RightFoot,29459,Barcelona,Espanyol,4,1,2026-04-11 16:30:00,Lamine Yamal,Pass
682573,85,Goal,0.895,0.6580000305175782,0.35032787919044495,Ferrán Torres,a,6441,OpenPlay,2025,RightFoot,29488,Osasuna,Barcelona,1,2,2026-05-02 19:00:00,Fermín López,Throughball
684399,17,Goal,0.884000015258789,0.5320000076293945,0.43315622210502625,Ferrán Torres,h,6441,OpenPlay,2025,RightFoot,29500,Barcelona,Real Madrid,2,0,2026-05-10 19:00:00,Dani Olmo,Pass
532553,19,Goal,0.9830000305175781,0.4759999847412109,0.9484513998031616,Arnaud Kalimuendo Muinga,h,8056,OpenPlay,2023,RightFoot,23371,Rennes,Metz,5,1,2023-08-13 15:05:00,,Rebound
542014,96,Goal,0.885,0.5,0.7600951194763184,Arnaud Kalimuendo Muinga,h,8056,Penalty,2023,RightFoot,23426,Rennes,Nantes,3,1,2023-10-01 18:45:00,,Standard
555535,51,Goal,0.9130000305175782,0.524000015258789,0.4771149754524231,Arnaud Kalimuendo Muinga,a,8056,OpenPlay,2023,RightFoot,23520,Clermont Foot,Rennes,1,3,2023-12-20 20:00:00,,Rebound
558311,53,Goal,0.8930000305175781,0.40099998474121096,0.11614745855331421,Arnaud Kalimuendo Muinga,h,8056,OpenPlay,2023,RightFoot,23524,Rennes,Nice,2,0,2024-01-13 20:00:00,Enzo Le Fée,Pass
561307,47,Goal,0.885,0.5,0.7600951194763184,Arnaud Kalimuendo Muinga,h,8056,Penalty,2023,RightFoot,23543,Rennes,Montpellier,2,1,2024-02-03 16:00:00,,Standard
568756,19,Goal,0.8590000152587891,0.34400001525878904,0.07280081510543823,Arnaud Kalimuendo Muinga,a,8056,OpenPlay,2023,RightFoot,23591,Lille,Rennes,2,2,2024-03-10 16:00:00,Amine Gouiri,Pass
575080,66,Goal,0.894000015258789,0.47200000762939454,0.42440265417099,Arnaud Kalimuendo Muinga,a,8056,OpenPlay,2023,RightFoot,23638,Nantes,Rennes,0,3,2024-04-20 15:00:00,Guela Doué,Pass
577405,3,Goal,0.879000015258789,0.33599998474121096,0.05729776248335838,Arnaud Kalimuendo Muinga,h,8056,OpenPlay,2023,RightFoot,23643,Rennes,Brest,4,5,2024-04-28 15:05:00,Azor Matusiwa,Pass
577407,8,Goal,0.9890000152587891,0.5020000076293946,0.9560055136680603,Arnaud Kalimuendo Muinga,h,8056,OpenPlay,2023,RightFoot,23643,Rennes,Brest,4,5,2024-04-28 15:05:00,,None
578699,92,Goal,0.9069999694824219,0.36,0.33866363763809204,Arnaud Kalimuendo Muinga,a,8056,OpenPlay,2023,RightFoot,23657,Metz,Rennes,2,3,2024-05-04 17:00:00,Bertug Yildirim,Pass
591363,34,Goal,0.895,0.46599998474121096,0.08553369343280792,Arnaud Kalimuendo Muinga,h,8056,OpenPlay,2024,Head,28080,Rennes,Montpellier,3,0,2024-09-15 13:00:00,Lorenz Assignon,Cross
592705,23,Goal,0.885,0.5,0.7600951194763184,Arnaud Kalimuendo Muinga,h,8056,Penalty,2024,RightFoot,28091,Rennes,Lens,1,1,2024-09-21 17:00:00,,Standard
593768,74,Goal,0.885,0.5,0.7600951194763184,Arnaud Kalimuendo Muinga,a,8056,Penalty,2024,RightFoot,28094,Paris Saint Germain,Rennes,3,1,2024-09-27 19:00:00,,Standard
604290,38,Goal,0.885,0.5,0.7600951194763184,Arnaud Kalimuendo Muinga,h,8056,Penalty,2024,RightFoot,28157,Rennes,Saint-Etienne,5,0,2024-11-30 16:00:00,,Standard
604295,60,Goal,0.8590000152587891,0.40299999237060546,0.10093706846237183,Arnaud Kalimuendo Muinga,h,8056,OpenPlay,2024,LeftFoot,28157,Rennes,Saint-Etienne,5,0,2024-11-30 16:00:00,Ludovic Blas,Pass
604296,66,Goal,0.885,0.5,0.7600951194763184,Arnaud Kalimuendo Muinga,h,8056,Penalty,2024,RightFoot,28157,Rennes,Saint-Etienne,5,0,2024-11-30 16:00:00,,Standard
609831,26,Goal,0.945,0.37200000762939456,0.3499768078327179,Arnaud Kalimuendo Muinga,a,8056,OpenPlay,2024,RightFoot,28191,Nice,Rennes,3,2,2025-01-03 20:00:00,Ludovic Blas,Throughball
610951,42,Goal,0.88,0.5029999923706054,0.30932143330574036,Arnaud Kalimuendo Muinga,h,8056,OpenPlay,2024,RightFoot,28200,Rennes,Marseille,1,2,2025-01-11 20:00:00,Lorenz Assignon,Cross
616296,14,Goal,0.9840000152587891,0.5079999923706054,0.9550325274467468,Arnaud Kalimuendo Muinga,a,8056,OpenPlay,2024,LeftFoot,28232,Saint-Etienne,Rennes,0,2,2025-02-08 20:05:00,Lorenz Assignon,Pass
618126,9,Goal,0.885,0.5,0.7600951194763184,Arnaud Kalimuendo Muinga,h,8056,Penalty,2024,RightFoot,28246,Rennes,Reims,1,0,2025-02-21 19:45:00,,Standard
620571,86,Goal,0.965999984741211,0.500999984741211,0.7898208498954773,Arnaud Kalimuendo Muinga,a,8056,SetPiece,2024,LeftFoot,28258,Montpellier,Rennes,0,4,2025-03-02 16:15:00,,Rebound
624682,12,Goal,0.855,0.3729999923706055,0.07039770483970642,Arnaud Kalimuendo Muinga,a,8056,OpenPlay,2024,LeftFoot,28282,Angers,Rennes,0,3,2025-03-30 16:15:00,Kazeem Olaigbe,Pass
624702,94,Goal,0.9769999694824218,0.46799999237060547,0.938739001750946,Arnaud Kalimuendo Muinga,a,8056,OpenPlay,2024,RightFoot,28282,Angers,Rennes,0,3,2025-03-30 16:15:00,Ismaël Koné,Pass
627835,14,Goal,0.96,0.519000015258789,0.9620301723480225,Arnaud Kalimuendo Muinga,a,8056,OpenPlay,2024,Head,28301,Le Havre,Rennes,1,5,2025-04-13 15:15:00,Azor Matusiwa,Aerial
631661,64,Goal,0.92,0.5570000076293945,0.6193386912345886,Arnaud Kalimuendo Muinga,a,8056,OpenPlay,2024,RightFoot,28327,Toulouse,Rennes,2,1,2025-05-03 17:00:00,Adrien Truffert,Pass
633139,14,Goal,0.9719999694824218,0.56,0.6143739223480225,Arnaud Kalimuendo Muinga,h,8056,OpenPlay,2024,RightFoot,28340,Rennes,Nice,2,0,2025-05-10 19:00:00,Ludovic Blas,Pass
633154,79,Goal,0.904000015258789,0.5990000152587891,0.6018205881118774,Arnaud Kalimuendo Muinga,h,8056,OpenPlay,2024,RightFoot,28340,Rennes,Nice,2,0,2025-05-10 19:00:00,Azor Matusiwa,Throughball
663257,0,Goal,0.93,0.5509999847412109,0.4379970133304596,Arnaud Kalimuendo Muinga,a,8056,OpenPlay,2025,RightFoot,30384,Werder Bremen,Eintracht Frankfurt,3,3,2026-01-16 19:30:00,Nathaniel Brown,HeadPass
664772,17,Goal,0.9059999847412109,0.6480000305175782,0.10615698248147964,Arnaud Kalimuendo Muinga,h,8056,OpenPlay,2025,LeftFoot,30389,Eintracht Frankfurt,Hoffenheim,1,3,2026-01-24 14:30:00,,None
669717,85,Goal,0.9309999847412109,0.4809999847412109,0.5274137854576111,Arnaud Kalimuendo Muinga,a,8056,OpenPlay,2025,LeftFoot,30422,Bayern Munich,Eintracht Frankfurt,3,2,2026-02-21 14:30:00,,Save
673760,52,Goal,0.9290000152587891,0.5120000076293946,0.08595699071884155,Arnaud Kalimuendo Muinga,h,8056,SetPiece,2025,RightFoot,30452,Eintracht Frankfurt,FC Heidenheim,1,0,2026-03-14 14:30:00,Robin Koch,HeadPass
677125,68,Goal,0.88,0.5259999847412109,0.13578888773918152,Arnaud Kalimuendo Muinga,h,8056,OpenPlay,2025,RightFoot,30469,Eintracht Frankfurt,FC Cologne,2,2,2026-04-05 15:30:00,,TakeOn
677729,31,Goal,0.9230000305175782,0.45799999237060546,0.5350584387779236,Arnaud Kalimuendo Muinga,a,8056,SetPiece,2025,RightFoot,30484,Wolfsburg,Eintracht Frankfurt,1,2,2026-04-11 13:30:00,,Rebound
538462,52,Goal,0.8830000305175781,0.620999984741211,0.07461589574813843,Ademola Lookman,a,5556,OpenPlay,2023,RightFoot,22341,Fiorentina,Atalanta,3,2,2023-09-17 16:00:00,Marten de Roon,Pass
539720,32,Goal,0.97,0.49700000762939456,0.8618844151496887,Ademola Lookman,h,5556,OpenPlay,2023,RightFoot,22345,Atalanta,Cagliari,2,0,2023-09-24 13:00:00,Charles De Ketelaere,Pass
544865,67,Goal,0.9480000305175781,0.5070000076293946,0.6116412281990051,Ademola Lookman,h,5556,OpenPlay,2023,RightFoot,22385,Atalanta,Genoa,2,0,2023-10-22 16:00:00,,None
549914,52,Goal,0.9080000305175782,0.48400001525878905,0.0376761220395565,Ademola Lookman,h,5556,OpenPlay,2023,Head,22426,Atalanta,Napoli,1,2,2023-11-25 17:00:00,Hans Hateboer,Aerial
553046,37,Goal,0.855,0.5890000152587891,0.09694529324769974,Ademola Lookman,h,5556,OpenPlay,2023,RightFoot,22445,Atalanta,AC Milan,3,2,2023-12-09 17:00:00,Teun Koopmeiners,TakeOn
553055,54,Goal,0.9359999847412109,0.524000015258789,0.5031729340553284,Ademola Lookman,h,5556,OpenPlay,2023,RightFoot,22445,Atalanta,AC Milan,3,2,2023-12-09 17:00:00,Charles De Ketelaere,Cross
556870,57,Goal,0.8040000152587891,0.35400001525878905,0.033049166202545166,Ademola Lookman,h,5556,OpenPlay,2023,RightFoot,22475,Atalanta,Lecce,1,0,2023-12-30 11:30:00,Gianluca Scamacca,Pass
567386,27,Goal,0.955,0.49200000762939455,0.6770620346069336,Ademola Lookman,h,5556,OpenPlay,2023,RightFoot,22565,Atalanta,Bologna,1,2,2024-03-03 17:00:00,,Rebound
577529,50,Goal,0.81,0.6819999694824219,0.04263078421354294,Ademola Lookman,h,5556,OpenPlay,2023,LeftFoot,22644,Atalanta,Empoli,2,0,2024-04-28 16:00:00,Isak Hien,TakeOn
583477,42,Goal,0.9419999694824219,0.5079999923706054,0.6154288053512573,Ademola Lookman,h,5556,OpenPlay,2023,RightFoot,22675,Atalanta,Torino,3,0,2024-05-26 16:00:00,,Rebound
583724,11,Goal,0.8780000305175781,0.46,0.5944961905479431,Ademola Lookman,h,5556,OpenPlay,2023,RightFoot,22585,Atalanta,Fiorentina,2,3,2024-06-02 16:00:00,Charles De Ketelaere,Throughball
591389,45,Goal,0.9009999847412109,0.610999984741211,0.08486738801002502,Ademola Lookman,h,5556,OpenPlay,2024,RightFoot,27393,Atalanta,Fiorentina,3,2,2024-09-15 13:00:00,Charles De Ketelaere,Chipped
593464,98,Goal,0.885,0.5,0.7612988352775574,Ademola Lookman,h,5556,Penalty,2024,RightFoot,27402,Atalanta,Como,2,3,2024-09-24 18:45:00,,Standard
598735,28,Goal,0.8140000152587891,0.6079999923706054,0.08235272765159607,Ademola Lookman,h,5556,OpenPlay,2024,RightFoot,27443,Atalanta,Verona,6,1,2024-10-26 18:45:00,,TakeOn
598738,33,Goal,0.950999984741211,0.5109999847412109,0.6448965668678284,Ademola Lookman,h,5556,OpenPlay,2024,RightFoot,27443,Atalanta,Verona,6,1,2024-10-26 18:45:00,Charles De Ketelaere,None
600504,9,Goal,0.9469999694824218,0.6170000076293946,0.3127139210700989,Ademola Lookman,a,5556,OpenPlay,2024,LeftFoot,27464,Napoli,Atalanta,0,3,2024-11-03 11:30:00,Charles De Ketelaere,HeadPass
600509,30,Goal,0.7580000305175781,0.5629999923706055,0.045476771891117096,Ademola Lookman,a,5556,OpenPlay,2024,RightFoot,27464,Napoli,Atalanta,0,3,2024-11-03 11:30:00,Charles De Ketelaere,Pass
603203,74,Goal,0.9319999694824219,0.580999984741211,0.33187001943588257,Ademola Lookman,a,5556,OpenPlay,2024,LeftFoot,27491,Parma Calcio 1913,Atalanta,1,3,2024-11-23 19:45:00,Juan Cuadrado,Cross
605525,86,Goal,0.9880000305175781,0.5729999923706055,0.24165090918540955,Ademola Lookman,h,5556,FromCorner,2024,Head,27502,Atalanta,AC Milan,2,1,2024-12-06 19:45:00,Sead Kolasinac,Rebound
608864,45,Goal,0.925,0.5320000076293945,0.5001254677772522,Ademola Lookman,h,5556,OpenPlay,2024,RightFoot,27525,Atalanta,Empoli,3,2,2024-12-22 17:00:00,Nicolo Zaniolo,BallTouch
612497,54,Goal,0.8880000305175781,0.605,0.0636875331401825,Ademola Lookman,h,5556,OpenPlay,2024,LeftFoot,27562,Atalanta,Napoli,2,3,2025-01-18 19:45:00,,Dispossessed
619200,42,Goal,0.9919999694824219,0.5370000076293945,0.9736183881759644,Ademola Lookman,a,5556,OpenPlay,2024,RightFoot,27612,Empoli,Atalanta,0,5,2025-02-23 17:00:00,Mateo Retegui,TakeOn
619205,54,Goal,0.9130000305175782,0.6519999694824219,0.0994102731347084,Ademola Lookman,a,5556,OpenPlay,2024,LeftFoot,27612,Empoli,Atalanta,0,5,2025-02-23 17:00:00,Marten de Roon,Pass
622157,76,Goal,0.845999984741211,0.5659999847412109,0.08440396934747696,Ademola Lookman,a,5556,OpenPlay,2024,RightFoot,27637,Juventus,Atalanta,0,4,2025-03-09 19:45:00,,BallRecovery
631822,46,Goal,0.914000015258789,0.6419999694824219,0.36576828360557556,Ademola Lookman,a,5556,OpenPlay,2024,LeftFoot,27708,Monza,Atalanta,0,4,2025-05-04 13:00:00,Mateo Retegui,HeadPass
633912,8,Goal,0.86,0.5790000152587891,0.09421514719724655,Ademola Lookman,h,5556,OpenPlay,2024,RightFoot,27712,Atalanta,Roma,2,1,2025-05-12 18:45:00,Charles De Ketelaere,Pass
650091,34,Goal,0.9259999847412109,0.6580000305175782,0.06827787309885025,Ademola Lookman,h,5556,OpenPlay,2025,LeftFoot,29924,Atalanta,AC Milan,1,1,2025-10-28 18:45:00,Mario Pasalic,Pass
655819,50,Goal,0.9740000152587891,0.43099998474121093,0.5391945838928223,Ademola Lookman,h,5556,FromCorner,2025,RightFoot,29964,Atalanta,Fiorentina,2,0,2025-11-30 17:00:00,,Rebound
670056,57,Goal,0.985999984741211,0.529000015258789,0.7961598038673401,Ademola Lookman,h,5556,FromCorner,2025,Head,29400,Atletico Madrid,Espanyol,4,2,2026-02-21 20:00:00,Matteo Ruggeri,HeadPass
676270,32,Goal,0.9309999847412109,0.5379999923706055,0.578231692314148,Ademola Lookman,a,5556,OpenPlay,2025,RightFoot,29446,Real Madrid,Atletico Madrid,3,2,2026-03-22 20:00:00,Giuliano Simeone,Pass
684880,14,Goal,0.885,0.5,0.7432776093482971,Ademola Lookman,a,5556,Penalty,2025,RightFoot,29514,Osasuna,Atletico Madrid,1,2,2026-05-12 19:30:00,,Standard
686016,20,Goal,0.9690000152587891,0.49599998474121093,0.6332826614379883,Ademola Lookman,h,5556,OpenPlay,2025,RightFoot,29520,Atletico Madrid,Girona,1,0,2026-05-17 17:00:00,Antoine Griezmann,Cross
