goals,shots,xG,time,position,h_team,a_team,h_goals,a_goals,date,id,season,roster_id,xA,assists,key_passes,npg,npxG,xGChain,xGBuildup,player_id
3,5,0.804579496383667,90,FW,Bayern Munich,FC Cologne,5,1,2026-05-16,30522,2025,790823,0.2991795539855957,0,1,3,0.804579496383667,1.0260382890701294,0.07933497428894043,647
0,3,0.9555792808532715,90,FW,Wolfsburg,Bayern Munich,0,1,2026-05-09,30520,2025,789011,0.08628761768341064,0,1,0,0.1978026032447815,0.37397608160972595,0.08988585323095322,647
0,0,0,41,Sub,Bayern Munich,FC Heidenheim,3,3,2026-05-02,30504,2025,787015,0.43176165223121643,0,1,0,0,0.5334722399711609,0.5334722399711609,647
1,1,0.4798209071159363,40,Sub,Mainz 05,Bayern Munich,3,4,2026-04-25,30499,2025,785377,0.0551292710006237,0,1,1,0.4798209071159363,0.572991669178009,0.03804149106144905,647
1,2,0.6345269680023193,41,Sub,Bayern Munich,VfB Stuttgart,4,2,2026-04-19,30486,2025,784027,0,0,0,1,0.6345269680023193,0.8508031964302063,0.8181307911872864,647
1,11,2.168548822402954,90,FW,Bayern Munich,Union Berlin,4,0,2026-03-21,30459,2025,778466,0.40729930996894836,0,2,1,2.168548822402954,2.5153563022613525,0.11954788118600845,647
0,1,0.009376662783324718,25,Sub,Bayer Leverkusen,Bayern Munich,1,1,2026-03-14,30449,2025,776717,0.10467162728309631,0,2,0,0.009376662783324718,0.11404828727245331,0,647
2,3,1.3378885984420776,90,FW,Borussia Dortmund,Bayern Munich,2,3,2026-02-28,30434,2025,773541,0.024732492864131927,0,1,1,0.5801119208335876,0.7178544998168945,0.11301004141569138,647
2,8,1.0474034547805786,90,FW,Bayern Munich,Eintracht Frankfurt,3,2,2026-02-21,30422,2025,771572,0,0,0,2,1.0474034547805786,0.477448046207428,0.04408641532063484,647
2,3,0.8541961312294006,90,FW,Werder Bremen,Bayern Munich,0,3,2026-02-14,30421,2025,770367,0.4879339933395386,0,2,1,0.09641943126916885,0.5843534469604492,0,647
2,7,3.3231937885284424,72,FW,Bayern Munich,Hoffenheim,5,1,2026-02-08,30404,2025,769400,0.8776032328605652,1,3,0,1.8076404333114624,3.211165428161621,0.5882225632667542,647
1,2,0.6800165176391602,90,FW,Hamburger SV,Bayern Munich,2,2,2026-01-31,30399,2025,767377,0.04940100759267807,0,2,1,0.6800165176391602,1.0329325199127197,0.3365590274333954,647
0,5,0.6297779679298401,90,FW,Bayern Munich,Augsburg,1,2,2026-01-24,30387,2025,765544,0,0,0,0,0.6297779679298401,1.1390801668167114,0.685892641544342,647
1,4,1.3191592693328857,90,FW,RasenBallsport Leipzig,Bayern Munich,1,5,2026-01-17,30382,2025,764514,0.5769017934799194,0,2,1,1.3191592693328857,2.8268673419952393,0.9308063387870789,647
0,3,0.3314341604709625,90,FW,FC Cologne,Bayern Munich,1,3,2026-01-14,30370,2025,763624,0.06410698592662811,0,1,0,0.3314341604709625,0.5067256689071655,0.1111844927072525,647
1,2,0.8170093894004822,80,FW,Bayern Munich,Wolfsburg,8,1,2026-01-11,30360,2025,763232,0.6933643221855164,1,2,1,0.8170093894004822,1.5364646911621094,0.5945236682891846,647
1,5,0.894435703754425,90,FW,FC Heidenheim,Bayern Munich,0,4,2025-12-21,30354,2025,759694,0.04366365820169449,0,1,1,0.894435703754425,1.173123836517334,0.3075648844242096,647
1,8,2.3460772037506104,90,FW,Bayern Munich,Mainz 05,2,2,2025-12-14,30342,2025,758486,0.024174701422452927,0,1,0,1.5883004665374756,2.4328646659851074,0.8203895092010498,647
3,4,1.762033462524414,22,Sub,VfB Stuttgart,Bayern Munich,0,5,2025-12-06,30332,2025,755906,0.29699739813804626,0,1,2,1.0042567253112793,1.5588914155960083,0.25763726234436035,647
0,5,0.2873327136039734,90,FW,Bayern Munich,St. Pauli,3,1,2025-11-29,30324,2025,753637,0,0,0,0,0.2873327136039734,0.40629202127456665,0.2413272112607956,647
1,3,0.5310621857643127,86,FW,Bayern Munich,Freiburg,6,2,2025-11-22,30315,2025,751906,0,0,0,1,0.5310621857643127,0.8674435615539551,0.33638137578964233,647
1,4,0.5045903921127319,90,FW,Union Berlin,Bayern Munich,2,2,2025-11-08,30312,2025,750063,0.3474457263946533,0,1,1,0.5045903921127319,1.0531527996063232,0.20111674070358276,647
0,1,0.10164843499660492,29,Sub,Bayern Munich,Bayer Leverkusen,3,0,2025-11-01,30297,2025,748657,0,0,0,0,0.10164843499660492,0,0,647
0,6,0.3493456542491913,90,AMC,Borussia M.Gladbach,Bayern Munich,0,3,2025-10-25,30289,2025,745888,0.03983764350414276,0,1,0,0.3493456542491913,1.3099679946899414,0.9317507147789001,647
1,2,0.5201213359832764,90,AMC,Bayern Munich,Borussia Dortmund,2,1,2025-10-18,30278,2025,744443,0.08544689416885376,0,1,1,0.5201213359832764,0.5209049582481384,0.3961881101131439,647
1,2,0.5035072565078735,88,FW,Eintracht Frankfurt,Bayern Munich,0,3,2025-10-04,30272,2025,742676,0.025384221225976944,0,1,1,0.5035072565078735,0.5439548492431641,0.47897228598594666,647
2,6,2.33370304107666,81,FW,Bayern Munich,Werder Bremen,4,0,2025-09-26,30260,2025,740225,0.01588713936507702,0,1,1,1.5759263038635254,1.6410417556762695,0.049228373914957047,647
3,6,1.7156094312667847,90,AMC,Hoffenheim,Bayern Munich,1,4,2025-09-20,30255,2025,738487,0.05402826890349388,0,1,1,0.2000560313463211,0.399087131023407,0.1944132298231125,647
2,2,1.1016048192977905,70,FW,Bayern Munich,Hamburger SV,5,0,2025-09-13,30248,2025,737218,0.7468612790107727,1,4,1,0.34382808208465576,1.0906893014907837,0.415571004152298,647
0,0,0,90,FW,Augsburg,Bayern Munich,2,3,2025-08-30,30238,2025,735338,1.2427630424499512,2,4,0,0,1.3129072189331055,0.07014427334070206,647
3,5,1.2364026308059692,90,FW,Bayern Munich,RasenBallsport Leipzig,6,0,2025-08-22,30224,2025,732835,0.32246655225753784,0,2,3,1.2364026308059692,1.9596798419952393,0.7939861416816711,647
1,2,0.868643045425415,28,Sub,Hoffenheim,Bayern Munich,0,4,2025-05-17,28041,2024,727752,0.18452543020248413,1,2,1,0.868643045425415,1.053168535232544,0,647
1,4,0.7331494092941284,90,FW,Bayern Munich,Borussia M.Gladbach,2,0,2025-05-10,28032,2024,726030,0,0,0,1,0.7331494092941284,1.0062006711959839,0.27305129170417786,647
0,1,0.09116866439580917,90,FW,Bayern Munich,Mainz 05,3,0,2025-04-26,28014,2024,722468,0.18801119923591614,0,2,0,0.09116866439580917,0.5508503317832947,0.2716704308986664,647
1,6,1.2132233381271362,64,FW,FC Heidenheim,Bayern Munich,0,4,2025-04-19,28005,2024,720262,0.6555246114730835,0,2,1,1.2132233381271362,1.713658094406128,0.1886928379535675,647
0,6,0.8188067078590393,90,FW,Bayern Munich,Borussia Dortmund,2,2,2025-04-12,27996,2024,718851,0,0,0,0,0.8188067078590393,1.5122995376586914,0.7697562575340271,647
1,5,0.7731305360794067,90,FW,Augsburg,Bayern Munich,1,3,2025-04-04,27989,2024,716352,0.08635862916707993,0,1,1,0.7731305360794067,0.4527888894081116,0.14940926432609558,647
1,3,0.7249714732170105,88,FW,Bayern Munich,St. Pauli,3,2,2025-03-29,27977,2024,714815,0.6743913888931274,1,2,1,0.7249714732170105,2.452810049057007,1.6708707809448242,647
0,3,0.38968387246131897,90,FW,Union Berlin,Bayern Munich,1,1,2025-03-15,27973,2024,712856,0,0,0,0,0.38968387246131897,0.34629443287849426,0,647
0,2,0.09568201005458832,25,Sub,Bayern Munich,Bochum,2,3,2025-03-08,27959,2024,711145,0,0,0,0,0.09568201005458832,0.30920466780662537,0.28719624876976013,647
0,4,0.24861004948616028,90,FW,VfB Stuttgart,Bayern Munich,1,3,2025-02-28,27949,2024,709384,0.07254946231842041,0,1,0,0.24861004948616028,0.2745998203754425,0.019123578444123268,647
0,1,0.08498349040746689,20,Sub,Bayern Munich,Eintracht Frankfurt,4,0,2025-02-23,27940,2024,708672,0,0,0,0,0.08498349040746689,0.10841769725084305,0.023434201255440712,647
0,1,0.03991984948515892,90,FW,Bayer Leverkusen,Bayern Munich,0,0,2025-02-15,27931,2024,706476,0,0,0,0,0.03991984948515892,0.03991984948515892,0,647
2,7,2.4143266677856445,90,FW,Bayern Munich,Werder Bremen,3,0,2025-02-07,27922,2024,704539,0,0,0,0,0.8987733125686646,1.6420114040374756,0.7432380318641663,647
2,4,1.1491786241531372,61,FW,Bayern Munich,Holstein Kiel,4,3,2025-02-01,27918,2024,703210,0,0,0,2,1.1491786241531372,1.307835340499878,0.15865667164325714,647
1,1,0.060497839003801346,90,FW,Freiburg,Bayern Munich,1,2,2025-01-25,27912,2024,701307,0,0,0,1,0.060497839003801346,0.060497839003801346,0,647
0,7,0.5304296016693115,90,FW,Bayern Munich,Wolfsburg,3,2,2025-01-18,27897,2024,699941,0.6282235980033875,0,2,0,0.5304296016693115,1.4920885562896729,0.7032354474067688,647
1,5,1.4318956136703491,65,FW,Bayern Munich,Hoffenheim,5,0,2025-01-15,27888,2024,699325,0.18795016407966614,1,1,0,0.6741189360618591,0.8620691299438477,0,647
1,2,0.8022422194480896,90,FW,Borussia M.Gladbach,Bayern Munich,0,1,2025-01-11,27884,2024,698376,0.2089867889881134,0,2,0,0.0444655604660511,0.253452330827713,0,647
0,4,0.5402575731277466,89,FW,Bayern Munich,RasenBallsport Leipzig,5,1,2024-12-20,27870,2024,694931,0.19301094114780426,0,2,0,0.5402575731277466,1.998347520828247,1.3052278757095337,647
0,0,0,32,FW,Borussia Dortmund,Bayern Munich,1,1,2024-11-30,27842,2024,690322,0.0222129225730896,0,1,0,0,0.0222129225730896,0,647
3,6,2.4590251445770264,90,FW,Bayern Munich,Augsburg,3,0,2024-11-22,27834,2024,687931,0,0,0,1,0.9434716701507568,1.0221545696258545,0.07868286967277527,647
0,5,1.0014748573303223,90,FW,St. Pauli,Bayern Munich,0,1,2024-11-09,27831,2024,686473,0.33761608600616455,0,2,0,1.0014748573303223,1.3390909433364868,0,647
2,3,1.38821542263031,90,FW,Bayern Munich,Union Berlin,3,0,2024-11-02,27815,2024,684787,0.8060860633850098,1,4,1,0.6304387450218201,1.6077451705932617,0.1712203174829483,647
1,2,0.43636250495910645,71,FW,Bochum,Bayern Munich,0,5,2024-10-27,27812,2024,683873,0,0,0,1,0.43636250495910645,0.43636250495910645,0,647
3,10,2.8784830570220947,90,FW,Bayern Munich,VfB Stuttgart,4,0,2024-10-19,27797,2024,681633,0.05133349448442459,0,1,3,2.8784830570220947,3.2018346786499023,0.2720182240009308,647
0,2,0.220301553606987,74,FW,Eintracht Frankfurt,Bayern Munich,3,3,2024-10-06,27787,2024,680474,0.04804089665412903,1,1,0,0.220301553606987,0.2546256184577942,0.06288214772939682,647
0,0,0,86,FW,Bayern Munich,Bayer Leverkusen,1,1,2024-09-28,27784,2024,678120,0.06951432675123215,0,2,0,0,0.06951432675123215,0,647
1,7,0.8556426167488098,77,FW,Werder Bremen,Bayern Munich,0,5,2024-09-21,27773,2024,675395,0.5899988412857056,2,2,1,0.8556426167488098,1.5338430404663086,0.13936690986156464,647
3,6,1.542164921760559,90,FW,Holstein Kiel,Bayern Munich,1,6,2024-09-14,27766,2024,674013,0.45678406953811646,1,3,2,0.7843882441520691,1.623879075050354,0.4404895007610321,647
1,3,0.8596336245536804,90,FW,Bayern Munich,Freiburg,2,0,2024-09-01,27759,2024,672778,0.03299524635076523,0,1,0,0.10185693204402924,0.3699331283569336,0.28428003191947937,647
0,2,0.1863986998796463,90,FW,Wolfsburg,Bayern Munich,2,3,2024-08-25,27749,2024,668788,0.3956049382686615,1,2,0,0.1863986998796463,1.2747999429702759,0.6927962899208069,647
1,4,1.3309674263000488,90,FW,VfB Stuttgart,Bayern Munich,3,1,2024-05-04,23351,2023,658701,0.37354764342308044,0,2,0,0.5731907486915588,0.9467383623123169,0,647
2,6,1.617221474647522,90,FW,Bayern Munich,Eintracht Frankfurt,2,1,2024-04-27,23335,2023,656840,0.053032197058200836,0,1,1,0.859444797039032,1.1723634004592896,0.25988635420799255,647
1,3,0.188442200422287,90,FW,Union Berlin,Bayern Munich,1,5,2024-04-20,23327,2023,655041,0.40982893109321594,1,3,1,0.188442200422287,0.5495281219482422,0.020708180963993073,647
0,5,0.9299070835113525,90,FW,Bayern Munich,FC Cologne,2,0,2024-04-13,23317,2023,653082,0,0,0,0,0.9299070835113525,0.8716422915458679,0.04980451986193657,647
1,5,0.6202314496040344,90,FW,FC Heidenheim,Bayern Munich,3,2,2024-04-06,23315,2023,651580,0,0,0,1,0.6202314496040344,0.6202314496040344,0,647
0,4,1.0695021152496338,90,FW,Bayern Munich,Borussia Dortmund,0,2,2024-03-30,23299,2023,650085,0.05027015134692192,0,1,0,1.0695021152496338,1.0900269746780396,0.021261554211378098,647
1,4,1.690341830253601,84,FW,Darmstadt,Bayern Munich,2,5,2024-03-16,23298,2023,648298,0.40899741649627686,1,1,1,1.690341830253601,2.4211480617523193,0.32180869579315186,647
3,9,3.2151906490325928,90,FW,Bayern Munich,Mainz 05,8,1,2024-03-09,23281,2023,646601,0.31115713715553284,1,1,3,3.2151906490325928,3.4111509323120117,1.0896440744400024,647
0,6,0.8625733852386475,90,FW,Freiburg,Bayern Munich,2,2,2024-03-01,23273,2023,644445,0,0,0,0,0.8625733852386475,0.6173482537269592,0.0647335797548294,647
2,7,1.3545204401016235,90,FW,Bayern Munich,RasenBallsport Leipzig,2,1,2024-02-24,23271,2023,643463,0.09861849993467331,0,1,2,1.3545204401016235,1.5130027532577515,0.05986379459500313,647
1,7,1.3516815900802612,90,FW,Bochum,Bayern Munich,3,2,2024-02-18,23260,2023,642588,0,0,0,1,1.3516815900802612,1.4442976713180542,0.11828548461198807,647
0,1,0.03821352869272232,90,FW,Bayer Leverkusen,Bayern Munich,3,0,2024-02-10,23250,2023,640449,0,0,0,0,0.03821352869272232,0.03821352869272232,0,647
1,6,0.8473973274230957,90,FW,Bayern Munich,Borussia M.Gladbach,3,1,2024-02-03,23236,2023,638458,0.1101597473025322,0,1,1,0.8473973274230957,0.9887595176696777,0.1241668164730072,647
1,3,0.721172571182251,90,FW,Augsburg,Bayern Munich,2,3,2024-01-27,23234,2023,636856,0,0,0,1,0.721172571182251,0.8556791543960571,0.20183485746383667,647
0,2,0.18734580278396606,90,FW,Bayern Munich,Union Berlin,1,0,2024-01-24,23173,2023,636528,0,0,0,0,0.18734580278396606,0.3212301433086395,0.13388434052467346,647
0,3,0.22492165863513947,90,FW,Bayern Munich,Werder Bremen,0,1,2024-01-21,23218,2023,636223,0.10718497633934021,0,1,0,0.22492165863513947,0.22958020865917206,0.07841289043426514,647
1,7,1.1235365867614746,90,FW,Bayern Munich,Hoffenheim,3,0,2024-01-12,23209,2023,634506,0.3233282268047333,0,1,1,1.1235365867614746,1.4468648433685303,0,647
1,3,0.8345738649368286,90,FW,Wolfsburg,Bayern Munich,1,2,2023-12-20,23204,2023,631960,0.12231965363025665,0,1,1,0.8345738649368286,0.24906566739082336,0.09749447554349899,647
2,5,1.7538014650344849,90,FW,Bayern Munich,VfB Stuttgart,3,0,2023-12-17,23191,2023,631233,0,0,0,2,1.7538014650344849,1.660772442817688,0.6119976043701172,647
0,5,1.253441572189331,90,FW,Eintracht Frankfurt,Bayern Munich,5,1,2023-12-09,23184,2023,628684,0.12364170700311661,0,1,0,1.253441572189331,0.7764641046524048,0.13059639930725098,647
1,2,0.6838471293449402,90,FW,FC Cologne,Bayern Munich,0,1,2023-11-24,23169,2023,624440,0.6142233610153198,0,2,1,0.6838471293449402,1.8489534854888916,0.5508830547332764,647
2,6,0.5437173843383789,90,FW,Bayern Munich,FC Heidenheim,4,2,2023-11-11,23155,2023,623117,0.22692939639091492,0,2,2,0.5437173843383789,1.5154906511306763,0.8045240640640259,647
3,5,1.5588611364364624,90,FW,Borussia Dortmund,Bayern Munich,0,4,2023-11-04,23146,2023,621761,0.1332542896270752,0,1,3,1.5588611364364624,1.7517226934432983,0.1598108559846878,647
3,9,1.4609674215316772,90,FW,Bayern Munich,Darmstadt,8,0,2023-10-28,23137,2023,619843,0.32064154744148254,1,2,3,1.4609674215316772,2.966869831085205,1.402469277381897,647
1,2,0.6505712866783142,90,FW,Mainz 05,Bayern Munich,1,3,2023-10-21,23134,2023,618394,0,0,0,1,0.6505712866783142,0.25215649604797363,0.13105855882167816,647
0,4,0.2973414659500122,76,FW,Bayern Munich,Freiburg,3,0,2023-10-08,23126,2023,617266,0.9093098640441895,1,2,0,0.2973414659500122,1.458414912223816,0.25176355242729187,647
1,1,0.75777667760849,90,FW,RasenBallsport Leipzig,Bayern Munich,2,2,2023-09-30,23116,2023,614957,0.4755861759185791,0,3,0,0,0.17872953414916992,0.05024333670735359,647
3,6,2.3716371059417725,90,FW,Bayern Munich,Bochum,7,0,2023-09-23,23104,2023,612034,1.0507936477661133,2,3,2,1.6138603687286377,3.8243088722229004,1.159654974937439,647
1,2,0.940563976764679,87,FW,Bayern Munich,Bayer Leverkusen,2,2,2023-09-15,23092,2023,609938,0,0,0,1,0.940563976764679,0.5810357928276062,0.0893462523818016,647
0,3,0.26315802335739136,90,FW,Borussia M.Gladbach,Bayern Munich,1,2,2023-09-02,23089,2023,609018,0,0,0,0,0.26315802335739136,0.2374839037656784,0.08445943892002106,647
2,5,1.9270833730697632,90,FW,Bayern Munich,Augsburg,3,1,2023-08-27,23082,2023,607754,0,0,0,1,1.169306755065918,1.2826370000839233,0.11333032697439194,647
1,6,0.445835679769516,87,FW,Werder Bremen,Bayern Munich,0,4,2023-08-18,23065,2023,604767,0.5615042448043823,1,1,1,0.445835679769516,1.0180649757385254,0.1129232794046402,647
0,5,1.0013504028320312,90,FW,Sevilla,Real Madrid,0,1,2026-05-17,29524,2025,791700,0.08527903258800507,0,1,0,1.0013504028320312,1.158082127571106,0.1330038607120514,3423
0,4,0.27089256048202515,21,Sub,Real Madrid,Real Oviedo,2,0,2026-05-14,29517,2025,790605,0.12345290929079056,1,1,0,0.27089256048202515,0.35953351855278015,0,3423
0,3,0.18098081648349762,86,FW,Real Betis,Real Madrid,1,1,2026-04-24,29474,2025,785124,0.1726880520582199,0,2,0,0.18098081648349762,0.4481656849384308,0.09449680894613266,3423
1,7,0.4800330400466919,90,FW,Real Madrid,Alaves,2,1,2026-04-21,29483,2025,784457,0.1699560284614563,0,4,1,0.4800330400466919,0.630485475063324,0.11313479393720627,3423
0,5,0.6164717078208923,90,FW,Real Madrid,Girona,1,1,2026-04-10,29462,2025,781284,0.09151556342840195,0,1,0,0.6164717078208923,0.7218959331512451,0.12624569237232208,3423
0,6,0.8413193225860596,90,FW,Mallorca,Real Madrid,2,1,2026-04-04,29452,2025,780129,0.0847984105348587,0,2,0,0.8413193225860596,0.9783766865730286,0.11127996444702148,3423
0,0,0,25,Sub,Real Madrid,Atletico Madrid,3,2,2026-03-22,29446,2025,779681,0,0,0,0,0,0,0,3423
0,2,0.51113361120224,90,FW,Osasuna,Real Madrid,2,1,2026-02-21,29405,2025,771835,0.06661080569028854,0,1,0,0.51113361120224,0.599803626537323,0.022059207782149315,3423
1,4,0.633184015750885,90,FW,Valencia,Real Madrid,0,2,2026-02-08,29387,2025,769566,0.12616366147994995,0,2,1,0.633184015750885,0.7639632821083069,0.0847073420882225,3423
1,5,1.3550794124603271,90,FW,Real Madrid,Rayo Vallecano,2,1,2026-02-01,29377,2025,767581,0,0,0,0,0.61180180311203,0.7728137969970703,0.2282794564962387,3423
2,6,1.0803842544555664,90,FW,Villarreal,Real Madrid,0,2,2026-01-24,29367,2025,765956,0,0,0,1,0.3371065855026245,0.3371065855026245,0,3423
1,6,1.2330243587493896,90,FW,Real Madrid,Levante,2,0,2026-01-17,29351,2025,763948,0.09995544701814651,0,2,0,0.48974668979644775,1.0174424648284912,0.5164075493812561,3423
1,9,2.5369153022766113,90,FW,Real Madrid,Sevilla,2,0,2025-12-20,29322,2025,759431,0.10711222141981125,0,1,0,1.7936375141143799,0.722683846950531,0,3423
1,5,0.30313143134117126,90,FW,Alaves,Real Madrid,1,2,2025-12-14,29308,2025,758654,0.124481700360775,0,1,1,0.30313143134117126,0.3894459009170532,0,3423
0,3,0.45166897773742676,90,FW,Real Madrid,Celta Vigo,0,2,2025-12-07,29303,2025,757066,0.5826596021652222,0,4,0,0.45166897773742676,0.9063205122947693,0.035888176411390305,3423
2,4,0.4926506280899048,80,FW,Athletic Club,Real Madrid,0,3,2025-12-03,29338,2025,755071,1.0546467304229736,1,2,2,0.4926506280899048,1.830456018447876,1.0096454620361328,3423
1,5,0.9951971173286438,90,FW,Girona,Real Madrid,1,1,2025-11-30,29290,2025,754763,0.6009905934333801,0,4,0,0.2519194781780243,0.8811224102973938,0.1404820829629898,3423
0,4,0.9200555682182312,90,FW,Elche,Real Madrid,2,2,2025-11-23,29280,2025,753093,1.0873219966888428,1,5,0,0.9200555682182312,2.171487808227539,1.0313441753387451,3423
0,1,0.02957998588681221,90,FW,Rayo Vallecano,Real Madrid,0,0,2025-11-09,29272,2025,751052,0.034446459263563156,0,2,0,0.02957998588681221,0.11991596221923828,0.07004781812429428,3423
2,5,1.4035956859588623,85,FW,Real Madrid,Valencia,4,0,2025-11-01,29263,2025,748773,0.11347983032464981,0,3,1,0.6603180170059204,0.9146173596382141,0.1408195197582245,3423
1,5,1.2995085716247559,90,FW,Real Madrid,Barcelona,2,1,2025-10-26,29254,2025,746819,0.431877464056015,0,4,1,0.556230902671814,0.9617718458175659,0,3423
1,7,1.0012600421905518,90,FW,Getafe,Real Madrid,0,1,2025-10-19,29242,2025,745299,0.11543551832437515,0,2,1,1.0012600421905518,1.0010627508163452,0.05787212401628494,3423
1,3,0.5462391376495361,84,FW,Real Madrid,Villarreal,3,1,2025-10-04,29231,2025,742779,0.48089852929115295,1,3,1,0.5462391376495361,1.1811085939407349,0.19937796890735626,3423
1,1,0.32865577936172485,90,FW,Atletico Madrid,Real Madrid,5,2,2025-09-27,29219,2025,740744,0,0,0,1,0.32865577936172485,0.8586508631706238,0.5299950838088989,3423
2,4,1.516300916671753,83,FW,Levante,Real Madrid,1,4,2025-09-23,29210,2025,739987,0.11918777972459793,0,3,1,0.7730233073234558,0.9110331535339355,0.07600288838148117,3423
1,8,1.3846076726913452,90,FW,Real Madrid,Espanyol,2,0,2025-09-20,29206,2025,738683,0.12994247674942017,0,1,1,1.3846076726913452,1.6047601699829102,0.5545532703399658,3423
1,6,1.2062236070632935,90,FW,Real Sociedad,Real Madrid,1,2,2025-09-13,29195,2025,737047,0.6576356291770935,1,2,1,1.2062236070632935,1.7569832801818848,0.6576356291770935,3423
0,5,0.7364838719367981,90,FW,Real Madrid,Mallorca,2,1,2025-08-30,29184,2025,735571,0.3088130056858063,0,7,0,0.7364838719367981,0.9731348752975464,0.041138097643852234,3423
2,7,0.6862600445747375,89,FW,Real Oviedo,Real Madrid,0,3,2025-08-24,29175,2025,734413,0.12117219716310501,0,3,2,0.6862600445747375,1.0655741691589355,0.39261338114738464,3423
1,6,0.9966684579849243,90,FW,Real Madrid,Osasuna,1,0,2025-08-19,29167,2025,732775,0.15011000633239746,0,2,0,0.2533908188343048,0.4956945776939392,0.29077833890914917,3423
2,8,2.5768203735351562,90,FW,Real Madrid,Real Sociedad,2,0,2025-05-24,27355,2024,729631,0.294528067111969,0,1,2,1.8335427045822144,1.5358333587646484,0.013900483958423138,3423
1,7,0.6185939908027649,90,FW,Sevilla,Real Madrid,0,2,2025-05-18,27348,2024,728741,0,0,0,1,0.6185939908027649,1.514649510383606,0.9246947169303894,3423
1,9,1.0593914985656738,90,FW,Real Madrid,Mallorca,2,1,2025-05-14,27339,2024,727325,0.2546585202217102,0,6,1,1.0593914985656738,0.825144350528717,0.07554950565099716,3423
3,5,2.089407205581665,90,FW,Barcelona,Real Madrid,4,3,2025-05-11,27324,2024,726749,0.33549484610557556,0,1,2,1.3461296558380127,1.6816245317459106,0,3423
2,4,0.7982617020606995,90,FW,Real Madrid,Celta Vigo,3,2,2025-05-04,27317,2024,724547,0.497437447309494,0,2,2,0.7982617020606995,1.2419496774673462,0,3423
0,0,0,37,FW,Alaves,Real Madrid,0,1,2025-04-13,27287,2024,719450,0,0,0,0,0,0.12194381654262543,0.12194381654262543,3423
0,6,0.3636460304260254,90,FW,Real Madrid,Valencia,1,2,2025-04-05,27273,2024,716899,0.7465276718139648,0,2,0,0.3636460304260254,1.1101737022399902,0.14161129295825958,3423
2,9,1.599558711051941,90,FW,Real Madrid,Leganes,3,2,2025-03-29,27268,2024,715130,0.0957716554403305,0,1,1,0.8562811613082886,1.4347646236419678,0.5817700028419495,3423
2,3,0.641564130783081,90,FW,Villarreal,Real Madrid,1,2,2025-03-15,27259,2024,713251,0.5333395600318909,0,2,2,0.641564130783081,1.248571753501892,0.737662136554718,3423
1,4,0.8507775068283081,83,FW,Real Madrid,Rayo Vallecano,2,1,2025-03-09,27251,2024,712038,0,0,0,1,0.8507775068283081,0.8103511929512024,0,3423
0,0,0,77,FW,Real Betis,Real Madrid,2,1,2025-03-01,27233,2024,709942,0,0,0,0,0,0.6913039088249207,0.6913039088249207,3423
0,6,1.0252070426940918,90,FW,Real Madrid,Girona,2,0,2025-02-23,27228,2024,708480,0.6460582613945007,1,5,0,1.0252070426940918,1.8139557838439941,0.7516745328903198,3423
1,8,1.3050987720489502,90,FW,Osasuna,Real Madrid,1,1,2025-02-15,27220,2024,706332,1.0264428853988647,0,2,1,1.3050987720489502,2.4764480590820312,0.21027296781539917,3423
1,3,0.8800011873245239,90,FW,Real Madrid,Atletico Madrid,1,1,2025-02-08,27205,2024,704976,0,0,0,1,0.8800011873245239,1.8944205045700073,1.0144193172454834,3423
0,3,0.42011597752571106,90,FW,Espanyol,Real Madrid,1,0,2025-02-01,27201,2024,703818,0.20125894248485565,0,3,0,0.42011597752571106,0.7944567799568176,0.20922449231147766,3423
3,6,1.3755370378494263,90,FW,Real Valladolid,Real Madrid,0,3,2025-01-25,27190,2024,701824,0,0,0,2,0.6322594285011292,1.1766756772994995,0.6181175708770752,3423
2,6,1.3569984436035156,90,FW,Real Madrid,Las Palmas,4,1,2025-01-19,27180,2024,700667,1.506850242614746,0,5,1,0.6137208342552185,3.092243194580078,1.1656635999679565,3423
0,0,0,90,FW,Valencia,Real Madrid,1,2,2025-01-03,27099,2024,697067,0.1257188469171524,0,1,0,0,0.1257188469171524,0,3423
1,5,0.7339074611663818,90,FW,Real Madrid,Sevilla,4,2,2024-12-22,27157,2024,695822,1.2875580787658691,1,5,1,0.7339074611663818,2.168095827102661,0.8468033671379089,3423
1,4,0.4473365545272827,82,FW,Girona,Real Madrid,0,3,2024-12-07,27137,2024,692552,0,0,0,1,0.4473365545272827,0.46366915106773376,0.01633259281516075,3423
0,3,1.172120213508606,90,FW,Athletic Club,Real Madrid,2,1,2024-12-04,27162,2024,691502,0.05932431295514107,0,1,0,0.4288426339626312,0.5800923705101013,0.09192539006471634,3423
1,5,1.5841703414916992,90,FWL,Real Madrid,Getafe,2,0,2024-12-01,27127,2024,690810,0.40511131286621094,0,1,1,1.5841703414916992,2.076045513153076,0.49187517166137695,3423
1,5,1.0613553524017334,84,FW,Leganes,Real Madrid,0,3,2024-11-24,27116,2024,689392,0,0,0,1,1.0613553524017334,1.395400047302246,0.3340446949005127,3423
0,5,0.40045344829559326,90,FW,Real Madrid,Osasuna,4,0,2024-11-09,27109,2024,686365,0.527486264705658,0,2,0,0.40045344829559326,0.814816951751709,0.05266260355710983,3423
0,3,0.5992578864097595,90,FW,Real Madrid,Barcelona,0,4,2024-10-26,27085,2024,683275,0.01733161322772503,0,1,0,0.5992578864097595,0.8827055096626282,0.30438435077667236,3423
1,2,0.09988615661859512,83,FW,Celta Vigo,Real Madrid,1,2,2024-10-19,27075,2024,681774,0,0,0,1,0.09988615661859512,0.14078748226165771,0.040901318192481995,3423
0,3,0.11915329098701477,73,FW,Real Madrid,Villarreal,2,0,2024-10-05,27063,2024,679924,0.054297883063554764,0,1,0,0.11915329098701477,0.16885437071323395,0.0311437901109457,3423
1,1,0.4452016055583954,82,FW,Real Madrid,Alaves,3,2,2024-09-24,27051,2024,677002,0,0,0,1,0.4452016055583954,0.4452016055583954,0.4452016055583954,3423
1,9,1.9825726747512817,90,FW,Real Madrid,Espanyol,4,1,2024-09-21,27041,2024,676121,0.6915003061294556,1,7,0,1.2392950057983398,2.399531602859497,0.5729506015777588,3423
1,3,0.8317681550979614,90,FW,Real Sociedad,Real Madrid,0,2,2024-09-14,27031,2024,674142,0.04852623865008354,0,1,0,0.08849053084850311,0.1697407066822052,0.032723937183618546,3423
2,9,1.6032792329788208,87,FW,Real Madrid,Real Betis,2,0,2024-09-01,27021,2024,673087,0.038892004638910294,0,1,1,0.8600015640258789,0.8988935351371765,0.47091153264045715,3423
0,9,0.7554198503494263,90,FW,Las Palmas,Real Madrid,1,1,2024-08-29,27011,2024,669630,0,0,0,0,0.7554198503494263,0.7554198503494263,0,3423
0,4,1.073331356048584,90,FW,Real Madrid,Real Valladolid,3,0,2024-08-25,26998,2024,668835,0,0,0,0,1.073331356048584,1.0808602571487427,0.04769236966967583,3423
0,4,0.2654423117637634,90,FW,Mallorca,Real Madrid,1,1,2024-08-18,26989,2024,667279,0,0,0,0,0.2654423117637634,0.2831198573112488,0.04431828483939171,3423
1,5,0.5349519848823547,90,FW,Paris Saint Germain,Toulouse,1,3,2024-05-12,23659,2023,661535,0.06552354991436005,0,1,1,0.5349519848823547,1.1126254796981812,0.8783687949180603,3423
0,1,0.01779061183333397,41,Sub,Paris Saint Germain,Le Havre,3,3,2024-04-27,23641,2023,657223,0,0,0,0,0.01779061183333397,0.04516757279634476,0.04516757279634476,3423
2,5,0.7271597385406494,90,FWL,Lorient,Paris Saint Germain,1,4,2024-04-24,23624,2023,656148,0.8623170256614685,1,4,2,0.7271597385406494,1.6567471027374268,0.06727039813995361,3423
0,2,0.5257443189620972,15,Sub,Paris Saint Germain,Clermont Foot,1,1,2024-04-06,23614,2023,652030,0.4450155198574066,1,1,0,0.5257443189620972,0.6440353989601135,0.09247179329395294,3423
0,0,0,67,FW,Marseille,Paris Saint Germain,0,2,2024-03-31,23606,2023,650750,0.05117592588067055,0,1,0,0,0.12820948660373688,0.07703355699777603,3423
3,4,0.4960063099861145,90,FWL,Montpellier,Paris Saint Germain,2,6,2024-03-17,23603,2023,649174,0.5464560985565186,1,3,3,0.4960063099861145,0.8829169869422913,0.15401770174503326,3423
0,3,0.11700396239757538,14,Sub,Paris Saint Germain,Reims,2,2,2024-03-10,23587,2023,647101,0,0,0,0,0.11700396239757538,0.11700396239757538,0,3423
0,1,0.02393634058535099,50,FWL,Monaco,Paris Saint Germain,0,0,2024-03-01,23580,2023,644534,0.08152276277542114,0,2,0,0.02393634058535099,0.1802612841129303,0.07480218261480331,3423
0,3,0.15691423416137695,66,FW,Paris Saint Germain,Rennes,1,1,2024-02-25,23569,2023,643927,0.10928770154714584,0,1,0,0.15691423416137695,0.3059564232826233,0.14904218912124634,3423
1,2,0.8810560703277588,25,Sub,Nantes,Paris Saint Germain,0,2,2024-02-17,23566,2023,642125,0,0,0,0,0.12096094340085983,0.14877256751060486,0.14877256751060486,3423
1,2,1.091614007949829,90,FW,Strasbourg,Paris Saint Germain,1,2,2024-02-02,23542,2023,638226,0.5623610615730286,1,1,1,0.33151891827583313,0.925926148891449,0.5944072604179382,3423
0,4,0.3394375443458557,90,FW,Paris Saint Germain,Brest,2,2,2024-01-28,23533,2023,637633,0.10758491605520248,0,1,0,0.3394375443458557,1.1017870903015137,0.6547645926475525,3423
1,7,0.7816550731658936,90,FW,Lens,Paris Saint Germain,0,2,2024-01-14,23528,2023,635539,0.49263834953308105,1,1,1,0.7816550731658936,1.308153748512268,0.15968096256256104,3423
2,8,0.9827142953872681,90,FW,Paris Saint Germain,Metz,3,1,2023-12-20,23515,2023,631882,0.1265430450439453,0,1,2,0.9827142953872681,1.6542035341262817,0.6314018368721008,3423
1,5,1.0417295694351196,90,FW,Lille,Paris Saint Germain,1,1,2023-12-17,23510,2023,631309,0,0,0,0,0.2816343903541565,0.2816343903541565,0,3423
0,4,0.2974102795124054,90,FW,Paris Saint Germain,Nantes,2,1,2023-12-09,23497,2023,629060,0.05097023770213127,0,1,0,0.2974102795124054,0.5173403024673462,0.1689598113298416,3423
1,5,0.961807370185852,90,FW,Le Havre,Paris Saint Germain,0,2,2023-12-03,23495,2023,627045,0.052267465740442276,0,1,1,0.961807370185852,1.0140748023986816,0,3423
1,4,1.3157607316970825,90,FWL,Paris Saint Germain,Monaco,5,2,2023-11-24,23479,2023,624483,0.04403837397694588,1,1,0,0.5556656122207642,0.7299882173538208,0.13028420507907867,3423
3,9,1.9519468545913696,90,AMC,Reims,Paris Saint Germain,0,3,2023-11-11,23473,2023,623371,0.08317684382200241,0,1,3,1.9519468545913696,2.070619583129883,0.13939893245697021,3423
0,4,0.1833554357290268,90,FW,Paris Saint Germain,Montpellier,3,0,2023-11-03,23461,2023,621131,0.08590272068977356,0,1,0,0.1833554357290268,0.5388360023498535,0.47227218747138977,3423
2,5,1.5732797384262085,90,FW,Brest,Paris Saint Germain,2,3,2023-10-29,23460,2023,620319,0.31394559144973755,0,4,2,0.8131845593452454,0.6113802194595337,0.18727324903011322,3423
1,3,1.1598398685455322,90,FW,Paris Saint Germain,Strasbourg,3,0,2023-10-21,23443,2023,618223,0.6841612458229065,1,2,0,0.3997447192668915,1.0839059352874756,0,3423
0,8,1.4465755224227905,90,FWL,Rennes,Paris Saint Germain,1,3,2023-10-08,23435,2023,617564,0.41176798939704895,0,2,0,1.4465755224227905,2.8555736541748047,0.9972301125526428,3423
0,5,0.7947143316268921,90,FWL,Clermont Foot,Paris Saint Germain,0,0,2023-09-30,23431,2023,614835,0.17142216861248016,0,2,0,0.7947143316268921,1.4625931978225708,0.6126224398612976,3423
0,1,0.0957891196012497,31,FWL,Paris Saint Germain,Marseille,4,0,2023-09-24,23416,2023,613332,0,0,0,0,0.0957891196012497,0.0957891196012497,0,3423
2,5,0.3013375997543335,90,FWL,Paris Saint Germain,Nice,2,3,2023-09-15,23407,2023,609970,0.2150077372789383,0,1,2,0.3013375997543335,1.0768465995788574,0.560501217842102,3423
2,6,1.8060482740402222,90,FWL,Lyon,Paris Saint Germain,1,4,2023-09-03,23401,2023,609828,0.3111327588558197,0,4,1,1.0459530353546143,2.424342155456543,1.1510151624679565,3423
2,6,0.8042024374008179,90,FWL,Paris Saint Germain,Lens,3,1,2023-08-26,23389,2023,607357,0.18646249175071716,0,2,2,0.8042024374008179,1.7933075428009033,1.1262786388397217,3423
1,3,0.8950599431991577,35,Sub,Toulouse,Paris Saint Germain,1,1,2023-08-19,23380,2023,605609,0.0505644716322422,0,1,0,0.13496480882167816,0.5343911647796631,0.34886184334754944,3423
1,2,0.1569846272468567,90,FW,Bournemouth,Manchester City,1,1,2026-05-19,29138,2025,792361,0.44766804575920105,0,1,1,0.1569846272468567,0.5119515657424927,0,8260
1,5,2.2928519248962402,90,FW,Manchester City,Brentford,3,0,2026-05-09,29133,2025,788935,0.20362892746925354,1,2,1,2.2928519248962402,2.341719388961792,0,8260
1,2,0.46357065439224243,90,FW,Everton,Manchester City,3,3,2026-05-04,29123,2025,788392,0,0,0,1,0.46357065439224243,0.5049169659614563,0.04134632274508476,8260
1,5,0.9561399817466736,90,FW,Burnley,Manchester City,0,1,2026-04-22,29111,2025,784697,0,0,0,1,0.9561399817466736,1.6995596885681152,0.9339202642440796,8260
1,5,1.5067534446716309,90,FW,Manchester City,Arsenal,2,1,2026-04-19,29104,2025,783994,0.09006273001432419,0,1,1,1.5067534446716309,1.2091929912567139,0.058967750519514084,8260
0,4,0.28210166096687317,90,FW,Chelsea,Manchester City,0,3,2026-04-12,29095,2025,782483,0,0,0,0,0.28210166096687317,0.22943703830242157,0,8260
0,4,0.3068123757839203,90,FW,West Ham,Manchester City,1,1,2026-03-14,29077,2025,777148,0.08309895545244217,0,1,0,0.3068123757839203,0.5031764507293701,0.11326514929533005,8260
0,2,0.3581704795360565,90,FW,Manchester City,Nottingham Forest,2,2,2026-03-04,29064,2025,774768,0,0,0,0,0.3581704795360565,0.908891499042511,0.5507209897041321,8260
0,4,0.5676674842834473,90,FW,Manchester City,Newcastle United,2,1,2026-02-21,29043,2025,771942,0.3595315217971802,1,1,0,0.5676674842834473,1.053681492805481,0.16342711448669434,8260
1,2,0.16251777112483978,48,FW,Manchester City,Fulham,3,0,2026-02-11,29033,2025,769859,0,0,0,1,0.16251777112483978,0.5516473650932312,0.3891295790672302,8260
1,3,1.2792962789535522,90,FW,Liverpool,Manchester City,1,2,2026-02-08,29024,2025,769444,0.659761905670166,1,3,0,0.5181275010108948,1.177889347076416,0,8260
0,2,0.26864802837371826,90,FW,Tottenham,Manchester City,2,2,2026-02-01,29016,2025,767927,0.5082056522369385,1,4,0,0.26864802837371826,0.6353205442428589,0,8260
0,0,0,13,Sub,Manchester City,Wolverhampton Wanderers,2,0,2026-01-24,29005,2025,765667,0,0,0,0,0,0,0,8260
0,2,0.15837493538856506,82,FW,Manchester United,Manchester City,2,0,2026-01-17,28993,2025,763933,0,0,0,0,0.15837493538856506,0.2205907255411148,0.062215786427259445,8260
1,8,1.6204416751861572,90,FW,Manchester City,Brighton,1,1,2026-01-07,28985,2025,762269,0.06574174761772156,0,1,0,0.8592727780342102,0.9757370352745056,0.07229414582252502,8260
0,5,0.369107186794281,90,FW,Manchester City,Chelsea,1,1,2026-01-04,28977,2025,761845,0,0,0,0,0.369107186794281,0.369107186794281,0,8260
0,2,0.515969455242157,90,FW,Sunderland,Manchester City,0,0,2026-01-01,28966,2025,760786,0.10437284409999847,0,1,0,0.515969455242157,0.6203423142433167,0,8260
0,2,0.20363715291023254,90,FW,Nottingham Forest,Manchester City,1,2,2025-12-27,28955,2025,759976,0.08340350538492203,0,1,0,0.20363715291023254,0.287040650844574,0,8260
2,7,2.205475091934204,90,FW,Manchester City,West Ham,3,0,2025-12-20,28944,2025,759097,0.549841046333313,1,1,2,2.205475091934204,2.7553160190582275,0,8260
2,2,1.0563724040985107,90,FW,Crystal Palace,Manchester City,0,3,2025-12-14,28932,2025,758106,0,0,0,1,0.2952035069465637,0.2952035069465637,0,8260
0,1,0.578275740146637,72,FW,Manchester City,Sunderland,3,0,2025-12-06,28924,2025,755976,0,0,0,0,0.578275740146637,1.0490206480026245,0.47074493765830994,8260
1,5,0.7861123085021973,90,FW,Fulham,Manchester City,4,5,2025-12-02,28912,2025,754949,0.9277656078338623,2,2,1,0.7861123085021973,1.859334111213684,0.6908242106437683,8260
0,1,0.06878919154405594,90,FW,Manchester City,Leeds,3,2,2025-11-29,28903,2025,753668,0.018476994708180428,0,1,0,0.06878919154405594,0.08726618438959122,0.018476994708180428,8260
0,5,1.2715270519256592,90,FW,Newcastle United,Manchester City,2,1,2025-11-22,28896,2025,752258,0,0,0,0,1.2715270519256592,1.2715270519256592,0,8260
1,2,0.809876024723053,90,FW,Manchester City,Liverpool,3,0,2025-11-09,28883,2025,751162,0.1073572114109993,0,1,1,0.048707157373428345,0.3544711470603943,0.19840678572654724,8260
2,6,1.3544570207595825,87,FW,Manchester City,Bournemouth,3,1,2025-11-02,28873,2025,749305,0,0,0,2,1.3544570207595825,1.8452789783477783,0.5507687926292419,8260
0,3,0.4114522933959961,90,FW,Aston Villa,Manchester City,1,0,2025-10-26,28860,2025,746644,0,0,0,0,0.4114522933959961,0.4114522933959961,0,8260
2,5,1.2514570951461792,90,FW,Manchester City,Everton,2,0,2025-10-18,28853,2025,744228,0,0,0,2,1.2514570951461792,1.3008506298065186,0.3825669586658478,8260
1,1,0.2928302586078644,90,FW,Brentford,Manchester City,0,1,2025-10-05,28841,2025,743381,0,0,0,1,0.2928302586078644,0.3107657730579376,0.017935506999492645,8260
2,7,1.7436816692352295,90,FW,Manchester City,Burnley,5,1,2025-09-27,28833,2025,740697,0.6399813294410706,1,2,2,1.7436816692352295,1.899592399597168,0.16542208194732666,8260
1,2,0.6271476149559021,81,FW,Arsenal,Manchester City,1,1,2025-09-21,28827,2025,739615,0,0,0,1,0.6271476149559021,0.7404024600982666,0.1132548376917839,8260
2,5,1.2158007621765137,88,FW,Manchester City,Manchester United,3,0,2025-09-14,28817,2025,737818,0.2935310900211334,0,1,2,1.2158007621765137,1.5743224620819092,0.06499067693948746,8260
1,7,1.3664970397949219,90,FW,Brighton,Manchester City,2,1,2025-08-31,28805,2025,735708,0,0,0,1,1.3664970397949219,1.3156445026397705,0,8260
0,1,0.4975411593914032,90,FW,Manchester City,Tottenham,0,2,2025-08-23,28789,2025,732990,0.36525797843933105,0,1,0,0.4975411593914032,0.470127671957016,0.10486970096826553,8260
2,6,1.7889983654022217,78,FW,Wolverhampton Wanderers,Manchester City,0,4,2025-08-16,28783,2025,732759,0,0,0,2,1.7889983654022217,1.3945746421813965,0,8260
1,4,0.9217206239700317,86,FW,Fulham,Manchester City,0,2,2025-05-25,26981,2024,730213,0.09385798871517181,0,1,0,0.1605517864227295,0.34762975573539734,0.21833868324756622,8260
0,1,0.10433322936296463,85,FW,Manchester City,Bournemouth,3,1,2025-05-20,26970,2024,729321,0,0,0,0,0.10433322936296463,0.24874845147132874,0.24874845147132874,8260
0,1,0.038848284631967545,90,FW,Southampton,Manchester City,0,0,2025-05-10,26959,2024,725796,0.1334400773048401,0,2,0,0.038848284631967545,0.15355238318443298,0.020112302154302597,8260
1,3,0.8935716152191162,90,FW,Manchester City,Brighton,2,2,2025-03-15,26889,2024,713019,0,0,0,0,0.13240274786949158,0.13240274786949158,0,8260
0,2,0.13173797726631165,90,FW,Nottingham Forest,Manchester City,1,0,2025-03-08,26878,2024,711029,0.013461300171911716,0,1,0,0.13173797726631165,0.13173797726631165,0,8260
1,3,1.5959473848342896,90,FW,Tottenham,Manchester City,0,1,2025-02-26,26865,2024,709199,0.06690571457147598,0,1,1,1.5959473848342896,1.9845579862594604,0.32170483469963074,8260
0,2,0.10855225473642349,89,FW,Manchester City,Newcastle United,4,0,2025-02-15,26848,2024,706222,0.619269073009491,1,2,0,0.10855225473642349,0.0440729558467865,0,8260
1,1,0.4302590787410736,90,FW,Arsenal,Manchester City,5,1,2025-02-02,26833,2024,704215,0,0,0,1,0.4302590787410736,0.4302590787410736,0,8260
1,3,0.440841406583786,90,FW,Manchester City,Chelsea,3,1,2025-01-25,26828,2024,701658,0.5165383219718933,1,3,1,0.440841406583786,0.9673612713813782,0.09608926624059677,8260
1,3,0.9210678339004517,64,FW,Ipswich,Manchester City,0,6,2025-01-19,26816,2024,700777,0.11348738521337509,0,1,1,0.9210678339004517,1.034555196762085,0,8260
0,4,0.6800458431243896,90,FW,Brentford,Manchester City,2,2,2025-01-14,26803,2024,699017,0.07044260203838348,0,1,0,0.6800458431243896,1.153271198272705,0.402782678604126,8260
2,2,1.0754677057266235,85,FW,Manchester City,West Ham,4,1,2025-01-04,26798,2024,697286,0.10999300330877304,0,1,2,1.0754677057266235,1.2413910627365112,0.055930379778146744,8260
1,6,1.0498470067977905,90,FW,Leicester,Manchester City,0,2,2024-12-29,26788,2024,696607,0.09879187494516373,0,2,1,1.0498470067977905,1.1486388444900513,0.14268042147159576,8260
0,2,0.8285613656044006,90,FW,Manchester City,Everton,1,1,2024-12-26,26777,2024,696131,0.08920816332101822,0,2,0,0.0673925131559372,0.49252939224243164,0.351056307554245,8260
0,1,0.07600264251232147,90,FW,Aston Villa,Manchester City,2,1,2024-12-21,26762,2024,695035,0,0,0,0,0.07600264251232147,0.14893469214439392,0.07293204963207245,8260
0,1,0.12396240234375,90,FW,Manchester City,Manchester United,1,2,2024-12-15,26753,2024,694446,0.0921233743429184,0,1,0,0.12396240234375,0.2495207041501999,0.033434923738241196,8260
1,3,0.7886126637458801,90,FW,Crystal Palace,Manchester City,2,2,2024-12-07,26747,2024,692214,0,0,0,1,0.7886126637458801,0.8618574738502502,0.14263911545276642,8260
0,2,0.3447391390800476,90,FW,Manchester City,Nottingham Forest,3,0,2024-12-04,26739,2024,691395,0.6112229824066162,1,3,0,0.3447391390800476,0.8992239236831665,0,8260
0,2,0.11355376243591309,90,FW,Liverpool,Manchester City,2,0,2024-12-01,26726,2024,690882,0.08823750168085098,0,1,0,0.11355376243591309,0.28778398036956787,0.0859927162528038,8260
0,7,1.0945842266082764,90,FW,Manchester City,Tottenham,0,4,2024-11-23,26720,2024,688676,0.05656544119119644,0,2,0,1.0945842266082764,1.1511496305465698,0.3271585702896118,8260
1,7,2.097343683242798,90,FW,Brighton,Manchester City,2,1,2024-11-09,26703,2024,686874,0,0,0,1,2.097343683242798,1.7350331544876099,0.10354502499103546,8260
0,6,1.597485899925232,90,FW,Bournemouth,Manchester City,2,1,2024-11-02,26692,2024,684988,0,0,0,0,1.597485899925232,0.5052968263626099,0,8260
1,8,2.4392433166503906,90,FW,Manchester City,Southampton,1,0,2024-10-26,26683,2024,682940,0,0,0,1,2.4392433166503906,1.6897268295288086,0.02800319343805313,8260
0,0,0,90,FW,Wolverhampton Wanderers,Manchester City,1,2,2024-10-20,26681,2024,681899,0.08238567411899567,0,1,0,0,0.21769222617149353,0.13530655205249786,8260
0,4,0.2977975308895111,90,FW,Manchester City,Fulham,3,2,2024-10-05,26664,2024,679461,0.19252854585647583,0,2,0,0.2977975308895111,0.385058730840683,0.0758012980222702,8260
0,5,0.3910007178783417,90,FW,Newcastle United,Manchester City,1,1,2024-09-28,26652,2024,677456,0.11883508414030075,0,1,0,0.3910007178783417,0.6735008358955383,0.1636650413274765,8260
1,6,0.829184889793396,90,FW,Manchester City,Arsenal,2,2,2024-09-22,26651,2024,676593,0,0,0,1,0.829184889793396,0.620265543460846,0.06208033487200737,8260
2,6,0.7304578423500061,90,FW,Manchester City,Brentford,2,1,2024-09-14,26637,2024,673682,0,0,0,2,0.7304578423500061,0.7304578423500061,0,8260
3,5,1.3136647939682007,90,FW,West Ham,Manchester City,1,3,2024-08-31,26628,2024,672027,0.41393324732780457,0,1,3,1.3136647939682007,1.7610317468643188,0.4473669230937958,8260
3,7,1.8404642343521118,90,FW,Manchester City,Ipswich,4,1,2024-08-24,26615,2024,668080,0,0,0,2,1.0792953968048096,0.762309730052948,0,8260
1,2,0.6556934714317322,90,FW,Chelsea,Manchester City,0,2,2024-08-18,26610,2024,667035,0,0,0,1,0.6556934714317322,0.6556934714317322,0,8260
0,4,0.9477797150611877,90,FW,Manchester City,West Ham,3,1,2024-05-19,22273,2023,662999,0,0,0,0,0.9477797150611877,0.5510027408599854,0.26654958724975586,8260
2,2,1.7057511806488037,90,FW,Tottenham,Manchester City,0,2,2024-05-14,22233,2023,661924,0,0,0,1,0.9445824027061462,0.9445824027061462,0,8260
0,3,0.494983971118927,85,FW,Fulham,Manchester City,0,4,2024-05-11,22258,2023,660340,0,0,0,0,0.494983971118927,0.6965469717979431,0.20156298577785492,8260
4,8,2.727445363998413,90,FW,Manchester City,Wolverhampton Wanderers,5,1,2024-05-04,22253,2023,659058,0.08303657174110413,0,1,2,1.2051076889038086,1.2881442308425903,0,8260
1,2,0.49326857924461365,24,Sub,Nottingham Forest,Manchester City,0,2,2024-04-28,22242,2023,657820,0,0,0,1,0.49326857924461365,0.6472301483154297,0.15396158397197723,8260
1,5,1.7268610000610352,83,FW,Manchester City,Luton,5,1,2024-04-13,22221,2023,653300,0.21258577704429626,0,2,0,0.9656922221183777,1.4870694875717163,0.30879154801368713,8260
1,2,0.9410296678543091,90,FW,Crystal Palace,Manchester City,2,4,2024-04-06,22207,2023,651453,0.4289129674434662,0,1,1,0.9410296678543091,1.3877830505371094,0.017840420827269554,8260
0,4,0.23296187818050385,90,FW,Manchester City,Arsenal,0,0,2024-03-31,22190,2023,650583,0,0,0,0,0.23296187818050385,0.3273341953754425,0.12129729986190796,8260
0,1,0.11550401896238327,90,FW,Liverpool,Manchester City,1,1,2024-03-10,22171,2023,647481,0.13821840286254883,0,3,0,0.11550401896238327,0.30607396364212036,0.05235155299305916,8260
1,4,1.0998568534851074,90,FW,Manchester City,Manchester United,3,1,2024-03-03,22160,2023,645745,0,0,0,1,1.0998568534851074,1.2044260501861572,0.1045691967010498,8260
0,4,0.8210590481758118,78,FW,Bournemouth,Manchester City,0,1,2024-02-24,22145,2023,643417,0,0,0,0,0.8210590481758118,0.8210590481758118,0,8260
1,6,0.5859382152557373,90,FW,Manchester City,Brentford,1,0,2024-02-20,22074,2023,642815,0,0,0,1,0.5859382152557373,0.9569523930549622,0.45587727427482605,8260
0,10,1.7393615245819092,90,FW,Manchester City,Chelsea,1,1,2024-02-17,22140,2023,641986,0.04408244043588638,0,2,0,1.7393615245819092,1.683920979499817,0.04891693592071533,8260
2,4,0.6128657460212708,90,FW,Manchester City,Everton,2,0,2024-02-10,22130,2023,639882,0.129068061709404,0,2,2,0.6128657460212708,0.6067051291465759,0,8260
0,3,0.5047062635421753,89,FW,Brentford,Manchester City,1,3,2024-02-05,22117,2023,639649,0.468620240688324,1,2,0,0.5047062635421753,0.8968339562416077,0.02642230875790119,8260
0,2,0.17712372541427612,17,Sub,Manchester City,Burnley,3,1,2024-01-31,22114,2023,637937,0,0,0,0,0.17712372541427612,0.17712372541427612,0,8260
0,2,1.001983880996704,90,FW,Aston Villa,Manchester City,1,0,2023-12-06,22035,2023,628078,0,0,0,0,1.001983880996704,1.001983880996704,0,8260
0,5,0.8447249531745911,90,FW,Manchester City,Tottenham,3,3,2023-12-03,22031,2023,627548,0.48239991068840027,1,2,0,0.8447249531745911,1.3180770874023438,0.07510056346654892,8260
1,5,1.1248512268066406,90,FW,Manchester City,Liverpool,1,1,2023-11-25,22020,2023,624575,0,0,0,1,1.1248512268066406,1.1294128894805908,0.1331288069486618,8260
2,4,2.2606170177459717,90,FW,Chelsea,Manchester City,4,4,2023-11-12,22009,2023,624166,0.17212361097335815,1,3,1,1.499448299407959,1.6715718507766724,0,8260
0,3,0.39677807688713074,50,FW,Manchester City,Bournemouth,6,1,2023-11-04,22000,2023,621499,0,0,0,0,0.39677807688713074,0.44457507133483887,0.14503858983516693,8260
2,5,2.236036777496338,90,FW,Manchester United,Manchester City,0,3,2023-10-29,21992,2023,620745,0.9242032766342163,1,1,1,1.4748680591583252,2.5050981044769287,0.15876775979995728,8260
1,2,0.20188960433006287,90,FW,Manchester City,Brighton,2,1,2023-10-21,21980,2023,618133,0,0,0,1,0.20188960433006287,0.24849213659763336,0.046602535992860794,8260
0,0,0,90,FW,Arsenal,Manchester City,1,0,2023-10-08,21965,2023,617312,0.46932515501976013,0,2,0,0,0.10000652819871902,0.0819782167673111,8260
0,1,0.08142086863517761,90,FW,Wolverhampton Wanderers,Manchester City,2,1,2023-09-30,21961,2023,614624,0.07371433079242706,0,1,0,0.08142086863517761,0.15513519942760468,0,8260
1,2,0.9328586459159851,90,FW,Manchester City,Nottingham Forest,2,0,2023-09-23,21946,2023,612157,0,0,0,1,0.9328586459159851,1.0776811838150024,0.14482250809669495,8260
1,9,2.925720691680908,90,FW,West Ham,Manchester City,1,3,2023-09-16,21937,2023,610362,0.0286466795951128,0,1,1,2.925720691680908,2.318876028060913,0.08260717988014221,8260
3,4,1.3316091299057007,90,FW,Manchester City,Fulham,5,1,2023-09-02,21927,2023,608716,0.6909951567649841,1,2,2,0.5704402327537537,1.2614353895187378,0,8260
1,8,2.0989649295806885,90,FW,Sheffield United,Manchester City,1,2,2023-08-27,22303,2023,607493,0.06535623967647552,0,1,1,1.3377960920333862,1.7282603979110718,0.37326449155807495,8260
0,4,0.4079817533493042,90,FW,Manchester City,Newcastle United,1,0,2023-08-19,22291,2023,605564,0.12221945822238922,0,1,0,0.4079817533493042,0.6405008435249329,0.11029963940382004,8260
2,4,0.8820623755455017,85,FW,Burnley,Manchester City,0,3,2023-08-11,22275,2023,603629,0.21824727952480316,0,2,2,0.8820623755455017,0.6133584380149841,0.01889444887638092,8260
1,8,2.3089678287506104,83,FW,Werder Bremen,Borussia Dortmund,0,2,2026-05-16,30529,2025,790933,0,0,0,1,2.3089678287506104,1.5044220685958862,0.09472133219242096,3738
1,1,0.3432260751724243,81,FW,Borussia Dortmund,Eintracht Frankfurt,3,2,2026-05-08,30513,2025,788438,0,0,0,1,0.3432260751724243,0.36605045199394226,0.022824376821517944,3738
0,0,0,77,FW,Borussia M.Gladbach,Borussia Dortmund,1,0,2026-05-03,30505,2025,788018,0.05012420937418938,0,1,0,0,0.05012420937418938,0,3738
1,4,1.0224930047988892,86,FW,Borussia Dortmund,Freiburg,4,0,2026-04-26,30495,2025,786230,0,0,0,1,1.0224930047988892,1.4746686220169067,0.590566873550415,3738
1,1,0.035518720746040344,24,Sub,Hoffenheim,Borussia Dortmund,2,1,2026-04-18,30490,2025,783212,0,0,0,1,0.035518720746040344,0.3239211142063141,0.28840240836143494,3738
0,3,0.4737255871295929,90,FW,Borussia Dortmund,Bayer Leverkusen,0,1,2026-04-11,30477,2025,781567,0.07548387348651886,0,1,0,0.4737255871295929,0.549209475517273,0,3738
0,0,0,66,FW,VfB Stuttgart,Borussia Dortmund,0,2,2026-04-04,30473,2025,780286,0.04189667850732803,0,1,0,0,0.04189667850732803,0,3738
1,5,1.6394295692443848,41,Sub,Borussia Dortmund,Hamburger SV,3,2,2026-03-21,30460,2025,778781,0,0,0,1,1.6394295692443848,1.6394295692443848,0.44774171710014343,3738
0,2,0.6260088682174683,1,Sub,Borussia Dortmund,Augsburg,2,0,2026-03-14,30451,2025,776669,0,0,0,0,0.6260088682174683,0.486442893743515,0,3738
1,2,0.8907711505889893,67,FW,FC Cologne,Borussia Dortmund,1,2,2026-03-07,30441,2025,775439,0.14789775013923645,0,2,1,0.8907711505889893,0.5659859776496887,0,3738
0,1,0.13007575273513794,16,Sub,Borussia Dortmund,Bayern Munich,2,3,2026-02-28,30434,2025,773528,0,0,0,0,0.13007575273513794,0.13007575273513794,0,3738
0,0,0,73,FW,RasenBallsport Leipzig,Borussia Dortmund,2,2,2026-02-21,30427,2025,771866,0,0,0,0,0,0.07770980894565582,0.07770980894565582,3738
2,3,0.8639556169509888,79,FW,Borussia Dortmund,Mainz 05,4,0,2026-02-13,30415,2025,770038,0,0,0,2,0.8639556169509888,0,0,3738
1,3,0.5451740622520447,90,FW,Wolfsburg,Borussia Dortmund,1,2,2026-02-07,30412,2025,768457,0,0,0,1,0.5451740622520447,0.5308350920677185,0,3738
2,8,2.535625457763672,90,FW,Borussia Dortmund,FC Heidenheim,3,2,2026-02-01,30396,2025,767942,0.08033780753612518,0,1,1,1.020072102546692,1.114953637123108,0.05092557892203331,3738
0,1,0.40306276082992554,90,FW,Union Berlin,Borussia Dortmund,0,3,2026-01-24,30394,2025,765833,0.31084367632865906,0,3,0,0.40306276082992554,0.9404090046882629,0.22650255262851715,3738
0,2,0.038047779351472855,16,Sub,Borussia Dortmund,St. Pauli,3,2,2026-01-17,30378,2025,764108,0,0,0,0,0.038047779351472855,0.038047779351472855,0,3738
1,2,0.5227438807487488,22,Sub,Borussia Dortmund,Werder Bremen,3,0,2026-01-13,30369,2025,763454,0.115179643034935,0,1,1,0.5227438807487488,0.637923538684845,0,3738
0,1,0.03455469012260437,68,FW,Eintracht Frankfurt,Borussia Dortmund,3,3,2026-01-09,30362,2025,762619,0,0,0,0,0.03455469012260437,0.03455469012260437,0,3738
0,2,0.10217663645744324,84,FW,Borussia Dortmund,Borussia M.Gladbach,2,0,2025-12-19,30351,2025,758760,0.45220065116882324,0,1,0,0.10217663645744324,0.5543773174285889,0,3738
0,3,0.672185480594635,80,FW,Freiburg,Borussia Dortmund,1,1,2025-12-14,30345,2025,758316,0.06487001478672028,0,1,0,0.672185480594635,0.7981237769126892,0.061068229377269745,3738
0,2,0.3222016394138336,90,FW,Borussia Dortmund,Hoffenheim,2,0,2025-12-07,30335,2025,756913,0.03011084534227848,0,1,0,0.3222016394138336,0.9174103736877441,0.5650978684425354,3738
0,2,0.3531595766544342,63,FW,Bayer Leverkusen,Borussia Dortmund,1,2,2025-11-29,30323,2025,753898,0,0,0,0,0.3531595766544342,0.025369446724653244,0,3738
0,2,0.13021524250507355,90,FW,Borussia Dortmund,VfB Stuttgart,3,3,2025-11-22,30316,2025,751875,0,0,0,0,0.13021524250507355,0.40268203616142273,0.2724668085575104,3738
0,3,0.25770723819732666,90,FW,Hamburger SV,Borussia Dortmund,1,1,2025-11-08,30309,2025,750126,0,0,0,0,0.25770723819732666,0.12200985848903656,0.02741311863064766,3738
1,2,0.4912946820259094,90,FW,Augsburg,Borussia Dortmund,0,1,2025-10-31,30296,2025,747951,0,0,0,1,0.4912946820259094,0.3580375909805298,0,3738
0,2,0.5742940902709961,90,FW,Borussia Dortmund,FC Cologne,1,0,2025-10-25,30290,2025,746126,0.26659661531448364,0,4,0,0.5742940902709961,0.8439787030220032,0.05328046530485153,3738
0,1,0.06838969141244888,85,FW,Bayern Munich,Borussia Dortmund,2,1,2025-10-18,30278,2025,744459,0.08973193168640137,0,1,0,0.06838969141244888,0.15812161564826965,0,3738
0,1,0.0816744863986969,84,FW,Borussia Dortmund,RasenBallsport Leipzig,1,1,2025-10-04,30271,2025,742345,0.10465109348297119,1,1,0,0.0816744863986969,0.1096806451678276,0.028006160631775856,3738
0,1,0.08937974274158478,90,FW,Borussia Dortmund,Wolfsburg,1,0,2025-09-21,30259,2025,739722,0.09967022389173508,0,1,0,0.08937974274158478,0.660108745098114,0.47105878591537476,3738
1,5,1.4231998920440674,90,FW,FC Heidenheim,Borussia Dortmund,0,2,2025-09-13,30244,2025,736743,0,0,0,1,1.4231998920440674,1.1143754720687866,0.42572614550590515,3738
2,8,1.653812289237976,90,FW,Borussia Dortmund,Union Berlin,3,0,2025-08-31,30240,2025,735972,0,0,0,2,1.653812289237976,1.5936682224273682,0,3738
1,3,1.2781102657318115,90,FW,St. Pauli,Borussia Dortmund,3,3,2025-08-23,30230,2025,733506,0,0,0,1,0.5203335881233215,0.9980254769325256,0.4776918888092041,3738
1,4,1.5740406513214111,88,FW,Borussia Dortmund,Holstein Kiel,3,0,2025-05-17,28040,2024,727763,0.1010555550456047,0,1,0,0.8162639737129211,0.9548313021659851,0.03751178830862045,3738
1,2,0.15601801872253418,90,FW,Bayer Leverkusen,Borussia Dortmund,2,4,2025-05-11,28030,2024,726717,0.01603497751057148,0,1,1,0.15601801872253418,0.1720529943704605,0,3738
2,3,1.0670714378356934,85,FW,Borussia Dortmund,Wolfsburg,4,0,2025-05-03,28022,2024,724270,0,0,0,2,1.0670714378356934,1.4625900983810425,0.9335455298423767,3738
1,4,1.4033453464508057,90,FW,Hoffenheim,Borussia Dortmund,2,3,2025-04-26,28016,2024,722579,0.2605963945388794,1,1,1,0.6455686688423157,0.8312867879867554,0.16586200892925262,3738
1,2,0.2051624357700348,90,FW,Borussia Dortmund,Borussia M.Gladbach,3,2,2025-04-20,28004,2024,721318,0,0,0,1,0.2051624357700348,0.3711002469062805,0.16593779623508453,3738
0,1,0.10755082964897156,90,FW,Bayern Munich,Borussia Dortmund,2,2,2025-04-12,27996,2024,718866,0,0,0,0,0.10755082964897156,0.5689747333526611,0.5689747333526611,3738
1,3,1.3027714490890503,25,Sub,Freiburg,Borussia Dortmund,1,4,2025-04-05,27988,2024,716758,0,0,0,1,1.3027714490890503,2.438215732574463,1.2299755811691284,3738
0,5,1.0819709300994873,90,FW,RasenBallsport Leipzig,Borussia Dortmund,2,0,2025-03-15,27968,2024,713282,1.2330721616744995,0,5,0,1.0819709300994873,2.9692482948303223,0.6967288255691528,3738
0,3,0.616634726524353,90,FW,Borussia Dortmund,Augsburg,0,1,2025-03-08,27960,2024,711108,0,0,0,0,0.616634726524353,0.616634726524353,0,3738
1,2,1.392090916633606,90,FW,St. Pauli,Borussia Dortmund,0,2,2025-03-01,27956,2024,709665,0.274172842502594,0,3,1,1.392090916633606,1.7964056730270386,0.1301419734954834,3738
4,8,3.1219563484191895,86,FW,Borussia Dortmund,Union Berlin,6,0,2025-02-22,27942,2024,708049,0,0,0,4,3.1219563484191895,3.074878692626953,0.017611170187592506,3738
0,4,1.48835027217865,90,FW,Bochum,Borussia Dortmund,2,0,2025-02-15,27938,2024,706082,0.08618034422397614,0,2,0,1.48835027217865,1.640178918838501,0.09986064583063126,3738
0,2,0.07804498821496964,90,FW,Borussia Dortmund,VfB Stuttgart,1,2,2025-02-08,27924,2024,704693,0.1465165913105011,0,2,0,0.07804498821496964,0.14603520929813385,0.04137371852993965,3738
1,3,1.1390339136123657,90,FW,FC Heidenheim,Borussia Dortmund,1,2,2025-02-01,27920,2024,703194,0.028059326112270355,0,1,1,1.1390339136123657,0.6228514909744263,0.15207131206989288,3738
1,1,0.926964282989502,90,FW,Borussia Dortmund,Werder Bremen,2,2,2025-01-25,27905,2024,701383,0,0,0,1,0.926964282989502,0.926964282989502,0,3738
0,4,0.25980207324028015,90,FW,Eintracht Frankfurt,Borussia Dortmund,2,0,2025-01-17,27898,2024,699655,0.04177004098892212,0,1,0,0.25980207324028015,0.41302016377449036,0.17445847392082214,3738
0,3,0.18278665840625763,90,FW,Holstein Kiel,Borussia Dortmund,4,2,2025-01-14,27894,2024,698988,0,0,0,0,0.18278665840625763,0.18278665840625763,0,3738
1,3,0.8584502935409546,90,FW,Borussia Dortmund,Bayer Leverkusen,2,3,2025-01-10,27878,2024,697865,0.02709190733730793,0,1,0,0.10067363828420639,0.1324935257434845,0.031819894909858704,3738
0,2,0.4358324408531189,90,FW,Wolfsburg,Borussia Dortmund,1,3,2024-12-22,27874,2024,695897,0.13355189561843872,0,1,0,0.4358324408531189,0.7502478957176208,0.18086357414722443,3738
0,1,0.12032996118068695,90,FW,Borussia Dortmund,Hoffenheim,1,1,2024-12-15,27860,2024,694476,0,0,0,0,0.12032996118068695,0,0,3738
0,3,0.25977203249931335,90,FW,Borussia M.Gladbach,Borussia Dortmund,1,1,2024-12-07,27854,2024,692463,0.04610104858875275,0,1,0,0.25977203249931335,0.1530953049659729,0.04610104858875275,3738
0,2,0.14698298275470734,90,FW,Borussia Dortmund,Bayern Munich,1,1,2024-11-30,27842,2024,690307,0,0,0,0,0.14698298275470734,0.14698298275470734,0,3738
1,1,0.75777667760849,90,FW,Mainz 05,Borussia Dortmund,3,1,2024-11-09,27828,2024,686504,0,0,0,0,0,0,0,3738
1,2,0.41870352625846863,90,FW,Borussia Dortmund,RasenBallsport Leipzig,2,1,2024-11-02,27816,2024,685182,0.10495904833078384,0,1,1,0.41870352625846863,1.1524171829223633,0.7337136268615723,3738
0,1,0.06505555659532547,90,FW,Augsburg,Borussia Dortmund,2,1,2024-10-26,27809,2024,682860,0.3995875120162964,1,1,0,0.06505555659532547,0.46464306116104126,0,3738
1,6,1.7126765251159668,90,FW,Borussia Dortmund,St. Pauli,2,1,2024-10-18,27798,2024,680827,0.656689465045929,0,1,1,1.7126765251159668,2.369365930557251,0,3738
0,2,0.1296614557504654,90,FW,Union Berlin,Borussia Dortmund,2,1,2024-10-05,27791,2024,679383,0,0,0,0,0.1296614557504654,0.4127940535545349,0.3752153813838959,3738
2,6,2.054466485977173,90,FW,Borussia Dortmund,Bochum,4,2,2024-09-27,27778,2024,677286,0.3717222809791565,0,2,2,2.054466485977173,2.323080062866211,0,3738
1,2,0.3442648649215698,90,FW,VfB Stuttgart,Borussia Dortmund,5,1,2024-09-22,27776,2024,676578,0,0,0,1,0.3442648649215698,0.43383467197418213,0.0895698070526123,3738
0,4,1.2674593925476074,74,FW,Borussia Dortmund,FC Heidenheim,4,2,2024-09-13,27760,2024,673212,0,0,0,0,1.2674593925476074,1.3219408988952637,0.11208920180797577,3738
2,3,0.8021734952926636,86,FW,VfB Stuttgart,Borussia M.Gladbach,4,0,2024-05-18,23369,2023,662689,0.5078290700912476,1,3,2,0.8021734952926636,1.3545029163360596,0.04450032860040665,3738
1,1,0.29425862431526184,90,FW,Augsburg,VfB Stuttgart,0,1,2024-05-10,23360,2023,660153,0.8738724589347839,0,6,1,0.29425862431526184,1.2040088176727295,0.14734236896038055,3738
0,4,0.5371163487434387,90,FW,VfB Stuttgart,Bayern Munich,3,1,2024-05-04,23351,2023,658686,0.15575149655342102,1,4,0,0.5371163487434387,0.9175664186477661,0.22469857335090637,3738
0,6,1.7772057056427002,90,FW,Bayer Leverkusen,VfB Stuttgart,2,2,2024-04-27,23338,2023,657114,0,0,0,0,1.7772057056427002,1.7772057056427002,0,3738
0,4,0.8119474649429321,90,FW,Werder Bremen,VfB Stuttgart,2,1,2024-04-21,23333,2023,655465,0,0,0,0,0.8119474649429321,2.4964442253112793,1.8199231624603271,3738
1,3,0.47958099842071533,90,FW,VfB Stuttgart,Eintracht Frankfurt,3,0,2024-04-13,23324,2023,653540,0.12142135947942734,0,1,1,0.47958099842071533,0.6010023951530457,0,3738
1,4,1.46998131275177,90,FW,Borussia Dortmund,VfB Stuttgart,0,1,2024-04-06,23308,2023,651949,0.04105880483984947,0,1,1,1.46998131275177,1.5825042724609375,0.49426212906837463,3738
1,4,1.3457045555114746,90,FW,VfB Stuttgart,FC Heidenheim,3,3,2024-03-31,23307,2023,650612,0.3708876073360443,0,1,1,1.3457045555114746,1.7766330242156982,0.15733100473880768,3738
1,4,0.7561659216880798,87,FW,Hoffenheim,VfB Stuttgart,0,3,2024-03-16,23296,2023,648514,0.7423549890518188,0,7,1,0.7561659216880798,1.6557530164718628,0.1572321504354477,3738
1,1,0.3303201496601105,90,FW,VfB Stuttgart,Union Berlin,2,0,2024-03-08,23289,2023,646164,0.31535059213638306,0,1,1,0.3303201496601105,0.7089025378227234,0.3785823583602905,3738
2,3,0.8800443410873413,88,FW,Wolfsburg,VfB Stuttgart,2,3,2024-03-02,23274,2023,645231,0,0,0,1,0.12226764857769012,0.14055626094341278,0.057509537786245346,3738
0,5,0.4626447856426239,90,FW,VfB Stuttgart,FC Cologne,1,1,2024-02-24,23263,2023,643059,0.5248697996139526,0,2,0,0.4626447856426239,1.0800108909606934,0.09249632060527802,3738
1,1,0.7249943017959595,88,FW,Darmstadt,VfB Stuttgart,1,2,2024-02-17,23262,2023,641724,0.10867973417043686,0,2,1,0.7249943017959595,0.10867973417043686,0,3738
0,1,0.07504554837942123,13,Sub,VfB Stuttgart,Mainz 05,3,1,2024-02-11,23253,2023,640844,0.055784814059734344,0,1,0,0.07504554837942123,0.13083036243915558,0,3738
1,3,0.8715636134147644,90,FW,VfB Stuttgart,Augsburg,3,0,2023-12-20,23207,2023,631973,0.4648647606372833,0,2,1,0.8715636134147644,2.2353134155273438,0.8988849520683289,3738
0,1,0.08491446077823639,90,FW,Bayern Munich,VfB Stuttgart,3,0,2023-12-17,23191,2023,631247,0,0,0,0,0.08491446077823639,0.10186201333999634,0.10186201333999634,3738
0,3,0.4087805449962616,90,FW,VfB Stuttgart,Bayer Leverkusen,1,1,2023-12-10,23189,2023,629487,0.12397001683712006,0,3,0,0.4087805449962616,0.6958369016647339,0.2047128826379776,3738
1,7,1.8057661056518555,90,FW,VfB Stuttgart,Werder Bremen,2,0,2023-12-02,23180,2023,626758,0.23814883828163147,0,2,0,1.0479894876480103,1.3404356241226196,0.4926440715789795,3738
0,1,0.4788881838321686,27,Sub,Eintracht Frankfurt,VfB Stuttgart,1,2,2023-11-25,23167,2023,625204,0.6057326197624207,0,1,0,0.4788881838321686,1.0846208333969116,0,3738
1,1,0.75777667760849,18,Sub,VfB Stuttgart,Borussia Dortmund,2,1,2023-11-11,23162,2023,623208,0.055140942335128784,0,1,0,0,0.0921521708369255,0.0921521708369255,3738
1,1,0.3754783570766449,29,FW,Union Berlin,VfB Stuttgart,0,3,2023-10-21,23129,2023,618024,0,0,0,1,0.3754783570766449,0.3754783570766449,0,3738
3,6,2.5309865474700928,90,FW,VfB Stuttgart,Wolfsburg,3,1,2023-10-07,23123,2023,616285,0,0,0,2,1.773209810256958,1.9335719347000122,0.16036219894886017,3738
0,3,0.2575770914554596,90,FW,FC Cologne,VfB Stuttgart,0,2,2023-09-30,23115,2023,614407,0.4728488624095917,0,4,0,0.2575770914554596,0.6456525921821594,0.022231450304389,3738
2,6,1.565294623374939,90,FW,VfB Stuttgart,Darmstadt,3,1,2023-09-22,23101,2023,611718,1.1798313856124878,1,5,2,1.565294623374939,2.8917441368103027,0.8738598227500916,3738
3,5,0.9962249398231506,90,FW,Mainz 05,VfB Stuttgart,1,3,2023-09-16,23096,2023,610206,0.4221344590187073,0,2,3,0.9962249398231506,1.5175257921218872,0.13044139742851257,3738
2,3,0.7326924800872803,83,FW,VfB Stuttgart,Freiburg,5,0,2023-09-02,23088,2023,608434,0.1936679631471634,0,3,2,0.7326924800872803,1.875266194343567,0.9959462285041809,3738
1,3,1.0382205247879028,90,FW,RasenBallsport Leipzig,VfB Stuttgart,5,1,2023-08-25,23074,2023,606547,0,0,0,1,1.0382205247879028,1.061279296875,0.023058781400322914,3738
2,4,0.8607519268989563,89,FW,VfB Stuttgart,Bochum,5,0,2023-08-19,23070,2023,604907,0.09448851644992828,0,1,2,0.8607519268989563,0.9034478068351746,0.09448851644992828,3738
0,1,0.13810619711875916,86,FW,Barcelona,Real Betis,3,1,2026-05-17,29519,2025,792249,0.048588547855615616,0,1,0,0.13810619711875916,0.4104374051094055,0.22374264895915985,227
0,0,0,90,FW,Alaves,Barcelona,1,0,2026-05-13,29508,2025,790525,0,0,0,0,0,0,0,227
0,1,0.13195832073688507,11,Sub,Barcelona,Real Madrid,2,0,2026-05-10,29500,2025,789682,0.11681859940290451,0,1,0,0.13195832073688507,0.24877691268920898,0,227
1,2,0.5830256938934326,90,FW,Osasuna,Barcelona,1,2,2026-05-02,29488,2025,787458,0.05978621542453766,0,1,1,0.5830256938934326,0.6901745796203613,0.047362662851810455,227
0,2,0.05493643134832382,90,FW,Getafe,Barcelona,0,2,2026-04-25,29469,2025,785619,0.34708869457244873,1,1,0,0.05493643134832382,0.8390723466873169,0.4598575830459595,227
1,1,0.6312196850776672,4,Sub,Atletico Madrid,Barcelona,1,2,2026-04-04,29449,2025,780404,0,0,0,1,0.6312196850776672,0.6312196850776672,0,227
0,0,0,49,FW,Barcelona,Rayo Vallecano,1,0,2026-03-22,29441,2025,779089,0,0,0,0,0,0.02406194806098938,0.02406194806098938,227
0,4,0.6324161291122437,90,FW,Barcelona,Sevilla,5,2,2026-03-15,29430,2025,777561,0,0,0,0,0.6324161291122437,0.8241062760353088,0.19169017672538757,227
0,1,0.10031968355178833,25,Sub,Athletic Club,Barcelona,0,1,2026-03-07,29418,2025,775534,0,0,0,0,0.10031968355178833,0.10031968355178833,0,227
1,2,0.9887491464614868,21,Sub,Barcelona,Villarreal,4,1,2026-02-28,29408,2025,773342,0,0,0,1,0.9887491464614868,0.9106007814407349,0.9106007814407349,227
0,2,0.48225998878479004,70,FW,Barcelona,Levante,3,0,2026-02-22,29401,2025,772280,0.13960623741149902,0,1,0,0.48225998878479004,0.7749464511871338,0.29268646240234375,227
0,1,0.056536298245191574,15,Sub,Girona,Barcelona,2,1,2026-02-16,29395,2025,771153,0,0,0,0,0.056536298245191574,0,0,227
1,2,0.6121704578399658,81,FW,Barcelona,Mallorca,3,0,2026-02-07,29381,2025,768751,0,0,0,1,0.6121704578399658,0.6600656509399414,0.0478951632976532,227
0,2,0.22196979820728302,25,Sub,Elche,Barcelona,1,3,2026-01-31,29373,2025,767502,0.17057815194129944,0,2,0,0.22196979820728302,0.5960343480110168,0.38235774636268616,227
0,5,1.2711750268936157,90,FW,Barcelona,Real Oviedo,3,0,2026-01-25,29361,2025,766282,0,0,0,0,1.2711750268936157,1.2655178308486938,0.4555053114891052,227
0,2,0.4612491726875305,21,Sub,Real Sociedad,Barcelona,2,1,2026-01-18,29350,2025,765067,0,0,0,0,0.4612491726875305,0.48179957270622253,0.020550401881337166,227
1,1,0.5305123329162598,22,Sub,Espanyol,Barcelona,0,2,2026-01-03,29333,2025,761343,0,0,0,1,0.5305123329162598,0.5305123329162598,0,227
0,1,0.1466502845287323,26,Sub,Villarreal,Barcelona,0,2,2025-12-21,29325,2025,759633,0,0,0,0,0.1466502845287323,0.5956011414527893,0.448950856924057,227
0,4,1.1763664484024048,72,FW,Barcelona,Atletico Madrid,3,1,2025-12-02,29342,2025,755024,0.05272384732961655,0,2,0,0.43308883905410767,0.892637312412262,0.7428050637245178,227
0,2,0.11058560758829117,63,FW,Barcelona,Alaves,3,1,2025-11-29,29294,2025,753729,0.9167984127998352,1,2,0,0.11058560758829117,1.378183364868164,0.46138498187065125,227
1,3,0.2359853833913803,67,FW,Barcelona,Athletic Club,4,0,2025-11-22,29284,2025,752090,0,0,0,1,0.2359853833913803,0.2359853833913803,0,227
3,6,1.9248952865600586,90,FW,Celta Vigo,Barcelona,2,4,2025-11-09,29274,2025,751454,0.11390440911054611,0,1,2,1.1816177368164062,1.4956938028335571,0.3031068444252014,227
0,1,0.09214682877063751,13,Sub,Barcelona,Elche,3,1,2025-11-02,29260,2025,749400,0,0,0,0,0.09214682877063751,0.09214682877063751,0,227
0,4,0.9056234955787659,90,FW,Sevilla,Barcelona,4,1,2025-10-05,29233,2025,743258,0.31363558769226074,0,1,0,0.16234587132930756,0.9024717211723328,0.7401258945465088,227
1,5,2.1275694370269775,90,FW,Barcelona,Real Sociedad,2,1,2025-09-28,29220,2025,741668,0,0,0,1,2.1275694370269775,2.3345491886138916,0.20697954297065735,227
1,2,0.09232655167579651,24,Sub,Real Oviedo,Barcelona,1,3,2025-09-25,29213,2025,740181,0,0,0,1,0.09232655167579651,0.09232655167579651,0,227
0,2,0.7134849429130554,90,FW,Barcelona,Getafe,3,0,2025-09-21,29199,2025,739783,0,0,0,0,0.7134849429130554,0.7643316388130188,0.050846680998802185,227
2,2,0.9940240979194641,21,Sub,Barcelona,Valencia,6,0,2025-09-14,29194,2025,738036,0,0,0,2,0.9940240979194641,0.9940240979194641,0,227
0,0,0,8,Sub,Rayo Vallecano,Barcelona,1,1,2025-08-31,29188,2025,736332,0,0,0,0,0,0,0,227
0,0,0,6,Sub,Levante,Barcelona,2,3,2025-08-23,29171,2025,733759,0,0,0,0,0,0,0,227
2,5,2.167034864425659,90,FW,Athletic Club,Barcelona,0,3,2025-05-25,27353,2024,730397,0,0,0,2,2.167034864425659,1.3944737911224365,0.12354610860347748,227
0,1,0.4638543128967285,79,FW,Barcelona,Villarreal,2,3,2025-05-18,27343,2024,728630,0,0,0,0,0.4638543128967285,0.4638543128967285,0,227
0,2,0.16944724321365356,67,FW,Espanyol,Barcelona,0,2,2025-05-15,27332,2024,727436,0,0,0,0,0.16944724321365356,0.22521108388900757,0.0557638518512249,227
0,2,0.11390066891908646,80,FW,Barcelona,Celta Vigo,4,3,2025-04-19,27292,2024,720496,0,0,0,0,0.11390066891908646,0.40984782576560974,0.2959471642971039,227
0,3,0.23329320549964905,70,FW,Leganes,Barcelona,0,1,2025-04-12,27288,2024,719052,0,0,0,0,0.23329320549964905,0.19998937845230103,0.05169214308261871,227
0,1,0.04259257763624191,90,FW,Barcelona,Real Betis,1,1,2025-04-05,27272,2024,717239,0,0,0,0,0.04259257763624191,0.10082849115133286,0.10082849115133286,227
2,6,1.632871150970459,90,FW,Barcelona,Girona,4,1,2025-03-30,27270,2024,715443,0,0,0,2,1.632871150970459,1.7476894855499268,0.18365035951137543,227
1,3,0.7835043668746948,17,Sub,Barcelona,Osasuna,3,0,2025-03-27,27244,2024,714408,0.10454271733760834,0,1,1,0.7835043668746948,1.4667209386825562,0.6832166314125061,227
1,5,1.2210724353790283,90,FW,Atletico Madrid,Barcelona,2,4,2025-03-16,27252,2024,714391,0,0,0,1,1.2210724353790283,1.2210724353790283,0,227
1,7,1.1958224773406982,90,FW,Barcelona,Real Sociedad,4,0,2025-03-02,27232,2024,710389,0,0,0,1,1.1958224773406982,0.9985038638114929,0.26808762550354004,227
0,4,0.432203084230423,90,FW,Las Palmas,Barcelona,0,2,2025-02-22,27226,2024,708221,0,0,0,0,0.432203084230423,0.4278614819049835,0.06556238234043121,227
1,4,1.0478754043579102,83,FW,Barcelona,Rayo Vallecano,1,0,2025-02-17,27214,2024,707304,0,0,0,0,0.30459776520729065,0.30459776520729065,0,227
1,1,0.6058962941169739,75,FW,Sevilla,Barcelona,1,4,2025-02-09,27206,2024,705647,0,0,0,1,0.6058962941169739,0,0,227
1,3,0.833381712436676,90,FW,Barcelona,Alaves,1,0,2025-02-02,27200,2024,703893,0,0,0,1,0.833381712436676,0.21957695484161377,0.14494696259498596,227
1,2,0.169073224067688,26,Sub,Barcelona,Valencia,7,1,2025-01-26,27184,2024,702428,0,0,0,1,0.169073224067688,0.2602645456790924,0.09119131416082382,227
0,2,0.5535219311714172,83,FW,Getafe,Barcelona,1,1,2025-01-18,27177,2024,700347,0.14335273206233978,0,1,0,0.5535219311714172,0.6903374195098877,0.5469847321510315,227
0,5,0.9360470175743103,90,FW,Barcelona,Atletico Madrid,1,2,2024-12-21,27160,2024,695552,0.01664021797478199,0,1,0,0.9360470175743103,0.8523525595664978,0,227
0,6,1.181085228919983,71,FW,Barcelona,Leganes,0,1,2024-12-15,27143,2024,694687,0.034872427582740784,0,1,0,1.181085228919983,1.181085228919983,0,227
1,2,0.668463945388794,77,FW,Real Betis,Barcelona,2,2,2024-12-07,27139,2024,692272,0,0,0,1,0.668463945388794,0.668463945388794,0,227
0,4,0.3295803964138031,90,FW,Barcelona,Las Palmas,1,2,2024-11-30,27122,2024,689748,0.2824500799179077,0,4,0,0.3295803964138031,0.9021176099777222,0.29008713364601135,227
1,1,0.5875533819198608,90,FW,Celta Vigo,Barcelona,2,2,2024-11-23,27117,2024,688846,0.2067166119813919,0,3,1,0.5875533819198608,1.3110191822052002,0.5167491436004639,227
0,0,0,90,FW,Real Sociedad,Barcelona,1,0,2024-11-10,27108,2024,687762,0,0,0,0,0,0.06001559644937515,0.06001559644937515,227
0,2,0.13033944368362427,90,FW,Barcelona,Espanyol,3,1,2024-11-03,27101,2024,685738,0,0,0,0,0.13033944368362427,0.7196768522262573,0.5893374085426331,227
2,4,1.5551230907440186,90,FW,Real Madrid,Barcelona,0,4,2024-10-26,27085,2024,683289,0.24551688134670258,0,1,2,1.5551230907440186,1.8006398677825928,0,227
2,4,1.935608148574829,69,FW,Barcelona,Sevilla,5,1,2024-10-20,27074,2024,682380,0,0,0,1,1.1923305988311768,1.0782443284988403,0.4106883108615875,227
3,6,1.7158640623092651,90,FW,Alaves,Barcelona,0,3,2024-10-06,27064,2024,680320,0,0,0,3,1.7158640623092651,1.2388359308242798,0,227
0,2,0.18892313539981842,72,FW,Osasuna,Barcelona,4,2,2024-09-28,27056,2024,678288,0,0,0,0,0.18892313539981842,0.11829912662506104,0,227
1,4,0.8433667421340942,78,FW,Barcelona,Getafe,1,0,2024-09-25,27043,2024,677065,0,0,0,1,0.8433667421340942,0.9064766764640808,0.06310996413230896,227
2,4,2.2734031677246094,90,FW,Villarreal,Barcelona,1,5,2024-09-22,27037,2024,676703,0,0,0,2,1.5301254987716675,1.0810602903366089,0.21143168210983276,227
0,3,0.6799009442329407,73,FW,Girona,Barcelona,1,4,2024-09-15,27028,2024,674513,0.06522310525178909,1,1,0,0.6799009442329407,1.21110200881958,0.5723431706428528,227
1,6,1.0084035396575928,76,FW,Barcelona,Real Valladolid,7,0,2024-08-31,27012,2024,671915,1.290103554725647,1,4,1,1.0084035396575928,2.0392568111419678,0,227
0,1,0.05670498311519623,90,FW,Rayo Vallecano,Barcelona,1,2,2024-08-27,27004,2024,669439,0,0,0,0,0.05670498311519623,0.05670498311519623,0,227
1,6,1.770371437072754,90,FW,Barcelona,Athletic Club,2,1,2024-08-24,26995,2024,668426,0,0,0,1,1.770371437072754,1.7346619367599487,0.41309571266174316,227
2,4,1.888255000114441,90,FW,Valencia,Barcelona,1,2,2024-08-17,26987,2024,666755,0.08588103950023651,0,1,1,1.144977331161499,2.1519370079040527,0.921078622341156,227
1,1,0.45891961455345154,65,FW,Sevilla,Barcelona,1,2,2024-05-26,23062,2023,664955,0.5118234753608704,0,1,1,0.45891961455345154,1.0783817768096924,0.6194621324539185,227
1,2,0.5938464999198914,80,FW,Barcelona,Rayo Vallecano,3,0,2024-05-19,23047,2023,663655,0.02319888398051262,0,1,1,0.5938464999198914,0.9054284691810608,0.2883830964565277,227
0,3,0.2026294767856598,70,FW,Almeria,Barcelona,0,2,2024-05-16,23035,2023,662359,0,0,0,0,0.2026294767856598,0.2026294767856598,0,227
0,1,0.014621788635849953,77,FW,Barcelona,Real Sociedad,2,0,2024-05-13,23027,2023,661816,0,0,0,0,0.014621788635849953,0.3526243567466736,0.3526243567466736,227
1,1,0.7432776093482971,84,FW,Girona,Barcelona,4,2,2024-05-04,23019,2023,659102,0,0,0,0,0,0,0,227
3,5,0.6701775789260864,90,FW,Barcelona,Valencia,4,2,2024-04-29,23006,2023,658350,0,0,0,3,0.6701775789260864,0.5843058228492737,0.48630502820014954,227
0,2,0.10080093145370483,71,FW,Real Madrid,Barcelona,3,2,2024-04-21,23000,2023,655896,0,0,0,0,0.10080093145370483,0.023760590702295303,0,227
0,3,0.4211902618408203,85,FW,Barcelona,Las Palmas,1,0,2024-03-30,22976,2023,650148,0,0,0,0,0.4211902618408203,0.4211902618408203,0,227
1,3,0.2554292380809784,90,FW,Atletico Madrid,Barcelona,0,3,2024-03-17,22965,2023,649205,1.3460476398468018,2,3,1,0.2554292380809784,1.5630533695220947,0.5559287071228027,227
0,0,0,26,Sub,Barcelona,Mallorca,1,0,2024-03-08,22956,2023,646260,0.26625683903694153,1,2,0,0,0.3619493842124939,0.09569256007671356,227
0,1,0.11055081337690353,90,FW,Athletic Club,Barcelona,0,0,2024-03-03,22945,2023,646000,0.042920831590890884,0,1,0,0.11055081337690353,0.15347163379192352,0,227
0,0,0,90,FW,Barcelona,Getafe,4,0,2024-02-24,22936,2023,643304,0.09453589469194412,0,1,0,0,0.16461333632469177,0.07007744908332825,227
2,2,0.8105391263961792,90,FW,Celta Vigo,Barcelona,1,2,2024-02-17,22930,2023,642059,0,0,0,1,0.0672614797949791,0.12795470654964447,0.060693223029375076,227
1,5,1.142032504081726,90,FW,Barcelona,Granada,3,3,2024-02-11,22916,2023,641120,0,0,0,1,1.142032504081726,1.142032504081726,0,227
1,1,0.4902622699737549,90,FW,Alaves,Barcelona,1,3,2024-02-03,22910,2023,638784,0.04304492846131325,0,1,1,0.4902622699737549,0.5333071947097778,0,227
0,3,0.15958426892757416,90,FW,Barcelona,Osasuna,1,0,2024-01-31,22878,2023,637904,0,0,0,0,0.15958426892757416,0.1799844354391098,0.08290720731019974,227
0,1,0.08938199281692505,78,FW,Barcelona,Villarreal,3,5,2024-01-27,22896,2023,637055,0.06254676729440689,1,1,0,0.08938199281692505,1.0458686351776123,0.9833218455314636,227
0,0,0,66,FW,Real Betis,Barcelona,2,4,2024-01-21,22891,2023,636390,0,0,0,0,0,0,0,227
0,2,0.09858255088329315,76,FW,Las Palmas,Barcelona,1,2,2024-01-04,22870,2023,634122,0,0,0,0,0.09858255088329315,0.10576139390468597,0.08574821054935455,227
0,8,0.8353378176689148,90,FW,Barcelona,Almeria,3,2,2023-12-20,22863,2023,631671,1.217999815940857,1,4,0,0.8353378176689148,1.982328176498413,0.05186526104807854,227
0,5,0.5958168506622314,90,FW,Valencia,Barcelona,1,1,2023-12-16,22850,2023,630628,0.13805773854255676,0,2,0,0.5958168506622314,0.698239803314209,0,227
1,6,1.1958308219909668,90,FW,Barcelona,Girona,2,4,2023-12-10,22835,2023,629786,0.031368762254714966,0,1,1,1.1958308219909668,1.805831789970398,0.8275533318519592,227
0,5,1.636999249458313,90,FW,Barcelona,Atletico Madrid,1,0,2023-12-03,22830,2023,627760,0,0,0,0,1.636999249458313,2.290163993835449,0.6531646847724915,227
0,2,0.14121179282665253,90,FW,Rayo Vallecano,Barcelona,1,1,2023-11-25,22822,2023,624618,0.45763087272644043,0,1,0,0.14121179282665253,0.5418484210968018,0.45763087272644043,227
2,3,1.1823090314865112,90,FW,Barcelona,Alaves,2,1,2023-11-12,22814,2023,624059,0,0,0,1,0.4390314519405365,0.4390314519405365,0.3629727065563202,227
0,0,0,57,FW,Real Sociedad,Barcelona,0,1,2023-11-04,22800,2023,621909,0,0,0,0,0,0,0,227
0,1,0.026943601667881012,27,Sub,Barcelona,Real Madrid,1,2,2023-10-28,22787,2023,619940,0,0,0,0,0.026943601667881012,0.050198961049318314,0.02325536124408245,227
0,4,0.7315727472305298,90,FW,Barcelona,Sevilla,1,0,2023-09-29,22757,2023,614176,0.032159969210624695,0,1,0,0.7315727472305298,1.171447992324829,0.4930752217769623,227
0,2,0.23920978605747223,25,Sub,Mallorca,Barcelona,2,2,2023-09-26,22749,2023,613538,0,0,0,0,0.23920978605747223,0.23920978605747223,0,227
2,3,0.7266142964363098,90,FW,Barcelona,Celta Vigo,3,2,2023-09-23,22737,2023,612367,0,0,0,2,0.7266142964363098,1.1060806512832642,0.37946638464927673,227
1,3,0.6631364822387695,90,FW,Barcelona,Real Betis,5,0,2023-09-16,22726,2023,610808,0.3529203534126282,2,4,1,0.6631364822387695,1.4718157052993774,0.45575883984565735,227
1,3,1.303985834121704,90,FW,Osasuna,Barcelona,1,2,2023-09-03,22722,2023,609890,0,0,0,0,0.560708224773407,0.6483568549156189,0.0876486748456955,227
1,5,1.2939881086349487,90,FW,Villarreal,Barcelona,3,4,2023-08-27,22710,2023,607738,0.11871588975191116,0,2,1,1.2939881086349487,1.9067628383636475,0.494058758020401,227
0,4,0.5920929908752441,90,FW,Barcelona,Cadiz,2,0,2023-08-20,22701,2023,606124,0.36069637537002563,1,1,0,0.5920929908752441,1.780561089515686,0.8948869705200195,227
0,2,0.38782498240470886,90,FW,Getafe,Barcelona,0,0,2023-08-13,22692,2023,604549,0,0,0,0,0.38782498240470886,0.583434522151947,0.36484915018081665,227
0,1,0.1471983641386032,28,Sub,Atletico Madrid,Girona,1,0,2026-05-17,29520,2025,791626,0,0,0,0,0.1471983641386032,0.1471983641386032,0,6531
1,2,0.6871813535690308,34,Sub,Osasuna,Atletico Madrid,1,2,2026-05-12,29514,2025,790285,0,0,0,1,0.6871813535690308,0.6871813535690308,0,6531
0,5,1.083194375038147,90,FW,Atletico Madrid,Celta Vigo,0,1,2026-05-09,29499,2025,788963,0,0,0,0,1.083194375038147,1.720894455909729,0.6377000212669373,6531
2,5,1.9205671548843384,90,FW,Atletico Madrid,Athletic Club,3,2,2026-04-25,29468,2025,785855,0,0,0,2,1.9205671548843384,1.5284003019332886,0,6531
0,1,0.05684260278940201,90,FW,Sevilla,Atletico Madrid,2,1,2026-04-11,29463,2025,781986,0,0,0,0,0.05684260278940201,0.4637645483016968,0.406921923160553,6531
0,0,0,22,Sub,Atletico Madrid,Barcelona,1,2,2026-04-04,29449,2025,780388,0,0,0,0,0,0,0,6531
0,1,0.045696087181568146,32,Sub,Real Madrid,Atletico Madrid,3,2,2026-03-22,29446,2025,779698,0,0,0,0,0.045696087181568146,0.08667900413274765,0.040982916951179504,6531
0,2,0.4635167717933655,68,FW,Atletico Madrid,Getafe,1,0,2026-03-14,29429,2025,776820,0,0,0,0,0.4635167717933655,0.4635167717933655,0.4635167717933655,6531
1,7,1.1634238958358765,90,FW,Atletico Madrid,Real Sociedad,3,2,2026-03-07,29419,2025,775391,0.02520781196653843,0,1,1,1.1634238958358765,1.1886316537857056,0,6531
0,0,0,62,FW,Real Oviedo,Atletico Madrid,0,1,2026-02-28,29414,2025,773668,0,0,0,0,0,0.013482954353094101,0.013482954353094101,6531
2,4,0.9358639717102051,90,FW,Atletico Madrid,Espanyol,4,2,2026-02-21,29400,2025,771970,0.5452319979667664,0,1,2,0.9358639717102051,1.9404246807098389,0.45932868123054504,6531
0,0,0,90,FW,Rayo Vallecano,Atletico Madrid,3,0,2026-02-15,29394,2025,770869,0,0,0,0,0,0,0,6531
0,2,0.20862868428230286,43,Sub,Atletico Madrid,Real Betis,0,1,2026-02-08,29380,2025,769492,0,0,0,0,0.20862868428230286,0,0,6531
0,1,0.12885300815105438,26,FW,Levante,Atletico Madrid,0,0,2026-01-31,29372,2025,767313,0,0,0,0,0.12885300815105438,0.12885300815105438,0,6531
1,4,0.8092490434646606,73,FW,Atletico Madrid,Mallorca,3,0,2026-01-25,29360,2025,766034,0,0,0,1,0.8092490434646606,0.6954898238182068,0,6531
1,3,0.29261747002601624,88,FW,Atletico Madrid,Alaves,1,0,2026-01-18,29348,2025,764803,0,0,0,1,0.29261747002601624,0.5281078815460205,0.23549039661884308,6531
1,2,0.592988908290863,90,FW,Real Sociedad,Atletico Madrid,1,1,2026-01-04,29332,2025,761981,0.01665116287767887,0,1,1,0.592988908290863,0.8581367135047913,0.2484966665506363,6531
0,3,0.20078296959400177,86,FW,Girona,Atletico Madrid,0,3,2025-12-21,29324,2025,759542,0.0920330211520195,0,1,0,0.20078296959400177,0.45216256380081177,0.1593465805053711,6531
0,2,0.43614739179611206,90,FW,Atletico Madrid,Valencia,2,1,2025-12-13,29309,2025,757436,0,0,0,0,0.43614739179611206,0.45872655510902405,0.022579176351428032,6531
0,1,0.34368449449539185,26,Sub,Athletic Club,Atletico Madrid,1,0,2025-12-06,29299,2025,756400,0,0,0,0,0.34368449449539185,0.34368449449539185,0,6531
0,0,0,22,Sub,Barcelona,Atletico Madrid,3,1,2025-12-02,29342,2025,755043,0,0,0,0,0,0.014908450655639172,0.014908450655639172,6531
2,8,1.7974298000335693,65,FW,Atletico Madrid,Real Oviedo,2,0,2025-11-29,29288,2025,754007,0.055581867694854736,0,1,2,1.7974298000335693,1.4436978101730347,0.06544323265552521,6531
0,0,0,30,Sub,Getafe,Atletico Madrid,0,1,2025-11-23,29285,2025,753003,0.024500582367181778,0,1,0,0,0.0477442741394043,0.023243693634867668,6531
0,1,0.13259592652320862,63,FW,Atletico Madrid,Levante,3,1,2025-11-08,29269,2025,750358,0,0,0,0,0.13259592652320862,0.13259592652320862,0,6531
0,2,0.13501162827014923,70,FW,Atletico Madrid,Sevilla,3,0,2025-11-01,29259,2025,748437,0.4173314571380615,0,3,0,0.13501162827014923,0.5791055560112,0.026762494817376137,6531
0,0,0,27,Sub,Real Betis,Atletico Madrid,0,2,2025-10-27,29253,2025,747273,0,0,0,0,0,0,0,6531
0,2,0.35617414116859436,30,Sub,Atletico Madrid,Osasuna,1,0,2025-10-18,29239,2025,744600,0,0,0,0,0.35617414116859436,0.35617414116859436,0,6531
0,0,0,6,Sub,Celta Vigo,Atletico Madrid,1,1,2025-10-05,29232,2025,743661,0,0,0,0,0,0,0,6531
1,3,0.85972660779953,74,FW,Atletico Madrid,Real Madrid,5,2,2025-09-27,29219,2025,740728,0,0,0,1,0.85972660779953,0.44875574111938477,0,6531
0,1,0.032666902989149094,10,Sub,Mallorca,Atletico Madrid,1,1,2025-09-21,29204,2025,739465,0,0,0,0,0.032666902989149094,0,0,6531
0,0,0,43,Sub,Atletico Madrid,Villarreal,2,0,2025-09-13,29193,2025,737315,0,0,0,0,0,0,0,6531
0,1,0.05940934643149376,90,FW,Alaves,Atletico Madrid,1,1,2025-08-30,29181,2025,735184,0,0,0,0,0.05940934643149376,0.05940934643149376,0,6531
1,3,0.7447938323020935,74,FW,Atletico Madrid,Elche,1,1,2025-08-23,29170,2025,733552,0.04719801992177963,0,1,1,0.7447938323020935,0.823253870010376,0.03126203268766403,6531
0,0,0,4,Sub,Espanyol,Atletico Madrid,2,1,2025-08-17,29165,2025,732608,0,0,0,0,0,0,0,6531
3,4,1.7483123540878296,23,Sub,Girona,Atletico Madrid,0,4,2025-05-25,27358,2024,729936,0,0,0,3,1.7483123540878296,1.8126331567764282,0.06432069838047028,6531
0,6,1.8678934574127197,74,FW,Atletico Madrid,Real Betis,4,1,2025-05-18,27342,2024,728914,0,0,0,0,1.8678934574127197,1.7732083797454834,0,6531
0,4,0.8340518474578857,68,FW,Osasuna,Atletico Madrid,2,0,2025-05-15,27335,2024,727372,0,0,0,0,0.8340518474578857,0.6979244351387024,0,6531
4,5,1.0497843027114868,76,FW,Atletico Madrid,Real Sociedad,4,0,2025-05-10,27323,2024,726091,0.02825787290930748,0,1,4,1.0497843027114868,1.128185749053955,0.050143640488386154,6531
0,2,0.06282150745391846,26,Sub,Alaves,Atletico Madrid,0,0,2025-05-03,27314,2024,723857,0.016177060082554817,0,1,0,0.06282150745391846,0.15182612836360931,0.07282756268978119,6531
1,4,2.0203781127929688,63,FW,Atletico Madrid,Rayo Vallecano,3,0,2025-04-24,27304,2024,722189,0,0,0,1,2.0203781127929688,2.0203781127929688,0,6531
0,3,0.1124621108174324,75,FW,Las Palmas,Atletico Madrid,1,0,2025-04-19,27295,2024,720815,0,0,0,0,0.1124621108174324,0.1124621108174324,0.01675112172961235,6531
1,3,0.8336069583892822,27,Sub,Atletico Madrid,Real Valladolid,4,2,2025-04-14,27284,2024,719878,0.023131070658564568,0,1,1,0.8336069583892822,0.9141841530799866,0.08057720959186554,6531
0,1,0.032735537737607956,29,Sub,Sevilla,Atletico Madrid,1,2,2025-04-06,27277,2024,717695,0,0,0,0,0.032735537737607956,0.0602908618748188,0.027555324137210846,6531
0,2,0.466736763715744,67,FW,Espanyol,Atletico Madrid,1,1,2025-03-29,27262,2024,714895,0.050829678773880005,0,1,0,0.466736763715744,0.10493007302284241,0,6531
1,2,0.530035138130188,28,Sub,Atletico Madrid,Barcelona,2,4,2025-03-16,27252,2024,714377,0,0,0,1,0.530035138130188,0.530035138130188,0,6531
1,1,0.7432776093482971,31,Sub,Getafe,Atletico Madrid,2,1,2025-03-09,27250,2024,711842,0,0,0,0,0,0,0,6531
0,3,0.8039813041687012,59,FW,Atletico Madrid,Athletic Club,1,0,2025-03-01,27236,2024,710052,0.07636769860982895,0,1,0,0.8039813041687012,0.8327756524085999,0.116304911673069,6531
0,0,0,13,Sub,Valencia,Atletico Madrid,0,3,2025-02-22,27225,2024,708035,0,0,0,0,0,0,0,6531
1,2,0.317903995513916,8,Sub,Atletico Madrid,Celta Vigo,1,1,2025-02-15,27212,2024,706434,0,0,0,1,0.317903995513916,0.317903995513916,0,6531
0,0,0,4,Sub,Real Madrid,Atletico Madrid,1,1,2025-02-08,27205,2024,704994,0,0,0,0,0,0,0,6531
0,3,0.3480539321899414,90,FW,Atletico Madrid,Mallorca,2,0,2025-02-01,27192,2024,703580,0,0,0,0,0.3480539321899414,0.3480539321899414,0,6531
1,1,0.3771040141582489,16,Sub,Barcelona,Atletico Madrid,1,2,2024-12-21,27160,2024,695569,0,0,0,1,0.3771040141582489,0.3771040141582489,0,6531
1,1,0.05190489441156387,41,Sub,Atletico Madrid,Getafe,1,0,2024-12-15,27142,2024,694137,0,0,0,1,0.05190489441156387,0.05190489441156387,0,6531
0,3,0.8970812559127808,23,Sub,Atletico Madrid,Sevilla,4,3,2024-12-08,27135,2024,693214,0,0,0,0,0.8970812559127808,0.8970812559127808,0,6531
1,1,0.6788197159767151,20,Sub,Real Valladolid,Atletico Madrid,0,5,2024-11-30,27126,2024,690482,0,0,0,1,0.6788197159767151,0.6788197159767151,0,6531
1,2,0.36908257007598877,42,Sub,Atletico Madrid,Alaves,2,1,2024-11-23,27120,2024,688556,0,0,0,1,0.36908257007598877,0.3986688554286957,0.02958628535270691,6531
0,0,0,27,Sub,Mallorca,Atletico Madrid,0,1,2024-11-10,27107,2024,687458,0,0,0,0,0,0.11177444458007812,0.11177444458007812,6531
1,1,0.35558897256851196,22,Sub,Atletico Madrid,Las Palmas,2,0,2024-11-03,27093,2024,685495,0,0,0,1,0.35558897256851196,0.35558897256851196,0,6531
0,1,0.08447053283452988,43,Sub,Real Betis,Atletico Madrid,1,0,2024-10-27,27084,2024,684032,0.08575943857431412,0,1,0,0.08447053283452988,0.18283194303512573,0.09707250446081161,6531
2,7,2.7850966453552246,90,FW,Atletico Madrid,Leganes,3,1,2024-10-20,27073,2024,682040,0,0,0,2,2.7850966453552246,2.7850966453552246,0.5211532115936279,6531
0,0,0,15,Sub,Real Sociedad,Atletico Madrid,1,1,2024-10-06,27067,2024,680719,0,0,0,0,0,0,0,6531
0,2,0.14264626801013947,56,FW,Atletico Madrid,Real Madrid,1,1,2024-09-29,27053,2024,678871,0.049387697130441666,0,1,0,0.14264626801013947,0.13163219392299652,0,6531
0,1,0.05253105238080025,66,FW,Celta Vigo,Atletico Madrid,0,1,2024-09-26,27048,2024,677177,0,0,0,0,0.05253105238080025,0.05253105238080025,0,6531
0,1,0.08547370880842209,88,FW,Rayo Vallecano,Atletico Madrid,1,1,2024-09-22,27036,2024,676830,0.12966057658195496,1,2,0,0.08547370880842209,0.21909958124160767,0.06042015179991722,6531
0,4,0.8856595158576965,62,FW,Atletico Madrid,Valencia,3,0,2024-09-15,27023,2024,674872,0,0,0,0,0.8856595158576965,1.1915558576583862,0.34520792961120605,6531
0,2,0.5237934589385986,20,Sub,Athletic Club,Atletico Madrid,0,1,2024-08-31,27013,2024,672148,0.6978234052658081,1,1,0,0.5237934589385986,1.2216168642044067,0,6531
0,4,0.9790725708007812,76,FW,Atletico Madrid,Espanyol,0,0,2024-08-28,27009,2024,669550,0.14716608822345734,0,3,0,0.9790725708007812,1.5414726734161377,0.4336856007575989,6531
0,2,0.14448407292366028,6,Sub,Atletico Madrid,Girona,3,0,2024-08-25,27001,2024,669267,0,0,0,0,0.14448407292366028,0.14448407292366028,0,6531
1,1,0.2699887156486511,51,FW,Villarreal,Atletico Madrid,2,2,2024-08-19,26991,2024,667498,0,0,0,1,0.2699887156486511,0.39065390825271606,0.12066518515348434,6531
0,1,0.057903680950403214,16,FW,Osasuna,Villarreal,1,1,2024-05-25,23059,2023,664263,0,0,0,0,0.057903680950403214,0.057903680950403214,0,6531
4,9,1.62454092502594,90,FW,Villarreal,Real Madrid,4,4,2024-05-19,23054,2023,663497,0.07621308416128159,0,1,4,1.62454092502594,1.8210437297821045,0.12028971314430237,6531
0,0,0,90,FW,Girona,Villarreal,0,1,2024-05-14,23036,2023,661982,0,0,0,0,0,0.14103102684020996,0.14103102684020996,6531
2,4,0.5271532535552979,90,FW,Villarreal,Sevilla,3,2,2024-05-11,23033,2023,660727,0.5629341006278992,0,3,2,0.5271532535552979,1.100617527961731,0.06663581728935242,6531
0,2,0.19273445010185242,90,FW,Celta Vigo,Villarreal,3,2,2024-05-05,23015,2023,659535,0.14400053024291992,1,3,0,0.19273445010185242,0.3553708791732788,0.08669466525316238,6531
2,5,0.7374266386032104,86,FW,Villarreal,Rayo Vallecano,3,0,2024-04-28,23013,2023,657955,0,0,0,2,0.7374266386032104,0.7557049989700317,0.01827835477888584,6531
1,4,0.8112969398498535,90,FW,Almeria,Villarreal,1,2,2024-04-21,22995,2023,655557,0.1794774979352951,0,2,1,0.8112969398498535,1.4591206312179565,0.46834614872932434,6531
0,0,0,90,FW,Athletic Club,Villarreal,1,1,2024-04-14,22985,2023,654139,0.054317656904459,0,1,0,0,0.08393546938896179,0.029617808759212494,6531
1,2,0.1273520588874817,90,FW,Villarreal,Atletico Madrid,1,2,2024-04-01,22982,2023,650951,0.1109239012002945,0,1,1,0.1273520588874817,0.06792674958705902,0,6531
0,3,0.21560972929000854,90,FW,Villarreal,Valencia,1,0,2024-03-17,22972,2023,648934,0.06664177030324936,0,1,0,0.21560972929000854,0.47836580872535706,0.3907710611820221,6531
1,2,0.28348836302757263,90,FW,Real Betis,Villarreal,2,3,2024-03-10,22957,2023,647764,0.46800345182418823,1,1,1,0.28348836302757263,1.1389166116714478,0.4417824149131775,6531
3,3,1.5659834146499634,90,FW,Villarreal,Granada,5,1,2024-03-03,22953,2023,645433,0,0,0,3,1.5659834146499634,1.6735445261001587,0.572921633720398,6531
1,1,0.4900207817554474,7,Sub,Real Sociedad,Villarreal,1,3,2024-02-23,22940,2023,643014,0,0,0,1,0.4900207817554474,0.4900207817554474,0,6531
0,2,0.22664152085781097,90,FW,Alaves,Villarreal,1,1,2024-02-10,22919,2023,639927,0.5379444360733032,0,3,0,0.22664152085781097,0.9811990261077881,0.26608407497406006,6531
0,1,0.02733849547803402,48,FW,Villarreal,Cadiz,0,0,2024-02-04,22913,2023,638985,0,0,0,0,0.02733849547803402,0.02733849547803402,0,6531
1,3,1.2246912717819214,90,FW,Barcelona,Villarreal,3,5,2024-01-27,22896,2023,637071,0.25938260555267334,2,3,1,1.2246912717819214,1.5043749809265137,0.02030106820166111,6531
1,5,0.9990368485450745,90,FW,Villarreal,Mallorca,1,1,2024-01-20,22893,2023,635863,0.11283982545137405,0,2,1,0.9990368485450745,0.7259577512741089,0.39846983551979065,6531
0,3,0.6128761172294617,33,Sub,Las Palmas,Villarreal,3,0,2024-01-13,22882,2023,634614,0,0,0,0,0.6128761172294617,0.6128761172294617,0,6531
0,2,0.5178985595703125,90,FW,Villarreal,Celta Vigo,3,2,2023-12-20,22864,2023,632066,0.12271150201559067,1,2,0,0.5178985595703125,0.5555485486984253,0,6531
0,0,0,38,Sub,Real Madrid,Villarreal,4,1,2023-12-17,22849,2023,631342,0,0,0,0,0,0,0,6531
0,1,0.10634367167949677,12,Sub,Villarreal,Real Sociedad,0,3,2023-12-09,22844,2023,628971,0.09919192641973495,0,2,0,0.10634367167949677,0.20553559064865112,0,6531
0,2,0.35620084404945374,35,FW,Atletico Madrid,Villarreal,3,1,2023-11-12,22807,2023,624346,0,0,0,0,0.35620084404945374,0.35620084404945374,0,6531
1,4,1.1150827407836914,90,FW,Villarreal,Athletic Club,2,3,2023-11-05,22798,2023,622449,0.017201567068696022,0,1,1,1.1150827407836914,1.229780673980713,0.11469795554876328,6531
1,1,0.0640808567404747,52,FW,Granada,Villarreal,2,3,2023-10-30,22791,2023,621054,0.42636173963546753,1,1,1,0.0640808567404747,0.4904426038265228,0,6531
0,2,0.45098286867141724,90,FW,Villarreal,Alaves,1,1,2023-10-22,22784,2023,619095,0.09177593141794205,0,1,0,0.45098286867141724,0.5427588224411011,0,6531
0,2,0.35921794176101685,90,FW,Villarreal,Las Palmas,1,2,2023-10-08,22774,2023,616899,0.487493097782135,0,1,0,0.35921794176101685,0.8060995936393738,0.019658619537949562,6531
0,1,0.04411827772855759,64,FW,Getafe,Villarreal,0,0,2023-09-30,22759,2023,614343,0,0,0,0,0.04411827772855759,0.05260391905903816,0.05260391905903816,6531
0,1,0.08275839686393738,90,FW,Villarreal,Girona,1,2,2023-09-27,22751,2023,613646,0,0,0,0,0.08275839686393738,0.11600895971059799,0.033250562846660614,6531
1,2,0.242551788687706,90,FW,Rayo Vallecano,Villarreal,1,1,2023-09-24,22741,2023,613039,0.018878299742937088,0,1,1,0.242551788687706,0.2891669273376465,0.027736857533454895,6531
1,2,0.7341128587722778,90,FW,Villarreal,Almeria,2,1,2023-09-17,22730,2023,611217,0,0,0,1,0.7341128587722778,0.5290127992630005,0,6531
1,1,0.326372355222702,26,FW,Cadiz,Villarreal,3,1,2023-09-01,22718,2023,608574,0,0,0,1,0.326372355222702,0.326372355222702,0,6531
1,2,0.9864588975906372,90,FW,Villarreal,Barcelona,3,4,2023-08-27,22710,2023,607722,0,0,0,1,0.9864588975906372,1.0108649730682373,0.024406099691987038,6531
0,5,0.31889140605926514,90,FW,Mallorca,Villarreal,0,1,2023-08-18,22695,2023,604734,0,0,0,0,0.31889140605926514,0.30771005153656006,0.13858798146247864,6531
0,0,0,90,FW,Villarreal,Real Betis,1,2,2023-08-13,22691,2023,604473,0.221222922205925,0,3,0,0,0.221222922205925,0,6531
0,5,0.530464231967926,90,FW,Osasuna,Espanyol,1,2,2026-05-17,29523,2025,791876,0.4731258451938629,0,2,0,0.530464231967926,0.6481624245643616,0.055349428206682205,1235
0,9,1.3319296836853027,90,FW,Osasuna,Atletico Madrid,1,2,2026-05-12,29514,2025,790267,0.03859340399503708,0,1,0,1.3319296836853027,1.2591254711151123,0.08623989671468735,1235
1,1,0.38185328245162964,69,FW,Levante,Osasuna,3,2,2026-05-08,29501,2025,788550,0,0,0,1,0.38185328245162964,0.38185328245162964,0,1235
0,3,0.4343138337135315,70,FW,Osasuna,Barcelona,1,2,2026-05-02,29488,2025,787442,0,0,0,0,0.4343138337135315,0.4343138337135315,0,1235
0,2,0.9580972790718079,90,FW,Osasuna,Sevilla,2,1,2026-04-26,29476,2025,786386,0,0,0,0,0.9580972790718079,1.0571784973144531,0.09908118844032288,1235
0,2,1.073630690574646,90,FW,Athletic Club,Osasuna,1,0,2026-04-21,29478,2025,784348,0,0,0,0,0.3303530812263489,0.3303530812263489,0,1235
1,3,1.0963239669799805,85,FW,Osasuna,Real Betis,1,1,2026-04-12,29460,2025,782125,0,0,0,0,0.35304632782936096,0.056043390184640884,0,1235
1,2,0.7692436575889587,87,FW,Alaves,Osasuna,2,2,2026-04-05,29448,2025,780954,0,0,0,0,0.025966040790081024,0.15022814273834229,0.12426210939884186,1235
1,4,0.2982121706008911,83,FW,Osasuna,Girona,1,0,2026-03-21,29447,2025,778747,0.0686323344707489,0,1,1,0.2982121706008911,0.27898821234703064,0,1235
0,1,0.019211458042263985,90,FW,Real Sociedad,Osasuna,3,1,2026-03-15,29437,2025,777860,0.058340687304735184,0,1,0,0.019211458042263985,0.058340687304735184,0,1235
1,4,0.954403817653656,90,FW,Osasuna,Mallorca,2,2,2026-03-07,29426,2025,775012,0.09043997526168823,0,1,1,0.954403817653656,0.954403817653656,0,1235
0,2,0.07145905494689941,90,FW,Valencia,Osasuna,1,0,2026-03-01,29417,2025,774013,0.06507481634616852,0,1,0,0.07145905494689941,0.15694274008274078,0.020408865064382553,1235
1,5,1.3227442502975464,69,FW,Osasuna,Real Madrid,2,1,2026-02-21,29405,2025,771819,0,0,0,0,0.5794666409492493,0.5794666409492493,0.015769004821777344,1235
0,1,0.06053730100393295,74,FW,Elche,Osasuna,0,0,2026-02-13,29388,2025,770149,0,0,0,0,0.06053730100393295,0.06053730100393295,0,1235
1,2,0.18817439675331116,72,FW,Celta Vigo,Osasuna,1,2,2026-02-06,29382,2025,768361,0,0,0,1,0.18817439675331116,0.12686657905578613,0,1235
1,3,0.6631306409835815,81,FW,Osasuna,Villarreal,2,2,2026-01-31,29370,2025,767205,0,0,0,1,0.6631306409835815,0.6631306409835815,0,1235
1,2,0.6704984903335571,83,FW,Rayo Vallecano,Osasuna,1,3,2026-01-24,29366,2025,765404,0.060944363474845886,0,1,1,0.6704984903335571,0.07085931301116943,0,1235
2,6,0.9749882817268372,90,FW,Osasuna,Real Oviedo,3,2,2026-01-17,29357,2025,764436,0.06541147083044052,0,1,2,0.9749882817268372,0.4796786606311798,0.034184347838163376,1235
0,4,0.383208304643631,90,FW,Girona,Osasuna,1,0,2026-01-10,29340,2025,762870,0,0,0,0,0.383208304643631,0.383208304643631,0,1235
0,1,0.2829011082649231,77,FW,Osasuna,Athletic Club,1,1,2026-01-03,29331,2025,761111,0.03716738894581795,0,1,0,0.2829011082649231,0.34290626645088196,0.022837774828076363,1235
2,7,1.650081753730774,90,FW,Osasuna,Alaves,3,0,2025-12-20,29323,2025,759217,0,0,0,1,0.906804084777832,0.1113886758685112,0,1235
0,2,0.12651929259300232,67,FW,Barcelona,Osasuna,2,0,2025-12-13,29310,2025,757825,0,0,0,0,0.12651929259300232,0.22821681201457977,0.10169751942157745,1235
0,1,0.5691348910331726,90,FW,Osasuna,Levante,2,0,2025-12-08,29305,2025,757219,0.20347480475902557,0,2,0,0.5691348910331726,0.7726097106933594,0,1235
0,0,0,72,FW,Mallorca,Osasuna,2,2,2025-11-29,29291,2025,753401,0,0,0,0,0,0,0,1235
0,0,0,11,Sub,Osasuna,Real Sociedad,1,3,2025-11-22,29282,2025,752274,0,0,0,0,0,0.015649905428290367,0.015649905428290367,1235
0,4,0.29135793447494507,90,FW,Real Oviedo,Osasuna,0,0,2025-11-03,29266,2025,749639,0,0,0,0,0.29135793447494507,0.23543348908424377,0,1235
2,6,1.6892725229263306,90,FW,Osasuna,Celta Vigo,2,3,2025-10-26,29255,2025,747097,0,0,0,1,0.20271728932857513,0.06725411117076874,0.039991699159145355,1235
0,3,0.6167601346969604,90,FW,Atletico Madrid,Osasuna,1,0,2025-10-18,29239,2025,744611,0,0,0,0,0.6167601346969604,0.6167601346969604,0,1235
0,3,0.1354033201932907,90,FW,Osasuna,Getafe,2,1,2025-10-03,29235,2025,742071,0,0,0,0,0.1354033201932907,0.1354033201932907,0,1235
0,4,0.1885051131248474,90,FW,Real Betis,Osasuna,2,0,2025-09-28,29221,2025,741805,0.06262657046318054,0,1,0,0.1885051131248474,0.25113168358802795,0,1235
0,0,0,85,FW,Osasuna,Elche,1,1,2025-09-25,29214,2025,740129,0.05332767963409424,0,1,0,0,0.07774388790130615,0.024416211992502213,1235
1,2,0.7873821258544922,82,FW,Villarreal,Osasuna,2,1,2025-09-20,29207,2025,738826,0.0741848573088646,0,1,0,0.04410450533032417,0.11828935891389847,0.04410450533032417,1235
0,0,0,28,Sub,Osasuna,Rayo Vallecano,2,0,2025-09-14,29197,2025,737913,0,0,0,0,0,0.1413988322019577,0.1413988322019577,1235
0,3,0.21101972460746765,90,FW,Espanyol,Osasuna,1,0,2025-08-31,29187,2025,736141,0,0,0,0,0.21101972460746765,0.5273920893669128,0.3163723647594452,1235
1,3,0.24509437382221222,90,FW,Osasuna,Valencia,1,0,2025-08-24,29172,2025,733957,0,0,0,1,0.24509437382221222,0.340708464384079,0.09561407566070557,1235
0,2,0.201043963432312,90,FW,Real Madrid,Osasuna,1,0,2025-08-19,29167,2025,732791,0,0,0,0,0.201043963432312,0.04885710030794144,0,1235
0,4,0.3452221751213074,90,FW,Alaves,Osasuna,1,1,2025-05-24,27356,2024,729869,0,0,0,0,0.3452221751213074,0.33035239577293396,0,1235
1,4,0.53287672996521,81,FW,Osasuna,Espanyol,2,0,2025-05-18,27351,2024,728694,0,0,0,1,0.53287672996521,0.664421021938324,0.13154427707195282,1235
1,3,0.8071212768554688,89,FW,Osasuna,Atletico Madrid,2,0,2025-05-15,27335,2024,727355,0,0,0,1,0.8071212768554688,0.5408259034156799,0,1235
1,5,0.9513720870018005,80,FW,Real Betis,Osasuna,1,1,2025-05-11,27325,2024,727026,0,0,0,1,0.9513720870018005,0.4339213967323303,0,1235
0,1,0.02278328873217106,80,FW,Villarreal,Osasuna,4,2,2025-05-03,27319,2024,724162,0.0802120640873909,1,1,0,0.02278328873217106,0.1029953584074974,0.02278328873217106,1235
0,2,0.09398531168699265,90,FW,Osasuna,Sevilla,1,0,2025-04-24,27309,2024,722094,0,0,0,0,0.09398531168699265,0,0,1235
2,5,1.4261929988861084,90,FW,Real Valladolid,Osasuna,2,3,2025-04-20,27297,2024,720935,0,0,0,1,0.6829153299331665,0.7316680550575256,0.04875270277261734,1235
1,2,1.206705927848816,90,FW,Osasuna,Girona,2,1,2025-04-13,27289,2024,719127,0.11524679511785507,1,2,1,1.206705927848816,1.076340675354004,0,1235
0,4,0.986670732498169,89,FW,Leganes,Osasuna,1,1,2025-04-07,27275,2024,718119,0.07862497121095657,0,1,0,0.986670732498169,1.2317091226577759,0.24503836035728455,1235
0,1,0.0448116771876812,89,FW,Athletic Club,Osasuna,0,0,2025-03-30,27269,2024,715714,0.03845712170004845,0,1,0,0.0448116771876812,0.08326879888772964,0.03845712170004845,1235
0,1,0.05120572820305824,24,Sub,Barcelona,Osasuna,3,0,2025-03-27,27244,2024,714425,0,0,0,0,0.05120572820305824,0.05120572820305824,0,1235
1,5,1.377061128616333,90,FW,Osasuna,Getafe,1,2,2025-03-16,27258,2024,714218,0,0,0,0,0.6337834596633911,0.21071366965770721,0,1235
1,3,0.8463333249092102,90,FW,Osasuna,Valencia,3,3,2025-03-02,27234,2024,710733,0.09069640934467316,1,1,0,0.10305570811033249,0.19375212490558624,0,1235
0,4,0.2379409670829773,90,FW,Celta Vigo,Osasuna,1,0,2025-02-21,27223,2024,707476,0,0,0,0,0.2379409670829773,0.2438269406557083,0.06706365197896957,1235
1,3,0.9113892316818237,88,FW,Osasuna,Real Madrid,1,1,2025-02-15,27220,2024,706315,0,0,0,0,0.1681116372346878,0.1681116372346878,0,1235
0,0,0,90,FW,Mallorca,Osasuna,1,1,2025-02-10,27210,2024,705741,0.555485188961029,0,1,0,0,0.7280982136726379,0.1726129949092865,1235
2,4,0.5153043270111084,88,FW,Osasuna,Real Sociedad,2,1,2025-02-02,27195,2024,704291,0,0,0,2,0.5153043270111084,0.47708258032798767,0.0639394000172615,1235
0,5,1.276915431022644,70,FW,Las Palmas,Osasuna,1,1,2025-01-24,27185,2024,701182,0,0,0,0,1.276915431022644,1.276915431022644,0,1235
0,1,0.037765029817819595,90,FW,Osasuna,Rayo Vallecano,1,1,2025-01-19,27174,2024,700857,0,0,0,0,0.037765029817819595,0,0,1235
0,0,0,10,Sub,Atletico Madrid,Osasuna,1,0,2025-01-12,27163,2024,698679,0,0,0,0,0,0,0,1235
0,0,0,90,FW,Osasuna,Athletic Club,1,2,2024-12-21,27159,2024,695424,0,0,0,0,0,0,0,1235
0,0,0,90,FW,Espanyol,Osasuna,0,0,2024-12-14,27150,2024,693501,0.1308680772781372,0,2,0,0,0.1308680772781372,0,1235
1,3,0.9260828495025635,90,FW,Osasuna,Alaves,2,2,2024-12-08,27141,2024,693119,0,0,0,1,0.9260828495025635,0.2150057554244995,0,1235
1,3,0.7886264324188232,90,FW,Sevilla,Osasuna,1,1,2024-12-02,27129,2024,691284,0.06791400909423828,0,1,1,0.7886264324188232,0.8565404415130615,0,1235
2,2,1.2122472524642944,90,FW,Osasuna,Villarreal,2,2,2024-11-24,27114,2024,688952,0,0,0,1,0.4689696431159973,0.5007348656654358,0.031765248626470566,1235
0,0,0,77,FW,Real Madrid,Osasuna,4,0,2024-11-09,27109,2024,686381,0,0,0,0,0,0,0,1235
1,8,1.8010172843933105,89,FW,Osasuna,Real Valladolid,1,0,2024-11-02,27096,2024,684691,0.13099612295627594,0,1,0,1.0577397346496582,1.7316683530807495,0.62335604429245,1235
1,3,0.6926788687705994,90,FW,Real Sociedad,Osasuna,0,2,2024-10-27,27088,2024,684120,0,0,0,1,0.6926788687705994,0.7520788908004761,0.059400007128715515,1235
0,5,0.7170449495315552,90,FW,Osasuna,Real Betis,1,2,2024-10-19,27079,2024,681449,0.3730820119380951,0,2,0,0.7170449495315552,1.030482292175293,0,1235
1,3,0.12063471972942352,90,FW,Getafe,Osasuna,1,1,2024-10-05,27062,2024,679599,0.0531543493270874,0,1,1,0.12063471972942352,0.16605538129806519,0,1235
2,3,1.299741506576538,79,FW,Osasuna,Barcelona,4,2,2024-09-28,27056,2024,678272,0,0,0,1,0.556463897228241,0.556463897228241,0,1235
0,2,0.10944435000419617,25,Sub,Valencia,Osasuna,0,0,2024-09-24,27050,2024,676957,0,0,0,0,0.10944435000419617,0.0934150442481041,0,1235
1,3,0.9241170287132263,83,FW,Osasuna,Las Palmas,2,1,2024-09-21,27040,2024,675817,0.03481791913509369,0,1,0,0.1808394193649292,0.03481791913509369,0,1235
0,0,0,23,Sub,Rayo Vallecano,Osasuna,3,1,2024-09-16,27030,2024,674985,0,0,0,0,0,0,0,1235
0,3,0.1975754350423813,80,FW,Osasuna,Celta Vigo,3,2,2024-09-01,27018,2024,672746,0.1287735253572464,1,1,0,0.1975754350423813,0.14703787863254547,0,1235
0,0,0,62,FW,Girona,Osasuna,4,0,2024-08-29,27010,2024,669598,0,0,0,0,0,0,0,1235
0,1,0.023177072405815125,82,FW,Osasuna,Mallorca,1,0,2024-08-24,26994,2024,668208,0,0,0,0,0.023177072405815125,0.05326142907142639,0.030084356665611267,1235
0,3,0.18539462983608246,90,FW,Osasuna,Leganes,1,1,2024-08-17,26986,2024,666582,0,0,0,0,0.18539462983608246,0.18539462983608246,0,1235
1,3,0.5267861485481262,59,FW,Osasuna,Villarreal,1,1,2024-05-25,23059,2023,664248,0,0,0,1,0.5267861485481262,0.5267861485481262,0,1235
0,0,0,4,Sub,Atletico Madrid,Osasuna,1,4,2024-05-19,23046,2023,663578,0,0,0,0,0,0.09395704418420792,0.09395704418420792,1235
0,4,1.416932463645935,90,FW,Osasuna,Valencia,0,1,2024-04-15,22989,2023,654339,0.07750380039215088,0,1,0,0.6736547946929932,0.7951862812042236,0.044027701020240784,1235
1,2,0.5284468531608582,81,FW,Almeria,Osasuna,0,3,2024-03-30,22975,2023,649909,0,0,0,1,0.5284468531608582,0.6165264248847961,0.08807960897684097,1235
1,2,0.38677525520324707,73,FW,Osasuna,Real Madrid,2,4,2024-03-16,22967,2023,648371,0.033610325306653976,0,1,1,0.38677525520324707,0.06252516061067581,0,1235
0,1,0.03456181287765503,90,FW,Girona,Osasuna,2,0,2024-03-09,22958,2023,646990,0,0,0,0,0.03456181287765503,0.03456181287765503,0,1235
1,5,0.8722772002220154,82,FW,Osasuna,Alaves,1,0,2024-03-04,22954,2023,646080,0.012541974894702435,0,1,1,0.8722772002220154,0.8114792108535767,0,1235
0,0,0,90,FW,Las Palmas,Osasuna,1,1,2024-02-25,22942,2023,644038,0,0,0,0,0,0.06918507814407349,0.06918507814407349,1235
2,4,0.6203818321228027,90,FW,Osasuna,Cadiz,2,0,2024-02-17,22931,2023,641889,0.3761657178401947,0,1,2,0.6203818321228027,1.0280883312225342,0.10227524489164352,1235
1,1,0.41047167778015137,77,FW,Real Sociedad,Osasuna,0,1,2024-02-10,22924,2023,640297,0,0,0,1,0.41047167778015137,0,0,1235
0,4,0.3912679851055145,90,FW,Osasuna,Celta Vigo,0,3,2024-02-04,22914,2023,639264,0,0,0,0,0.3912679851055145,0.3912679851055145,0,1235
0,1,0.43139636516571045,69,FW,Barcelona,Osasuna,1,0,2024-01-31,22878,2023,637918,0,0,0,0,0.43139636516571045,0,0,1235
1,2,0.8367121815681458,90,FW,Sevilla,Osasuna,1,1,2024-01-28,22902,2023,637586,0.1213364228606224,0,1,1,0.8367121815681458,0,0,1235
0,2,0.4729536473751068,90,FW,Osasuna,Getafe,3,2,2024-01-21,22892,2023,636132,0,0,0,0,0.4729536473751068,0.5299914479255676,0.057037800550460815,1235
1,3,0.587724506855011,77,FW,Osasuna,Almeria,1,0,2024-01-04,22867,2023,634043,0.09022243320941925,0,1,1,0.587724506855011,0.7165323495864868,0.11631959676742554,1235
0,2,0.1078297421336174,90,FW,Mallorca,Osasuna,3,2,2023-12-21,22859,2023,632325,0.027798641473054886,0,1,0,0.1078297421336174,0.20140808820724487,0.06577970832586288,1235
0,3,0.7135644555091858,90,FW,Osasuna,Rayo Vallecano,1,0,2023-12-15,22848,2023,630001,0,0,0,0,0.7135644555091858,0.7135644555091858,0,1235
1,2,0.7958147525787354,90,FW,Cadiz,Osasuna,1,1,2023-12-10,22837,2023,629711,0,0,0,0,0.05253712087869644,0.0703975036740303,0.017860382795333862,1235
0,3,0.20428690314292908,79,FW,Osasuna,Real Sociedad,1,1,2023-12-02,22828,2023,626909,0.6138498783111572,1,1,0,0.20428690314292908,0.18767699599266052,0.01748982071876526,1235
0,4,0.289460688829422,77,FW,Villarreal,Osasuna,3,1,2023-11-26,22824,2023,625451,0,0,0,0,0.289460688829422,0.3086181879043579,0.019157497212290764,1235
1,4,0.9840103983879089,89,FW,Osasuna,Las Palmas,1,1,2023-11-11,22813,2023,623447,0,0,0,1,0.9840103983879089,0.9268361330032349,0,1235
2,3,1.161676049232483,90,FW,Osasuna,Girona,2,4,2023-11-04,22802,2023,621226,0.05221391096711159,0,1,2,1.161676049232483,1.2138899564743042,0,1235
0,1,0.010065973736345768,90,FW,Real Betis,Osasuna,2,1,2023-10-29,22788,2023,620376,0,0,0,0,0.010065973736345768,0.010065973736345768,0,1235
2,4,1.356413722038269,81,FW,Osasuna,Granada,2,0,2023-10-20,22783,2023,617671,0,0,0,1,0.6131361722946167,0.6408859491348267,0.027749810367822647,1235
0,2,0.09087154269218445,71,FW,Real Madrid,Osasuna,4,0,2023-10-07,22772,2023,616516,0,0,0,0,0.09087154269218445,0.09087154269218445,0,1235
1,3,0.6831802725791931,17,Sub,Alaves,Osasuna,0,2,2023-10-01,22761,2023,615461,0.3813656270503998,0,1,1,0.6831802725791931,1.0645458698272705,0,1235
0,3,0.12047191709280014,82,FW,Osasuna,Atletico Madrid,0,2,2023-09-28,22748,2023,614057,0,0,0,0,0.12047191709280014,0.1938927173614502,0.1568712443113327,1235
0,1,0.07467419654130936,87,FW,Osasuna,Sevilla,0,0,2023-09-23,22740,2023,612217,0.42171603441238403,0,1,0,0.07467419654130936,1.077718734741211,0.5813285112380981,1235
1,2,0.7575439810752869,81,FW,Getafe,Osasuna,3,2,2023-09-17,22728,2023,610951,0,0,0,0,0.014266357757151127,0,0,1235
0,0,0,26,Sub,Osasuna,Barcelona,1,2,2023-09-03,22722,2023,609877,0,0,0,0,0,0,0,1235
0,0,0,12,Sub,Valencia,Osasuna,1,2,2023-08-27,22711,2023,607898,0.11378052830696106,1,1,0,0,0,0,1235
0,3,0.06395687162876129,90,FW,Osasuna,Athletic Club,0,2,2023-08-19,22699,2023,605621,0,0,0,0,0.06395687162876129,0.18475815653800964,0.12080127745866776,1235
0,3,0.27765750885009766,82,FW,Celta Vigo,Osasuna,0,2,2023-08-13,22690,2023,604366,0,0,0,0,0.27765750885009766,0.27765750885009766,0,1235
0,0,0,13,Sub,Aston Villa,Liverpool,4,2,2026-05-15,29140,2025,790651,0,0,0,0,0,0.0680699273943901,0.0680699273943901,1250
0,1,0.08425866067409515,63,AMR,Liverpool,Crystal Palace,3,1,2026-04-25,29113,2025,785512,0.0411023274064064,0,1,0,0.08425866067409515,0.19498299062252045,0.11072432994842529,1250
1,1,0.38236069679260254,90,AMR,Everton,Liverpool,1,2,2026-04-19,29102,2025,783727,0.011802262626588345,0,1,1,0.38236069679260254,0.5574262738227844,0.1750655472278595,1250
1,5,0.7161327600479126,90,AMR,Liverpool,Fulham,2,0,2026-04-11,29097,2025,781779,0.11916138231754303,0,2,1,0.7161327600479126,1.5868834257125854,0.8363149166107178,1250
0,3,0.2868862450122833,24,Sub,Liverpool,Tottenham,1,1,2026-03-15,29073,2025,777721,0.19666770100593567,0,2,0,0.2868862450122833,0.602495551109314,0.11894158273935318,1250
1,2,0.2958885729312897,90,AMR,Wolverhampton Wanderers,Liverpool,2,1,2026-03-03,29067,2025,774623,0,0,0,1,0.2958885729312897,0.39452439546585083,0.13361084461212158,1250
0,3,0.27051812410354614,90,AMR,Liverpool,West Ham,5,2,2026-02-28,29054,2025,773280,0,0,0,0,0.27051812410354614,0.9846698045730591,0.7141516804695129,1250
0,0,0,80,AMR,Nottingham Forest,Liverpool,0,1,2026-02-22,29044,2025,772234,0.6178997159004211,0,1,0,0,0.6908221244812012,0.07292238622903824,1250
0,4,0.35964563488960266,90,AMR,Sunderland,Liverpool,0,1,2026-02-11,29035,2025,769962,0.5462036728858948,1,1,0,0.35964563488960266,0.8274459838867188,0.4678003191947937,1250
0,5,0.3449459373950958,90,AMR,Liverpool,Manchester City,1,2,2026-02-08,29024,2025,769429,0.6049635410308838,0,2,0,0.3449459373950958,0.9373834729194641,0.6585057973861694,1250
0,2,0.36032554507255554,89,AMR,Liverpool,Newcastle United,4,1,2026-01-31,29014,2025,767452,0.4938117563724518,1,3,0,0.36032554507255554,0.7928637862205505,0,1250
0,3,0.3858192563056946,90,FW,Bournemouth,Liverpool,3,2,2026-01-24,28998,2025,765800,0.03929440304636955,1,2,0,0.3858192563056946,0.47968989610671997,0.054576240479946136,1250
0,3,0.7714912295341492,65,Sub,Liverpool,Brighton,2,0,2025-12-13,28933,2025,757654,0.6681545376777649,1,5,0,0.7714912295341492,1.0865172147750854,0.1816471815109253,1250
0,2,0.08909686654806137,43,Sub,Liverpool,Sunderland,1,1,2025-12-03,28914,2025,755276,0.23238204419612885,0,4,0,0.08909686654806137,0.17540274560451508,0.0709691047668457,1250
0,4,0.20856845378875732,90,FWR,Liverpool,Nottingham Forest,0,3,2025-11-22,28894,2025,752151,0.3611880838871002,0,3,0,0.20856845378875732,0.7406381964683533,0.409651517868042,1250
0,3,0.5852469205856323,90,AMR,Manchester City,Liverpool,3,0,2025-11-09,28883,2025,751173,0.11557650566101074,0,3,0,0.5852469205856323,1.0281015634536743,0.32727816700935364,1250
1,3,0.39187124371528625,90,AMR,Liverpool,Aston Villa,2,0,2025-11-01,28872,2025,748743,0.03213052451610565,0,1,1,0.39187124371528625,0.6314892768859863,0.20748752355575562,1250
1,4,0.6800620555877686,90,AMR,Brentford,Liverpool,3,2,2025-10-25,28861,2025,746293,0.01924978941679001,0,1,1,0.6800620555877686,0.7836359143257141,0.09836230427026749,1250
0,3,0.3492569327354431,89,AMR,Liverpool,Manchester United,1,2,2025-10-19,28852,2025,745064,0.37240445613861084,0,4,0,0.3492569327354431,0.4182698130607605,0,1250
0,2,0.19087210297584534,90,AMR,Chelsea,Liverpool,2,1,2025-10-04,28842,2025,742609,0.4129641354084015,0,4,0,0.19087210297584534,0.6038362383842468,0,1250
0,3,0.47172456979751587,90,AMR,Crystal Palace,Liverpool,2,1,2025-09-27,28830,2025,740648,0.12866021692752838,0,2,0,0.47172456979751587,0.49430668354034424,0.23416182398796082,1250
0,2,0.1933365762233734,90,AMR,Liverpool,Everton,2,1,2025-09-20,28818,2025,738315,0.06738808751106262,1,1,0,0.1933365762233734,0.4716339409351349,0.21090927720069885,1250
1,1,0.7611688375473022,90,AMR,Burnley,Liverpool,0,1,2025-09-14,28816,2025,737484,0.02073691412806511,0,1,0,0,0.37468084692955017,0.35394394397735596,1250
0,1,0.07573796063661575,90,AMR,Liverpool,Arsenal,1,0,2025-08-31,28806,2025,735939,0,0,0,0,0.07573796063661575,0.093735471367836,0.017997510731220245,1250
0,0,0,90,AMR,Newcastle United,Liverpool,2,3,2025-08-25,28797,2025,734537,0.3935171365737915,1,2,0,0,0.4621291160583496,0.0686119794845581,1250
1,3,0.29493647813796997,90,AMR,Liverpool,Bournemouth,4,2,2025-08-15,28778,2025,731577,0.3091484308242798,0,2,1,0.29493647813796997,0.498899906873703,0.15279042720794678,1250
1,3,0.6502726078033447,90,AMR,Liverpool,Crystal Palace,1,1,2025-05-25,26975,2024,730163,0.3545898497104645,0,2,1,0.6502726078033447,1.4418812990188599,0.4883190393447876,1250
0,6,1.6257779598236084,90,AMR,Brighton,Liverpool,3,2,2025-05-19,26965,2024,729271,0.15504929423332214,0,2,0,1.6257779598236084,2.5460445880889893,1.3133214712142944,1250
0,0,0,90,AMR,Liverpool,Arsenal,2,2,2025-05-11,26952,2024,726761,0.5089592933654785,0,2,0,0,1.4524140357971191,0.9798427820205688,1250
0,1,0.24741770327091217,90,AMR,Chelsea,Liverpool,3,1,2025-05-04,26948,2024,724923,0.3833106458187103,0,2,0,0.24741770327091217,0.6307283639907837,0,1250
1,4,0.3334500193595886,90,AMR,Liverpool,Tottenham,5,1,2025-04-27,26936,2024,723275,0.7268217206001282,0,5,1,0.3334500193595886,1.697934627532959,0.7998188138008118,1250
0,7,1.9659005403518677,90,AMR,Leicester,Liverpool,0,1,2025-04-20,26928,2024,721300,0.5494127869606018,0,3,0,1.9659005403518677,2.8712375164031982,1.0469192266464233,1250
0,1,0.0335492342710495,86,AMR,Liverpool,West Ham,2,1,2025-04-13,26916,2024,719250,0.7696119546890259,1,3,0,0.0335492342710495,0.78167724609375,0.31551411747932434,1250
0,1,0.2793395519256592,90,AMR,Fulham,Liverpool,3,2,2025-04-06,26906,2024,717563,0.0978206992149353,0,2,0,0.2793395519256592,0.5022502541542053,0.12509000301361084,1250
0,1,0.18284529447555542,90,AMR,Liverpool,Everton,1,0,2025-04-02,26901,2024,716242,0,0,0,0,0.18284529447555542,0.49082767963409424,0.3079823851585388,1250
2,5,2.1614937782287598,90,FWR,Liverpool,Southampton,3,1,2025-03-08,26876,2024,711388,0.34936168789863586,0,6,0,0.6391561031341553,1.5203365087509155,0.5608779191970825,1250
0,3,0.21507790684700012,90,AMR,Liverpool,Newcastle United,2,0,2025-02-26,26870,2024,709243,0.7664530277252197,1,3,0,0.21507790684700012,1.1180015802383423,0.13647060096263885,1250
1,2,0.1141483336687088,90,AMC,Manchester City,Liverpool,0,2,2025-02-23,26859,2024,727055,0.48450058698654175,1,3,1,0.1141483336687088,0.5299590229988098,0.11054118722677231,1250
1,2,0.5733988285064697,90,AMR,Aston Villa,Liverpool,2,2,2025-02-19,26884,2024,707349,0.1423530876636505,1,2,1,0.5733988285064697,0.7186519503593445,0.05412771925330162,1250
1,2,0.8348486423492432,90,AMR,Liverpool,Wolverhampton Wanderers,2,1,2025-02-16,26847,2024,706711,0,0,0,0,0.07367978245019913,0.07367978245019913,0,1250
1,2,0.45623692870140076,90,AMR,Everton,Liverpool,2,2,2025-02-12,26748,2024,705769,0.382205069065094,1,2,1,0.45623692870140076,0.8384420275688171,0.3291725218296051,1250
2,4,0.8678356409072876,90,AMR,Bournemouth,Liverpool,0,2,2025-02-01,26832,2024,703315,0.20426306128501892,0,2,1,0.10666676610708237,1.6167782545089722,1.305848479270935,1250
1,3,0.40952032804489136,90,AMR,Liverpool,Ipswich,4,1,2025-01-25,26827,2024,701502,0.08417871594429016,0,1,1,0.40952032804489136,1.099812388420105,0.6061133146286011,1250
0,3,0.26797983050346375,90,AMR,Brentford,Liverpool,0,2,2025-01-18,26813,2024,700011,1.0072335004806519,0,7,0,0.26797983050346375,1.9171475172042847,0.7634538412094116,1250
0,6,0.39073118567466736,90,AMR,Nottingham Forest,Liverpool,1,1,2025-01-14,26807,2024,699221,0.5487157702445984,0,4,0,0.39073118567466736,0.8536344766616821,0,1250
1,4,1.0143814086914062,90,AMR,Liverpool,Manchester United,2,2,2025-01-05,26797,2024,697714,0.39676716923713684,0,2,0,0.253212571144104,0.6550016403198242,0.19424091279506683,1250
1,7,1.6821272373199463,90,AMR,West Ham,Liverpool,0,5,2024-12-29,26791,2024,696818,1.1356377601623535,2,4,1,1.6821272373199463,2.3007888793945312,0.05097271129488945,1250
1,5,0.5320258736610413,90,AMR,Liverpool,Leicester,3,1,2024-12-26,26776,2024,696342,0.16194356977939606,0,2,1,0.5320258736610413,1.555321455001831,1.0016818046569824,1250
2,7,2.2034435272216797,89,AMR,Tottenham,Liverpool,3,6,2024-12-22,26768,2024,695863,0.8195547461509705,2,3,2,2.2034435272216797,3.112522602081299,0.08952438086271286,1250
0,4,0.23468151688575745,90,FWR,Liverpool,Fulham,2,2,2024-12-14,26752,2024,693761,0.48849570751190186,1,1,0,0.23468151688575745,1.0644361972808838,0.37631291151046753,1250
2,4,0.7634938955307007,90,AMR,Newcastle United,Liverpool,3,3,2024-12-04,26740,2024,691439,0.22445383667945862,1,3,2,0.7634938955307007,1.0873279571533203,0.21817290782928467,1250
1,3,1.1784616708755493,87,AMR,Liverpool,Manchester City,2,0,2024-12-01,26726,2024,690864,0.9550144672393799,1,1,0,0.41729283332824707,1.5505614280700684,0.17825405299663544,1250
2,7,1.6670581102371216,90,AMR,Southampton,Liverpool,2,3,2024-11-24,26721,2024,689148,0.04231169447302818,0,1,1,0.9058892726898193,1.0079329013824463,0.05973198264837265,1250
1,3,0.7756544947624207,90,AMR,Liverpool,Aston Villa,2,0,2024-11-09,26707,2024,686976,0.9714133143424988,1,2,1,0.7756544947624207,1.7470678091049194,0,1250
1,3,0.3979918658733368,90,AMR,Liverpool,Brighton,2,1,2024-11-02,26696,2024,685028,0.150375097990036,0,2,1,0.3979918658733368,0.5642604827880859,0.015893522650003433,1250
1,3,0.6709172129631042,90,AMR,Arsenal,Liverpool,2,2,2024-10-27,26691,2024,683717,0.031058989465236664,0,1,1,0.6709172129631042,0.7942954897880554,0.09231928735971451,1250
1,2,0.7927907109260559,90,AMR,Liverpool,Chelsea,2,1,2024-10-20,26679,2024,682190,0.7211429476737976,1,2,0,0.031621892005205154,0.752764880657196,0.05186966806650162,1250
0,2,0.3793025314807892,75,AMR,Crystal Palace,Liverpool,0,1,2024-10-05,26662,2024,679193,0,0,0,0,0.3793025314807892,0.8602494597434998,0.48094692826271057,1250
1,3,1.1548999547958374,90,AMR,Wolverhampton Wanderers,Liverpool,1,2,2024-09-28,26658,2024,678071,0.07876434177160263,0,2,0,0.39373111724853516,0.4724954664707184,0,1250
0,4,0.4555763602256775,90,AMR,Liverpool,Bournemouth,3,0,2024-09-21,26645,2024,675690,0.4311409890651703,1,6,0,0.4555763602256775,2.065436363220215,1.2962520122528076,1250
0,3,0.14055711030960083,90,AMR,Liverpool,Nottingham Forest,0,1,2024-09-14,26635,2024,673771,0.0824587419629097,0,1,0,0.14055711030960083,0.9220933318138123,0.6990774869918823,1250
1,3,0.5230941772460938,90,AMR,Manchester United,Liverpool,0,3,2024-09-01,26631,2024,672634,1.175806999206543,2,3,1,0.5230941772460938,1.909658432006836,0.2646934986114502,1250
1,3,0.4332505166530609,85,AMR,Liverpool,Brentford,2,0,2024-08-25,26621,2024,668954,0,0,0,1,0.4332505166530609,1.8005907535552979,1.3673402070999146,1250
1,4,1.0967350006103516,90,AMR,Ipswich,Liverpool,0,2,2024-08-17,26603,2024,666255,0.47715306282043457,1,2,1,1.0967350006103516,1.6116441488265991,0.5260607004165649,1250
0,7,1.5352404117584229,90,FWR,Liverpool,Wolverhampton Wanderers,2,0,2024-05-19,22271,2023,663056,0,0,0,0,1.5352404117584229,1.5114052295684814,0.22914524376392365,1250
0,1,0.06249815598130226,90,FWR,Aston Villa,Liverpool,3,3,2024-05-13,22256,2023,661860,0.4681810438632965,0,2,0,0.06249815598130226,0.6193133592605591,0.14420542120933533,1250
1,6,1.5200809240341187,90,FWR,Liverpool,Tottenham,4,2,2024-05-05,22251,2023,659550,0.3737812042236328,1,3,1,1.5200809240341187,1.977646827697754,0.08378473669290543,1250
0,0,0,8,Sub,West Ham,Liverpool,2,2,2024-04-27,22243,2023,656731,0,0,0,0,0,0.03150719776749611,0.03150719776749611,1250
0,7,0.43884527683258057,90,FWR,Everton,Liverpool,2,0,2024-04-24,22179,2023,656328,0.39692988991737366,0,1,0,0.43884527683258057,1.2390607595443726,0.4251910448074341,1250
0,0,0,12,Sub,Fulham,Liverpool,1,3,2024-04-21,22229,2023,655652,0,0,0,0,0,0,0,1250
0,2,0.6287850737571716,90,FWR,Liverpool,Crystal Palace,0,1,2024-04-14,22220,2023,653815,0.16252294182777405,0,5,0,0.6287850737571716,0.7332934737205505,0.08332705497741699,1250
1,6,1.3314489126205444,90,FWR,Manchester United,Liverpool,2,2,2024-04-07,22211,2023,652408,0.39697372913360596,0,3,0,0.570280134677887,1.9785033464431763,1.125369668006897,1250
0,3,0.11316078901290894,64,FWR,Liverpool,Sheffield United,3,1,2024-04-04,22203,2023,651247,0.04772316291928291,0,1,0,0.11316078901290894,0.3323539197444916,0.1920326203107834,1250
1,12,1.8018879890441895,90,FWR,Liverpool,Brighton,2,1,2024-03-31,22189,2023,650334,0.05505726486444473,0,1,1,1.8018879890441895,2.0677783489227295,0.26646336913108826,1250
0,3,0.1579761654138565,27,Sub,Liverpool,Manchester City,1,1,2024-03-10,22171,2023,647468,0.26327237486839294,0,1,0,0.1579761654138565,0.33574843406677246,0.02444472722709179,1250
1,2,0.7410247921943665,47,Sub,Brentford,Liverpool,1,4,2024-02-17,22135,2023,641508,0.5891237258911133,1,2,1,0.7410247921943665,1.3681418895721436,0.037993356585502625,1250
2,6,2.356532096862793,90,FWR,Liverpool,Newcastle United,4,2,2024-01-01,22088,2023,633767,1.6075385808944702,1,4,1,0.8341943621635437,3.640939950942993,1.612078309059143,1250
0,3,0.2857094705104828,90,FWR,Burnley,Liverpool,0,2,2023-12-26,22079,2023,633026,0,0,0,0,0.2857094705104828,0.44490116834640503,0.15919168293476105,1250
1,3,0.19578853249549866,90,FWR,Liverpool,Arsenal,1,1,2023-12-23,22068,2023,632829,0.5291029214859009,0,2,1,0.19578853249549866,0.7248914241790771,0,1250
0,6,0.34641388058662415,90,FWR,Liverpool,Manchester United,0,0,2023-12-17,22060,2023,631107,0.2580333948135376,0,5,0,0.34641388058662415,0.7637616395950317,0.2584584951400757,1250
1,3,0.25995251536369324,90,FWR,Crystal Palace,Liverpool,1,2,2023-12-09,22047,2023,628434,0.025177232921123505,1,1,1,0.25995251536369324,0.3137017786502838,0.1391039937734604,1250
0,4,0.47320133447647095,73,FWR,Sheffield United,Liverpool,0,2,2023-12-06,22040,2023,627985,0.04497341066598892,0,1,0,0.47320133447647095,0.17742757499217987,0,1250
0,2,0.9860442876815796,90,FWR,Liverpool,Fulham,4,3,2023-12-03,22030,2023,627335,0.8477180600166321,1,5,0,0.9860442876815796,1.1217964887619019,0,1250
0,0,0,90,FWR,Manchester City,Liverpool,1,1,2023-11-25,22020,2023,624584,0.26639875769615173,1,3,0,0,0.26639875769615173,0,1250
2,3,0.9793246984481812,90,FWR,Liverpool,Brentford,3,0,2023-11-12,22011,2023,623845,0.07854633778333664,0,1,2,0.9793246984481812,1.0578709840774536,0,1250
0,2,0.563755989074707,90,FWR,Luton,Liverpool,1,1,2023-11-05,21999,2023,622370,0.9707459211349487,0,3,0,0.563755989074707,1.5105829238891602,0.0425453819334507,1250
1,3,0.18581247329711914,90,FWR,Liverpool,Nottingham Forest,3,0,2023-10-29,21991,2023,620602,0.16002269089221954,0,2,1,0.18581247329711914,1.1275174617767334,0.9039522409439087,1250
2,4,1.3145946264266968,90,FWR,Liverpool,Everton,2,0,2023-10-21,21979,2023,617757,0.07650110870599747,0,3,1,0.5534999966621399,0.8213397264480591,0.22014053165912628,1250
2,5,1.517723560333252,90,FWR,Brighton,Liverpool,2,2,2023-10-08,21966,2023,616943,0.05765370652079582,0,1,1,0.7565547227859497,0.8593196272850037,0.04511120542883873,1250
0,1,0.022603020071983337,81,FWR,Tottenham,Liverpool,2,1,2023-09-30,21962,2023,614985,0.6269582509994507,0,2,0,0.022603020071983337,0.6773344278335571,0.5620886087417603,1250
1,5,1.0021893978118896,90,FWR,Liverpool,West Ham,3,1,2023-09-24,21953,2023,612802,0.9481695294380188,0,2,0,0.24102060496807098,1.2128691673278809,0.45887187123298645,1250
0,1,0.06966961920261383,90,FWR,Wolverhampton Wanderers,Liverpool,1,3,2023-09-16,21935,2023,610077,1.5317269563674927,2,5,0,0.06966961920261383,2.232311725616455,0.7037519812583923,1250
1,4,0.7862874269485474,90,FWR,Liverpool,Aston Villa,3,0,2023-09-03,21933,2023,609373,0.7324821949005127,0,2,1,0.7862874269485474,1.0005879402160645,0.5202016234397888,1250
0,2,0.15783153474330902,90,FWR,Newcastle United,Liverpool,1,2,2023-08-27,22304,2023,607705,0.3698761463165283,1,2,0,0.15783153474330902,0.5277076959609985,0,1250
1,5,1.8990148305892944,90,FWR,Liverpool,Bournemouth,3,1,2023-08-19,22288,2023,605125,0.05190268158912659,0,2,1,1.1378459930419922,0.5016481876373291,0,1250
0,3,0.20787660777568817,84,FWR,Chelsea,Liverpool,1,1,2023-08-13,22283,2023,604428,0.3949512243270874,1,1,0,0.20787660777568817,0.6974343657493591,0.09460654854774475,1250
0,4,1.0473092794418335,76,FW,Inter,Verona,1,1,2026-05-17,30208,2025,791167,0,0,0,0,1.0473092794418335,1.3346952199935913,0.287386029958725,7006
1,1,0.5437089800834656,63,FW,Lazio,Inter,0,3,2026-05-09,30198,2025,788918,0.3010125756263733,1,4,1,0.5437089800834656,1.2677586078643799,0.5594385862350464,7006
0,1,0.060567211359739304,21,Sub,Inter,Parma Calcio 1913,2,0,2026-05-03,30188,2025,788218,0.6418100595474243,1,1,0,0.060567211359739304,1.1771785020828247,0.4748011529445648,7006
2,3,0.9124910235404968,61,FW,Inter,Roma,5,2,2026-04-05,30145,2025,780907,0,0,0,2,0.9124910235404968,0.9124910235404968,0,7006
0,1,0.10964487493038177,90,FW,Inter,Juventus,3,2,2026-02-14,30087,2025,770567,0.08219455182552338,0,1,0,0.10964487493038177,0.5130187273025513,0.3211793303489685,7006
1,3,0.2534570097923279,78,FW,Sassuolo,Inter,0,5,2026-02-08,30075,2025,769473,0.21475008130073547,0,3,1,0.2534570097923279,0.5788794755935669,0.11067236214876175,7006
1,4,0.46074044704437256,75,FW,Cremonese,Inter,0,2,2026-02-01,30067,2025,767988,0,0,0,1,0.46074044704437256,0.7829027771949768,0.7358871102333069,7006
1,3,0.6244437098503113,84,FW,Inter,Pisa,6,2,2026-01-23,30058,2025,765294,0.08683563768863678,0,2,1,0.6244437098503113,1.9672799110412598,1.7640732526779175,7006
1,4,1.0040355920791626,89,FW,Udinese,Inter,0,1,2026-01-17,30051,2025,764150,0.0718972384929657,0,2,1,1.0040355920791626,1.1989537477493286,0.12302085012197495,7006
0,1,0.09729227423667908,14,Sub,Inter,Lecce,1,0,2026-01-14,29998,2025,763640,0,0,0,0,0.09729227423667908,0.1435246765613556,0.046232398599386215,7006
0,1,0.1291947066783905,89,FW,Inter,Napoli,2,2,2026-01-11,30038,2025,763263,0,0,0,0,0.1291947066783905,0.5211313366889954,0.39193663001060486,7006
0,5,0.9297994375228882,86,FW,Parma Calcio 1913,Inter,0,2,2026-01-07,30030,2025,762314,0.12302347272634506,0,1,0,0.9297994375228882,1.5725548267364502,0.5197319388389587,7006
1,6,1.6775472164154053,77,FW,Inter,Bologna,3,1,2026-01-04,30019,2025,761933,0.7210533022880554,1,4,1,1.6775472164154053,1.9009121656417847,0.1262931525707245,7006
1,4,0.5805632472038269,85,FW,Atalanta,Inter,0,1,2025-12-28,30013,2025,760458,0.025396164506673813,0,1,1,0.5805632472038269,0.5941351056098938,0.013571903109550476,7006
1,5,0.8260599970817566,86,FW,Genoa,Inter,1,2,2025-12-14,29987,2025,758529,0.02399272471666336,1,1,1,0.8260599970817566,0.9785057902336121,0.12845304608345032,7006
1,4,0.8884156942367554,87,FW,Inter,Como,4,0,2025-12-06,29976,2025,756192,0.3528100550174713,0,1,1,0.8884156942367554,1.2412257194519043,0,7006
2,6,1.5844056606292725,88,FW,Pisa,Inter,0,2,2025-11-30,29972,2025,754267,0.11436985433101654,0,3,2,1.5844056606292725,1.0310145616531372,0.1372605562210083,7006
0,2,0.08966235816478729,69,FW,Inter,AC Milan,0,1,2025-11-23,29958,2025,753047,0,0,0,0,0.08966235816478729,0.159758523106575,0.08786410093307495,7006
1,3,0.5503764748573303,73,FW,Inter,Lazio,2,0,2025-11-09,29948,2025,751406,0,0,0,1,0.5503764748573303,0.8480496406555176,0.6826940774917603,7006
0,5,0.4759206175804138,90,FW,Verona,Inter,1,2,2025-11-02,29943,2025,748882,0,0,0,0,0.4759206175804138,0.5616636276245117,0.0857430025935173,7006
0,5,0.29482024908065796,90,FW,Inter,Fiorentina,3,0,2025-10-29,29929,2025,747626,0.7236109972000122,1,4,0,0.29482024908065796,0.8693624138832092,0.8023330569267273,7006
0,4,0.8766867518424988,90,FW,Napoli,Inter,3,1,2025-10-25,29920,2025,746077,0,0,0,0,0.8766867518424988,0.8250411748886108,0.04333128035068512,7006
0,2,0.14678145945072174,62,FW,Roma,Inter,0,1,2025-10-18,29913,2025,744579,0,0,0,0,0.14678145945072174,0.41976064443588257,0.327846884727478,7006
1,3,1.0150113105773926,76,FW,Inter,Cremonese,4,1,2025-10-04,29897,2025,742563,0.45563292503356934,0,2,1,1.0150113105773926,1.1353108882904053,0.180018350481987,7006
1,5,1.0523269176483154,90,FW,Cagliari,Inter,0,2,2025-09-27,29884,2025,741023,1.2441996335983276,0,3,1,1.0523269176483154,2.3503482341766357,0.6846228241920471,7006
0,2,0.21872402727603912,25,Sub,Inter,Sassuolo,2,1,2025-09-21,29880,2025,739754,0.5403509736061096,0,1,0,0.21872402727603912,1.1361535787582397,0.4934339225292206,7006
0,0,0,65,FW,Juventus,Inter,4,3,2025-09-13,29865,2025,737110,0.12974591553211212,0,2,0,0,0.07092735171318054,0,7006
0,1,0.04486595839262009,90,FW,Inter,Udinese,1,2,2025-08-31,29862,2025,736250,0,0,0,0,0.04486595839262009,0.07466381788253784,0.07466381788253784,7006
1,4,0.6439775228500366,80,FW,Inter,Torino,5,0,2025-08-25,29853,2025,734491,0.4387891888618469,1,1,1,0.6439775228500366,1.6189658641815186,0.6000354886054993,7006
0,5,0.30304527282714844,90,FW,Inter,Roma,0,1,2025-04-27,27697,2024,723060,0.5194355845451355,0,3,0,0.30304527282714844,0.27591413259506226,0,7006
0,1,0.09992857277393341,90,FW,Bologna,Inter,1,0,2025-04-20,27682,2024,721365,0,0,0,0,0.09992857277393341,0,0,7006
1,4,0.6774890422821045,69,FW,Inter,Cagliari,3,1,2025-04-12,27678,2024,718880,0,0,0,1,0.6774890422821045,0.7468461394309998,0.06935710459947586,7006
0,3,0.6989256739616394,67,FW,Parma Calcio 1913,Inter,2,2,2025-04-05,27670,2024,717039,0,0,0,0,0.6989256739616394,0.8105952143669128,0.11166953295469284,7006
1,2,0.279560387134552,90,FW,Atalanta,Inter,0,2,2025-03-16,27643,2024,714327,0.9993932247161865,0,4,1,0.279560387134552,1.3035091161727905,0.024555472657084465,7006
0,6,0.8240900039672852,90,FW,Inter,Monza,3,2,2025-03-08,27636,2024,711671,0.6636865735054016,0,3,0,0.8240900039672852,1.4538692235946655,0.6832449436187744,7006
0,0,0,90,FW,Napoli,Inter,1,1,2025-03-01,27629,2024,709911,0.14432285726070404,0,1,0,0,0.14432285726070404,0,7006
1,5,0.7840644717216492,90,FW,Inter,Genoa,1,0,2025-02-22,27614,2024,708173,0.04661981388926506,0,2,1,0.7840644717216492,0.40785112977027893,0.13473258912563324,7006
0,4,0.5542107224464417,90,FW,Juventus,Inter,1,0,2025-02-16,27610,2024,707192,0.5973888635635376,0,1,0,0.5542107224464417,1.1503891944885254,0.0361206978559494,7006
0,6,0.4149264097213745,90,FW,Inter,Fiorentina,2,1,2025-02-10,27596,2024,705693,0.1295863538980484,0,1,0,0.4149264097213745,0.307145357131958,0.020659975707530975,7006
0,3,0.15536163747310638,90,FW,Fiorentina,Inter,3,0,2025-02-06,27497,2024,704522,0,0,1,0,0.15536163747310638,0.2413054257631302,0.0859437882900238,7006
0,5,0.5085800886154175,90,FW,AC Milan,Inter,1,1,2025-02-02,27588,2024,704275,0.3525382876396179,0,2,0,0.5085800886154175,0.8611183762550354,0,7006
1,1,0.06725024431943893,60,FW,Lecce,Inter,0,4,2025-01-26,27575,2024,702289,0.39457106590270996,1,1,1,0.06725024431943893,0.4618213176727295,0,7006
1,4,0.20679223537445068,80,FW,Inter,Empoli,3,1,2025-01-19,27567,2024,700887,0,0,0,1,0.20679223537445068,0.12927910685539246,0,7006
1,4,0.4981985092163086,75,FW,Inter,Bologna,2,2,2025-01-15,27546,2024,699419,0.04224599897861481,0,1,1,0.4981985092163086,0.6659673452377319,0.12552282214164734,7006
0,5,0.3718036711215973,77,FW,Venezia,Inter,0,1,2025-01-12,27557,2024,698615,0,0,0,0,0.3718036711215973,0.435066282749176,0.06326261162757874,7006
1,6,1.5508882999420166,90,FW,Cagliari,Inter,0,3,2024-12-28,27534,2024,696513,0.016575699672102928,0,1,1,1.5508882999420166,1.0592310428619385,0.08972959965467453,7006
0,3,0.21783141791820526,90,FW,Inter,Como,2,0,2024-12-23,27531,2024,696098,0,0,0,0,0.21783141791820526,0.5229094624519348,0.30507805943489075,7006
0,0,0,90,FW,Lazio,Inter,0,6,2024-12-16,27515,2024,694792,0.07246176898479462,0,1,0,0,1.1428688764572144,1.0704071521759033,7006
0,3,1.212617039680481,90,FW,Inter,Parma Calcio 1913,3,1,2024-12-06,27507,2024,691671,0.10780369490385056,0,1,0,1.212617039680481,1.3601534366607666,0.03973264619708061,7006
0,2,0.19511274993419647,90,FW,Inter,Napoli,1,1,2024-11-10,27473,2024,687808,0,0,0,0,0.19511274993419647,0.29011785984039307,0.0950051099061966,7006
1,3,0.8801641464233398,71,FW,Inter,Venezia,1,0,2024-11-03,27463,2024,685988,0,0,0,1,0.8801641464233398,0.985701858997345,0.36761146783828735,7006
1,4,1.0487929582595825,90,FW,Empoli,Inter,0,3,2024-10-30,27455,2024,684308,0.10805533081293106,1,1,1,1.0487929582595825,0.4605294167995453,0.0666041374206543,7006
0,3,0.38061174750328064,90,FW,Inter,Juventus,4,4,2024-10-27,27444,2024,683952,0.1801479011774063,0,2,0,0.38061174750328064,0.60822993516922,0.12582910060882568,7006
1,3,0.19906628131866455,75,FW,Roma,Inter,0,1,2024-10-20,27441,2024,682331,0.16462180018424988,0,3,1,0.19906628131866455,0.36368808150291443,0,7006
0,6,0.841693639755249,90,FW,Inter,Torino,3,2,2024-10-05,27428,2024,679891,0.03567582368850708,0,1,0,0.841693639755249,1.264669418334961,0.42297571897506714,7006
2,4,0.9200887680053711,90,FW,Udinese,Inter,2,3,2024-09-28,27413,2024,677579,0.3801001310348511,0,3,2,0.9200887680053711,1.321615219116211,0.021426241844892502,7006
0,3,0.22073404490947723,90,FW,Inter,AC Milan,1,2,2024-09-22,27406,2024,676750,0.1698721945285797,1,3,0,0.22073404490947723,0.42470741271972656,0.12300389260053635,7006
0,2,0.20015189051628113,56,FW,Monza,Inter,1,1,2024-09-15,27399,2024,674823,0,0,0,0,0.20015189051628113,0.1006438359618187,0,7006
0,1,0.10626257956027985,86,FW,Inter,Atalanta,4,0,2024-08-30,27383,2024,671487,0.08516163378953934,0,1,0,0.10626257956027985,0.3333994746208191,0.1419752538204193,7006
0,1,0.5546624660491943,89,FW,Genoa,Inter,2,2,2024-08-17,27362,2024,666534,0,0,0,0,0.5546624660491943,0.786704421043396,0.23204198479652405,7006
0,5,0.22190125286579132,90,FW,Inter,Lazio,1,1,2024-05-19,22667,2023,663369,0.39052820205688477,0,2,0,0.22190125286579132,0.6116945743560791,0.12457018345594406,7006
1,2,0.1831914335489273,24,Sub,Frosinone,Inter,0,5,2024-05-10,22657,2023,660185,0.4010044038295746,1,1,1,0.1831914335489273,0.6371598243713379,0.05296400189399719,7006
0,3,0.44254571199417114,90,FW,Sassuolo,Inter,1,0,2024-05-04,22651,2023,659194,0,0,0,0,0.44254571199417114,0.4843716323375702,0.04182594642043114,7006
0,3,0.19885140657424927,90,FW,Inter,Torino,2,0,2024-04-28,22641,2023,657366,0.54839688539505,0,3,0,0.19885140657424927,0.8055278062820435,0.14081041514873505,7006
0,2,0.6990336179733276,90,FW,AC Milan,Inter,1,2,2024-04-22,22633,2023,655990,0,0,0,0,0.6990336179733276,0.8132877945899963,0.1142541766166687,7006
0,6,0.5099663734436035,90,FW,Udinese,Inter,1,2,2024-04-08,22607,2023,652750,0.0467848964035511,0,1,0,0.5099663734436035,0.32679063081741333,0,7006
0,3,0.6019929647445679,77,FW,Inter,Empoli,2,0,2024-04-01,22599,2023,650920,0.24017874896526337,0,4,0,0.6019929647445679,1.1796599626541138,0.38079196214675903,7006
0,5,0.4156499207019806,80,FW,Inter,Napoli,1,1,2024-03-17,22587,2023,649125,0,0,0,0,0.4156499207019806,0.48205411434173584,0.2034645527601242,7006
0,3,0.28341227769851685,78,FW,Inter,Genoa,2,1,2024-03-04,22572,2023,646016,0.36559441685676575,0,2,0,0.28341227769851685,0.6490066647529602,0,7006
1,4,1.1923068761825562,71,FW,Inter,Atalanta,4,0,2024-02-28,22507,2023,644365,0.5123346447944641,0,3,1,0.43100807070732117,0.9946762919425964,0.5636682510375977,7006
2,2,1.1369774341583252,67,FW,Lecce,Inter,0,4,2024-02-25,22563,2023,644006,0.09486016631126404,0,1,2,1.1369774341583252,2.201545476913452,1.0645681619644165,7006
1,3,0.17366434633731842,61,FW,Inter,Salernitana,4,0,2024-02-16,22550,2023,641427,0.0379914827644825,0,1,1,0.17366434633731842,0.6550281047821045,0.5439973473548889,7006
0,1,0.07648210227489471,79,FW,Roma,Inter,2,4,2024-02-10,22544,2023,640358,0.06871948391199112,0,2,0,0.07648210227489471,0.14520157873630524,0,7006
0,2,0.14601099491119385,90,FW,Inter,Juventus,1,0,2024-02-04,22532,2023,639477,0,0,0,0,0.14601099491119385,0.332831472158432,0.18682046234607697,7006
1,5,0.4258275032043457,80,FW,Fiorentina,Inter,0,1,2024-01-28,22522,2023,637617,0,0,0,1,0.4258275032043457,0.48309409618377686,0.08434408158063889,7006
2,4,1.7995110750198364,90,FW,Monza,Inter,1,5,2024-01-13,22504,2023,635029,0.09693857282400131,0,2,1,1.0382122993469238,1.1670331954956055,0.03188230097293854,7006
1,3,0.7460293769836426,90,FW,Inter,Verona,2,1,2024-01-06,22491,2023,634167,0.04481067508459091,0,1,1,0.7460293769836426,0.7908400297164917,0.04481067508459091,7006
1,2,0.7246325016021729,90,FW,Lazio,Inter,0,2,2023-12-17,22463,2023,631277,0.08258537948131561,0,1,1,0.7246325016021729,0.8072178363800049,0.08258537948131561,7006
1,4,0.741890549659729,90,FW,Inter,Udinese,4,0,2023-12-09,22450,2023,629028,0.04995860531926155,0,1,1,0.741890549659729,1.406273365020752,1.2267783880233765,7006
0,3,0.7832174301147461,90,FW,Napoli,Inter,0,3,2023-12-03,22442,2023,627712,0.7858614325523376,1,2,0,0.7832174301147461,2.5125577449798584,0.9434788227081299,7006
1,4,0.43979784846305847,90,FW,Juventus,Inter,1,1,2023-11-26,22432,2023,625938,0,0,0,1,0.43979784846305847,0.5801902413368225,0.14039237797260284,7006
0,4,0.6523396968841553,90,FW,Inter,Frosinone,2,0,2023-11-12,22424,2023,624361,0.056748922914266586,0,2,0,0.6523396968841553,1.1176815032958984,0.4869898855686188,7006
1,2,0.16472013294696808,90,FW,Atalanta,Inter,1,2,2023-11-04,22405,2023,621728,0,0,0,1,0.16472013294696808,0.45864418148994446,0.2939240634441376,7006
0,4,0.34656214714050293,90,FW,Inter,Roma,1,0,2023-10-29,22397,2023,620848,0.02794540487229824,0,1,0,0.34656214714050293,0.30830663442611694,0.04167575389146805,7006
1,2,1.079216480255127,82,FW,Torino,Inter,0,3,2023-10-21,22390,2023,618300,0,0,0,1,1.079216480255127,0.5406917929649353,0.12501811981201172,7006
1,3,0.17893896996974945,90,FW,Inter,Bologna,2,2,2023-10-07,22383,2023,616189,0,0,0,1,0.17893896996974945,0.1079883724451065,0.06200879067182541,7006
4,5,1.8279805183410645,34,Sub,Salernitana,Inter,0,4,2023-09-30,22372,2023,615021,0,0,0,3,1.0666816234588623,1.0666816234588623,0.5211808085441589,7006
0,2,0.1279662847518921,90,FW,Inter,Sassuolo,1,2,2023-09-27,22358,2023,613742,0,0,0,0,0.1279662847518921,0.42736580967903137,0.2993995249271393,7006
0,2,0.09088028967380524,72,FW,Empoli,Inter,0,1,2023-09-24,22347,2023,612568,0.15666785836219788,0,2,0,0.09088028967380524,0.7315018177032471,0.49747976660728455,7006
0,0,0,90,FW,Inter,AC Milan,5,1,2023-09-16,22336,2023,610562,0.17195558547973633,1,2,0,0,0.5673754811286926,0.3954198956489563,7006
2,5,1.285652756690979,90,FW,Inter,Fiorentina,4,0,2023-09-03,22332,2023,609716,0.021587861701846123,0,1,2,1.285652756690979,3.578676223754883,2.2714357376098633,7006
1,6,0.6585044860839844,90,FW,Cagliari,Inter,0,2,2023-08-28,22324,2023,608115,0,0,0,1,0.6585044860839844,0.5793225169181824,0.04481448978185654,7006
2,5,1.5614488124847412,83,FW,Inter,Monza,2,0,2023-08-19,22307,2023,605471,0.0269220732152462,0,1,2,1.5614488124847412,1.517203450202942,0,7006
2,6,2.1621320247650146,90,FW,Aston Villa,Liverpool,4,2,2026-05-15,29140,2025,790635,0.03756604343652725,1,1,2,2.1621320247650146,1.4733372926712036,0,8865
1,2,0.3746309280395508,90,FW,Burnley,Aston Villa,2,2,2026-05-10,29129,2025,789229,0,0,0,1,0.3746309280395508,0.4005407691001892,0.025909816846251488,8865
0,1,0.010201149620115757,29,Sub,Aston Villa,Tottenham,1,2,2026-05-03,29120,2025,788159,0.012706533074378967,0,1,0,0.010201149620115757,0.02290768176317215,0,8865
0,3,0.16121883690357208,82,FW,Fulham,Aston Villa,1,0,2026-04-25,29112,2025,785185,0.05629874765872955,0,1,0,0.16121883690357208,0.21751758456230164,0,8865
2,4,1.8708590269088745,82,FW,Aston Villa,Sunderland,4,3,2026-04-19,29098,2025,783686,0.8218799829483032,1,3,2,1.8708590269088745,2.705103635787964,0.012364760041236877,8865
0,1,0.33386746048927307,90,FW,Nottingham Forest,Aston Villa,1,1,2026-04-12,29089,2025,782171,0.4556032419204712,0,1,0,0.33386746048927307,0.7894706726074219,0,8865
1,5,1.000862717628479,90,FW,Aston Villa,West Ham,2,0,2026-03-22,29079,2025,779244,0.029339289292693138,0,1,1,1.000862717628479,1.34858238697052,0.4266023337841034,8865
0,0,0,61,FW,Manchester United,Aston Villa,3,1,2026-03-15,29074,2025,777453,0,0,0,0,0,0.03425063192844391,0.03425063192844391,8865
0,2,0.38293561339378357,81,FW,Aston Villa,Chelsea,1,4,2026-03-04,29059,2025,774705,0,0,0,0,0.38293561339378357,0.5721817016601562,0.1892460733652115,8865
0,1,0.09262779355049133,87,FW,Wolverhampton Wanderers,Aston Villa,2,0,2026-02-27,29057,2025,772933,0,0,0,0,0.09262779355049133,0.47203969955444336,0.379411906003952,8865
0,3,0.17468611896038055,90,FW,Aston Villa,Leeds,1,1,2026-02-21,29038,2025,771666,0.11481194943189621,0,2,0,0.17468611896038055,0.28949806094169617,0,8865
0,1,0.015966122969985008,77,FW,Aston Villa,Brighton,1,0,2026-02-11,29028,2025,769828,0,0,0,0,0.015966122969985008,0.0671447142958641,0.051178593188524246,8865
0,1,0.0965082198381424,89,FW,Bournemouth,Aston Villa,1,1,2026-02-07,29018,2025,768613,0,0,0,0,0.0965082198381424,0.17236928641796112,0.07586107403039932,8865
1,4,0.8624435663223267,90,FW,Newcastle United,Aston Villa,0,2,2026-01-25,29006,2025,766142,0.15895403921604156,0,2,1,0.8624435663223267,0.5803919434547424,0.1004069373011589,8865
0,1,0.09187908470630646,90,FW,Aston Villa,Everton,0,1,2026-01-18,28988,2025,764835,0,0,0,0,0.09187908470630646,0.10597219318151474,0.014093109406530857,8865
0,4,1.0495721101760864,90,FW,Crystal Palace,Aston Villa,0,0,2026-01-07,28983,2025,762375,0,0,0,0,1.0495721101760864,1.0495721101760864,0,8865
1,2,0.5146124958992004,85,FW,Aston Villa,Nottingham Forest,3,1,2026-01-03,28972,2025,760927,0,0,0,1,0.5146124958992004,0.6043661832809448,0.08975369483232498,8865
1,5,1.5780771970748901,90,FW,Arsenal,Aston Villa,4,1,2025-12-30,28958,2025,760642,0,0,0,1,1.5780771970748901,2.8655855655670166,1.2875083684921265,8865
2,4,1.1999789476394653,29,Sub,Chelsea,Aston Villa,1,2,2025-12-27,28951,2025,760249,0,0,0,2,1.1999789476394653,1.098651647567749,0,8865
0,1,0.6074949502944946,79,FW,Aston Villa,Manchester United,2,1,2025-12-21,28939,2025,759647,0.060297928750514984,1,1,0,0.6074949502944946,0.7518618106842041,0.0840688943862915,8865
0,0,0,77,FW,West Ham,Aston Villa,2,3,2025-12-14,28937,2025,758195,0,0,0,0,0,0,0,8865
0,4,0.7124260663986206,67,FW,Aston Villa,Arsenal,2,1,2025-12-06,28919,2025,755636,0,0,0,0,0.7124260663986206,0.7124260663986206,0,8865
2,4,1.0198954343795776,90,FW,Brighton,Aston Villa,3,4,2025-12-03,28910,2025,755195,0.5406650900840759,0,2,2,1.0198954343795776,1.5605604648590088,0,8865
0,0,0,34,Sub,Aston Villa,Wolverhampton Wanderers,1,0,2025-11-30,28898,2025,754288,0.11605671793222427,0,1,0,0,0.1628263145685196,0.04676960036158562,8865
0,3,0.5314382314682007,74,FW,Leeds,Aston Villa,1,2,2025-11-23,28893,2025,752602,0.03121037967503071,0,1,0,0.5314382314682007,0.562648594379425,0.42983418703079224,8865
0,3,0.8464891314506531,88,FW,Aston Villa,Bournemouth,4,0,2025-11-09,28878,2025,750724,0,0,0,0,0.8464891314506531,0.23009049892425537,0.07218149304389954,8865
0,0,0,79,FW,Liverpool,Aston Villa,2,0,2025-11-01,28872,2025,748758,0.05503184720873833,0,1,0,0,0.07257812470197678,0.017546281218528748,8865
0,2,0.17630265653133392,89,FW,Aston Villa,Manchester City,1,0,2025-10-26,28860,2025,746628,0.06123998016119003,0,1,0,0.17630265653133392,0.14216040074825287,0.08092041313648224,8865
0,1,0.08804439753293991,24,Sub,Tottenham,Aston Villa,1,2,2025-10-19,28856,2025,744775,0,0,0,0,0.08804439753293991,0.08804439753293991,0,8865
0,2,0.17477884888648987,70,FW,Aston Villa,Burnley,2,1,2025-10-05,28840,2025,743024,0,0,0,0,0.17477884888648987,0.2969868779182434,0.15834224224090576,8865
1,1,0.2963070869445801,90,FW,Aston Villa,Fulham,3,1,2025-09-28,28831,2025,741323,0,0,0,1,0.2963070869445801,0.2963070869445801,0,8865
0,0,0,90,FW,Sunderland,Aston Villa,1,1,2025-09-21,28826,2025,739272,0,0,0,0,0,0,0,8865
0,0,0,85,FW,Everton,Aston Villa,0,0,2025-09-13,28812,2025,736985,0.0572931282222271,0,1,0,0,0.0572931282222271,0,8865
0,3,0.5413566827774048,90,FW,Aston Villa,Crystal Palace,0,3,2025-08-31,28807,2025,736189,0.06263919174671173,0,1,0,0.5413566827774048,0.6815422773361206,0.07754640281200409,8865
0,4,0.3496893644332886,90,FW,Brentford,Aston Villa,1,0,2025-08-23,28790,2025,733253,0.08094324171543121,0,1,0,0.3496893644332886,0.4306325912475586,0,8865
0,1,0.0799555703997612,90,FW,Aston Villa,Newcastle United,0,0,2025-08-16,28779,2025,731707,0.06348427385091782,0,1,0,0.0799555703997612,0.14343984425067902,0,8865
0,0,0,90,FW,Manchester United,Aston Villa,2,0,2025-05-25,26974,2024,730244,0,0,0,0,0,0,0,8865
0,3,0.6300190091133118,87,FW,Aston Villa,Tottenham,2,0,2025-05-16,26963,2024,727514,0.1274823397397995,1,1,0,0.6300190091133118,0.6300190091133118,0,8865
1,1,0.5449903607368469,90,FW,Bournemouth,Aston Villa,0,1,2025-05-10,26955,2024,726016,0,0,0,1,0.5449903607368469,0.7018246054649353,0.15683425962924957,8865
0,2,0.1528158187866211,72,FW,Aston Villa,Fulham,1,0,2025-05-03,26946,2024,723807,0.04773629084229469,0,1,0,0.1528158187866211,0.17957645654678345,0,8865
0,0,0,10,Sub,Manchester City,Aston Villa,2,1,2025-04-22,26937,2024,721740,0,0,0,0,0,0,0,8865
1,5,0.7475376129150391,86,FW,Aston Villa,Newcastle United,4,1,2025-04-19,26922,2024,720620,0.38332507014274597,1,2,1,0.7475376129150391,0.9589312076568604,0.410372257232666,8865
1,1,0.3467516601085663,23,Sub,Southampton,Aston Villa,0,3,2025-04-12,26921,2024,718656,0,0,0,1,0.3467516601085663,0.3876221477985382,0.04087046906352043,8865
0,0,0,63,FW,Aston Villa,Nottingham Forest,2,1,2025-04-05,26902,2024,717056,0,0,0,0,0,0,0,8865
0,0,0,24,Sub,Brighton,Aston Villa,0,3,2025-04-02,26893,2024,716202,0,0,0,0,0,0,0,8865
1,4,0.5448225736618042,90,FW,Brentford,Aston Villa,0,1,2025-03-08,26872,2024,711564,0,0,0,1,0.5448225736618042,0.6838008165359497,0.1389782428741455,8865
0,0,0,72,FW,Crystal Palace,Aston Villa,4,1,2025-02-25,26868,2024,709110,0.38491469621658325,1,1,0,0,0.38491469621658325,0,8865
0,4,0.7324151992797852,83,FW,Aston Villa,Chelsea,2,1,2025-02-22,26854,2024,708081,0,0,0,0,0.7324151992797852,0.7324151992797852,0,8865
1,1,0.3393578827381134,90,FW,Aston Villa,Liverpool,2,2,2025-02-19,26884,2024,707336,0,0,0,1,0.3393578827381134,0.3393578827381134,0.3393578827381134,8865
1,4,0.751914918422699,90,FW,Aston Villa,Ipswich,1,1,2025-02-15,26842,2024,706161,0,0,0,1,0.751914918422699,0.32981476187705994,0.18243713676929474,8865
0,0,0,50,FW,Wolverhampton Wanderers,Aston Villa,2,0,2025-02-01,26841,2024,703659,0,0,0,0,0,0,0,8865
0,2,0.12389684468507767,75,FW,Aston Villa,West Ham,1,1,2025-01-26,26823,2024,702182,0.18426752090454102,1,2,0,0.12389684468507767,0.25441882014274597,0,8865
1,3,0.6846120953559875,82,FW,Arsenal,Aston Villa,2,2,2025-01-18,26812,2024,700196,0,0,0,1,0.6846120953559875,0.10048634558916092,0,8865
1,2,0.45854994654655457,90,FW,Everton,Aston Villa,0,1,2025-01-15,26804,2024,699282,0.13490650057792664,0,1,1,0.45854994654655457,0.5934564471244812,0,8865
0,2,0.7242773771286011,90,FW,Aston Villa,Leicester,2,1,2025-01-04,26793,2024,697256,0.13491423428058624,0,1,0,0.7242773771286011,0.9585034847259521,0.09931187331676483,8865
1,6,1.1078153848648071,90,FW,Aston Villa,Brighton,2,2,2024-12-30,26782,2024,696989,0.20369750261306763,1,3,0,0.3466464877128601,0.32991376519203186,0,8865
0,0,0,40,Sub,Newcastle United,Aston Villa,3,0,2024-12-26,26778,2024,696234,0,0,0,0,0,0,0,8865
0,1,0.13300561904907227,9,Sub,Aston Villa,Manchester City,2,1,2024-12-21,26762,2024,695024,0,0,0,0,0.13300561904907227,0.13300561904907227,0,8865
0,0,0,13,Sub,Nottingham Forest,Aston Villa,2,1,2024-12-14,26761,2024,693905,0,0,0,0,0,0,0,8865
0,4,0.31706681847572327,31,Sub,Aston Villa,Southampton,1,0,2024-12-07,26742,2024,692173,0.6623247861862183,0,1,0,0.31706681847572327,0.9208874702453613,0,8865
1,6,1.5067274570465088,68,FW,Aston Villa,Brentford,3,1,2024-12-04,26734,2024,691548,0.10063197463750839,1,2,0,0.7455585598945618,0.782451868057251,0.15298205614089966,8865
0,2,0.38816261291503906,89,FW,Chelsea,Aston Villa,3,0,2024-12-01,26724,2024,690700,0.07551488280296326,0,1,0,0.38816261291503906,0.4636774957180023,0,8865
1,5,1.0808993577957153,90,FW,Aston Villa,Crystal Palace,2,2,2024-11-23,26716,2024,688432,0,0,0,1,1.0808993577957153,0.756229817867279,0,8865
0,3,0.5301581621170044,68,FW,Liverpool,Aston Villa,2,0,2024-11-09,26707,2024,686994,0,0,0,0,0.5301581621170044,0.07387027889490128,0,8865
0,2,0.7986211180686951,90,FW,Tottenham,Aston Villa,4,1,2024-11-03,26700,2024,685540,0,0,0,0,0.7986211180686951,0.7986211180686951,0,8865
0,3,0.22338707745075226,86,FW,Aston Villa,Bournemouth,1,1,2024-10-26,26684,2024,682969,0.20674245059490204,0,2,0,0.22338707745075226,1.0781731605529785,0.7951595783233643,8865
1,2,0.38627734780311584,79,FW,Fulham,Aston Villa,1,3,2024-10-19,26673,2024,681343,0,0,0,1,0.38627734780311584,0.7064647674560547,0.3922865688800812,8865
0,2,0.08749783784151077,90,FW,Aston Villa,Manchester United,0,0,2024-10-06,26670,2024,680083,0.09444950520992279,0,1,0,0.08749783784151077,0.1269010454416275,0,8865
1,1,0.5488311648368835,87,FW,Ipswich,Aston Villa,2,2,2024-09-29,26659,2024,678385,0.08252254128456116,1,1,1,0.5488311648368835,0.7071560025215149,0.07580231875181198,8865
1,3,0.8843710422515869,90,FW,Aston Villa,Wolverhampton Wanderers,3,1,2024-09-21,26647,2024,675755,0,0,0,1,0.8843710422515869,0.8843710422515869,0,8865
2,6,2.166302442550659,90,FW,Aston Villa,Everton,3,2,2024-09-14,26638,2024,673931,0.37080052495002747,0,2,2,2.166302442550659,2.1173629760742188,0.023182682693004608,8865
0,2,0.8392611145973206,63,FW,Leicester,Aston Villa,1,2,2024-08-31,26626,2024,671837,0.598831295967102,1,1,0,0.8392611145973206,0.4145389497280121,0.04703458398580551,8865
0,2,0.8521124720573425,71,FW,Aston Villa,Arsenal,0,2,2024-08-24,26618,2024,668269,0.0833420678973198,0,2,0,0.8521124720573425,0.9354545474052429,0,8865
0,0,0,65,FW,West Ham,Aston Villa,1,2,2024-08-17,26608,2024,666474,0,0,0,0,0,0.436320036649704,0.436320036649704,8865
0,2,0.16997559368610382,73,FW,Crystal Palace,Aston Villa,5,0,2024-05-19,22270,2023,663106,0,0,0,0,0.16997559368610382,0,0,8865
0,2,0.5268839001655579,90,FW,Aston Villa,Liverpool,3,3,2024-05-13,22256,2023,661848,0.1470310240983963,1,2,0,0.5268839001655579,0.673914909362793,0,8865
0,0,0,90,FW,Brighton,Aston Villa,1,0,2024-05-05,22247,2023,659412,0,0,0,0,0,0,0,8865
0,3,0.24657277762889862,90,FW,Aston Villa,Chelsea,2,2,2024-04-27,22236,2023,657253,0,0,0,0,0.24657277762889862,0.24657277762889862,0,8865
0,4,0.5201835036277771,90,FW,Aston Villa,Bournemouth,3,1,2024-04-21,22225,2023,655481,1.5093237161636353,2,2,0,0.5201835036277771,2.1065673828125,0.9423322677612305,8865
1,4,0.50828617811203,90,FW,Arsenal,Aston Villa,0,2,2024-04-14,22216,2023,654052,0.11792957037687302,0,2,1,0.50828617811203,0.6262157559394836,0,8865
2,2,0.4979851543903351,90,FW,Aston Villa,Brentford,3,3,2024-04-06,22205,2023,651689,0,0,0,2,0.4979851543903351,0.4979851543903351,0,8865
0,1,0.3208831250667572,48,FW,Aston Villa,Wolverhampton Wanderers,2,0,2024-03-30,22186,2023,650021,0,0,0,0,0.3208831250667572,0.3208831250667572,0.3208831250667572,8865
0,2,0.06863076239824295,90,FW,West Ham,Aston Villa,1,1,2024-03-17,22183,2023,648763,0.016421234235167503,0,1,0,0.06863076239824295,0.15242744982242584,0.06737545132637024,8865
0,1,0.13910004496574402,90,FW,Aston Villa,Tottenham,0,4,2024-03-10,22167,2023,647129,0.07898522913455963,0,1,0,0.13910004496574402,0.24098077416419983,0.022895511239767075,8865
2,5,0.693005383014679,90,FW,Luton,Aston Villa,2,3,2024-03-02,22159,2023,645168,0,0,0,2,0.693005383014679,1.2421398162841797,0.9566558599472046,8865
1,4,1.5927510261535645,90,FW,Aston Villa,Nottingham Forest,4,2,2024-02-24,22147,2023,643183,0.08970323950052261,0,1,1,1.5927510261535645,2.161773920059204,0.4793197512626648,8865
2,5,0.8723471164703369,90,FW,Fulham,Aston Villa,1,2,2024-02-17,22138,2023,641788,0.36881589889526367,0,1,2,0.8723471164703369,1.1475831270217896,0.32601240277290344,8865
0,3,0.8623842597007751,90,FW,Aston Villa,Manchester United,1,2,2024-02-11,22125,2023,640935,0.04678196832537651,0,1,0,0.8623842597007751,0.9091662168502808,0,8865
1,3,0.9180476069450378,90,FW,Sheffield United,Aston Villa,0,5,2024-02-03,22124,2023,638753,0.5285337567329407,2,2,1,0.9180476069450378,1.4874927997589111,0.04091140255331993,8865
1,4,0.5471787452697754,90,FW,Aston Villa,Newcastle United,1,3,2024-01-30,22105,2023,637877,0.28814688324928284,0,1,1,0.5471787452697754,0.8463566899299622,0.011031030677258968,8865
0,6,0.32658782601356506,90,FW,Everton,Aston Villa,0,0,2024-01-14,22098,2023,635210,0.10431215167045593,0,1,0,0.32658782601356506,1.0113455057144165,0.6273935437202454,8865
0,2,0.18005649745464325,90,FW,Aston Villa,Burnley,3,2,2023-12-30,22085,2023,633527,0.8425172567367554,2,3,0,0.18005649745464325,1.0357780456542969,0.013204296119511127,8865
0,0,0,90,FW,Manchester United,Aston Villa,3,2,2023-12-26,22082,2023,633059,0,0,0,0,0,0,0,8865
0,3,0.22401279211044312,90,FW,Aston Villa,Sheffield United,1,1,2023-12-22,22065,2023,632467,0.018885625526309013,0,1,0,0.22401279211044312,0.093589186668396,0,8865
1,2,0.11712504178285599,90,FW,Brentford,Aston Villa,1,2,2023-12-17,22057,2023,630846,0.17090128362178802,0,2,1,0.11712504178285599,0.3906747102737427,0.17575861513614655,8865
0,3,0.2061479687690735,90,FW,Aston Villa,Arsenal,1,0,2023-12-09,22045,2023,628939,0,0,0,0,0.2061479687690735,0.34802478551864624,0.14187681674957275,8865
0,4,0.31473207473754883,90,FW,Aston Villa,Manchester City,1,0,2023-12-06,22035,2023,628063,0.07355368882417679,0,1,0,0.31473207473754883,0.3019675016403198,0.02185296081006527,8865
1,2,0.1337975114583969,90,FW,Bournemouth,Aston Villa,2,2,2023-12-03,22025,2023,627169,0.14005762338638306,1,2,1,0.1337975114583969,0.17581826448440552,0.08202042430639267,8865
1,3,1.1738481521606445,90,FW,Tottenham,Aston Villa,1,2,2023-11-26,22024,2023,625573,0.027097957208752632,0,1,1,1.1738481521606445,1.266910433769226,0.19748708605766296,8865
1,3,1.6989550590515137,90,FW,Aston Villa,Fulham,3,1,2023-11-12,22007,2023,623906,0.04076242074370384,0,1,1,1.6989550590515137,1.7397174835205078,0,8865
0,2,0.34405434131622314,90,FW,Nottingham Forest,Aston Villa,2,0,2023-11-05,22002,2023,622093,0,0,0,0,0.34405434131622314,0.5333505272865295,0.189296156167984,8865
0,2,1.1947060823440552,90,FW,Aston Villa,Luton,3,1,2023-10-29,21987,2023,620450,0.6837684512138367,0,2,0,1.1947060823440552,1.878474473953247,0,8865
1,4,0.8829790949821472,90,FW,Aston Villa,West Ham,4,1,2023-10-22,21976,2023,618975,0.0523354597389698,1,1,1,0.8829790949821472,0.9353145956993103,0.0523354597389698,8865
0,3,0.23269537091255188,90,FW,Wolverhampton Wanderers,Aston Villa,1,1,2023-10-08,21974,2023,617001,0.39984866976737976,1,1,0,0.23269537091255188,0.23269537091255188,0,8865
3,6,1.1603726148605347,90,FW,Aston Villa,Brighton,6,1,2023-09-30,21955,2023,614298,0.4256710410118103,1,5,3,1.1603726148605347,1.5860437154769897,0.13001646101474762,8865
1,2,0.17803998291492462,90,FW,Chelsea,Aston Villa,0,1,2023-09-24,21947,2023,612759,0.3124411106109619,0,1,1,0.17803998291492462,0.5144497156143188,0.023968609049916267,8865
0,4,0.32459867000579834,90,FW,Aston Villa,Crystal Palace,3,1,2023-09-16,21938,2023,610472,0.049771495163440704,0,1,0,0.32459867000579834,0.5074809193611145,0.13311074674129486,8865
0,2,0.1703733205795288,77,FW,Liverpool,Aston Villa,3,0,2023-09-03,21933,2023,609391,0.07760591059923172,0,1,0,0.1703733205795288,0.2931594252586365,0.1272745132446289,8865
0,5,1.131255865097046,89,FW,Burnley,Aston Villa,1,3,2023-08-27,22302,2023,607463,0.9017562866210938,1,2,0,1.131255865097046,2.4567253589630127,0.5676220059394836,8865
0,1,0.4207921028137207,83,FW,Aston Villa,Everton,4,0,2023-08-20,22292,2023,605748,0.13240590691566467,0,3,0,0.4207921028137207,0.6950739622116089,0.1418759524822235,8865
0,2,0.365252822637558,90,FW,Newcastle United,Aston Villa,5,1,2023-08-12,22281,2023,603931,0.10037967562675476,1,2,0,0.365252822637558,0.5727638602256775,0.10713136941194534,8865
0,0,0,22,Sub,Liverpool,Chelsea,1,1,2026-05-09,29132,2025,788568,0,0,0,0,0,0,0,5232
1,1,0.3768761157989502,83,FW,Liverpool,Crystal Palace,3,1,2026-04-25,29113,2025,785515,0,0,0,1,0.3768761157989502,0.3768761157989502,0,5232
0,1,0.10084354132413864,74,FW,Everton,Liverpool,1,2,2026-04-19,29102,2025,783730,0,0,0,0,0.10084354132413864,0.13281255960464478,0.03196901082992554,5232
0,0,0,19,Sub,Liverpool,Fulham,2,0,2026-04-11,29097,2025,781785,0,0,0,0,0,0,0,5232
1,1,0.3871943950653076,14,Sub,Tottenham,Liverpool,1,2,2025-12-20,28946,2025,759328,0,0,0,1,0.3871943950653076,0.3871943950653076,0,5232
0,0,0,9,Sub,Liverpool,Brighton,2,0,2025-12-13,28933,2025,757656,0,0,0,0,0,0,0,5232
0,1,0.018394505605101585,3,Sub,Leeds,Liverpool,3,3,2025-12-06,28923,2025,756244,0,0,0,0,0.018394505605101585,0.018394505605101585,0,5232
0,3,0.10013008862733841,87,FW,Liverpool,Sunderland,1,1,2025-12-03,28914,2025,755275,0,0,0,0,0.10013008862733841,0.07790662348270416,0,5232
1,3,0.7643506526947021,69,FW,West Ham,Liverpool,0,2,2025-11-30,28907,2025,754329,0,0,0,1,0.7643506526947021,0.7643506526947021,0,5232
0,1,0.09696696698665619,73,FW,Liverpool,Nottingham Forest,0,3,2025-11-22,28894,2025,752152,0.027281805872917175,0,1,0,0.09696696698665619,0.12424877285957336,0,5232
0,2,0.29620930552482605,76,FW,Liverpool,Manchester United,1,2,2025-10-19,28852,2025,745067,0,0,0,0,0.29620930552482605,0.29620930552482605,0,5232
0,1,0.23024055361747742,76,FW,Chelsea,Liverpool,2,1,2025-10-04,28842,2025,742612,0.8188285231590271,1,1,0,0.23024055361747742,1.5947657823562622,0.5456967353820801,5232
0,3,0.8741022348403931,90,FW,Crystal Palace,Liverpool,2,1,2025-09-27,28830,2025,740651,0,0,0,0,0.8741022348403931,0.48020586371421814,0.4024654030799866,5232
0,0,0,22,Sub,Liverpool,Everton,2,1,2025-09-20,28818,2025,738320,0,0,0,0,0,0,0,5232
0,3,0.10455331206321716,90,FW,Newcastle United,Everton,0,1,2025-05-25,26973,2024,730259,0,0,0,0,0.10455331206321716,0.08199247717857361,0.014034265652298927,5232
0,4,0.3114967346191406,90,FW,Newcastle United,Chelsea,2,0,2025-05-11,26957,2024,726458,0,0,0,0,0.3114967346191406,0.26703670620918274,0.053748719394207,5232
1,2,0.879696249961853,90,FW,Brighton,Newcastle United,1,1,2025-05-04,26944,2024,724714,0.18168549239635468,0,3,0,0.1185273826122284,0.3724308907985687,0.07221800088882446,5232
1,6,1.7343649864196777,82,FW,Newcastle United,Ipswich,3,0,2025-04-26,26938,2024,722594,0,0,0,0,0.9731960892677307,1.0893994569778442,0.11620337516069412,5232
0,1,0.055580396205186844,79,FW,Aston Villa,Newcastle United,4,1,2025-04-19,26922,2024,720635,0.014001159928739071,0,1,0,0.055580396205186844,0.06958156079053879,0,5232
1,6,1.5496398210525513,80,FW,Newcastle United,Crystal Palace,5,0,2025-04-16,26890,2024,719931,0,0,0,1,1.5496398210525513,1.1248763799667358,0,5232
0,2,0.6066283583641052,80,FW,Newcastle United,Manchester United,4,1,2025-04-13,26918,2024,719527,0.30322855710983276,1,1,0,0.6066283583641052,0.9658476710319519,0.14554722607135773,5232
0,3,0.23626859486103058,74,FW,Leicester,Newcastle United,0,3,2025-04-07,26908,2024,718089,0,0,0,0,0.23626859486103058,0.23626859486103058,0,5232
1,3,1.170169711112976,69,FW,Newcastle United,Brentford,2,1,2025-04-02,26899,2024,716151,0.053192246705293655,0,1,1,1.170169711112976,1.2393717765808105,0.016009854152798653,5232
0,1,0.5995025634765625,81,FW,West Ham,Newcastle United,0,1,2025-03-10,26880,2024,712481,0,0,0,0,0.5995025634765625,0.6169834136962891,0.017480842769145966,5232
2,3,0.9803308248519897,90,FW,Newcastle United,Nottingham Forest,4,3,2025-02-23,26860,2024,708330,0,0,0,1,0.2191619575023651,0.3085487186908722,0.08938674628734589,5232
0,1,0.052070554345846176,90,FW,Manchester City,Newcastle United,4,0,2025-02-15,26848,2024,706237,0,0,0,0,0.052070554345846176,0.14642710983753204,0.09435655176639557,5232
0,1,0.04668650031089783,90,FW,Newcastle United,Fulham,1,2,2025-02-01,26839,2024,703393,0.08398348093032837,0,2,0,0.04668650031089783,0.6364721059799194,0.5058021545410156,5232
2,4,1.3075416088104248,83,FW,Southampton,Newcastle United,1,3,2025-01-25,26829,2024,701489,0.04644916206598282,0,1,1,0.5463727712631226,0.9726143479347229,0.45589905977249146,5232
0,1,0.05495811253786087,90,FW,Newcastle United,Bournemouth,1,4,2025-01-18,26819,2024,699759,0.23210455477237701,0,1,0,0.05495811253786087,0.29493555426597595,0.06283097714185715,5232
2,3,0.5633530020713806,81,FW,Newcastle United,Wolverhampton Wanderers,3,0,2025-01-15,26810,2024,699451,0.5260226726531982,1,1,2,0.5633530020713806,1.4034825563430786,0.31410694122314453,5232
1,2,1.2004860639572144,90,FW,Tottenham,Newcastle United,1,2,2025-01-04,26800,2024,697125,0.08565083891153336,0,1,1,1.2004860639572144,1.511116623878479,0.22497980296611786,5232
1,3,0.8954700827598572,90,FW,Manchester United,Newcastle United,0,2,2024-12-30,26789,2024,696974,0.10572836548089981,0,2,1,0.8954700827598572,1.001198410987854,0.04301467910408974,5232
1,4,0.9319126605987549,90,FW,Newcastle United,Aston Villa,3,0,2024-12-26,26778,2024,696214,0.16129742562770844,0,4,1,0.9319126605987549,1.0842303037643433,0.11238950490951538,5232
3,5,1.7526570558547974,78,FW,Ipswich,Newcastle United,0,4,2024-12-21,26771,2024,695347,0.43994393944740295,0,2,3,1.7526570558547974,2.5192458629608154,0.36320000886917114,5232
1,4,1.5200936794281006,76,FW,Newcastle United,Leicester,4,0,2024-12-14,26760,2024,693638,0.713611900806427,1,4,1,1.5200936794281006,2.326195001602173,0.09248929470777512,5232
1,3,0.3927043080329895,90,FW,Brentford,Newcastle United,4,2,2024-12-07,26743,2024,692241,0.48794835805892944,0,2,1,0.3927043080329895,0.880652666091919,0.06291933357715607,5232
1,2,0.111349917948246,90,FW,Newcastle United,Liverpool,3,3,2024-12-04,26740,2024,691426,0.6545387506484985,1,5,1,0.111349917948246,0.8195924758911133,0.12937317788600922,5232
0,0,0,21,FW,Crystal Palace,Newcastle United,1,1,2024-11-30,26725,2024,690105,0,0,0,0,0,0,0,5232
0,6,0.570539653301239,90,FW,Newcastle United,West Ham,0,2,2024-11-25,26713,2024,689559,0.03760932758450508,0,1,0,0.570539653301239,0.6741215586662292,0.13810834288597107,5232
1,3,1.1034207344055176,90,FW,Nottingham Forest,Newcastle United,1,3,2024-11-10,26704,2024,687335,0.20348119735717773,1,3,1,1.1034207344055176,0.6752225160598755,0.025681745260953903,5232
1,2,0.40764692425727844,90,FW,Newcastle United,Arsenal,1,0,2024-11-02,26694,2024,684661,0,0,0,1,0.40764692425727844,0.527004063129425,0.11935710906982422,5232
1,3,1.2620419263839722,90,FW,Chelsea,Newcastle United,2,1,2024-10-27,26688,2024,683531,0.08188170939683914,0,1,1,1.2620419263839722,1.3389757871627808,0.060179948806762695,5232
0,7,0.690917432308197,90,FW,Newcastle United,Brighton,0,1,2024-10-19,26676,2024,681358,0.4155069887638092,0,2,0,0.690917432308197,1.02232027053833,0,5232
0,2,0.0477876253426075,90,FW,Fulham,Newcastle United,3,1,2024-09-21,26646,2024,675738,0.02468128502368927,0,1,0,0.0477876253426075,0.19322027266025543,0.135768860578537,5232
0,1,0.05574633926153183,48,FW,Wolverhampton Wanderers,Newcastle United,1,2,2024-09-15,26641,2024,674635,0.11310920119285583,0,1,0,0.05574633926153183,0.16885554790496826,0,5232
1,3,0.8938138484954834,90,FW,Newcastle United,Tottenham,2,1,2024-09-01,26629,2024,672464,0,0,0,1,0.8938138484954834,0.990593671798706,0.11415140330791473,5232
0,5,0.2675584852695465,90,FW,Bournemouth,Newcastle United,1,1,2024-08-25,26620,2024,668725,0.12277423590421677,0,1,0,0.2675584852695465,0.29046380519866943,0,5232
0,0,0,90,FW,Newcastle United,Southampton,1,0,2024-08-17,26606,2024,666364,0.36027294397354126,1,1,0,0,0.36027294397354126,0,5232
1,4,1.4429247379302979,86,FW,Brentford,Newcastle United,2,4,2024-05-19,22266,2023,663231,0.8847661018371582,1,2,1,1.4429247379302979,2.2603185176849365,0.5767608880996704,5232
0,3,0.6163881421089172,90,FW,Manchester United,Newcastle United,3,2,2024-05-15,22231,2023,662138,0.16080304980278015,0,2,0,0.6163881421089172,1.6127451658248901,0.8871157765388489,5232
0,1,0.2665153443813324,73,FW,Newcastle United,Brighton,1,1,2024-05-11,22260,2023,660665,0,0,0,0,0.2665153443813324,0.2665153443813324,0,5232
1,4,1.9042134284973145,83,FW,Burnley,Newcastle United,1,4,2024-05-04,22248,2023,658889,0.04927033558487892,0,1,1,1.1430444717407227,1.5632277727127075,0.37091290950775146,5232
2,5,1.2169287204742432,90,FW,Newcastle United,Sheffield United,5,1,2024-04-27,22240,2023,657013,0.1488427072763443,0,2,1,0.45575982332229614,0.8540687561035156,0.249466210603714,5232
0,1,0.0630653128027916,90,FW,Crystal Palace,Newcastle United,2,0,2024-04-24,22178,2023,656361,0.3021957576274872,0,1,0,0.0630653128027916,0.42832884192466736,0.06306778639554977,5232
2,6,1.606985330581665,90,FW,Newcastle United,Tottenham,4,0,2024-04-13,22222,2023,652922,0.07339581102132797,0,1,2,1.606985330581665,1.4824780225753784,0,5232
0,2,0.3562236726284027,90,FW,Fulham,Newcastle United,0,1,2024-04-06,22209,2023,651764,0.06508186459541321,0,1,0,0.3562236726284027,0.5317710041999817,0.11046544462442398,5232
1,4,1.218941569328308,90,FW,Newcastle United,Everton,1,1,2024-04-02,22202,2023,651014,0.15914005041122437,0,2,1,1.218941569328308,1.3780815601348877,0.060512445867061615,5232
2,4,1.7333167791366577,90,FW,Newcastle United,West Ham,4,3,2024-03-30,22191,2023,649408,0.3758290410041809,1,2,0,0.21097908914089203,1.0833770036697388,0.496568888425827,5232
1,3,0.08100446313619614,90,FW,Chelsea,Newcastle United,3,2,2024-03-11,22169,2023,647855,0.056773122400045395,0,1,1,0.08100446313619614,0.11724422127008438,0,5232
1,2,0.8639760613441467,73,FW,Newcastle United,Wolverhampton Wanderers,3,0,2024-03-02,22161,2023,644966,0,0,0,1,0.8639760613441467,0.8639760613441467,0,5232
0,1,0.06598091870546341,67,FW,Arsenal,Newcastle United,4,1,2024-02-24,22146,2023,643541,0,0,0,0,0.06598091870546341,0.06598091870546341,0,5232
0,1,0.049581535160541534,42,FW,Aston Villa,Newcastle United,1,3,2024-01-30,22105,2023,637890,0.0507240928709507,0,1,0,0.049581535160541534,0.10030563175678253,0,5232
1,5,0.7736020088195801,90,FW,Newcastle United,Manchester City,2,3,2024-01-13,22100,2023,634956,0,0,0,1,0.7736020088195801,0.844668984413147,0.13122114539146423,5232
1,1,0.31906771659851074,90,FW,Liverpool,Newcastle United,4,2,2024-01-01,22088,2023,633783,0.07657203823328018,0,1,1,0.31906771659851074,0.44627273082733154,0.050632964819669724,5232
1,6,1.6310093402862549,90,FW,Newcastle United,Nottingham Forest,1,3,2023-12-26,22083,2023,632920,0.17485155165195465,0,3,0,0.8698404431343079,1.066788911819458,0.1476246416568756,5232
0,0,0,53,Sub,Luton,Newcastle United,1,0,2023-12-23,22069,2023,632662,0.058344852179288864,0,1,0,0,0.22657984495162964,0.22657984495162964,5232
0,1,0.6196804046630859,67,FW,Tottenham,Newcastle United,4,1,2023-12-10,22053,2023,629564,0,0,0,0,0.6196804046630859,0.9269888401031494,0.30730846524238586,5232
0,2,0.1774371862411499,90,FW,Everton,Newcastle United,3,0,2023-12-07,22037,2023,628193,0.04126490652561188,0,1,0,0.1774371862411499,0.2821270227432251,0.06342493742704391,5232
0,3,0.5486689209938049,90,FW,Newcastle United,Manchester United,1,0,2023-12-02,22032,2023,626940,0.5403317809104919,0,1,0,0.5486689209938049,1.3912638425827026,0.8425949215888977,5232
1,1,0.44091522693634033,84,FW,Newcastle United,Chelsea,4,1,2023-11-25,22021,2023,624904,0,0,0,1,0.44091522693634033,0.4640606939792633,0.02314544841647148,5232
0,0,0,15,Sub,Newcastle United,Crystal Palace,4,0,2023-10-21,21981,2023,618166,0.2680928409099579,0,1,0,0,0.2680928409099579,0,5232
2,3,1.756605625152588,88,FW,West Ham,Newcastle United,2,2,2023-10-08,21973,2023,616971,0,0,0,2,1.756605625152588,1.267553687095642,0.05627069249749184,5232
1,6,1.9948407411575317,90,FW,Newcastle United,Burnley,2,0,2023-09-30,21958,2023,614666,0.12109719961881638,0,2,0,1.2336719036102295,1.6851882934570312,0.37454017996788025,5232
1,1,0.6541728377342224,14,Sub,Sheffield United,Newcastle United,0,8,2023-09-24,21954,2023,613102,0,0,0,1,0.6541728377342224,0.6541728377342224,0,5232
0,4,0.3589129149913788,76,FW,Brighton,Newcastle United,3,1,2023-09-02,21931,2023,608890,0,0,0,0,0.3589129149913788,0.5433531403541565,0.1844402253627777,5232
0,1,0.1497417390346527,76,FW,Newcastle United,Liverpool,1,2,2023-08-27,22304,2023,607690,0.04466302692890167,0,1,0,0.1497417390346527,0.19440476596355438,0,5232
0,0,0,69,FW,Manchester City,Newcastle United,1,0,2023-08-19,22291,2023,605574,0,0,0,0,0,0.08844231069087982,0.08844231069087982,5232
2,3,1.1635656356811523,79,FW,Newcastle United,Aston Villa,5,1,2023-08-12,22281,2023,603914,0,0,0,2,1.1635656356811523,1.0827744007110596,0.44370201230049133,5232
0,3,0.1930542141199112,90,AMC,Chelsea,Tottenham,2,1,2026-05-19,29142,2025,792374,0.07755722850561142,0,1,0,0.1930542141199112,0.8053423762321472,0.6657162308692932,8497
0,0,0,90,AMR,Liverpool,Chelsea,1,1,2026-05-09,29132,2025,788577,0,0,0,0,0,0.31277379393577576,0.31277379393577576,8497
0,5,0.8893759250640869,90,AMR,Chelsea,Nottingham Forest,1,3,2026-05-04,29122,2025,788278,0.07447593659162521,0,1,0,0.12820710241794586,0.8605629205703735,0.7349891066551208,8497
0,4,0.21124547719955444,90,AMC,Chelsea,Manchester United,0,1,2026-04-18,29100,2025,783562,0.04332946240901947,0,1,0,0.21124547719955444,0.16399870812892914,0.0202937014400959,8497
0,4,0.29992663860321045,90,AMC,Chelsea,Manchester City,0,3,2026-04-12,29095,2025,782465,0.159074068069458,0,2,0,0.29992663860321045,0.8021406531333923,0.6090633869171143,8497
0,1,0.015331875532865524,90,AMR,Everton,Chelsea,3,0,2026-03-21,29081,2025,778662,0.058405131101608276,0,1,0,0.015331875532865524,0.058405131101608276,0,8497
0,3,0.27373751997947693,90,AMR,Chelsea,Newcastle United,0,1,2026-03-14,29071,2025,776975,0.3808422088623047,0,3,0,0.27373751997947693,0.844275176525116,0.5850064158439636,8497
1,2,0.16840241849422455,90,FWR,Aston Villa,Chelsea,1,4,2026-03-04,29059,2025,774719,0.1768612414598465,0,2,1,0.16840241849422455,2.819357395172119,2.5321695804595947,8497
0,1,0.018637247383594513,90,FWL,Arsenal,Chelsea,2,1,2026-03-01,29049,2025,774165,0,0,0,0,0.018637247383594513,0.018637247383594513,0.018637247383594513,8497
0,4,0.5845299959182739,77,AMR,Chelsea,Burnley,1,1,2026-02-21,29040,2025,771631,0.27717891335487366,0,2,0,0.5845299959182739,0.914938747882843,0.06832394748926163,8497
1,5,1.5688852071762085,90,AMC,Chelsea,Leeds,2,2,2026-02-10,29030,2025,769707,0.5774363279342651,1,4,0,0.807716429233551,1.5498485565185547,0.1646958589553833,8497
3,3,2.1122169494628906,67,AMC,Wolverhampton Wanderers,Chelsea,1,3,2026-02-07,29027,2025,768735,0,0,0,1,0.5898792743682861,1.084654450416565,0.4947752356529236,8497
0,3,0.5959059596061707,90,MC,Chelsea,West Ham,3,2,2026-01-31,29009,2025,767328,0,0,0,0,0.5959059596061707,0.6963937282562256,0.15060904622077942,8497
1,2,0.800831139087677,90,AMC,Chelsea,Brentford,2,0,2026-01-17,28990,2025,764282,0,0,0,0,0.03966231271624565,0.5910387635231018,0.551376461982727,8497
0,2,0.07023366540670395,82,AMR,Fulham,Chelsea,2,1,2026-01-07,28984,2025,762404,0,0,0,0,0.07023366540670395,0.6805920600891113,0.6103584170341492,8497
0,1,0.07968544214963913,90,AMC,Manchester City,Chelsea,1,1,2026-01-04,28977,2025,761857,0,0,0,0,0.07968544214963913,0.7243964672088623,0.7243964672088623,8497
1,2,0.8149824142456055,71,AMC,Chelsea,Bournemouth,2,2,2025-12-30,28961,2025,760535,0.15780656039714813,0,2,0,0.053813595324754715,0.9099593758583069,0.7521528005599976,8497
0,3,0.20444323122501373,74,AMC,Chelsea,Aston Villa,1,2,2025-12-27,28951,2025,760228,0,0,0,0,0.20444323122501373,0.28879138827323914,0.14434653520584106,8497
0,1,0.028986860066652298,84,AMC,Newcastle United,Chelsea,2,2,2025-12-20,28945,2025,758835,0.060732461512088776,0,1,0,0.028986860066652298,0.1400958001613617,0.07936334609985352,8497
1,1,0.3370308578014374,61,AMC,Chelsea,Everton,2,0,2025-12-13,28931,2025,757622,0.03535632789134979,0,2,1,0.3370308578014374,0.727468729019165,0.3682178854942322,8497
0,1,0.06050983443856239,62,AMC,Bournemouth,Chelsea,0,0,2025-12-06,28918,2025,755931,0.028800318017601967,0,1,0,0.06050983443856239,0.3176226317882538,0.22831246256828308,8497
0,1,0.1049608662724495,26,Sub,Leeds,Chelsea,3,1,2025-12-03,28913,2025,755263,0,0,0,0,0.1049608662724495,0.1049608662724495,0,8497
0,0,0,20,AMC,Manchester United,Chelsea,2,1,2025-09-20,28824,2025,738857,0,0,0,0,0,0,0,8497
1,5,0.2989346385002136,33,Sub,Brentford,Chelsea,2,2,2025-09-13,28815,2025,737302,0,0,0,1,0.2989346385002136,0.2702763080596924,0.015657218173146248,8497
0,4,0.2235148698091507,90,AMC,Chelsea,Crystal Palace,0,0,2025-08-17,28784,2025,732228,0.015278443694114685,0,1,0,0.2235148698091507,0.4012203812599182,0.23483029007911682,8497
0,1,0.03092736005783081,90,AMC,Nottingham Forest,Chelsea,0,1,2025-05-25,26972,2024,729993,0.5579290390014648,0,2,0,0.03092736005783081,0.5888563990592957,0,8497
0,2,0.05366894602775574,90,AMC,Chelsea,Manchester United,1,0,2025-05-16,26966,2024,727542,0.7602353096008301,0,2,0,0.05366894602775574,1.119128704071045,0.3052244186401367,8497
0,3,0.09446091204881668,90,AMC,Newcastle United,Chelsea,2,0,2025-05-11,26957,2024,726471,0.03408166766166687,0,1,0,0.09446091204881668,0.4481835961341858,0.31964102387428284,8497
1,5,1.3116668462753296,90,AMC,Chelsea,Liverpool,3,1,2025-05-04,26948,2024,724910,1.0570247173309326,0,4,0,0.5504979491233826,2.043022394180298,0.43549975752830505,8497
0,0,0,90,AMC,Chelsea,Everton,1,0,2025-04-26,26935,2024,722375,0.04216223210096359,0,2,0,0,0.12101365625858307,0.10276871174573898,8497
0,2,0.07419564574956894,90,AMC,Fulham,Chelsea,1,2,2025-04-20,26926,2024,720965,0.0638711228966713,0,1,0,0.07419564574956894,0.23761193454265594,0.09954516589641571,8497
0,6,0.29700416326522827,90,AMC,Chelsea,Ipswich,2,2,2025-04-13,26915,2024,719221,0.09681092947721481,1,4,0,0.29700416326522827,1.4710601568222046,1.145202398300171,8497
0,3,0.20242099463939667,29,Sub,Brentford,Chelsea,0,0,2025-04-06,26903,2024,717476,0,0,0,0,0.20242099463939667,0.25566166639328003,0.13390874862670898,8497
0,2,0.10203459113836288,90,AMC,Chelsea,Tottenham,1,0,2025-04-03,26897,2024,716273,0.5761683583259583,1,2,0,0.10203459113836288,0.7367419600486755,0.0585390068590641,8497
0,5,0.9188243746757507,79,AMC,Chelsea,Leicester,1,0,2025-03-09,26874,2024,711974,0.10434672236442566,0,2,0,0.1576555371284485,0.3336646258831024,0.12567798793315887,8497
0,7,1.13455069065094,90,AMC,Chelsea,Southampton,4,0,2025-02-25,26869,2024,709002,0.025054186582565308,0,1,0,1.13455069065094,1.0909250974655151,0.020727090537548065,8497
0,3,0.26554417610168457,90,AMR,Aston Villa,Chelsea,2,1,2025-02-22,26854,2024,708094,0.3873041570186615,0,2,0,0.26554417610168457,0.6528483033180237,0,8497
0,2,0.127222940325737,90,AMC,Brighton,Chelsea,3,0,2025-02-14,26843,2024,705896,0,0,0,0,0.127222940325737,0.5810031890869141,0.45378023386001587,8497
0,7,0.27874454855918884,90,AMC,Chelsea,West Ham,2,1,2025-02-03,26835,2024,704443,0.12286394089460373,0,3,0,0.27874454855918884,0.37145838141441345,0.16502489149570465,8497
0,1,0.036113157868385315,90,AMC,Manchester City,Chelsea,3,1,2025-01-25,26828,2024,701670,0.017251014709472656,0,1,0,0.036113157868385315,0.3132925033569336,0.3132925033569336,8497
0,3,0.18787868320941925,90,AMC,Chelsea,Wolverhampton Wanderers,3,1,2025-01-20,26814,2024,701008,0.08274537324905396,0,2,0,0.18787868320941925,0.9887948632240295,0.782565176486969,8497
1,4,0.5565934777259827,90,AMC,Chelsea,Bournemouth,2,2,2025-01-14,26809,2024,699118,0.4563461244106293,0,2,1,0.5565934777259827,0.7174117565155029,0.20937934517860413,8497
1,2,0.49962472915649414,90,AMC,Crystal Palace,Chelsea,1,1,2025-01-04,26795,2024,697182,0.4665813744068146,0,5,1,0.49962472915649414,0.7634156942367554,0,8497
0,4,0.20616966485977173,90,AMC,Ipswich,Chelsea,2,0,2024-12-30,26787,2024,696912,0.172402024269104,0,3,0,0.20616966485977173,0.5672893524169922,0.21641366183757782,8497
1,5,0.2978372573852539,90,AMC,Chelsea,Fulham,1,2,2024-12-26,26775,2024,696186,0.3369112014770508,0,1,1,0.2978372573852539,0.22989381849765778,0,8497
0,2,0.07142506539821625,90,AMC,Everton,Chelsea,0,0,2024-12-22,26764,2024,695776,0.5594538450241089,0,3,0,0.07142506539821625,0.5839950442314148,0,8497
0,4,0.22923949360847473,90,AMC,Chelsea,Brentford,2,1,2024-12-15,26757,2024,694597,0.30088233947753906,0,4,0,0.22923949360847473,1.429875135421753,0.9882731437683105,8497
2,4,1.6307969093322754,90,AMC,Tottenham,Chelsea,3,4,2024-12-08,26745,2024,693038,0.3184517025947571,0,4,0,0.10845927149057388,0.5300776362419128,0.42161834239959717,8497
1,6,1.5836530923843384,84,AMC,Southampton,Chelsea,1,5,2024-12-04,26741,2024,691470,0.3025408089160919,0,2,1,1.5836530923843384,2.484862804412842,0.9247564077377319,8497
1,5,0.4184116721153259,90,AMC,Chelsea,Aston Villa,3,0,2024-12-01,26724,2024,690682,0.19200854003429413,1,2,1,0.4184116721153259,0.45639798045158386,0,8497
0,2,0.7025733590126038,90,AMC,Leicester,Chelsea,1,2,2024-11-23,26719,2024,688098,0.2264045774936676,0,3,0,0.7025733590126038,1.0654199123382568,0.2284422367811203,8497
0,4,0.1674095243215561,90,AMC,Chelsea,Arsenal,1,1,2024-11-10,26705,2024,687562,0.0254275631159544,0,1,0,0.1674095243215561,0.1647605299949646,0.1480802595615387,8497
0,3,0.29723870754241943,90,AMC,Manchester United,Chelsea,1,1,2024-11-03,26697,2024,685877,0.6372504830360413,0,3,0,0.29723870754241943,0.3050711452960968,0,8497
1,1,0.049186959862709045,90,AMC,Chelsea,Newcastle United,2,1,2024-10-27,26688,2024,683515,0.1225307434797287,0,1,1,0.049186959862709045,0.8952159881591797,0.7234982848167419,8497
0,4,0.6646588444709778,90,AMC,Liverpool,Chelsea,2,1,2024-10-20,26679,2024,682206,0.06723452359437943,0,1,0,0.6646588444709778,0.7013158202171326,0.08902281522750854,8497
0,6,0.3766070306301117,90,AMC,Chelsea,Nottingham Forest,1,1,2024-10-06,26668,2024,680143,0.6869415044784546,1,6,0,0.3766070306301117,1.2690602540969849,0.38420435786247253,8497
4,7,1.9910178184509277,90,AMC,Chelsea,Brighton,4,2,2024-09-28,26657,2024,677900,1.2804347276687622,0,4,3,1.229848861694336,2.5886054039001465,0.13058890402317047,8497
1,2,0.3859724700450897,66,AMC,West Ham,Chelsea,0,3,2024-09-21,26642,2024,675299,0.26969748735427856,0,1,1,0.3859724700450897,0.9993253350257874,0.34365540742874146,8497
0,0,0,90,AMC,Bournemouth,Chelsea,0,1,2024-09-14,26639,2024,674170,0.024851256981492043,0,1,0,0,0.024851256981492043,0.024851256981492043,8497
0,2,0.08021333813667297,90,AMC,Chelsea,Crystal Palace,1,1,2024-09-01,26630,2024,672435,1.5431007146835327,1,5,0,0.08021333813667297,1.0657234191894531,0.029846781864762306,8497
1,5,0.3881474733352661,90,AMC,Wolverhampton Wanderers,Chelsea,2,6,2024-08-25,26619,2024,668756,0.9610626697540283,3,4,1,0.3881474733352661,1.4118603467941284,0.17142349481582642,8497
0,2,0.06220153346657753,90,AMR,Chelsea,Manchester City,0,2,2024-08-18,26610,2024,667017,0.07600342482328415,0,2,0,0.06220153346657753,0.3921412527561188,0.30680975317955017,8497
0,3,0.2652493417263031,90,AMC,Chelsea,Bournemouth,2,1,2024-05-19,22269,2023,663274,0.5045757293701172,1,4,0,0.2652493417263031,0.9231539368629456,0.631718635559082,8497
1,6,0.36422833800315857,90,AMC,Brighton,Chelsea,1,2,2024-05-15,22226,2023,662168,0.588862419128418,0,2,1,0.36422833800315857,0.37035003304481506,0,8497
0,2,0.5342856049537659,90,AMC,Nottingham Forest,Chelsea,2,3,2024-05-11,22261,2023,660892,0.7391137480735779,1,5,0,0.5342856049537659,1.496941328048706,0.9203166365623474,8497
1,4,0.2426939606666565,90,AMC,Chelsea,West Ham,5,0,2024-05-05,22249,2023,659334,1.089113712310791,0,4,1,0.2426939606666565,2.303168535232544,1.9753447771072388,8497
0,5,1.1720051765441895,90,AMC,Chelsea,Tottenham,2,0,2024-05-02,22149,2023,658381,0.08997941017150879,0,2,0,1.1720051765441895,1.1511013507843018,0,8497
0,6,0.6070273518562317,90,AMC,Aston Villa,Chelsea,2,2,2024-04-27,22236,2023,657267,0.13291214406490326,0,3,0,0.6070273518562317,0.7368402481079102,0.2525183856487274,8497
4,5,2.4438910484313965,85,AMC,Chelsea,Everton,6,0,2024-04-15,22219,2023,654306,0,0,0,3,1.6827223300933838,2.4307892322540283,0.7480670213699341,8497
0,2,0.09965576976537704,76,AMC,Sheffield United,Chelsea,2,2,2024-04-07,22212,2023,652594,0.0953865647315979,1,2,0,0.09965576976537704,0.19504234194755554,0.030829990282654762,8497
3,9,1.801965355873108,90,AMR,Chelsea,Manchester United,4,3,2024-04-04,22201,2023,651277,1.0220288038253784,0,8,1,0.2796277105808258,1.0631476640701294,0.06589530408382416,8497
2,9,1.5902503728866577,90,AMR,Chelsea,Burnley,2,2,2024-03-30,22188,2023,649773,0.8974776864051819,0,5,1,0.8290814757347107,2.2858147621154785,1.1410924196243286,8497
1,3,0.0938626304268837,90,AMR,Chelsea,Newcastle United,3,2,2024-03-11,22169,2023,647839,0.2938373386859894,1,3,1,0.0938626304268837,0.4391739070415497,0.0514739491045475,8497
0,6,0.28663161396980286,90,FW,Brentford,Chelsea,2,2,2024-03-02,22155,2023,644833,0.5962597727775574,1,2,0,0.28663161396980286,2.001494884490967,1.6379072666168213,8497
0,0,0,74,AMR,Manchester City,Chelsea,1,1,2024-02-17,22140,2023,641995,0,0,0,0,0,1.528377652168274,1.528377652168274,8497
0,3,0.10108868777751923,90,FW,Crystal Palace,Chelsea,1,3,2024-02-12,22126,2023,641288,0.7085348963737488,2,3,0,0.10108868777751923,0.9779132604598999,0.18233533203601837,8497
1,4,0.4979548454284668,90,AMR,Chelsea,Wolverhampton Wanderers,2,4,2024-02-04,22120,2023,639045,0.02399902231991291,0,1,1,0.4979548454284668,1.434630274772644,0.9126763939857483,8497
0,0,0,90,FW,Liverpool,Chelsea,4,1,2024-01-31,22113,2023,638045,0,0,0,0,0,0.10317154973745346,0.10317154973745346,8497
1,3,0.8200441002845764,90,AMR,Chelsea,Fulham,1,0,2024-01-13,22097,2023,634563,0.06946148723363876,0,1,0,0.05887528136372566,0.41669151186943054,0.2883547246456146,8497
2,5,1.0328525304794312,90,AMC,Luton,Chelsea,2,3,2023-12-30,22089,2023,633387,0.12288594245910645,1,2,2,1.0328525304794312,1.1641429662704468,0.043655745685100555,8497
0,2,0.07135879993438721,90,AMR,Wolverhampton Wanderers,Chelsea,2,1,2023-12-24,22073,2023,632902,0.12845531105995178,0,3,0,0.07135879993438721,0.898593008518219,0.7467580437660217,8497
1,5,0.7780518531799316,90,AMC,Chelsea,Sheffield United,2,0,2023-12-16,22059,2023,630276,1.505628228187561,1,2,1,0.7780518531799316,2.2424607276916504,1.4028167724609375,8497
0,5,0.2317649871110916,90,AMR,Everton,Chelsea,2,0,2023-12-10,22048,2023,629284,0.09655668586492538,0,2,0,0.2317649871110916,0.3378167450428009,0.15878631174564362,8497
1,1,0.07793436199426651,90,AMC,Manchester United,Chelsea,2,1,2023-12-06,22044,2023,628104,0.1018044501543045,0,2,1,0.07793436199426651,0.6922117471694946,0.5124729871749878,8497
0,1,0.011303035542368889,18,Sub,Chelsea,Brighton,3,2,2023-12-03,22029,2023,627249,0.016858849674463272,0,1,0,0.011303035542368889,0.02816188521683216,0,8497
0,0,0,78,AMR,Newcastle United,Chelsea,4,1,2023-11-25,22021,2023,624918,0.021793948486447334,0,1,0,0,0.14534062147140503,0.12354667484760284,8497
1,3,1.2737971544265747,90,AMR,Chelsea,Manchester City,4,4,2023-11-12,22009,2023,624148,0.038173574954271317,0,1,0,0.5126282572746277,0.6439580917358398,0.09315626323223114,8497
1,2,0.82674241065979,90,AMR,Tottenham,Chelsea,1,4,2023-11-06,22004,2023,622770,0.9109541177749634,1,1,0,0.06557358056306839,1.426621675491333,0.45009398460388184,8497
0,2,0.18279558420181274,90,AMC,Chelsea,Brentford,0,2,2023-10-28,21989,2023,619563,0.6646316647529602,0,4,0,0.18279558420181274,0.9946696758270264,0.8282818794250488,8497
1,4,1.2962746620178223,86,FW,Chelsea,Arsenal,2,2,2023-10-21,21978,2023,618317,0.02902247942984104,0,1,0,0.5351057648658752,0.6750028729438782,0.11087459325790405,8497
1,3,0.8296161890029907,89,FWR,Burnley,Chelsea,1,4,2023-10-07,21967,2023,616394,0.6049118638038635,1,2,0,0.06844736635684967,0.7269095182418823,0.05355025827884674,8497
0,2,0.039607785642147064,80,FWR,Fulham,Chelsea,0,2,2023-10-02,21964,2023,615830,0.4472373425960541,0,1,0,0.039607785642147064,0.5500378608703613,0.08116786926984787,8497
0,2,0.11712735146284103,20,Sub,Chelsea,Aston Villa,0,1,2023-09-24,21947,2023,612748,0.26889070868492126,0,2,0,0.11712735146284103,0.3860180675983429,0,8497
0,1,0.14218410849571228,26,Sub,Bournemouth,Chelsea,0,0,2023-09-17,21942,2023,610986,0.020345954224467278,0,1,0,0.14218410849571228,0.1625300645828247,0.1625300645828247,8497
0,0,0,23,Sub,Chelsea,Nottingham Forest,0,1,2023-09-02,21930,2023,608752,0.03960062935948372,0,1,0,0,0.104242242872715,0.06464161723852158,8497
0,0,0,5,Sub,Burnley,Manchester City,0,3,2023-08-11,22275,2023,603634,0,0,0,0,0,0,0,8497
0,3,0.15704697370529175,90,AMR,Marseille,Rennes,3,1,2026-05-17,29839,2025,792093,0.5904901623725891,1,4,0,0.15704697370529175,1.1936438083648682,0.5769761204719543,7490
1,2,0.7992905378341675,88,AMR,Le Havre,Marseille,0,1,2026-05-10,29828,2025,789783,0.02810606174170971,0,1,0,0.03919538855552673,0.05827755481004715,0.03017149120569229,7490
0,6,0.35366424918174744,90,AMR,Nantes,Marseille,3,0,2026-05-03,29821,2025,787736,0.08248978108167648,0,1,0,0.35366424918174744,0.4111655354499817,0.035403065383434296,7490
0,2,0.03552672266960144,25,Sub,Marseille,Nice,1,1,2026-04-26,29813,2025,786420,0.15563052892684937,0,3,0,0.03552672266960144,0.3393419086933136,0.28324398398399353,7490
0,2,0.053392861038446426,90,AMC,Lorient,Marseille,2,0,2026-04-18,29802,2025,783358,0.5621039271354675,0,2,0,0.053392861038446426,1.1600748300552368,1.1066820621490479,7490
0,5,0.3854331374168396,85,AMC,Marseille,Metz,3,1,2026-04-10,29794,2025,781315,0.8154122829437256,2,2,0,0.3854331374168396,1.313393473625183,0.13408896327018738,7490
0,1,0.04587308689951897,17,AMR,Marseille,Lille,1,2,2026-03-22,29775,2025,779429,0,0,0,0,0.04587308689951897,0,0,7490
0,6,0.31031253933906555,90,AMR,Marseille,Auxerre,1,0,2026-03-13,29766,2025,776414,0.1027679443359375,0,2,0,0.31031253933906555,0.31224849820137024,0.09810459613800049,7490
1,2,0.10810644924640656,68,FW,Toulouse,Marseille,0,1,2026-03-07,29762,2025,775564,0.12312114238739014,0,2,1,0.10810644924640656,0.17622235417366028,0,7490
0,7,0.4343068599700928,90,AMR,Marseille,Lyon,3,2,2026-03-01,29748,2025,774300,0.021182170137763023,0,1,0,0.4343068599700928,1.115356683731079,0.7895737290382385,7490
0,7,0.9308857917785645,90,MR,Brest,Marseille,2,0,2026-02-20,29738,2025,771332,0,0,0,0,0.1707906574010849,0.20867599546909332,0.07169019430875778,7490
1,4,0.5209565758705139,90,AMR,Marseille,Strasbourg,2,2,2026-02-14,29731,2025,770410,0,0,0,1,0.5209565758705139,1.2157742977142334,0.6948176622390747,7490
0,1,0.043223436921834946,83,ML,Paris Saint Germain,Marseille,5,0,2026-02-08,29726,2025,769536,0.17068733274936676,0,3,0,0.043223436921834946,0.7787429094314575,0.5648321509361267,7490
1,4,0.9960896372795105,90,AMC,Paris FC,Marseille,2,2,2026-01-31,29715,2025,767249,0.9953514337539673,1,5,0,0.23599450290203094,0.5927353501319885,0.3115870952606201,7490
0,1,0.044564276933670044,30,Sub,Marseille,Lens,3,1,2026-01-24,29704,2025,765975,0.043375518172979355,0,1,0,0.044564276933670044,0.6168579459190369,0.6168579459190369,7490
1,4,0.17674528062343597,66,AMC,Angers,Marseille,2,5,2026-01-17,29691,2025,764603,0,0,0,1,0.17674528062343597,1.0514386892318726,0.9505338072776794,7490
0,3,0.09267617762088776,80,AMC,Marseille,Nantes,0,2,2026-01-04,29686,2025,761473,0,0,0,0,0.09267617762088776,0.3459327220916748,0.29050639271736145,7490
1,7,0.45196622610092163,90,AMR,Marseille,Monaco,1,0,2025-12-14,29678,2025,758573,0.6871665120124817,0,4,1,0.45196622610092163,1.12691068649292,0.056051190942525864,7490
0,3,0.8198232054710388,90,AMC,Lille,Marseille,1,0,2025-12-05,29667,2025,755532,0,0,0,0,0.8198232054710388,0.8410449624061584,0.02122175134718418,7490
0,3,0.08278331905603409,90,AMR,Marseille,Toulouse,2,2,2025-11-29,29659,2025,754065,0.06542211771011353,0,2,0,0.08278331905603409,0.3862937092781067,0.3035103678703308,7490
2,5,0.44667962193489075,90,AMR,Nice,Marseille,1,5,2025-11-21,29651,2025,751574,0.2683686912059784,0,1,2,0.44667962193489075,1.5621098279953003,0.8470615148544312,7490
1,5,0.9664372801780701,83,AMR,Marseille,Brest,3,0,2025-11-08,29641,2025,750291,0.29889559745788574,0,1,0,0.20634214580059052,1.2699213027954102,0.7646835446357727,7490
0,3,0.23611655831336975,90,AMR,Marseille,Angers,2,2,2025-10-29,29620,2025,747685,0,0,0,0,0.23611655831336975,0.1895848959684372,0,7490
1,5,0.28050702810287476,90,AMC,Lens,Marseille,2,1,2025-10-25,29612,2025,746325,0.0677589401602745,0,2,1,0.28050702810287476,0.32285401225090027,0.062225714325904846,7490
4,6,1.7930551767349243,85,AMR,Marseille,Le Havre,6,2,2025-10-18,29604,2025,744626,0.5203613042831421,0,2,3,1.032960057258606,1.6203445196151733,0.6058816313743591,7490
0,5,0.215616375207901,90,AMR,Metz,Marseille,0,3,2025-10-04,29597,2025,742545,0.18288543820381165,0,2,0,0.215616375207901,2.2605373859405518,1.8620355129241943,7490
0,1,0.04050379991531372,30,Sub,Strasbourg,Marseille,1,2,2025-09-26,29590,2025,740277,0.03531382977962494,0,1,0,0.04050379991531372,0.4270828068256378,0.3865790069103241,7490
0,1,0.0377848781645298,90,AMC,Marseille,Paris Saint Germain,1,0,2025-09-22,29579,2025,739846,0.24222871661186218,0,2,0,0.0377848781645298,0.29625532031059265,0.05402659624814987,7490
1,4,1.7213517427444458,90,AMR,Marseille,Lorient,4,0,2025-09-12,29568,2025,736436,0.3985128104686737,1,3,0,0.9612565636634827,1.0514271259307861,0.5945264101028442,7490
0,0,0,53,AMR,Lyon,Marseille,1,0,2025-08-31,29564,2025,736232,0.014295701868832111,0,1,0,0,0.014295701868832111,0.014295701868832111,7490
1,2,1.5201902389526367,90,AMR,Marseille,Paris FC,5,2,2025-08-23,29548,2025,733330,0.468862384557724,2,3,0,0,0.43184545636177063,0.3678250014781952,7490
0,6,0.23623548448085785,90,AMR,Rennes,Marseille,1,0,2025-08-15,29538,2025,731687,0.7015479207038879,0,5,0,0.23623548448085785,0.6060425639152527,0.087065190076828,7490
2,6,1.9330358505249023,90,FWR,Marseille,Rennes,4,2,2025-05-17,28346,2024,728162,0.6507816910743713,1,3,1,0.4128454923629761,0.9945140480995178,0.10047286748886108,7490
1,6,0.2333572953939438,90,AMR,Le Havre,Marseille,1,3,2025-05-10,28339,2024,726409,0.44214653968811035,0,2,1,0.2333572953939438,0.2718697786331177,0,7490
0,3,0.192130908370018,90,AMR,Lille,Marseille,1,1,2025-05-04,28331,2024,725173,0.1325918436050415,0,2,0,0.192130908370018,0.33842626214027405,0.14629535377025604,7490
1,2,0.06504711508750916,87,AMR,Marseille,Brest,4,1,2025-04-27,28325,2024,723428,0.24134422838687897,1,3,1,0.06504711508750916,0.2916319668292999,0,7490
2,5,2.031450033187866,90,AMC,Marseille,Montpellier,5,1,2025-04-19,28314,2024,720830,0.12416774779558182,0,2,1,1.2713547945022583,2.0306310653686523,0.7114425301551819,7490
0,2,0.09498544782400131,85,AMC,Monaco,Marseille,3,0,2025-04-12,28308,2024,718771,0.07896890491247177,0,1,0,0.09498544782400131,0.6789262294769287,0.5215442180633545,7490
1,2,0.05091027170419693,90,AMC,Marseille,Toulouse,3,2,2025-04-06,28291,2024,717981,0.4052569568157196,0,1,1,0.05091027170419693,0.5159505605697632,0.0805288776755333,7490
0,5,0.4848974943161011,90,AMC,Reims,Marseille,3,1,2025-03-29,28288,2024,714925,0.03266486898064613,0,2,0,0.4848974943161011,0.6208294034004211,0.13593190908432007,7490
0,1,0.031504224985837936,26,Sub,Paris Saint Germain,Marseille,3,1,2025-03-16,28273,2024,714363,0.05921659618616104,0,1,0,0.031504224985837936,0.09072081744670868,0,7490
0,2,0.05811452865600586,44,Sub,Marseille,Lens,0,1,2025-03-08,28272,2024,711737,0,0,0,0,0.05811452865600586,0.05811452865600586,0.024890540167689323,7490
1,7,0.7900468111038208,82,AMC,Marseille,Nantes,2,0,2025-03-02,28256,2024,710668,0.04245176166296005,0,2,1,0.7900468111038208,1.6894736289978027,0.9450592994689941,7490
0,2,0.48297640681266785,90,AMC,Auxerre,Marseille,3,0,2025-02-22,28252,2024,708251,0.0775240957736969,0,1,0,0.48297640681266785,0.09823215007781982,0,7490
1,5,1.598015308380127,76,FW,Marseille,Saint-Etienne,5,1,2025-02-15,28238,2024,706344,0.12638168036937714,0,1,0,0.8379201889038086,1.3226988315582275,0.3583969473838806,7490
0,2,0.18620559573173523,77,FW,Angers,Marseille,0,2,2025-02-09,28235,2024,705616,0,0,0,0,0.18620559573173523,0.8270931839942932,0.6408875584602356,7490
1,4,0.8667022585868835,90,FW,Marseille,Lyon,3,2,2025-02-02,28219,2024,704354,0.8180426955223083,0,1,1,0.8667022585868835,1.94425630569458,1.0775539875030518,7490
0,4,0.12576380372047424,90,AMC,Nice,Marseille,2,0,2025-01-26,28217,2024,702411,0,0,0,0,0.12576380372047424,0.5698979496955872,0.47726356983184814,7490
1,6,1.8439264297485352,90,AMC,Marseille,Strasbourg,1,1,2025-01-19,28201,2024,700919,0.059865523129701614,0,1,0,1.0838313102722168,1.6968039274215698,0.5531071424484253,7490
1,3,1.0481466054916382,90,AMC,Rennes,Marseille,1,2,2025-01-11,28200,2024,698496,0.5434399247169495,1,3,1,1.0481466054916382,1.5915865898132324,0.33166003227233887,7490
0,3,0.1912960708141327,90,AMC,Marseille,Le Havre,5,1,2025-01-05,28189,2024,697776,1.044803500175476,1,2,0,0.1912960708141327,2.191004514694214,0.9549050331115723,7490
0,2,0.18163643777370453,86,AMC,Marseille,Lille,1,1,2024-12-14,28181,2024,693823,0,0,0,0,0.18163643777370453,0.18163643777370453,0,7490
1,9,2.054671049118042,90,AMC,Saint-Etienne,Marseille,0,2,2024-12-08,28167,2024,693161,0.11750737577676773,0,2,1,1.294575810432434,1.2660664319992065,0.5272722840309143,7490
1,5,0.9132094979286194,90,AMC,Marseille,Monaco,2,1,2024-12-01,28162,2024,691115,0,0,0,0,0.15311434864997864,0.18584835529327393,0.032734017819166183,7490
0,2,0.06227272003889084,82,FW,Lens,Marseille,1,3,2024-11-23,28148,2024,688600,0,0,0,0,0.06227272003889084,0.8017724752426147,0.7394998073577881,7490
1,3,0.8311172127723694,90,AMR,Marseille,Auxerre,1,3,2024-11-08,28146,2024,686208,0.5483588576316833,0,8,0,0.07102209329605103,0.6862176656723022,0.40060311555862427,7490
1,2,0.07468302547931671,90,AMR,Nantes,Marseille,1,2,2024-11-03,28135,2024,685938,0.12001452594995499,0,2,1,0.07468302547931671,0.7928952574729919,0.6631386876106262,7490
0,0,0,50,AMR,Marseille,Paris Saint Germain,0,3,2024-10-27,28127,2024,684041,0,0,0,0,0,0,0,7490
1,2,0.19787803292274475,90,AMR,Montpellier,Marseille,0,5,2024-10-20,28112,2024,682361,0.6055775880813599,1,3,1,0.19787803292274475,0.8889362812042236,0.08548066765069962,7490
0,5,0.18748100101947784,90,AMR,Marseille,Angers,1,1,2024-10-04,28109,2024,679087,0.06296434253454208,0,1,0,0.18748100101947784,0.16802844405174255,0.06501977145671844,7490
0,5,0.17004412412643433,90,AMR,Strasbourg,Marseille,1,0,2024-09-29,28093,2024,678852,0,0,0,0,0.17004412412643433,0.61118084192276,0.46146905422210693,7490
0,2,0.03594847023487091,86,AMR,Lyon,Marseille,2,3,2024-09-22,28084,2024,676795,0.15111428499221802,0,2,0,0.03594847023487091,0.18683715164661407,0.15088868141174316,7490
0,2,0.07982544600963593,90,AMR,Marseille,Nice,2,0,2024-09-14,28076,2024,673835,0,0,0,0,0.07982544600963593,0.07982544600963593,0,7490
2,4,0.768939197063446,90,AMR,Toulouse,Marseille,1,3,2024-08-31,28069,2024,672327,0,0,0,2,0.768939197063446,0.8527988791465759,0.08385966718196869,7490
1,5,0.6094858646392822,90,AMR,Marseille,Reims,2,2,2024-08-25,28065,2024,669233,0.3414025902748108,0,1,1,0.6094858646392822,1.0442560911178589,0.09336768090724945,7490
2,2,0.8070624470710754,90,AMR,Brest,Marseille,1,5,2024-08-17,28049,2024,666439,0,0,0,1,0.04696730896830559,0.5764975547790527,0.5295302271842957,7490
0,7,0.35351985692977905,90,MR,Getafe,Mallorca,1,2,2024-05-26,23057,2023,664651,0,0,0,0,0.35351985692977905,0.24150300025939941,0.03434192016720772,7490
0,4,0.518469512462616,90,FW,Alaves,Getafe,1,0,2024-05-18,23050,2023,662890,0.02978205494582653,0,1,0,0.518469512462616,0.5003049373626709,0,7490
0,4,0.31721121072769165,90,FW,Getafe,Atletico Madrid,0,3,2024-05-15,23039,2023,662281,0.038062870502471924,0,1,0,0.31721121072769165,0.17184461653232574,0,7490
0,2,0,90,FW,Cadiz,Getafe,1,0,2024-05-12,23028,2023,661101,0,0,2,0,0,0,0,7490
0,2,0.0852326899766922,90,FW,Cadiz,Getafe,1,0,2024-05-12,23028,2023,661111,0.0903187021613121,0,2,0,0.0852326899766922,0.1844462752342224,0.07808750867843628,7490
0,8,1.6101301908493042,90,AMR,Getafe,Athletic Club,0,2,2024-05-03,23017,2023,658532,0.6873772740364075,0,6,0,0.8668525815010071,1.6600366830825806,0.4011309742927551,7490
2,3,0.9041771292686462,90,AMR,Almeria,Getafe,1,3,2024-04-27,23005,2023,657057,0.6811222434043884,1,2,2,0.9041771292686462,1.5852993726730347,0,7490
0,1,0.07416731864213943,90,AMR,Getafe,Real Sociedad,1,1,2024-04-21,22998,2023,655234,0.4493738114833832,1,1,0,0.07416731864213943,0.5235411524772644,0,7490
0,2,0.11876896768808365,90,MR,Rayo Vallecano,Getafe,0,0,2024-04-13,22993,2023,653370,0,0,0,0,0.11876896768808365,0.04663015902042389,0,7490
0,4,0.14001066982746124,90,MR,Getafe,Sevilla,0,1,2024-03-30,22979,2023,649436,0.04400836303830147,0,1,0,0.14001066982746124,0.16252031922340393,0,7490
0,1,0.0311949010938406,90,MR,Getafe,Girona,1,0,2024-03-16,22966,2023,648526,0.03357241302728653,0,1,0,0.0311949010938406,0.484921932220459,0.4201546311378479,7490
1,6,0.872920572757721,90,FWR,Getafe,Las Palmas,3,3,2024-03-02,22947,2023,645182,0,0,0,1,0.872920572757721,1.380569577217102,0.5478073954582214,7490
0,3,0.06569816917181015,69,MR,Barcelona,Getafe,4,0,2024-02-24,22936,2023,643316,0.04753096029162407,0,2,0,0.06569816917181015,0.026914093643426895,0,7490
0,5,0.2813863158226013,90,MR,Villarreal,Getafe,1,1,2024-02-16,22932,2023,641471,0,0,0,0,0.2813863158226013,0.18294864892959595,0,7490
0,4,0.24409016966819763,90,MR,Getafe,Celta Vigo,3,2,2024-02-11,22922,2023,640615,0.06712337583303452,1,1,0,0.24409016966819763,0.4750095307826996,0.17413800954818726,7490
1,1,0.7432776093482971,90,MR,Real Betis,Getafe,1,1,2024-02-04,22906,2023,639457,0.1297040432691574,0,2,0,0,0.1297040432691574,0,7490
0,5,0.1339268982410431,90,FW,Getafe,Real Madrid,0,2,2024-02-01,22881,2023,638089,0,0,0,0,0.1339268982410431,0.2500169575214386,0.1311715990304947,7490
1,3,0.16929687559604645,90,MR,Getafe,Granada,2,0,2024-01-29,22898,2023,637722,0.012996074743568897,0,1,1,0.16929687559604645,0.44342929124832153,0.2741324007511139,7490
0,4,0.44032084941864014,90,ML,Osasuna,Getafe,3,2,2024-01-21,22892,2023,636147,0,0,0,0,0.44032084941864014,0.44032084941864014,0,7490
0,2,0.06707340478897095,52,MR,Getafe,Rayo Vallecano,0,2,2024-01-02,22865,2023,633793,0,0,0,0,0.06707340478897095,0.053232233971357346,0,7490
0,5,0.12896157801151276,90,MR,Atletico Madrid,Getafe,3,3,2023-12-19,22856,2023,631619,0.15285860002040863,0,3,0,0.12896157801151276,0.8474441170692444,0.7261702418327332,7490
1,2,0.7797623872756958,90,MR,Sevilla,Getafe,0,3,2023-12-16,22853,2023,630470,0.40998634696006775,1,3,0,0.0364847369492054,0.42152994871139526,0,7490
0,1,0.062417902052402496,90,MR,Getafe,Valencia,1,0,2023-12-08,22838,2023,628325,0,0,0,0,0.062417902052402496,0.2257796972990036,0.1633617877960205,7490
0,4,0.25260239839553833,90,MR,Las Palmas,Getafe,2,0,2023-12-01,22832,2023,626307,0,0,0,0,0.25260239839553833,0.08478977531194687,0,7490
1,3,0.13518193364143372,90,ML,Getafe,Almeria,2,1,2023-11-25,22820,2023,625153,0.07067349553108215,0,1,1,0.13518193364143372,0.29839029908180237,0.0925348624587059,7490
0,1,0.029375307261943817,90,AML,Granada,Getafe,1,1,2023-11-11,22811,2023,623523,1.0240590572357178,1,2,0,0.029375307261943817,1.0922044515609741,0.17646147310733795,7490
0,2,0.09107159078121185,90,ML,Getafe,Cadiz,1,0,2023-11-06,22801,2023,622725,0.41110506653785706,1,1,0,0.09107159078121185,0.09107159078121185,0,7490
0,3,0.16205941140651703,90,ML,Mallorca,Getafe,0,0,2023-10-28,22793,2023,620104,0.066332146525383,0,1,0,0.16205941140651703,0.18508893251419067,0,7490
0,2,0.05886157974600792,83,FW,Getafe,Real Betis,1,1,2023-10-21,22779,2023,618193,0.21097682416439056,0,1,0,0.05886157974600792,0.2698383927345276,0,7490
1,2,0.4794958829879761,68,FW,Celta Vigo,Getafe,2,2,2023-10-08,22767,2023,617468,0,0,0,1,0.4794958829879761,1.008664608001709,0.5291687250137329,7490
0,3,0.06045718863606453,41,Sub,Getafe,Villarreal,0,0,2023-09-30,22759,2023,614333,0.0435769222676754,0,3,0,0.06045718863606453,0.21380744874477386,0.17844311892986298,7490
0,1,0.03333218768239021,90,ML,Athletic Club,Getafe,2,2,2023-09-27,22745,2023,613726,0.44992420077323914,1,2,0,0.03333218768239021,0.2089592069387436,0.2089592069387436,7490
0,2,0.08042334765195847,12,Sub,Real Sociedad,Getafe,4,3,2023-09-24,22743,2023,612669,0,0,0,0,0.08042334765195847,0.08042334765195847,0,7490
0,1,0.08129537105560303,11,Sub,Getafe,Osasuna,3,2,2023-09-17,22728,2023,610941,0,0,0,0,0.08129537105560303,0.08129537105560303,0,7490
0,1,0.018158936873078346,90,FW,Eintracht Frankfurt,VfB Stuttgart,2,2,2026-05-16,30524,2025,790965,0.5829496383666992,1,4,0,0.018158936873078346,0.6072003245353699,0.49565228819847107,10804
1,7,0.8242568373680115,75,FW,VfB Stuttgart,Bayer Leverkusen,3,1,2026-05-09,30519,2025,788750,0,0,0,1,0.8242568373680115,1.272472620010376,0.5344963669776917,10804
0,2,0.08839856088161469,90,FW,Hoffenheim,VfB Stuttgart,3,3,2026-05-02,30508,2025,787088,0.5108000636100769,0,2,0,0.08839856088161469,0.9514331817626953,0.35223454236984253,10804
0,4,0.21818922460079193,90,FW,VfB Stuttgart,Werder Bremen,1,1,2026-04-26,30501,2025,786073,0.08222363889217377,0,2,0,0.21818922460079193,0.6308234930038452,0.40918633341789246,10804
0,7,1.4887189865112305,89,AMC,VfB Stuttgart,Hamburger SV,4,0,2026-04-12,30483,2025,782496,0.6845299005508423,0,4,0,0.7309423685073853,2.2125141620635986,0.9018706679344177,10804
0,3,0.11287353932857513,90,FW,VfB Stuttgart,Borussia Dortmund,0,2,2026-04-04,30473,2025,780270,0.05890865996479988,0,1,0,0.11287353932857513,0.19560706615447998,0.023824861273169518,10804
2,4,1.3513598442077637,90,FW,Augsburg,VfB Stuttgart,2,5,2026-03-22,30458,2025,779602,0.5956413149833679,1,2,2,1.3513598442077637,2.884596586227417,0.9375953078269958,10804
1,6,1.6073728799819946,90,FW,VfB Stuttgart,RasenBallsport Leipzig,1,0,2026-03-15,30456,2025,777812,0.06843259930610657,0,1,1,1.6073728799819946,1.3029752969741821,0.06558848917484283,10804
1,3,0.4945280849933624,85,AMC,Mainz 05,VfB Stuttgart,2,2,2026-03-07,30444,2025,775182,0.1151377484202385,1,2,1,0.4945280849933624,0.595340371131897,0.42916566133499146,10804
1,4,0.8086132407188416,79,FW,VfB Stuttgart,Wolfsburg,4,0,2026-03-01,30438,2025,773965,0.12545455992221832,0,1,1,0.8086132407188416,1.7137185335159302,0.7796506881713867,10804
1,4,0.8907544612884521,31,Sub,FC Heidenheim,VfB Stuttgart,3,3,2026-02-22,30425,2025,772540,0,0,0,1,0.8907544612884521,0.9189809560775757,0.028226500377058983,10804
1,6,1.1226744651794434,90,AMC,VfB Stuttgart,FC Cologne,3,1,2026-02-14,30420,2025,770505,0,0,0,1,1.1226744651794434,1.1472269296646118,0.09384442120790482,10804
0,2,0.3214810788631439,90,AMC,St. Pauli,VfB Stuttgart,2,1,2026-02-07,30410,2025,768484,0,0,0,0,0.3214810788631439,0.6223781704902649,0.32667455077171326,10804
0,8,1.676297903060913,90,FW,VfB Stuttgart,Freiburg,1,0,2026-02-01,30402,2025,767758,0.6367320418357849,1,2,0,1.676297903060913,2.2497618198394775,0.012675486505031586,10804
1,1,0.0926721841096878,26,Sub,Borussia M.Gladbach,VfB Stuttgart,0,3,2026-01-25,30388,2025,766267,0.07296837121248245,0,1,1,0.0926721841096878,0.6180038452148438,0.4523632824420929,10804
0,6,0.6566771268844604,90,FW,VfB Stuttgart,Union Berlin,1,1,2026-01-18,30383,2025,764771,0.3497912585735321,0,1,0,0.6566771268844604,1.9928462505340576,1.0424703359603882,10804
1,7,1.2319129705429077,90,FW,VfB Stuttgart,Eintracht Frankfurt,3,2,2026-01-13,30375,2025,763388,0.5182753801345825,0,4,1,1.2319129705429077,2.479259729385376,1.0170483589172363,10804
1,4,0.5493818521499634,90,FW,Bayer Leverkusen,VfB Stuttgart,1,4,2026-01-10,30359,2025,762839,0.6761870384216309,2,2,1,0.5493818521499634,1.2255688905715942,0,10804
0,1,0.2351941615343094,90,FW,VfB Stuttgart,Hoffenheim,0,0,2025-12-20,30357,2025,758881,0.01962784305214882,0,1,0,0.2351941615343094,0.26762405037879944,0.012802062556147575,10804
1,10,0.8970494866371155,90,FW,Werder Bremen,VfB Stuttgart,0,4,2025-12-14,30349,2025,758622,0.14240297675132751,0,2,1,0.8970494866371155,0.8622134923934937,0,10804
0,5,0.3261316120624542,90,FW,VfB Stuttgart,Bayern Munich,0,5,2025-12-06,30332,2025,755886,0.0661635622382164,0,1,0,0.3261316120624542,0.35609501600265503,0.0939747765660286,10804
1,3,0.6922802925109863,51,Sub,Hamburger SV,VfB Stuttgart,2,1,2025-11-30,30328,2025,754515,0,0,0,1,0.6922802925109863,0.7071948647499084,0.01491458062082529,10804
3,5,1.2227683067321777,90,FW,Borussia Dortmund,VfB Stuttgart,3,3,2025-11-22,30316,2025,751890,0,0,0,3,1.2227683067321777,0.807468831539154,0.15829560160636902,10804
2,7,0.6550549268722534,90,FW,VfB Stuttgart,Augsburg,3,2,2025-11-09,30311,2025,751192,0,0,0,2,0.6550549268722534,0.6550549268722534,0,10804
0,5,0.47161856293678284,79,FW,RasenBallsport Leipzig,VfB Stuttgart,3,1,2025-11-01,30301,2025,748111,0,0,0,0,0.47161856293678284,0.5244598984718323,0.05284131318330765,10804
1,3,0.7633439302444458,90,FW,VfB Stuttgart,Mainz 05,2,1,2025-10-26,30294,2025,746944,0.24890415370464325,0,4,1,0.7633439302444458,1.0122480392456055,0,10804
0,1,0.05008132383227348,23,Sub,Wolfsburg,VfB Stuttgart,0,3,2025-10-18,30286,2025,744064,0,0,0,0,0.05008132383227348,0.487253874540329,0.487253874540329,10804
0,0,0,13,AMC,VfB Stuttgart,Borussia M.Gladbach,1,0,2025-08-30,30237,2025,734887,0,0,0,0,0,0,0,10804
0,5,0.18970245122909546,90,AMC,Union Berlin,VfB Stuttgart,2,1,2025-08-23,30227,2025,733188,0.02965901792049408,0,1,0,0.18970245122909546,1.0794811248779297,0.969428300857544,10804
1,5,1.1491868495941162,90,AMC,RasenBallsport Leipzig,VfB Stuttgart,2,3,2025-05-17,28039,2024,727808,0.8749119639396667,1,2,1,1.1491868495941162,2.5758700370788574,0.5517711043357849,10804
0,5,0.4553021490573883,90,AMR,VfB Stuttgart,Augsburg,4,0,2025-05-11,28031,2024,726946,0.7197642922401428,0,3,0,0.4553021490573883,2.0041654109954834,0.9151657223701477,10804
0,3,0.2122037708759308,90,AMC,St. Pauli,VfB Stuttgart,0,1,2025-05-03,28029,2024,723943,0.6337175965309143,0,4,0,0.2122037708759308,1.3542476892471313,0.5083262920379639,10804
0,3,0.31444448232650757,90,AMC,VfB Stuttgart,FC Heidenheim,0,1,2025-04-25,28013,2024,722251,0.47076183557510376,0,2,0,0.31444448232650757,0.6974509358406067,0.10182655602693558,10804
1,1,0.05415555462241173,90,AMC,Union Berlin,VfB Stuttgart,4,4,2025-04-19,28010,2024,720694,0.1070777103304863,1,1,1,0.05415555462241173,0.272636741399765,0.11140348017215729,10804
0,0,0,3,Sub,VfB Stuttgart,Werder Bremen,1,2,2025-04-13,27995,2024,719373,0,0,0,0,0,0,0,10804
0,1,0.12488634884357452,9,Sub,Eintracht Frankfurt,VfB Stuttgart,1,0,2025-03-29,27978,2024,715053,0.10091835260391235,0,1,0,0.12488634884357452,0.12488634884357452,0,10804
0,2,0.09982075542211533,21,Sub,VfB Stuttgart,Bayer Leverkusen,3,4,2025-03-16,27967,2024,714254,0,0,0,0,0.09982075542211533,0.0714031383395195,0,10804
0,1,0.4344806373119354,47,FW,Holstein Kiel,VfB Stuttgart,2,2,2025-03-08,27966,2024,711091,0,0,0,0,0.4344806373119354,0.4344806373119354,0,10804
0,5,0.26268231868743896,90,FW,VfB Stuttgart,Bayern Munich,1,3,2025-02-28,27949,2024,709368,0,0,0,0,0.26268231868743896,0.25283485651016235,0.031163349747657776,10804
0,2,0.8381447792053223,83,FW,Hoffenheim,VfB Stuttgart,1,1,2025-02-23,27943,2024,708834,0.6014240384101868,0,3,0,0.8381447792053223,1.860683798789978,0.5130988955497742,10804
0,2,0.11204017698764801,76,FW,VfB Stuttgart,Wolfsburg,1,2,2025-02-15,27932,2024,706130,0,0,0,0,0.11204017698764801,0.15511789917945862,0.15511789917945862,10804
0,1,0.052906688302755356,71,FW,Borussia Dortmund,VfB Stuttgart,1,2,2025-02-08,27924,2024,704708,0,0,0,0,0.052906688302755356,0.052906688302755356,0,10804
0,0,0,19,Sub,VfB Stuttgart,Borussia M.Gladbach,1,2,2025-02-01,27917,2024,703244,0.05964139848947525,0,1,0,0,0.05964139848947525,0,10804
0,3,0.5801413655281067,90,FW,Mainz 05,VfB Stuttgart,2,0,2025-01-25,27909,2024,701337,0.06895679980516434,0,1,0,0.5801413655281067,0.5724140405654907,0.04443879798054695,10804
1,2,0.22727333009243011,16,Sub,VfB Stuttgart,Freiburg,4,0,2025-01-18,27896,2024,699971,0,0,0,1,0.22727333009243011,0.22727333009243011,0,10804
0,3,1.1629478931427002,78,FW,VfB Stuttgart,RasenBallsport Leipzig,2,1,2025-01-15,27887,2024,699483,0.3356393873691559,1,2,0,1.1629478931427002,1.5249696969985962,0.02638247050344944,10804
1,4,1.45602548122406,25,Sub,Augsburg,VfB Stuttgart,0,1,2025-01-12,27882,2024,698773,0.10338146984577179,0,1,1,1.45602548122406,1.5594069957733154,0.10338146984577179,10804
0,1,0.09945590794086456,90,FW,Bayer Leverkusen,VfB Stuttgart,0,0,2024-11-01,27814,2024,684645,0,0,0,0,0.09945590794086456,0.11372760683298111,0.014271704480051994,10804
1,2,0.6263020038604736,71,FW,VfB Stuttgart,Holstein Kiel,2,1,2024-10-26,27805,2024,682907,0.10460745543241501,0,1,1,0.6263020038604736,0.8873956203460693,0.1564861685037613,10804
0,1,0.11519867926836014,75,AMC,Bayern Munich,VfB Stuttgart,4,0,2024-10-19,27797,2024,681647,0.046752650290727615,0,1,0,0.11519867926836014,0.18196424841880798,0.020012913271784782,10804
0,5,0.3540489077568054,90,FW,VfB Stuttgart,Hoffenheim,1,1,2024-10-06,27795,2024,680612,0,0,0,0,0.3540489077568054,0.3159402012825012,0.035353049635887146,10804
1,3,0.3174770474433899,31,Sub,Wolfsburg,VfB Stuttgart,2,2,2024-09-28,27780,2024,677768,0,0,0,1,0.3174770474433899,0.27810138463974,0.016358403488993645,10804
2,7,1.360235571861267,90,FW,VfB Stuttgart,Borussia Dortmund,5,1,2024-09-22,27776,2024,676562,0,0,0,2,1.360235571861267,1.593881368637085,0.7295953035354614,10804
1,4,0.9762572050094604,64,FW,Borussia M.Gladbach,VfB Stuttgart,1,3,2024-09-14,27765,2024,673507,0,0,0,1,0.9762572050094604,1.6074161529541016,0.6311589479446411,10804
0,7,0.5528020858764648,76,FW,VfB Stuttgart,Mainz 05,3,3,2024-08-31,27755,2024,671608,0.4295094311237335,0,3,0,0.5528020858764648,1.1363883018493652,0.3225269019603729,10804
0,2,0.036654502153396606,68,AMC,Freiburg,VfB Stuttgart,3,1,2024-08-24,27745,2024,667843,0,0,0,0,0.036654502153396606,0.05944562330842018,0.022791121155023575,10804
0,8,0.33553022146224976,90,AMC,VfB Stuttgart,Borussia M.Gladbach,4,0,2024-05-18,23369,2023,662687,0.2551337480545044,0,1,0,0.33553022146224976,0.694094181060791,0.22024959325790405,10804
0,7,0.4286719858646393,86,FW,Augsburg,VfB Stuttgart,0,1,2024-05-10,23360,2023,660152,0.14819109439849854,0,2,0,0.4286719858646393,0.7297407388687134,0.20702619850635529,10804
0,7,0.37509533762931824,90,FW,VfB Stuttgart,Bayern Munich,3,1,2024-05-04,23351,2023,658685,0.30901652574539185,1,2,0,0.37509533762931824,0.7648168802261353,0.09724488109350204,10804
1,1,0.0999530777335167,76,FW,Bayer Leverkusen,VfB Stuttgart,2,2,2024-04-27,23338,2023,657113,0.05111774802207947,0,3,1,0.0999530777335167,0.5341762900352478,0.38310545682907104,10804
1,3,1.7003190517425537,90,FW,Werder Bremen,VfB Stuttgart,2,1,2024-04-21,23333,2023,655464,0.0878629982471466,0,2,1,1.7003190517425537,1.788182020187378,0.026447614654898643,10804
1,2,0.2183203399181366,84,AMC,VfB Stuttgart,Eintracht Frankfurt,3,0,2024-04-13,23324,2023,653538,0.4570443034172058,1,1,1,0.2183203399181366,0.67536461353302,0,10804
0,1,0.14395757019519806,90,AMC,Borussia Dortmund,VfB Stuttgart,0,1,2024-04-06,23308,2023,651948,0,0,0,0,0.14395757019519806,0.6720364093780518,0.5280788540840149,10804
1,6,0.5531115531921387,90,FW,VfB Stuttgart,FC Heidenheim,3,3,2024-03-31,23307,2023,650611,0.8566995859146118,1,4,1,0.5531115531921387,1.3278855085372925,0.4193253219127655,10804
0,3,0.6974056959152222,68,AMC,Hoffenheim,VfB Stuttgart,0,3,2024-03-16,23296,2023,648513,1.055148720741272,2,3,0,0.6974056959152222,2.183429479598999,0.4308750629425049,10804
0,0,0,27,Sub,VfB Stuttgart,Union Berlin,2,0,2024-03-08,23289,2023,646166,0.06323175132274628,0,1,0,0,0.06323175132274628,0,10804
0,0,0,17,Sub,Wolfsburg,VfB Stuttgart,2,3,2024-03-02,23274,2023,645234,0,0,0,0,0,0,0,10804
0,3,0.19651426374912262,90,AMC,Darmstadt,VfB Stuttgart,1,2,2024-02-17,23262,2023,641722,0,0,0,0,0.19651426374912262,0.14682359993457794,0.08641745895147324,10804
1,2,0.4704776108264923,90,FW,VfB Stuttgart,Mainz 05,3,1,2024-02-11,23253,2023,640840,0,0,0,1,0.4704776108264923,1.2898732423782349,0.8193956613540649,10804
1,6,0.597040057182312,90,FW,Freiburg,VfB Stuttgart,1,3,2024-02-03,23238,2023,638536,0.7057833075523376,2,2,1,0.597040057182312,1.4007790088653564,0.16779129207134247,10804
3,6,1.0688848495483398,90,FW,VfB Stuttgart,RasenBallsport Leipzig,5,2,2024-01-27,23235,2023,636807,0,0,0,3,1.0688848495483398,0.35953089594841003,0.099335215985775,10804
0,7,0.9748674631118774,90,FW,Bochum,VfB Stuttgart,1,0,2024-01-20,23224,2023,635909,0.5309257507324219,0,3,0,0.9748674631118774,1.3657675981521606,0.07369304448366165,10804
0,5,0.6900075674057007,90,FW,Borussia M.Gladbach,VfB Stuttgart,3,1,2024-01-14,23213,2023,635451,0,0,0,0,0.6900075674057007,0.5539206862449646,0.20440973341464996,10804
1,3,0.23740436136722565,79,FW,VfB Stuttgart,Augsburg,3,0,2023-12-20,23207,2023,631972,0.6812170147895813,1,4,1,0.23740436136722565,1.0195783376693726,0.23407870531082153,10804
0,1,0.042859576642513275,79,FW,Bayern Munich,VfB Stuttgart,3,0,2023-12-17,23191,2023,631246,0,0,0,0,0.042859576642513275,0.12777402997016907,0.08491446077823639,10804
0,8,0.8775560259819031,89,AMR,VfB Stuttgart,Bayer Leverkusen,1,1,2023-12-10,23189,2023,629484,0,0,0,0,0.8775560259819031,1.1610532999038696,0.8960072994232178,10804
1,5,1.170494794845581,72,FW,VfB Stuttgart,Werder Bremen,2,0,2023-12-02,23180,2023,626757,0.13441802561283112,0,1,1,1.170494794845581,1.8860796689987183,0.9259106516838074,10804
2,4,0.9379922151565552,84,FW,Eintracht Frankfurt,VfB Stuttgart,1,2,2023-11-25,23167,2023,625202,0,0,0,2,0.9379922151565552,0.9954227209091187,0.05743046849966049,10804
1,3,0.74820876121521,82,FW,VfB Stuttgart,Borussia Dortmund,2,1,2023-11-11,23162,2023,623206,0.4884997010231018,0,3,1,0.74820876121521,1.168656349182129,0.14239205420017242,10804
0,2,0.2202170193195343,90,FW,FC Heidenheim,VfB Stuttgart,2,0,2023-11-05,23153,2023,622402,0.04764021188020706,0,1,0,0.2202170193195343,0.5380085110664368,0.36002117395401,10804
1,6,2.1669206619262695,90,FW,VfB Stuttgart,Hoffenheim,2,3,2023-10-28,23145,2023,619719,0.505607008934021,1,3,1,1.4091440439224243,1.8150086402893066,0,10804
1,1,0.45241111516952515,61,Sub,Union Berlin,VfB Stuttgart,0,3,2023-10-21,23129,2023,618026,0.061012547463178635,0,1,1,0.45241111516952515,0.5677064061164856,0.11529528349637985,10804
0,2,0.08328630775213242,24,Sub,VfB Stuttgart,Wolfsburg,3,1,2023-10-07,23123,2023,616287,0,0,0,0,0.08328630775213242,0.08328630775213242,0,10804
2,2,1.1030925512313843,25,Sub,FC Cologne,VfB Stuttgart,0,2,2023-09-30,23115,2023,614410,0,0,0,2,1.1030925512313843,1.1030925512313843,0,10804
0,2,0.48295682668685913,9,Sub,VfB Stuttgart,Darmstadt,3,1,2023-09-22,23101,2023,611721,0,0,0,0,0.48295682668685913,0.8895085453987122,0.406551718711853,10804
0,1,0.0197328832000494,3,Sub,Mainz 05,VfB Stuttgart,1,3,2023-09-16,23096,2023,610209,0.7330885529518127,1,2,0,0.0197328832000494,0.3649521470069885,0,10804
0,4,0.98457270860672,90,FW,Bayer Leverkusen,Hamburger SV,1,1,2026-05-16,30521,2025,790664,0,0,0,0,0.2267960160970688,0.24572788178920746,0.018931865692138672,1236
0,0,0,90,AMC,VfB Stuttgart,Bayer Leverkusen,3,1,2026-05-09,30519,2025,788765,0.08473233133554459,0,1,0,0,0.21871276199817657,0.13398043811321259,1236
3,9,3.2889506816864014,90,FW,Bayer Leverkusen,RasenBallsport Leipzig,4,1,2026-05-02,30503,2025,787378,0,0,0,3,3.2889506816864014,3.2693443298339844,0.07046686112880707,1236
2,3,1.6291743516921997,90,FW,FC Cologne,Bayer Leverkusen,1,2,2026-04-25,30496,2025,785436,0,0,0,1,0.8713976740837097,0.8713976740837097,0,1236
1,5,0.41325923800468445,90,FW,Bayer Leverkusen,Augsburg,1,2,2026-04-18,30485,2025,783164,0.11651766300201416,0,1,1,0.41325923800468445,0.5697295665740967,0.3214324116706848,1236
0,2,0.3982486426830292,35,Sub,Borussia Dortmund,Bayer Leverkusen,0,1,2026-04-11,30477,2025,781584,0,0,0,0,0.3982486426830292,0.30897584557533264,0.30897584557533264,1236
1,2,0.8933517336845398,38,Sub,Bayer Leverkusen,Wolfsburg,6,3,2026-04-04,30467,2025,779995,0.10801742970943451,0,1,0,0.1355750411748886,0.2756314277648926,0.03203895688056946,1236
2,5,1.2533447742462158,90,FW,FC Heidenheim,Bayer Leverkusen,3,3,2026-03-21,30462,2025,778419,0.03588760644197464,0,1,2,1.2533447742462158,0.9185262322425842,0.15189886093139648,1236
0,2,0.39746731519699097,65,FW,Bayer Leverkusen,Bayern Munich,1,1,2026-03-14,30449,2025,776698,0.5638660192489624,1,3,0,0.39746731519699097,0.9613333344459534,0,1236
0,4,0.4098130762577057,90,FW,Bayer Leverkusen,Mainz 05,1,1,2026-02-28,30432,2025,773193,0.7123731970787048,0,2,0,0.4098130762577057,1.7612909078598022,0.6391046047210693,1236
0,2,0.5348460674285889,26,Sub,Union Berlin,Bayer Leverkusen,1,0,2026-02-21,30429,2025,771494,0,0,0,0,0.5348460674285889,0.5348460674285889,0,1236
1,3,1.043994426727295,60,FW,Bayer Leverkusen,St. Pauli,4,0,2026-02-14,30414,2025,770226,0,0,0,1,1.043994426727295,1.043994426727295,0,1236
0,2,0.3939509689807892,83,FW,Borussia M.Gladbach,Bayer Leverkusen,1,1,2026-02-07,30405,2025,768829,0,0,0,0,0.3939509689807892,0.42412081360816956,0.03016984649002552,1236
0,0,0,14,Sub,Eintracht Frankfurt,Bayer Leverkusen,1,3,2026-01-31,30397,2025,767066,0,0,0,0,0,0.4847492277622223,0.4847492277622223,1236
0,3,0.21158038079738617,90,FW,Bayer Leverkusen,Werder Bremen,1,0,2026-01-24,30386,2025,765514,0.6307055354118347,0,1,0,0.21158038079738617,0.906302273273468,0.06401637941598892,1236
0,3,1.1053016185760498,90,FW,Hoffenheim,Bayer Leverkusen,1,0,2026-01-17,30381,2025,764026,0,0,0,0,1.1053016185760498,0.0795266181230545,0,1236
1,4,0.895060658454895,79,FW,RasenBallsport Leipzig,Bayer Leverkusen,1,3,2025-12-20,30356,2025,759294,0,0,0,1,0.895060658454895,1.0059095621109009,0.11084888130426407,1236
0,5,0.7755869030952454,90,FW,Augsburg,Bayer Leverkusen,2,0,2025-12-06,30334,2025,755838,0,0,0,0,0.7755869030952454,0.45356035232543945,0.012378287501633167,1236
0,1,0.05246802791953087,65,FW,Bayer Leverkusen,Borussia Dortmund,1,2,2025-11-29,30323,2025,753882,0,0,0,0,0.05246802791953087,0.06940124928951263,0.016933221369981766,1236
0,0,0,77,FW,Wolfsburg,Bayer Leverkusen,1,3,2025-11-22,30322,2025,751828,0.4120315611362457,1,1,0,0,0.4120315611362457,0,1236
2,4,1.501560091972351,59,FW,Bayer Leverkusen,FC Heidenheim,6,0,2025-11-08,30305,2025,750141,0.025233695283532143,0,1,2,1.501560091972351,1.6721749305725098,0.1453811079263687,1236
0,1,0.11651723086833954,58,FW,Bayern Munich,Bayer Leverkusen,3,0,2025-11-01,30297,2025,748668,0,0,0,0,0.11651723086833954,0.11651723086833954,0.11651723086833954,1236
0,0,0,10,Sub,Bayer Leverkusen,Freiburg,2,0,2025-10-26,30288,2025,746759,0,0,0,0,0,0.1536971479654312,0.1536971479654312,1236
0,0,0,90,FW,St. Pauli,Bayer Leverkusen,1,2,2025-09-27,30263,2025,740525,0,0,0,0,0,0.26444193720817566,0.26444193720817566,1236
0,4,1.1045382022857666,79,FW,Bayer Leverkusen,Borussia M.Gladbach,1,1,2025-09-21,30258,2025,739567,0.45829376578330994,1,1,0,1.1045382022857666,0.6446945071220398,0,1236
1,2,0.8058859705924988,87,FW,Bayer Leverkusen,Eintracht Frankfurt,3,1,2025-09-12,30242,2025,736408,0.04438023269176483,0,1,0,0.04810930788516998,0.6430219411849976,0.5505324006080627,1236
2,2,1.2118550539016724,90,FW,Werder Bremen,Bayer Leverkusen,3,3,2025-08-30,30236,2025,735000,0,0,0,1,0.45407834649086,0.4946070611476898,0.04052872955799103,1236
0,0,0,90,FW,Bayer Leverkusen,Hoffenheim,1,2,2025-08-23,30226,2025,733053,0,0,0,0,0,0.04323401302099228,0.04323401302099228,1236
2,4,1.1928433179855347,90,FW,Mainz 05,Bayer Leverkusen,2,2,2025-05-17,28045,2024,727902,0,0,0,1,0.4350666403770447,0.20409643650054932,0.09490179270505905,1236
0,0,0,26,Sub,Bayer Leverkusen,Borussia Dortmund,2,4,2025-05-11,28030,2024,726703,0,0,0,0,0,0,0,1236
0,0,0,90,FW,Freiburg,Bayer Leverkusen,2,2,2025-05-04,28024,2024,724957,0,0,0,0,0,0.05285331979393959,0.05285331979393959,1236
1,2,0.20253735780715942,67,FW,Bayer Leverkusen,Augsburg,2,0,2025-04-26,28012,2024,722436,0,0,0,1,0.20253735780715942,0.12126871198415756,0.0415206104516983,1236
1,1,0.5809630155563354,66,FW,St. Pauli,Bayer Leverkusen,1,1,2025-04-20,28011,2024,721459,0,0,0,1,0.5809630155563354,0.03913486748933792,0.03913486748933792,1236
0,5,0.16441647708415985,90,FW,Bayer Leverkusen,Union Berlin,0,0,2025-04-12,27994,2024,718572,0,0,0,0,0.16441647708415985,0.15744556486606598,0.017497316002845764,1236
0,1,0.08378999680280685,21,Sub,FC Heidenheim,Bayer Leverkusen,0,1,2025-04-05,27986,2024,716694,0,0,0,0,0.08378999680280685,0.20167626440525055,0.1178862676024437,1236
0,1,0.03654230758547783,72,FW,Bayer Leverkusen,Bochum,3,1,2025-03-28,27976,2024,714470,0,0,0,0,0.03654230758547783,0.03654230758547783,0,1236
1,5,1.0771697759628296,90,FW,VfB Stuttgart,Bayer Leverkusen,3,4,2025-03-16,27967,2024,714266,0.027367504313588142,0,1,1,1.0771697759628296,1.1686536073684692,0.06411635130643845,1236
0,1,0.05977698788046837,90,FW,Bayer Leverkusen,Werder Bremen,0,2,2025-03-08,27958,2024,711202,0,0,0,0,0.05977698788046837,0.6261112689971924,0.5663342475891113,1236
1,4,0.5643653273582458,61,FW,Eintracht Frankfurt,Bayer Leverkusen,1,4,2025-03-01,27951,2024,709974,0.08860667794942856,0,2,1,0.5643653273582458,0.703058660030365,0.32715365290641785,1236
1,5,1.0971286296844482,85,AMC,Holstein Kiel,Bayer Leverkusen,0,2,2025-02-22,27948,2024,707661,0.04220505803823471,0,1,1,1.0971286296844482,0.7894791960716248,0,1236
0,0,0,1,Sub,Bayer Leverkusen,Bayern Munich,0,0,2025-02-15,27931,2024,706464,0,0,0,0,0,0,0,1236
0,0,0,12,Sub,Wolfsburg,Bayer Leverkusen,0,0,2025-02-08,27927,2024,704805,0,0,0,0,0,0,0,1236
1,1,0.38338106870651245,40,Sub,Bayer Leverkusen,Hoffenheim,3,1,2025-02-02,27916,2024,704231,0,0,0,1,0.38338106870651245,0.3713684380054474,0.3713684380054474,1236
1,1,0.4767065644264221,69,FW,RasenBallsport Leipzig,Bayer Leverkusen,2,2,2025-01-25,27904,2024,701370,0.0283692367374897,0,1,1,0.4767065644264221,0.6130761504173279,0.10800034552812576,1236
1,4,0.778292715549469,90,FW,Bayer Leverkusen,Borussia M.Gladbach,3,1,2025-01-18,27895,2024,700242,0,0,0,1,0.778292715549469,0.6988149881362915,0,1236
0,2,0.5656061768531799,65,FW,Bayer Leverkusen,Mainz 05,1,0,2025-01-14,27886,2024,699091,0,0,0,0,0.5656061768531799,0.7469835877418518,0.18137744069099426,1236
2,3,1.6768240928649902,65,FW,Borussia Dortmund,Bayer Leverkusen,2,3,2025-01-10,27878,2024,697880,0,0,0,2,1.6768240928649902,1.6768240928649902,0,1236
4,7,1.5052402019500732,84,FW,Bayer Leverkusen,Freiburg,5,1,2024-12-21,27868,2024,695457,0.052721086889505386,0,1,4,1.5052402019500732,0.9891177415847778,0,1236
0,1,0.04374080151319504,20,Sub,Augsburg,Bayer Leverkusen,0,2,2024-12-14,27863,2024,693596,0,0,0,0,0.04374080151319504,0,0,1236
1,5,0.4887864589691162,90,FW,Union Berlin,Bayer Leverkusen,1,2,2024-11-30,27848,2024,689923,0,0,0,1,0.4887864589691162,0.3492380380630493,0,1236
3,6,1.3237802982330322,90,FW,Bayer Leverkusen,FC Heidenheim,5,2,2024-11-23,27832,2024,688306,0,0,0,3,1.3237802982330322,1.24143648147583,0,1236
1,4,0.6244451999664307,79,FW,Bochum,Bayer Leverkusen,1,1,2024-11-09,27830,2024,686567,0.5602686405181885,0,3,1,0.6244451999664307,1.2213075160980225,0.13565480709075928,1236
0,1,0.028392871841788292,3,Sub,Bayer Leverkusen,VfB Stuttgart,0,0,2024-11-01,27814,2024,684633,0,0,0,0,0.028392871841788292,0,0,1236
0,1,0.057945966720581055,17,Sub,Werder Bremen,Bayer Leverkusen,2,2,2024-10-26,27808,2024,683231,0,0,0,0,0.057945966720581055,0.057945966720581055,0,1236
0,1,0.5747305750846863,7,Sub,Bayer Leverkusen,Eintracht Frankfurt,2,1,2024-10-19,27796,2024,681268,0,0,0,0,0.5747305750846863,0.5747305750846863,0,1236
0,0,0,15,Sub,Bayer Leverkusen,Holstein Kiel,2,2,2024-10-05,27794,2024,679305,0,0,0,0,0,0,0,1236
0,2,0.22100766003131866,73,FW,Bayer Leverkusen,Wolfsburg,4,3,2024-09-22,27775,2024,676371,0.04567776620388031,0,1,0,0.22100766003131866,0.2831136882305145,0.016428256407380104,1236
0,0,0,1,Sub,Hoffenheim,Bayer Leverkusen,1,4,2024-09-14,27761,2024,673636,0,0,0,0,0,0,0,1236
0,0,0,6,Sub,Bayer Leverkusen,RasenBallsport Leipzig,2,3,2024-08-31,27757,2024,671981,0.04789092019200325,0,1,0,0,0.08831842243671417,0.04042750597000122,1236
0,2,0.265432208776474,24,Sub,Bayer Leverkusen,Augsburg,2,1,2024-05-18,23364,2023,662564,0,0,0,0,0.265432208776474,0.265432208776474,0,1236
1,5,0.7475411891937256,71,FW,Bochum,Bayer Leverkusen,0,5,2024-05-12,23359,2023,661458,0,0,0,1,0.7475411891937256,0.7872948050498962,0.03975360468029976,1236
1,1,0.494388222694397,62,FW,Eintracht Frankfurt,Bayer Leverkusen,1,5,2024-05-05,23346,2023,659631,0,0,0,1,0.494388222694397,0.494388222694397,0,1236
0,3,0.39267948269844055,76,FW,Bayer Leverkusen,VfB Stuttgart,2,2,2024-04-27,23338,2023,657098,0,0,0,0,0.39267948269844055,0.7757484316825867,0.38306891918182373,1236
0,0,0,4,Sub,Borussia Dortmund,Bayer Leverkusen,1,1,2024-04-21,23326,2023,655683,0,0,0,0,0,0,0,1236
0,1,0.11768131703138351,25,Sub,Bayer Leverkusen,Werder Bremen,5,0,2024-04-14,23319,2023,654067,0,0,0,0,0.11768131703138351,0.22829598188400269,0.11061465740203857,1236
1,5,1.1733365058898926,90,FW,Bayer Leverkusen,Hoffenheim,2,1,2024-03-30,23301,2023,649686,0,0,0,1,1.1733365058898926,1.1733365058898926,0,1236
1,2,0.1768738180398941,77,FW,Freiburg,Bayer Leverkusen,2,3,2024-03-17,23292,2023,648920,0,0,0,1,0.1768738180398941,0.37611228227615356,0.19923846423625946,1236
0,0,0,77,FW,Bayer Leverkusen,Wolfsburg,2,0,2024-03-10,23283,2023,647653,0,0,0,0,0,0,0,1236
0,2,0.10533342510461807,68,FW,FC Cologne,Bayer Leverkusen,0,2,2024-03-03,23276,2023,645697,0.08988182246685028,0,1,0,0.10533342510461807,0.17251940071582794,0,1236
0,0,0,32,Sub,Bayer Leverkusen,Mainz 05,2,1,2024-02-23,23268,2023,642906,0,0,0,0,0,0.025677520781755447,0.025677520781755447,1236
0,2,0.19765125215053558,76,FW,FC Heidenheim,Bayer Leverkusen,1,2,2024-02-17,23261,2023,641602,0.05840327590703964,0,1,0,0.19765125215053558,0.31470799446105957,0.15664300322532654,1236
0,3,0.6090201139450073,90,FW,Bayer Leverkusen,Borussia M.Gladbach,0,0,2024-01-27,23229,2023,637027,0.7552380561828613,0,3,0,0.6090201139450073,1.4051966667175293,0.6128163933753967,1236
0,3,0.140492245554924,90,FW,RasenBallsport Leipzig,Bayer Leverkusen,2,3,2024-01-20,23219,2023,636025,0.04249083995819092,0,1,0,0.140492245554924,0.666256844997406,0.4832737147808075,1236
0,4,0.8153061866760254,90,FW,Augsburg,Bayer Leverkusen,0,1,2024-01-13,23216,2023,634702,0.07781922072172165,0,1,0,0.8153061866760254,1.0218056440353394,0.1286802738904953,1236
3,4,1.3741368055343628,70,FW,Bayer Leverkusen,Bochum,4,0,2023-12-20,23202,2023,631912,0.09930072724819183,0,1,2,0.6163601875305176,1.2694934606552124,0.6870603561401367,1236
0,1,0.040151290595531464,18,Sub,Bayer Leverkusen,Eintracht Frankfurt,3,0,2023-12-17,23194,2023,631140,0,0,0,0,0.040151290595531464,0.3280550539493561,0.287903755903244,1236
0,1,0.08800513297319412,13,Sub,VfB Stuttgart,Bayer Leverkusen,1,1,2023-12-10,23189,2023,629504,0,0,0,0,0.08800513297319412,0.08800513297319412,0,1236
0,1,0.04046200215816498,8,Sub,Bayer Leverkusen,Borussia Dortmund,1,1,2023-12-03,23175,2023,627579,0,0,0,0,0.04046200215816498,0.061716388911008835,0.061716388911008835,1236
0,0,0,1,Sub,Bayer Leverkusen,Freiburg,2,1,2023-10-29,23139,2023,620820,0,0,0,0,0,0,0,1236
1,2,0.1640954464673996,78,FWL,Sevilla,Real Madrid,0,1,2026-05-17,29524,2025,791701,0.6679068207740784,0,2,1,0.1640954464673996,0.849862813949585,0.017860542982816696,7008
0,2,0.18396927416324615,90,FW,Real Madrid,Real Oviedo,2,0,2026-05-14,29517,2025,790603,0.15315206348896027,0,2,0,0.18396927416324615,0.36690622568130493,0.029784906655550003,7008
0,1,0.051097288727760315,90,AML,Barcelona,Real Madrid,2,0,2026-05-10,29500,2025,789694,0.024502554908394814,0,1,0,0.051097288727760315,0.13878637552261353,0.06318652629852295,7008
2,3,0.6151357293128967,87,FW,Espanyol,Real Madrid,0,2,2026-05-03,29494,2025,788265,0.2725605070590973,0,3,2,0.6151357293128967,0.8903818726539612,0.5472209453582764,7008
1,2,0.5444034934043884,90,FW,Real Betis,Real Madrid,1,1,2026-04-24,29474,2025,785123,0.17952817678451538,0,3,1,0.5444034934043884,0.8366795182228088,0.25175002217292786,7008
1,4,0.2470700889825821,90,FW,Real Madrid,Alaves,2,1,2026-04-21,29483,2025,784456,0.3135131597518921,0,5,1,0.2470700889825821,0.7837320566177368,0.269712895154953,7008
0,5,0.3059040606021881,90,FW,Real Madrid,Girona,1,1,2026-04-10,29462,2025,781283,0.2748168706893921,0,3,0,0.3059040606021881,0.9560759663581848,0.6137427091598511,7008
0,1,0.053130704909563065,30,Sub,Mallorca,Real Madrid,2,1,2026-04-04,29452,2025,780132,0,0,0,0,0.053130704909563065,0.16441066563129425,0.11127996444702148,7008
2,5,2.1298117637634277,88,FW,Real Madrid,Atletico Madrid,3,2,2026-03-22,29446,2025,779678,0.022620929405093193,0,1,1,1.3865340948104858,0.15649475157260895,0.09481911361217499,7008
0,1,0.1356702297925949,63,FW,Real Madrid,Elche,4,1,2026-03-14,29434,2025,777162,0,0,1,0,0.1356702297925949,0.1356702297925949,0,7008
0,3,0.09511538594961166,90,FW,Celta Vigo,Real Madrid,1,2,2026-03-06,29420,2025,774997,0.146893709897995,0,2,0,0.09511538594961166,0.3419781029224396,0.18838433921337128,7008
0,3,0.2820234000682831,90,AML,Real Madrid,Getafe,0,1,2026-03-02,29416,2025,774489,0.15072637796401978,0,3,0,0.2820234000682831,0.45745280385017395,0.0893043801188469,7008
1,5,0.738479733467102,90,FW,Osasuna,Real Madrid,2,1,2026-02-21,29405,2025,771834,0.04670334234833717,0,2,1,0.738479733467102,1.2496134042739868,0.49030986428260803,7008
2,3,1.5749751329421997,90,FW,Real Madrid,Real Sociedad,4,1,2026-02-14,29391,2025,770599,0.07803725451231003,0,1,0,0.08841989934444427,0.7989547252655029,0.6324975490570068,7008
1,2,0.37850555777549744,90,FW,Real Madrid,Rayo Vallecano,2,1,2026-02-01,29377,2025,767580,0.09890269488096237,0,2,1,0.37850555777549744,1.026302695274353,0.647797167301178,7008
0,3,0.1959124654531479,90,FWL,Villarreal,Real Madrid,0,2,2026-01-24,29367,2025,765957,0.029002783820033073,0,1,0,0.1959124654531479,0.4735678732395172,0.2486526221036911,7008
0,3,0.17407427728176117,90,FWL,Real Madrid,Levante,2,0,2026-01-17,29351,2025,763949,0.1824118196964264,0,4,0,0.17407427728176117,0.48811328411102295,0.1396835297346115,7008
0,1,0.0971025601029396,79,FW,Real Madrid,Real Betis,5,1,2026-01-04,29334,2025,761659,0.08289739489555359,0,1,0,0.0971025601029396,0.26553797721862793,0.08553802967071533,7008
0,1,0.05053328722715378,86,FWL,Real Madrid,Sevilla,2,0,2025-12-20,29322,2025,759432,0.37989938259124756,0,2,0,0.05053328722715378,0.42780840396881104,0.37727510929107666,7008
0,1,0.07112527638673782,90,FW,Alaves,Real Madrid,1,2,2025-12-14,29308,2025,758653,0.6389768719673157,1,1,0,0.07112527638673782,0.7753583192825317,0.06525619328022003,7008
0,4,0.17383821308612823,90,FW,Real Madrid,Celta Vigo,0,2,2025-12-07,29303,2025,757065,0,0,0,0,0.17383821308612823,0.20712563395500183,0.05505020543932915,7008
0,4,0.9367374181747437,80,FWL,Athletic Club,Real Madrid,0,3,2025-12-03,29338,2025,755072,0,0,0,0,0.9367374181747437,1.6632241010665894,0.7264867424964905,7008
0,7,0.38901934027671814,90,FWL,Girona,Real Madrid,1,1,2025-11-30,29290,2025,754764,0.052900947630405426,0,1,0,0.38901934027671814,0.4606609642505646,0.018740685656666756,7008
0,1,0.09947693347930908,33,Sub,Elche,Real Madrid,2,2,2025-11-23,29280,2025,753094,0.058943670243024826,0,1,0,0.09947693347930908,0.2469765692949295,0.0885559692978859,7008
0,3,0.13303451240062714,90,AML,Rayo Vallecano,Real Madrid,0,0,2025-11-09,29272,2025,751051,0.06415105611085892,0,2,0,0.13303451240062714,0.21747371554374695,0.020288152620196342,7008
0,3,0.8274351954460144,85,FWL,Real Madrid,Valencia,4,0,2025-11-01,29263,2025,748774,0.3294582962989807,0,3,0,0.0841575488448143,0.8282403349876404,0.4755347669124603,7008
0,3,0.310811311006546,78,ML,Real Madrid,Barcelona,2,1,2025-10-26,29254,2025,746818,0.05979776009917259,0,1,0,0.310811311006546,0.9758590459823608,0.6052499413490295,7008
0,2,0.14093273878097534,33,Sub,Getafe,Real Madrid,0,1,2025-10-19,29242,2025,745300,0.11478628218173981,0,2,0,0.14093273878097534,0.25571900606155396,0,7008
2,5,1.181763768196106,90,AML,Real Madrid,Villarreal,3,1,2025-10-04,29231,2025,742778,0.7529037594795227,0,6,1,0.43848615884780884,1.1913899183273315,0.15694653987884521,7008
0,0,0,90,AML,Atletico Madrid,Real Madrid,5,2,2025-09-27,29219,2025,740743,0.4802064597606659,1,1,0,0,0.5299950838088989,0.04978863149881363,7008
1,7,1.1361955404281616,90,AMC,Levante,Real Madrid,1,4,2025-09-23,29210,2025,739985,0.17811259627342224,1,3,1,1.1361955404281616,1.3317196369171143,0.07857245206832886,7008
0,4,0.6133366227149963,80,ML,Real Madrid,Espanyol,2,0,2025-09-20,29206,2025,738682,0.5102766752243042,1,2,0,0.6133366227149963,1.384924054145813,0.2613108456134796,7008
0,1,0.05167919769883156,72,AML,Real Sociedad,Real Madrid,1,2,2025-09-13,29195,2025,737046,0.23526298999786377,0,2,0,0.05167919769883156,0.8928986191749573,0.6059564352035522,7008
1,2,0.10308042913675308,78,AML,Real Madrid,Mallorca,2,1,2025-08-30,29184,2025,735570,0.03894851729273796,0,2,1,0.10308042913675308,0.25164133310317993,0.10961239039897919,7008
1,2,0.19787196815013885,25,Sub,Real Oviedo,Real Madrid,0,3,2025-08-24,29175,2025,734414,0.3859567642211914,1,1,1,0.19787196815013885,0.5838287472724915,0,7008
0,1,0.020414229482412338,80,FWL,Real Madrid,Osasuna,1,0,2025-08-19,29167,2025,732776,0.1504315733909607,0,2,0,0.020414229482412338,0.44080567359924316,0.33492666482925415,7008
0,1,0.294528067111969,34,Sub,Real Madrid,Real Sociedad,2,0,2025-05-24,27355,2024,729633,0.09389788657426834,1,1,0,0.294528067111969,0.4080336093902588,0.019607678055763245,7008
0,1,0.022317659109830856,90,AML,Barcelona,Real Madrid,4,3,2025-05-11,27324,2024,726748,1.0854532718658447,2,3,0,0.022317659109830856,1.1851412057876587,0.07737038284540176,7008
0,2,0.1687536984682083,90,AML,Real Madrid,Celta Vigo,3,2,2025-05-04,27317,2024,724546,0.06651388108730316,0,1,0,0.1687536984682083,0.8164687156677246,0.6477150321006775,7008
0,2,0.3975607454776764,74,FW,Getafe,Real Madrid,0,1,2025-04-23,27308,2024,722048,0.5255136489868164,0,3,0,0.3975607454776764,1.0617733001708984,0.1643727719783783,7008
0,4,0.11026021093130112,90,FW,Real Madrid,Athletic Club,1,0,2025-04-20,27294,2024,721504,1.0585236549377441,0,6,0,0.11026021093130112,1.0921781063079834,0.5918154120445251,7008
0,0,0,23,Sub,Alaves,Real Madrid,0,1,2025-04-13,27287,2024,719451,0,0,0,0,0,0.20816971361637115,0.20816971361637115,7008
1,4,1.46458101272583,80,FW,Real Madrid,Valencia,1,2,2025-04-05,27273,2024,716898,0.02168983593583107,0,1,1,0.721303403377533,0.2910119891166687,0.2206444889307022,7008
0,1,0.023596400395035744,24,Sub,Real Madrid,Leganes,3,2,2025-03-29,27268,2024,715131,0.01291484571993351,0,1,0,0.023596400395035744,0.12392648309469223,0.10033008456230164,7008
0,0,0,25,Sub,Villarreal,Real Madrid,1,2,2025-03-15,27259,2024,713252,0.05576227605342865,0,1,0,0,0.05576227605342865,0.05576227605342865,7008
1,4,0.5578840970993042,90,FW,Real Madrid,Rayo Vallecano,2,1,2025-03-09,27251,2024,712037,0.1889205276966095,0,2,1,0.5578840970993042,0.7468045949935913,0,7008
0,1,0.017251258715987206,90,FWL,Real Betis,Real Madrid,2,1,2025-03-01,27233,2024,709943,0.14362064003944397,0,2,0,0.017251258715987206,0.8521758317947388,0.6913039088249207,7008
1,6,0.8526819944381714,90,FW,Real Madrid,Girona,2,0,2025-02-23,27228,2024,708479,0.11047304421663284,0,2,1,0.8526819944381714,1.1562596559524536,0.3814356327056885,7008
0,4,1.2126998901367188,90,FW,Osasuna,Real Madrid,1,1,2025-02-15,27220,2024,706331,0.1453976035118103,0,2,0,1.2126998901367188,1.5557500123977661,0.19765253365039825,7008
0,3,0.146910160779953,90,AML,Real Madrid,Atletico Madrid,1,1,2025-02-08,27205,2024,704975,0.5607650279998779,0,3,0,0.146910160779953,1.1928104162216187,1.010911226272583,7008
0,5,0.27672889828681946,90,AML,Espanyol,Real Madrid,1,0,2025-02-01,27201,2024,703817,0.04394383355975151,0,1,0,0.27672889828681946,0.389247328042984,0.11251844465732574,7008
0,4,0.3924681544303894,83,AML,Valencia,Real Madrid,1,2,2025-01-03,27099,2024,697066,0,0,0,0,0.3924681544303894,0.8302614688873291,0.4377933442592621,7008
0,1,0.067044697701931,24,Sub,Rayo Vallecano,Real Madrid,3,3,2024-12-14,27144,2024,694089,0,0,1,0,0.067044697701931,0.067044697701931,0,7008
0,1,0.04988299682736397,90,FW,Leganes,Real Madrid,0,3,2024-11-24,27116,2024,689391,1.333181619644165,1,5,0,0.04988299682736397,1.3830646276474,0.3340446949005127,7008
3,6,2.1381728649139404,81,FWL,Real Madrid,Osasuna,4,0,2024-11-09,27109,2024,686366,0.18818490207195282,0,2,3,2.1381728649139404,2.4629788398742676,0.23600879311561584,7008
0,2,0.33949363231658936,90,FW,Real Madrid,Barcelona,0,4,2024-10-26,27085,2024,683274,0.2900232672691345,0,1,0,0.33949363231658936,0.6295168995857239,0.30438435077667236,7008
1,4,0.927332878112793,90,AMC,Celta Vigo,Real Madrid,1,2,2024-10-19,27075,2024,681772,0,0,0,1,0.927332878112793,0.9682341814041138,0.040901318192481995,7008
1,3,0.09371154010295868,81,FW,Real Madrid,Villarreal,2,0,2024-10-05,27063,2024,679923,0.04768114164471626,0,1,1,0.09371154010295868,0.13124553859233856,0,7008
0,1,0.05662938952445984,88,FW,Atletico Madrid,Real Madrid,1,1,2024-09-29,27053,2024,678886,0.15586070716381073,1,2,0,0.05662938952445984,0.15565802156925201,0.09902863204479218,7008
0,3,0.2515329122543335,90,FWL,Real Madrid,Alaves,3,2,2024-09-24,27051,2024,677003,0.5205184817314148,1,1,0,0.2515329122543335,1.2172529697418213,0.4452016055583954,7008
1,2,0.3659106194972992,35,Sub,Real Madrid,Espanyol,4,1,2024-09-21,27041,2024,676123,0.40175360441207886,1,1,1,0.3659106194972992,0.8305794596672058,0.06291525065898895,7008
1,5,0.9666861295700073,90,AML,Real Sociedad,Real Madrid,0,2,2024-09-14,27031,2024,674141,0,0,0,0,0.223408505320549,0.24677306413650513,0.023364562541246414,7008
0,2,0.13400976359844208,90,FWL,Real Madrid,Real Betis,2,0,2024-09-01,27021,2024,673088,0.22789882123470306,0,4,0,0.13400976359844208,0.8717120885848999,0.6059275269508362,7008
1,6,1.2939289808273315,86,AML,Las Palmas,Real Madrid,1,1,2024-08-29,27011,2024,669629,0.2074393779039383,0,2,0,0.5506513714790344,1.141993761062622,0.38390305638313293,7008
0,1,0.08243653923273087,89,AML,Real Madrid,Real Valladolid,3,0,2024-08-25,26998,2024,668834,0.7728890776634216,0,3,0,0.08243653923273087,1.0153510570526123,0.16002541780471802,7008
0,2,0.07008075714111328,90,FWL,Mallorca,Real Madrid,1,1,2024-08-18,26989,2024,667280,0.3804817199707031,1,6,0,0.07008075714111328,0.41304299235343933,0.019535629078745842,7008
0,2,0.6726359128952026,90,FW,Real Madrid,Real Betis,0,0,2024-05-25,23063,2023,664625,0.05253089591860771,0,1,0,0.6726359128952026,0.7666154503822327,0.09397955983877182,7008
2,6,1.0682766437530518,90,FW,Real Madrid,Alaves,5,0,2024-05-14,23044,2023,661937,0.32269102334976196,0,4,2,1.0682766437530518,1.7237406969070435,0.33277297019958496,7008
0,1,0.11041278392076492,16,Sub,Real Madrid,Cadiz,3,0,2024-05-04,23021,2023,658935,0.06576087325811386,0,1,0,0.11041278392076492,0.752443253993988,0.6420304775238037,7008
0,0,0,19,Sub,Real Sociedad,Real Madrid,0,1,2024-04-26,23014,2023,656703,0,0,0,0,0,0,0,7008
1,6,2.011284112930298,89,FW,Real Madrid,Barcelona,3,2,2024-04-21,23000,2023,655882,0.3322679102420807,1,2,0,1.2680065631866455,0.984545111656189,0.2970524728298187,7008
0,4,0.28157371282577515,27,Sub,Mallorca,Real Madrid,0,1,2024-04-13,22988,2023,653498,0,0,0,0,0.28157371282577515,0.7393672466278076,0.4905787408351898,7008
2,5,1.4975281953811646,88,FW,Osasuna,Real Madrid,2,4,2024-03-16,22967,2023,648387,0.32987475395202637,0,1,2,1.4975281953811646,1.863251805305481,0.03584875911474228,7008
1,3,1.798834204673767,90,FW,Real Madrid,Celta Vigo,4,0,2024-03-10,22963,2023,647620,0.23141475021839142,0,2,1,1.798834204673767,0.3995327055454254,0.07586222887039185,7008
2,3,0.8056743144989014,90,FW,Valencia,Real Madrid,2,2,2024-03-02,22951,2023,645293,0,0,0,2,0.8056743144989014,0.845402181148529,0.039727833122015,7008
0,4,0.15560168027877808,90,FWL,Real Madrid,Sevilla,1,0,2024-02-25,22939,2023,644148,0.09345109760761261,0,2,0,0.15560168027877808,0.23229871690273285,0.015048798173666,7008
0,2,0.18145811557769775,90,AML,Rayo Vallecano,Real Madrid,1,1,2024-02-18,22928,2023,642248,0,0,0,0,0.18145811557769775,0.18145811557769775,0,7008
1,4,0.2838670611381531,81,FW,Real Madrid,Girona,4,0,2024-02-10,22923,2023,640374,0.6486776471138,2,3,1,0.2838670611381531,1.0752458572387695,0.23899760842323303,7008
0,3,1.0459160804748535,78,FW,Getafe,Real Madrid,0,2,2024-02-01,22881,2023,638104,0.31322547793388367,1,1,0,1.0459160804748535,1.3591415882110596,0,7008
1,7,1.0829874277114868,90,FW,Las Palmas,Real Madrid,1,2,2024-01-27,22899,2023,636949,0,0,0,1,1.0829874277114868,1.0829874277114868,0.37294477224349976,7008
1,2,0.8840811252593994,90,FW,Real Madrid,Almeria,3,2,2024-01-21,22888,2023,636252,0.34046944975852966,0,4,1,0.8840811252593994,1.2632216215133667,0.08231838792562485,7008
0,3,0.4278985261917114,62,FW,Real Madrid,Mallorca,1,0,2024-01-03,22873,2023,633951,0.009348275139927864,0,1,0,0.4278985261917114,0.43724679946899414,0,7008
2,5,0.6797375679016113,86,FW,Real Madrid,Valencia,5,1,2023-11-11,22808,2023,623629,0.08658431470394135,0,1,2,0.6797375679016113,0.7180219292640686,0,7008
0,2,0.37860924005508423,90,FW,Real Madrid,Rayo Vallecano,0,0,2023-11-05,22803,2023,622542,0.21189908683300018,0,2,0,0.37860924005508423,0.24853713810443878,0.10275222361087799,7008
0,2,0.08085454255342484,90,FW,Barcelona,Real Madrid,1,2,2023-10-28,22787,2023,619952,0.03650946915149689,0,2,0,0.08085454255342484,0.7033301591873169,0.6241089701652527,7008
0,3,0.4029194712638855,90,FW,Sevilla,Real Madrid,1,1,2023-10-21,22782,2023,618361,0.3239302635192871,0,1,0,0.4029194712638855,1.1957412958145142,0.5565975904464722,7008
1,3,1.1426849365234375,73,FW,Real Madrid,Osasuna,4,0,2023-10-07,22772,2023,616500,0.4971727728843689,1,1,1,1.1426849365234375,1.6398577690124512,0,7008
0,0,0,72,FW,Girona,Real Madrid,0,3,2023-09-30,22760,2023,614925,0.5377709865570068,0,2,0,0,1.1594116687774658,0.6216406226158142,7008
0,1,0.12016148865222931,30,Sub,Real Madrid,Las Palmas,2,0,2023-09-27,22753,2023,613680,0,0,0,0,0.12016148865222931,0.15205992758274078,0.03189844265580177,7008
0,0,0,17,FW,Celta Vigo,Real Madrid,0,1,2023-08-25,22712,2023,606635,0,0,0,0,0,0,0,7008
1,4,0.28167620301246643,90,FW,Almeria,Real Madrid,1,3,2023-08-19,22698,2023,605456,0,0,0,1,0.28167620301246643,0.3896648585796356,0.1809212863445282,7008
0,3,0.6044082045555115,84,FW,Athletic Club,Real Madrid,0,2,2023-08-12,22689,2023,604085,0,0,0,0,0.6044082045555115,0.6044082045555115,0,7008
0,1,0.10038047283887863,90,FW,Eintracht Frankfurt,VfB Stuttgart,2,2,2026-05-16,30524,2025,790964,0,0,0,0,0.10038047283887863,0.06349341571331024,0.06349341571331024,6496
1,6,1.2327252626419067,90,FW,VfB Stuttgart,Bayer Leverkusen,3,1,2026-05-09,30519,2025,788749,0.02180151268839836,0,1,1,1.2327252626419067,1.9781397581100464,0.7236129641532898,6496
1,1,0.3038112223148346,32,Sub,Hoffenheim,VfB Stuttgart,3,3,2026-05-02,30508,2025,787089,0.06261657178401947,0,1,1,0.3038112223148346,0.40301552414894104,0.03658773750066757,6496
1,2,0.44199827313423157,31,Sub,VfB Stuttgart,Werder Bremen,1,1,2026-04-26,30501,2025,786074,0,0,0,1,0.44199827313423157,0.44199827313423157,0,6496
0,0,0,11,Sub,Bayern Munich,VfB Stuttgart,4,2,2026-04-19,30486,2025,784041,0.04783780500292778,0,1,0,0,0.04783780500292778,0,6496
0,2,0.21819086372852325,71,FW,VfB Stuttgart,Hamburger SV,4,0,2026-04-12,30483,2025,782498,0.43399184942245483,1,2,0,0.21819086372852325,1.061718225479126,0.5488994717597961,6496
0,0,0,1,Sub,VfB Stuttgart,Borussia Dortmund,0,2,2026-04-04,30473,2025,780271,0,0,0,0,0,0,0,6496
1,1,0.5206795930862427,4,Sub,Augsburg,VfB Stuttgart,2,5,2026-03-22,30458,2025,779603,0,0,0,1,0.5206795930862427,0.5206795930862427,0,6496
0,2,0.1433115154504776,70,FW,VfB Stuttgart,RasenBallsport Leipzig,1,0,2026-03-15,30456,2025,777811,0,0,0,0,0.1433115154504776,0.2410743236541748,0.09776280075311661,6496
1,2,0.08099959045648575,90,FW,Mainz 05,VfB Stuttgart,2,2,2026-03-07,30444,2025,775184,0,0,0,1,0.08099959045648575,0.5089890360832214,0.4429295063018799,6496
0,5,0.5915578007698059,90,FW,VfB Stuttgart,Wolfsburg,4,0,2026-03-01,30438,2025,773964,0.8086441159248352,1,4,0,0.5915578007698059,2.076486110687256,0.9116237163543701,6496
0,1,0.07318507879972458,90,FW,FC Heidenheim,VfB Stuttgart,3,3,2026-02-22,30425,2025,772538,0,0,0,0,0.07318507879972458,0.14914393424987793,0.07595884799957275,6496
2,4,1.3250819444656372,90,FW,VfB Stuttgart,FC Cologne,3,1,2026-02-14,30420,2025,770507,0,0,0,2,1.3250819444656372,1.3250819444656372,0,6496
0,0,0,86,FW,St. Pauli,VfB Stuttgart,2,1,2026-02-07,30410,2025,768486,0.29570361971855164,0,1,0,0,0.29570361971855164,0,6496
1,1,0.04175592213869095,13,Sub,VfB Stuttgart,Freiburg,1,0,2026-02-01,30402,2025,767759,0,0,0,1,0.04175592213869095,0.04175592213869095,0,6496
0,2,0.5505340695381165,64,FW,Borussia M.Gladbach,VfB Stuttgart,0,3,2026-01-25,30388,2025,766266,0.029145684093236923,0,1,0,0.5505340695381165,0.5796797871589661,0,6496
0,0,0,14,Sub,VfB Stuttgart,Union Berlin,1,1,2026-01-18,30383,2025,764773,0,0,0,0,0,0.08396680653095245,0.08396680653095245,6496
1,1,0.4102061688899994,64,FW,VfB Stuttgart,Eintracht Frankfurt,3,2,2026-01-13,30375,2025,763387,0.08813678473234177,0,1,1,0.4102061688899994,0.5922811031341553,0.09393812716007233,6496
0,0,0,1,Sub,Bayer Leverkusen,VfB Stuttgart,1,4,2026-01-10,30359,2025,762840,0,0,0,0,0,0,0,6496
0,2,0.23520997166633606,90,FW,VfB Stuttgart,FC Heidenheim,1,0,2025-10-05,30275,2025,743179,0.1287049800157547,0,2,0,0.23520997166633606,0.36391493678092957,0,6496
1,3,1.328352928161621,90,FW,FC Cologne,VfB Stuttgart,1,2,2025-09-28,30267,2025,741556,0,0,0,0,0.5705762505531311,0.11261185258626938,0.04872455075383186,6496
1,2,0.7321692109107971,86,FW,VfB Stuttgart,St. Pauli,2,0,2025-09-19,30251,2025,738161,0.0855586901307106,1,1,1,0.7321692109107971,0.8177279233932495,0,6496
1,2,0.21479682624340057,78,FW,Freiburg,VfB Stuttgart,3,1,2025-09-13,30243,2025,736712,0,0,0,1,0.21479682624340057,0.43851733207702637,0.3398205637931824,6496
0,0,0,90,FW,VfB Stuttgart,Borussia M.Gladbach,1,0,2025-08-30,30237,2025,734889,0,0,0,0,0,0.38030096888542175,0.38030096888542175,6496
0,1,0.11944705992937088,71,FW,Union Berlin,VfB Stuttgart,2,1,2025-08-23,30227,2025,733190,0.17751382291316986,0,2,0,0.11944705992937088,0.6556957960128784,0.47818195819854736,6496
1,3,1.0834877490997314,31,Sub,RasenBallsport Leipzig,VfB Stuttgart,2,3,2025-05-17,28039,2024,727811,0.3384917080402374,0,1,1,1.0834877490997314,0.9529812335968018,0,6496
1,4,1.9723801612854004,8,Sub,VfB Stuttgart,Augsburg,4,0,2025-05-11,28031,2024,726950,0,0,0,1,1.9723801612854004,1.6177700757980347,0.11428039520978928,6496
0,1,0.2353789210319519,15,Sub,St. Pauli,VfB Stuttgart,0,1,2025-05-03,28029,2024,723946,0.41977235674858093,1,1,0,0.2353789210319519,0.6551512479782104,0,6496
0,3,0.513948380947113,81,FW,VfB Stuttgart,FC Heidenheim,0,1,2025-04-25,28013,2024,722253,0,0,0,0,0.513948380947113,0.513948380947113,0,6496
0,1,0.04063328355550766,90,FW,Union Berlin,VfB Stuttgart,4,4,2025-04-19,28010,2024,720696,0,0,0,0,0.04063328355550766,0.04063328355550766,0,6496
0,3,0.4467267692089081,87,FW,VfB Stuttgart,Werder Bremen,1,2,2025-04-13,27995,2024,719371,0.1044161394238472,0,1,0,0.4467267692089081,0.7185864448547363,0.28792455792427063,6496
3,4,1.9583112001419067,90,FW,Bochum,VfB Stuttgart,0,4,2025-04-05,27992,2024,716722,0.15794505178928375,0,2,3,1.9583112001419067,2.1162562370300293,0,6496
0,1,0.26356998085975647,81,FW,Eintracht Frankfurt,VfB Stuttgart,1,0,2025-03-29,27978,2024,715051,0,0,0,0,0.26356998085975647,0,0,6496
1,2,1.2320783138275146,78,FW,VfB Stuttgart,Bayer Leverkusen,3,4,2025-03-16,27967,2024,714249,0,0,0,1,1.2320783138275146,2.287346363067627,1.0552681684494019,6496
1,2,0.5419203042984009,43,Sub,Holstein Kiel,VfB Stuttgart,2,2,2025-03-08,27966,2024,711093,0,0,0,1,0.5419203042984009,0.5419203042984009,0,6496
0,0,0,4,Sub,VfB Stuttgart,Bayern Munich,1,3,2025-02-28,27949,2024,709370,0,0,0,0,0,0,0,6496
0,0,0,7,Sub,Hoffenheim,VfB Stuttgart,1,1,2025-02-23,27943,2024,708836,0,0,0,0,0,0,0,6496
0,0,0,1,Sub,VfB Stuttgart,Wolfsburg,1,2,2025-02-15,27932,2024,706131,0,0,0,0,0,0,0,6496
0,0,0,19,Sub,Borussia Dortmund,VfB Stuttgart,1,2,2025-02-08,27924,2024,704709,0,0,0,0,0,0,0,6496
0,2,0.19752956926822662,71,FW,VfB Stuttgart,Borussia M.Gladbach,1,2,2025-02-01,27917,2024,703241,0,0,0,0,0.19752956926822662,0.19752956926822662,0,6496
0,2,0.14209112524986267,14,Sub,Mainz 05,VfB Stuttgart,2,0,2025-01-25,27909,2024,701339,0,0,0,0,0.14209112524986267,0.14209112524986267,0,6496
1,4,0.6376095414161682,74,FW,VfB Stuttgart,Freiburg,4,0,2025-01-18,27896,2024,699968,0,0,0,1,0.6376095414161682,0.3647935092449188,0.04739988222718239,6496
0,1,0.11541353911161423,12,Sub,VfB Stuttgart,RasenBallsport Leipzig,2,1,2025-01-15,27887,2024,699485,0.026553304865956306,0,1,0,0.11541353911161423,0.2072371393442154,0.06527028977870941,6496
0,3,0.7509018182754517,65,FW,Augsburg,VfB Stuttgart,0,1,2025-01-12,27882,2024,698770,0,0,0,0,0.7509018182754517,0.6968170404434204,0,6496
0,4,0.17892634868621826,90,FW,VfB Stuttgart,St. Pauli,0,1,2024-12-21,27869,2024,695239,0.01832927018404007,0,1,0,0.17892634868621826,0.30839428305625916,0.11113867163658142,6496
0,1,0.46765124797821045,84,FW,FC Heidenheim,VfB Stuttgart,1,3,2024-12-15,27861,2024,694307,0.025042006745934486,0,1,0,0.46765124797821045,0.025042006745934486,0,6496
0,1,0.18831978738307953,90,FW,VfB Stuttgart,Union Berlin,3,2,2024-12-06,27851,2024,691735,0.10459942370653152,0,1,0,0.18831978738307953,0.732382595539093,0.5440627932548523,6496
2,2,0.8416650295257568,90,FW,Werder Bremen,VfB Stuttgart,2,2,2024-11-30,27844,2024,689953,0.5422120094299316,0,2,2,0.8416650295257568,1.440602421760559,0.05672546476125717,6496
0,2,0.16119955480098724,90,FW,VfB Stuttgart,Bochum,2,0,2024-11-23,27833,2024,688273,0.06130000203847885,0,1,0,0.16119955480098724,1.0890467166900635,0.8665471076965332,6496
0,5,1.4404842853546143,78,FW,VfB Stuttgart,Eintracht Frankfurt,2,3,2024-11-10,27823,2024,687593,0.06864047795534134,0,1,0,0.6827076077461243,0.8727448582649231,0.19003726541996002,6496
0,0,0,9,Sub,Bayer Leverkusen,VfB Stuttgart,0,0,2024-11-01,27814,2024,684648,0.03625697270035744,0,1,0,0,0.03625697270035744,0,6496
0,1,0.11462637037038803,27,Sub,VfB Stuttgart,Holstein Kiel,2,1,2024-10-26,27805,2024,682909,0,0,0,0,0.11462637037038803,0.11462637037038803,0,6496
0,1,0.046752650290727615,67,FW,Bayern Munich,VfB Stuttgart,4,0,2024-10-19,27797,2024,681649,0.020012913271784782,0,1,0,0.046752650290727615,0.06676556169986725,0,6496
1,4,1.455686092376709,24,Sub,VfB Stuttgart,Hoffenheim,1,1,2024-10-06,27795,2024,680614,0,0,0,1,0.6979094743728638,0.23812025785446167,0.11582538485527039,6496
0,2,0.4506281316280365,73,FW,Wolfsburg,VfB Stuttgart,2,2,2024-09-28,27780,2024,677767,0.25830575823783875,0,1,0,0.4506281316280365,0.7371589541435242,0.02822507545351982,6496
1,3,0.32786810398101807,73,FW,VfB Stuttgart,Borussia Dortmund,5,1,2024-09-22,27776,2024,676561,0.06532186269760132,0,1,1,0.32786810398101807,0.41471898555755615,0.08777215331792831,6496
2,2,1.1283442974090576,77,FW,Borussia M.Gladbach,VfB Stuttgart,1,3,2024-09-14,27765,2024,673506,0,0,0,2,1.1283442974090576,0.6311589479446411,0,6496
0,1,0.16170886158943176,14,Sub,VfB Stuttgart,Mainz 05,3,3,2024-08-31,27755,2024,671609,0.08370047807693481,0,1,0,0.16170886158943176,0.2622446119785309,0.10053575038909912,6496
1,1,0.09434453397989273,90,FW,Freiburg,VfB Stuttgart,3,1,2024-08-24,27745,2024,667845,0,0,0,1,0.09434453397989273,0,0,6496
0,4,0.22727592289447784,90,FW,Bayer Leverkusen,Augsburg,2,1,2024-05-18,23364,2023,662577,0,0,0,0,0.22727592289447784,0.18977469205856323,0.031638048589229584,6496
0,2,0.1609971970319748,90,FW,Augsburg,VfB Stuttgart,0,1,2024-05-10,23360,2023,660137,0.16843624413013458,0,2,0,0.1609971970319748,0.05994931980967522,0,6496
0,5,0.8708738088607788,90,FW,Borussia Dortmund,Augsburg,5,1,2024-05-04,23344,2023,658795,0.06010152027010918,0,1,0,0.8708738088607788,0.5654577016830444,0.3580390512943268,6496
0,3,0.15263213217258453,90,FW,Augsburg,Werder Bremen,0,3,2024-04-27,23342,2023,656902,0.021084999665617943,0,1,0,0.15263213217258453,0.17311863601207733,0.03852878138422966,6496
0,1,0.06591606140136719,90,FW,Eintracht Frankfurt,Augsburg,3,1,2024-04-19,23329,2023,654479,0.4088645875453949,1,2,0,0.06591606140136719,0.5096255540847778,0.034844864159822464,6496
0,1,0.5012813210487366,90,FW,Augsburg,Union Berlin,2,0,2024-04-12,23323,2023,652766,0,0,0,0,0.5012813210487366,0.8426496386528015,0.34136831760406494,6496
1,3,0.24331076443195343,90,FW,Hoffenheim,Augsburg,3,1,2024-04-07,23314,2023,652379,0,0,0,1,0.24331076443195343,0.2572295665740967,0.013918803073465824,6496
0,3,0.2108752429485321,86,FW,Wolfsburg,Augsburg,1,3,2024-03-16,23293,2023,648202,0,0,0,0,0.2108752429485321,0.23368391394615173,0.022808676585555077,6496
0,1,0.07066027820110321,90,FW,Augsburg,FC Heidenheim,1,0,2024-03-09,23288,2023,646507,0,0,0,0,0.07066027820110321,0.18116341531276703,0.11050312966108322,6496
2,5,1.3779163360595703,75,FW,Darmstadt,Augsburg,0,6,2024-03-02,23280,2023,644680,0.316915363073349,1,2,2,1.3779163360595703,2.0682148933410645,0.3733830451965332,6496
0,3,0.5419350266456604,90,FW,Augsburg,Freiburg,2,1,2024-02-25,23264,2023,644054,0.19031856954097748,1,3,0,0.5419350266456604,0.7848884463310242,0.05263487622141838,6496
0,2,0.12281475216150284,90,FW,Mainz 05,Augsburg,1,0,2024-02-17,23257,2023,641660,0,0,0,0,0.12281475216150284,0.17457932233810425,0.051764581352472305,6496
1,1,0.12336709350347519,90,FW,Augsburg,RasenBallsport Leipzig,2,2,2024-02-10,23251,2023,640001,0.36961618065834045,0,2,1,0.12336709350347519,0.5668087005615234,0.07382543385028839,6496
1,3,0.8763728737831116,90,FW,Bochum,Augsburg,1,1,2024-02-03,23242,2023,638441,0.05421333387494087,0,1,0,0.11859621107578278,0.17382340133190155,0.06279686838388443,6496
2,4,1.0186712741851807,90,FW,Augsburg,Bayern Munich,2,3,2024-01-27,23234,2023,636839,0,0,0,1,0.2608945965766907,0.2608945965766907,0,6496
0,1,0.49549970030784607,90,FW,Borussia M.Gladbach,Augsburg,1,2,2024-01-21,23222,2023,636332,0.20712532103061676,1,3,0,0.49549970030784607,0.7432188987731934,0.040593862533569336,6496
0,2,0.10669627785682678,81,FW,Augsburg,Bayer Leverkusen,0,1,2024-01-13,23216,2023,634686,0.3241596221923828,0,1,0,0.10669627785682678,0.4308559000492096,0,6496
0,1,0.010132062248885632,90,FW,VfB Stuttgart,Augsburg,3,0,2023-12-20,23207,2023,631988,0,0,0,0,0.010132062248885632,0.010132062248885632,0,6496
1,5,0.5462489128112793,81,AMC,Augsburg,Borussia Dortmund,1,1,2023-12-16,23198,2023,630183,0.03898040950298309,0,1,1,0.5462489128112793,0.5431212782859802,0,6496
0,1,0.03347974270582199,90,AMC,Werder Bremen,Augsburg,2,0,2023-12-09,23188,2023,628590,0,0,0,0,0.03347974270582199,0.03347974270582199,0,6496
0,2,0.782012939453125,87,AMC,Augsburg,Eintracht Frankfurt,2,1,2023-12-03,23179,2023,627665,0.4772038757801056,2,2,0,0.024236278608441353,0.9954350590705872,0.4939948618412018,6496
1,2,0.8433718681335449,83,AMC,Union Berlin,Augsburg,1,1,2023-11-25,23165,2023,624800,0,0,0,0,0.08559517562389374,0.1821652054786682,0.09657002985477448,6496
1,5,0.3627866208553314,90,AMC,Augsburg,Hoffenheim,1,1,2023-11-11,23161,2023,623174,0,0,0,1,0.3627866208553314,0.46087881922721863,0.0980922132730484,6496
0,1,0.11019185185432434,90,AML,FC Cologne,Augsburg,1,1,2023-11-04,23151,2023,621361,0,0,0,0,0.11019185185432434,0.23884238302707672,0.12865053117275238,6496
0,1,0.07743752002716064,90,AML,Augsburg,Wolfsburg,3,2,2023-10-28,23144,2023,619810,0,0,0,0,0.07743752002716064,0.2033042460680008,0.12586672604084015,6496
1,1,0.6594498157501221,90,AMC,FC Heidenheim,Augsburg,2,5,2023-10-22,23136,2023,619015,0,0,0,1,0.6594498157501221,1.110907793045044,0.4514579772949219,6496
1,4,0.46214357018470764,90,AMC,Augsburg,Darmstadt,1,2,2023-10-07,23122,2023,616251,0.03777894750237465,0,2,1,0.46214357018470764,0.4999225437641144,0,6496
0,4,0.5430848002433777,90,AMC,Freiburg,Augsburg,2,0,2023-10-01,23118,2023,615520,0,0,0,0,0.5430848002433777,0.09579700976610184,0.0835513100028038,6496
2,2,0.9722355604171753,90,AMC,Augsburg,Mainz 05,2,1,2023-09-23,23102,2023,612096,0.043359626084566116,0,1,2,0.9722355604171753,1.0155951976776123,0,6496
0,2,0.5353373289108276,90,AMC,RasenBallsport Leipzig,Augsburg,3,0,2023-09-16,23093,2023,610329,0.15253585577011108,0,2,0,0.5353373289108276,0.798581600189209,0.11070842295885086,6496
1,4,1.0689671039581299,90,AMC,Augsburg,Bochum,2,2,2023-09-02,23087,2023,608463,0.5236903429031372,1,2,1,1.0689671039581299,1.9327510595321655,0.39176055788993835,6496
0,2,0.12305417656898499,90,AMC,Bayern Munich,Augsburg,3,1,2023-08-27,23082,2023,607767,0.4339301586151123,1,1,0,0.12305417656898499,0.5569843649864197,0.4339301586151123,6496
0,2,0.10939338058233261,78,AMC,Augsburg,Borussia M.Gladbach,4,4,2023-08-19,23069,2023,604936,0.8557963967323303,1,4,0,0.10939338058233261,0.29988542199134827,0.06627907603979111,6496
0,0,0,6,Sub,Lecce,Juventus,0,1,2026-05-09,30199,2025,789073,0.31924018263816833,0,1,0,0,0.31924018263816833,0,8636
0,2,0.18900538980960846,70,FW,Juventus,Verona,1,1,2026-05-03,30189,2025,788034,0.02077193185687065,0,1,0,0.18900538980960846,0.6329547166824341,0.4231773912906647,8636
0,1,0.10717618465423584,88,FW,AC Milan,Juventus,0,0,2026-04-26,30179,2025,786465,0,0,0,0,0.10717618465423584,0.15941308438777924,0.052236899733543396,8636
1,2,0.34007853269577026,74,FW,Juventus,Bologna,2,0,2026-04-19,30165,2025,784181,0,0,0,1,0.34007853269577026,0.32283392548561096,0.1918478012084961,8636
0,0,0,29,Sub,Atalanta,Juventus,0,1,2026-04-11,30154,2025,781955,0,0,0,0,0,0.074602872133255,0.074602872133255,8636
0,1,0.06196945160627365,67,FW,Juventus,Genoa,2,0,2026-04-06,30146,2025,781033,0.05109306424856186,0,2,0,0.06196945160627365,0.11306251585483551,0,8636
0,0,0,1,Sub,Udinese,Juventus,0,1,2026-03-14,30132,2025,777119,0,0,0,0,0,0,0,8636
0,2,0.4980567395687103,47,FW,Juventus,Pisa,4,0,2026-03-07,30119,2025,775484,0.057598136365413666,0,1,0,0.4980567395687103,0.6479318737983704,0.09227700531482697,8636
0,1,0.021933792158961296,64,FW,Roma,Juventus,3,3,2026-03-01,30108,2025,774346,0.02789902873337269,0,1,0,0.021933792158961296,0.13351348042488098,0.11157968640327454,8636
0,1,0.4037162661552429,12,Sub,Juventus,Como,0,2,2026-02-21,30099,2025,771541,0,0,0,0,0.4037162661552429,0,0,8636
0,0,0,63,FW,Inter,Juventus,3,2,2026-02-14,30087,2025,770583,0.05446188524365425,0,1,0,0,0.5790787935256958,0.5246168971061707,8636
0,1,0.33513566851615906,90,FW,Juventus,Lazio,2,2,2026-02-08,30081,2025,769582,0.06681215763092041,0,1,0,0.33513566851615906,0.6858239769935608,0.28387612104415894,8636
1,2,1.750860571861267,84,FW,Parma Calcio 1913,Juventus,1,4,2026-02-01,30070,2025,768080,1.022705078125,1,2,1,1.750860571861267,1.165393352508545,0.17030657827854156,8636
1,3,0.4056761860847473,79,FW,Juventus,Napoli,3,0,2026-01-25,30059,2025,766466,0,0,0,1,0.4056761860847473,0.45278236269950867,0.04710618779063225,8636
0,2,0.21242959797382355,90,FW,Cagliari,Juventus,1,0,2026-01-17,30053,2025,764543,0.0096359858289361,0,1,0,0.21242959797382355,0.12307076901197433,0.04578835144639015,8636
1,3,1.067764401435852,90,FW,Juventus,Cremonese,5,0,2026-01-12,30039,2025,763356,0.2466343194246292,0,2,1,1.067764401435852,1.4213074445724487,0.10690869390964508,8636
1,3,1.5192335844039917,78,FW,Sassuolo,Juventus,0,3,2026-01-06,30032,2025,762076,0.6877681612968445,1,6,1,1.5192335844039917,2.5052952766418457,0.4211703836917877,8636
0,6,1.6352615356445312,90,FW,Juventus,Lecce,1,1,2026-01-03,30020,2025,761172,0.012782417237758636,0,1,0,0.8739627003669739,0.24941179156303406,0.02704601362347603,8636
0,0,0,29,Sub,Pisa,Juventus,0,2,2025-12-27,30009,2025,760278,0.6205756068229675,1,1,0,0,0.6696362495422363,0.6696362495422363,8636
0,0,0,7,Sub,Juventus,Roma,2,1,2025-12-20,29999,2025,759342,0,0,0,0,0,0,0,8636
0,0,0,62,FW,Bologna,Juventus,0,1,2025-12-14,29985,2025,758561,0,0,0,0,0,0.06902734935283661,0.06902734935283661,8636
0,0,0,43,Sub,Napoli,Juventus,2,1,2025-12-07,29978,2025,757052,0,0,0,0,0,0.07598243653774261,0.07598243653774261,8636
0,0,0,60,Sub,Juventus,Cagliari,2,1,2025-11-29,29968,2025,753821,0.46515825390815735,0,2,0,0,0.5815803408622742,0.11642209440469742,8636
0,0,0,1,Sub,Fiorentina,Juventus,1,1,2025-11-22,29957,2025,752230,0,0,0,0,0,0.03172829747200012,0.03172829747200012,8636
0,3,0.6221712231636047,23,Sub,Juventus,Torino,0,0,2025-11-08,29949,2025,750328,0.030927080661058426,0,1,0,0.6221712231636047,0.6873064041137695,0.07015711069107056,8636
0,0,0,2,Sub,Cremonese,Juventus,1,2,2025-11-01,29934,2025,748731,0,0,0,0,0,0,0,8636
0,1,0.1124815046787262,10,Sub,Juventus,Udinese,3,1,2025-10-29,29930,2025,747411,0,0,0,0,0.1124815046787262,0.1124815046787262,0,8636
0,2,0.3735989034175873,67,FW,Lazio,Juventus,1,0,2025-10-26,29918,2025,747144,0,0,0,0,0.3735989034175873,0.47614529728889465,0.10254640877246857,8636
0,0,0,90,FW,Como,Juventus,2,0,2025-10-19,29907,2025,744676,0.08280786871910095,0,1,0,0,0.23652268946170807,0.15371482074260712,8636
0,0,0,70,FW,Juventus,AC Milan,0,0,2025-10-05,29898,2025,743614,0.1063992977142334,0,2,0,0,0.1963682919740677,0.16330388188362122,8636
0,0,0,18,Sub,Verona,Juventus,1,1,2025-09-20,29876,2025,738767,0,0,0,0,0,0,0,8636
0,0,0,10,Sub,Juventus,Inter,4,3,2025-09-13,29865,2025,737097,0.011918311007320881,1,1,0,0,0.011918311007320881,0.011918311007320881,8636
0,1,0.7514588236808777,63,FW,Genoa,Juventus,0,1,2025-08-31,29860,2025,736020,0,0,0,0,0.7514588236808777,0.7514588236808777,0,8636
1,4,1.0563100576400757,82,FW,Juventus,Parma Calcio 1913,2,0,2025-08-24,29851,2025,734366,0.33707356452941895,0,5,1,1.0563100576400757,0.9170783162117004,0.08857545256614685,8636
0,2,0.1117645800113678,75,FW,Lille,Reims,2,1,2025-05-17,28353,2024,727946,0,0,0,0,0.1117645800113678,0.2189289927482605,0.1071644052863121,8636
0,5,0.8751346468925476,90,FW,Brest,Lille,2,0,2025-05-10,28343,2024,726322,0.12702065706253052,0,2,0,0.8751346468925476,1.0021553039550781,0.3334095776081085,8636
0,1,0.13992621004581451,90,FW,Lille,Marseille,1,1,2025-05-04,28331,2024,725160,0.41350388526916504,1,1,0,0.13992621004581451,0.5534300804138184,0,8636
0,2,0.6063918471336365,90,FW,Angers,Lille,0,2,2025-04-27,28323,2024,723138,0.5588433146476746,0,3,0,0.6063918471336365,1.5208524465560913,0.5364642143249512,8636
2,5,1.7334181070327759,90,FW,Lille,Auxerre,3,1,2025-04-20,28312,2024,721044,0.2778705656528473,1,2,2,1.7334181070327759,2.389430522918701,0.6369792222976685,8636
0,1,0.29400259256362915,67,FW,Toulouse,Lille,1,2,2025-04-12,28300,2024,718957,0,0,0,0,0.29400259256362915,0.29400259256362915,0,8636
0,0,0,78,FW,Lyon,Lille,2,1,2025-04-05,28295,2024,717286,0.14402203261852264,0,1,0,0,0.14402203261852264,0.14402203261852264,8636
0,1,0.07273050397634506,90,FW,Lille,Lens,1,0,2025-03-30,28289,2024,715761,0,0,0,0,0.07273050397634506,0.12445393949747086,0.05172343552112579,8636
0,5,0.8982988595962524,90,FW,Nantes,Lille,1,0,2025-03-15,28280,2024,713128,0.43836691975593567,0,3,0,0.8982988595962524,1.3366657495498657,0,8636
1,3,1.0208816528320312,69,FW,Lille,Montpellier,1,0,2025-03-08,28270,2024,711640,0,0,0,1,1.0208816528320312,0.24650327861309052,0.09891905635595322,8636
1,1,0.5829732418060303,24,Sub,Paris Saint Germain,Lille,4,1,2025-03-01,28255,2024,710102,0.04243279621005058,0,2,1,0.5829732418060303,0.62540602684021,0.02445676364004612,8636
0,1,0.025891169905662537,90,FW,Lille,Monaco,2,1,2025-02-22,28248,2024,707955,0.2000814974308014,0,2,0,0.025891169905662537,0.31743645668029785,0.17840903997421265,8636
0,5,1.0301179885864258,90,FW,Lille,Le Havre,1,2,2025-02-08,28231,2024,705160,0.0806969404220581,0,2,0,1.0301179885864258,1.1108149290084839,0,8636
1,4,0.9929323196411133,90,FW,Lille,Saint-Etienne,4,1,2025-02-01,28222,2024,703832,0.8600101470947266,1,6,0,0.23283717036247253,1.0928473472595215,0,8636
0,2,0.10028547048568726,90,FW,Lille,Nice,2,1,2025-01-17,28203,2024,699729,0.2905794382095337,1,1,0,0.10028547048568726,0.435947060585022,0.3356615900993347,8636
0,1,0.7600951194763184,90,FW,Auxerre,Lille,0,0,2025-01-10,28194,2024,697972,0.18161126971244812,0,2,0,0,0.45453739166259766,0.27292612195014954,8636
0,0,0,90,FW,Lille,Nantes,1,1,2025-01-04,28188,2024,697406,0.03574974834918976,0,1,0,0,0.14782951772212982,0.11207977682352066,8636
0,2,0.4676496982574463,90,FW,Marseille,Lille,1,1,2024-12-14,28181,2024,693839,0,0,0,0,0.4676496982574463,0.4592779576778412,0.058310795575380325,8636
2,3,1.9644893407821655,90,FW,Lille,Brest,3,1,2024-12-06,28169,2024,691704,0.6310489177703857,1,1,1,1.2043942213058472,2.021062135696411,0.18561901152133942,8636
2,2,1.5201902389526367,90,FW,Montpellier,Lille,2,2,2024-12-01,28160,2024,690763,0.060840755701065063,0,1,0,0,0.060840755701065063,0,8636
0,0,0,90,FW,Lille,Rennes,1,0,2024-11-24,28151,2024,689073,0,0,0,0,0,0.4783629775047302,0.4783629775047302,8636
0,5,0.901252269744873,90,FW,Nice,Lille,2,2,2024-11-10,28141,2024,687245,0.025870762765407562,0,1,0,0.901252269744873,1.3643498420715332,0.4372268319129944,8636
1,3,0.4622608423233032,90,FW,Lille,Lyon,1,1,2024-11-01,28136,2024,684602,0,0,0,1,0.4622608423233032,0.9456141591072083,0.48335331678390503,8636
1,4,1.0251423120498657,90,FW,Lens,Lille,0,2,2024-10-26,28120,2024,683351,0.08851750195026398,0,1,0,0.265047162771225,0.450923889875412,0.09735921770334244,8636
0,1,0.08428966253995895,90,FW,Monaco,Lille,0,0,2024-10-18,28111,2024,680872,0,0,0,0,0.08428966253995895,0.08428966253995895,0,8636
0,2,0.32567569613456726,90,FW,Lille,Toulouse,2,1,2024-10-05,28106,2024,679860,0,0,0,0,0.32567569613456726,0.6622272729873657,0.3555759787559509,8636
3,7,1.6513819694519043,90,FW,Le Havre,Lille,0,3,2024-09-28,28098,2024,678195,0.07792524993419647,0,2,3,1.6513819694519043,2.058551788330078,0.4357440173625946,8636
1,2,0.7788837552070618,90,FW,Lille,Strasbourg,3,3,2024-09-21,28090,2024,675849,0,0,0,0,0.018788592889904976,0.06730395555496216,0.04851536080241203,8636
0,1,0.3313935697078705,32,Sub,Saint-Etienne,Lille,1,0,2024-09-13,28075,2024,673260,0,0,0,0,0.3313935697078705,0.3313935697078705,0,8636
0,0,0,21,Sub,Lille,Paris Saint Germain,1,3,2024-09-01,28074,2024,672994,0,0,0,0,0,0.028507951647043228,0.028507951647043228,8636
0,0,0,90,FW,Lille,Angers,2,0,2024-08-24,28059,2024,668457,0.08800765872001648,0,1,0,0,0.5820196866989136,0.4940120279788971,8636
1,2,0.6973151564598083,9,Sub,Reims,Lille,0,2,2024-08-17,28050,2024,666632,0.08081596344709396,0,1,1,0.6973151564598083,0.853147566318512,0.07501643896102905,8636
0,1,0.44370216131210327,90,FW,Lille,Nice,2,2,2024-05-19,23673,2023,663934,0,0,0,0,0.44370216131210327,0.46483853459358215,0.021136371418833733,8636
2,2,0.9762377142906189,90,FW,Nantes,Lille,1,2,2024-05-12,23665,2023,661706,0,0,0,2,0.9762377142906189,0.5535836815834045,0.10419508069753647,8636
0,1,0.14196836948394775,90,FW,Lille,Lyon,3,4,2024-05-06,23652,2023,660076,0.09552028775215149,1,2,0,0.14196836948394775,0.2150326818227768,0.035262368619441986,8636
0,1,0.026047319173812866,90,FW,Metz,Lille,1,2,2024-04-28,23648,2023,657445,0.4320569932460785,1,3,0,0.026047319173812866,0.565158486366272,0.143232062458992,8636
0,0,0,67,FW,Monaco,Lille,1,0,2024-04-24,23626,2023,656270,0.09465640783309937,0,1,0,0,0.241631880402565,0.14697547256946564,8636
1,1,0.4068973660469055,88,FW,Lille,Strasbourg,1,0,2024-04-21,23634,2023,655298,0.0787351131439209,0,1,1,0.4068973660469055,0.932170033454895,0.446537584066391,8636
1,2,0.832709014415741,90,FW,Lille,Marseille,3,1,2024-04-05,23617,2023,651373,0.3031007647514343,0,2,0,0.07261385768651962,0.40747687220573425,0.10599382221698761,8636
0,3,0.1968766748905182,90,FW,Lille,Lens,2,1,2024-03-29,23608,2023,649281,0,0,0,0,0.1968766748905182,0.5039133429527283,0.3070366680622101,8636
1,2,0.1944705694913864,90,FW,Brest,Lille,1,1,2024-03-17,23604,2023,648703,0.1397985965013504,0,2,1,0.1944705694913864,0.3514626622200012,0.017193522304296494,8636
2,5,1.3314262628555298,90,FW,Lille,Rennes,2,2,2024-03-10,23591,2023,647526,0.230067178606987,0,1,2,1.3314262628555298,1.5442763566970825,0.230067178606987,8636
1,2,0.834020733833313,90,FW,Reims,Lille,0,1,2024-03-02,23583,2023,645077,0.022440258413553238,0,1,1,0.834020733833313,1.0147417783737183,0.15828074514865875,8636
0,2,0.1551302820444107,90,FW,Toulouse,Lille,3,1,2024-02-25,23576,2023,643853,0.07587757706642151,1,1,0,0.1551302820444107,0.23100785911083221,0,8636
3,9,4.325216293334961,76,FW,Lille,Le Havre,3,0,2024-02-17,23563,2023,641922,0.03185863420367241,0,1,3,3.5651211738586426,2.3149495124816895,0.021061483770608902,8636
0,0,0,20,Sub,Paris Saint Germain,Lille,3,1,2024-02-10,23551,2023,640545,0.027856869623064995,0,2,0,0,0.027856869623064995,0,8636
2,6,1.2202943563461304,89,FW,Lille,Clermont Foot,4,0,2024-02-04,23545,2023,639203,0.01972907781600952,0,1,2,1.2202943563461304,1.2400234937667847,0,8636
0,3,0.1609327644109726,78,FW,Montpellier,Lille,0,0,2024-01-28,23541,2023,637223,0.06268081068992615,0,1,0,0.1609327644109726,0.30579015612602234,0.13497889041900635,8636
1,3,1.384684443473816,90,FW,Lille,Lorient,3,0,2024-01-14,23527,2023,635139,0.046024952083826065,0,1,1,1.384684443473816,1.2314863204956055,0.10533850640058517,8636
0,3,0.2756657004356384,83,FW,Strasbourg,Lille,2,1,2023-12-20,23516,2023,631868,0.06487210094928741,0,1,0,0.2756657004356384,0.34053781628608704,0.19095084071159363,8636
1,2,0.767726480960846,8,Sub,Lille,Paris Saint Germain,1,1,2023-12-17,23510,2023,631296,0,0,0,1,0.767726480960846,0.767726480960846,0,8636
0,1,0.06956922262907028,70,FW,Clermont Foot,Lille,0,0,2023-12-10,23503,2023,629411,0,0,0,0,0.06956922262907028,0.13430680334568024,0.06473758071660995,8636
1,3,1.451325535774231,90,FW,Lille,Metz,2,0,2023-12-03,23491,2023,627517,0.42483821511268616,0,2,0,0.6912303566932678,1.2633392810821533,0.14727070927619934,8636
1,4,0.5570064187049866,85,FW,Lyon,Lille,0,2,2023-11-26,23483,2023,625971,0.40562593936920166,0,1,1,0.5570064187049866,1.0572450160980225,0.09461263567209244,8636
0,4,1.8412240743637085,90,FW,Lille,Toulouse,1,1,2023-11-12,23471,2023,623819,0,0,0,0,1.8412240743637085,1.651444911956787,0.4516679048538208,8636
0,0,0,1,Sub,Marseille,Lille,0,0,2023-11-04,23464,2023,621883,0,0,0,0,0,0,0,8636
0,0,0,17,Sub,Lille,Monaco,2,0,2023-10-29,23454,2023,620545,0,0,0,0,0,0,0,8636
0,2,0.3465591371059418,90,FW,Lille,Brest,1,0,2023-10-22,23447,2023,618786,0.6117745041847229,1,1,0,0.3465591371059418,1.5571081638336182,0.5987745523452759,8636
0,1,0.09954366832971573,90,FW,Lens,Lille,1,1,2023-10-08,23439,2023,617252,0.01652519218623638,0,1,0,0.09954366832971573,0.2565329670906067,0.14046409726142883,8636
0,2,0.1423710435628891,90,FW,Le Havre,Lille,0,2,2023-10-01,23433,2023,615237,0.02026306837797165,0,1,0,0.1423710435628891,0.36390551924705505,0.2012714147567749,8636
0,2,0.16858208179473877,90,FW,Lille,Reims,1,2,2023-09-26,23418,2023,613490,0,0,0,0,0.16858208179473877,0.3721712529659271,0.25485527515411377,8636
0,1,0.06780940294265747,90,FW,Rennes,Lille,2,2,2023-09-16,23409,2023,610549,0.06841118633747101,0,1,0,0.06780940294265747,0.13622058928012848,0.06780940294265747,8636
0,2,0.22793255746364594,90,FW,Lille,Montpellier,1,0,2023-09-03,23400,2023,609468,0.3165987432003021,0,2,0,0.22793255746364594,0.8305280208587646,0.3986620604991913,8636
1,3,0.482832133769989,90,FW,Lorient,Lille,4,1,2023-08-27,23393,2023,607676,0,0,0,1,0.482832133769989,0.5768024325370789,0.09397029876708984,8636
1,4,0.9746270775794983,90,FW,Lille,Nantes,2,0,2023-08-20,23383,2023,605653,0.024683887138962746,0,1,1,0.9746270775794983,0.9993109703063965,0,8636
0,2,0.14260025322437286,90,FW,Nice,Lille,1,1,2023-08-12,23377,2023,604055,0.013858124613761902,0,1,0,0.14260025322437286,0.6531125903129578,0.4966542422771454,8636
0,0,0,25,Sub,Brentford,Crystal Palace,2,2,2026-05-17,29141,2025,791311,0,0,0,0,0,0,0,5735
0,0,0,60,FW,Manchester City,Crystal Palace,3,0,2026-05-13,29084,2025,790405,0.05590502545237541,0,1,0,0,0.12169850617647171,0.0657934844493866,5735
1,2,0.8133533000946045,24,Sub,Crystal Palace,Everton,2,2,2026-05-10,29130,2025,789247,0,0,0,1,0.8133533000946045,1.1150363683700562,0.30168309807777405,5735
0,1,0.0847751572728157,21,Sub,Bournemouth,Crystal Palace,3,0,2026-05-03,29118,2025,787617,0.017558246850967407,0,1,0,0.0847751572728157,0.2957737147808075,0.2782154679298401,5735
0,2,0.5415294766426086,74,FW,Liverpool,Crystal Palace,3,1,2026-04-25,29113,2025,785530,0,0,0,0,0.5415294766426086,0.38293835520744324,0.06581645458936691,5735
0,0,0,27,Sub,Crystal Palace,West Ham,0,0,2026-04-20,29101,2025,784245,0,0,0,0,0,0.020785659551620483,0.020785659551620483,5735
2,2,1.1559611558914185,22,Sub,Crystal Palace,Newcastle United,2,1,2026-04-12,29096,2025,782250,0.070244699716568,0,1,1,0.3947923183441162,0.4650370180606842,0.070244699716568,5735
0,1,0.056467730551958084,24,Sub,Crystal Palace,Leeds,0,0,2026-03-15,29072,2025,777350,0,0,0,0,0.056467730551958084,0.056467730551958084,0,5735
0,2,0.42266783118247986,87,FW,Crystal Palace,Chelsea,1,3,2026-01-25,29002,2025,766095,0,0,0,0,0.42266783118247986,0.42266783118247986,0,5735
0,2,0.47342240810394287,90,FW,Sunderland,Crystal Palace,2,1,2026-01-17,28995,2025,764211,0.4467370808124542,0,1,0,0.47342240810394287,0.9048633575439453,0,5735
0,0,0,90,FW,Crystal Palace,Aston Villa,0,0,2026-01-07,28983,2025,762363,0,0,0,0,0,0.3471653163433075,0.3471653163433075,5735
0,1,0.1410597413778305,90,FW,Newcastle United,Crystal Palace,2,0,2026-01-04,28968,2025,761554,0,0,0,0,0.1410597413778305,0.20623676478862762,0.06517702341079712,5735
1,1,0.5287830829620361,90,FW,Crystal Palace,Fulham,1,1,2026-01-01,28962,2025,760686,0,0,0,1,0.5287830829620361,0.6762372851371765,0.14745424687862396,5735
0,2,0.1949727088212967,90,FW,Crystal Palace,Tottenham,0,1,2025-12-28,28952,2025,760385,0,0,0,0,0.1949727088212967,0.11493867635726929,0.05958692729473114,5735
0,2,0.07347696274518967,81,FW,Leeds,Crystal Palace,4,1,2025-12-20,28943,2025,759416,0.09932275861501694,0,1,0,0.07347696274518967,0.1727997213602066,0,5735
0,3,0.23195667564868927,66,FW,Crystal Palace,Manchester City,0,3,2025-12-14,28932,2025,758092,0,0,0,0,0.23195667564868927,0.33430352807044983,0.10234685242176056,5735
0,2,0.1593557596206665,68,FW,Fulham,Crystal Palace,1,2,2025-12-07,28922,2025,756898,0.10177219659090042,0,1,0,0.1593557596206665,0.2848132848739624,0.02368534728884697,5735
0,2,0.5364004969596863,66,FW,Burnley,Crystal Palace,0,1,2025-12-03,28911,2025,755135,0,0,0,0,0.5364004969596863,0.5364004969596863,0,5735
1,4,1.164567470550537,90,FW,Crystal Palace,Manchester United,1,2,2025-11-30,28901,2025,755305,0,0,0,0,0.4033986032009125,0.4033986032009125,0.026120243594050407,5735
0,1,0.464297354221344,61,FW,Wolverhampton Wanderers,Crystal Palace,0,2,2025-11-22,28897,2025,752074,0,0,0,0,0.464297354221344,0.464297354221344,0,5735
0,1,0.08252443373203278,90,FW,Crystal Palace,Brighton,0,0,2025-11-09,28881,2025,750915,0.13771061599254608,0,2,0,0.08252443373203278,0.22023504972457886,0,5735
1,2,0.10003142803907394,90,FW,Crystal Palace,Brentford,2,0,2025-11-01,28870,2025,748348,0,0,0,1,0.10003142803907394,0.06111471727490425,0,5735
0,1,0.13988007605075836,90,FW,Arsenal,Crystal Palace,1,0,2025-10-26,28859,2025,746612,0,0,0,0,0.13988007605075836,0.13988007605075836,0,5735
3,11,3.839592218399048,90,FW,Crystal Palace,Bournemouth,3,3,2025-10-18,28850,2025,744168,0,0,0,2,3.078423261642456,3.078423261642456,0.10323813557624817,5735
0,3,0.8352959156036377,71,FW,Everton,Crystal Palace,2,1,2025-10-05,28843,2025,743009,0,0,0,0,0.8352959156036377,0.8352959156036377,0,5735
0,4,0.9081059694290161,90,FW,Crystal Palace,Liverpool,2,1,2025-09-27,28830,2025,740636,0.3203686773777008,0,1,0,0.9081059694290161,1.8819053173065186,0.653430700302124,5735
1,2,0.7027384638786316,90,FW,West Ham,Crystal Palace,1,2,2025-09-20,28819,2025,738579,0,0,0,1,0.7027384638786316,0,0,5735
0,2,0.6710294485092163,90,FW,Crystal Palace,Sunderland,0,0,2025-09-13,28811,2025,736945,0,0,0,0,0.6710294485092163,0.6866790652275085,0.015649624168872833,5735
1,1,0.7611688375473022,89,FW,Aston Villa,Crystal Palace,0,3,2025-08-31,28807,2025,736205,0,0,0,0,0,0,0,5735
0,2,0.14439274370670319,89,FW,Crystal Palace,Nottingham Forest,1,1,2025-08-24,28794,2025,733803,0,0,0,0,0.14439274370670319,0.19175684452056885,0.04736410826444626,5735
0,3,0.3277154862880707,90,FW,Chelsea,Crystal Palace,0,0,2025-08-17,28784,2025,732245,0,0,0,0,0.3277154862880707,0.3277154862880707,0,5735
0,2,0.6839668154716492,63,FW,Liverpool,Crystal Palace,1,1,2025-05-25,26975,2024,730182,0,0,0,0,0.6839668154716492,0.6839668154716492,0,5735
0,1,0.12697833776474,6,Sub,Crystal Palace,Wolverhampton Wanderers,4,2,2025-05-20,26967,2024,729291,0,0,0,0,0.12697833776474,0.39302703738212585,0.26604869961738586,5735
0,4,0.8518876433372498,64,FW,Tottenham,Crystal Palace,0,2,2025-05-11,26960,2024,726657,0.13879455626010895,0,2,0,0.8518876433372498,1.052812099456787,0.602352499961853,5735
0,1,0.04943985864520073,77,FW,Crystal Palace,Nottingham Forest,1,1,2025-05-05,26949,2024,725314,0,0,0,0,0.04943985864520073,0.04943985864520073,0,5735
1,1,0.01610676757991314,8,Sub,Arsenal,Crystal Palace,2,2,2025-04-23,26933,2024,722019,0.10151436179876328,0,1,1,0.01610676757991314,0.11762113124132156,0,5735
0,1,0.07064002752304077,77,FW,Crystal Palace,Bournemouth,0,0,2025-04-19,26924,2024,720372,0,0,0,0,0.07064002752304077,0,0,5735
0,2,0.6186978816986084,64,FW,Newcastle United,Crystal Palace,5,0,2025-04-16,26890,2024,719948,0,0,0,0,0.6186978816986084,0.6723990440368652,0.05370118096470833,5735
0,0,0,49,FW,Manchester City,Crystal Palace,5,2,2025-04-12,26917,2024,718342,0,0,0,0,0,0,0,5735
1,1,0.050122879445552826,69,FW,Crystal Palace,Brighton,2,1,2025-04-05,26904,2024,716834,0,0,0,1,0.050122879445552826,0.050122879445552826,0,5735
0,2,0.10271333158016205,60,FW,Southampton,Crystal Palace,1,1,2025-04-02,26900,2024,716229,0,0,0,0,0.10271333158016205,0.10271333158016205,0,5735
1,2,0.4144410789012909,90,FW,Crystal Palace,Aston Villa,4,1,2025-02-25,26868,2024,709097,0.5407410860061646,0,2,1,0.4144410789012909,1.1167956590652466,0.16161353886127472,5735
0,2,0.5037171840667725,90,FW,Fulham,Crystal Palace,0,2,2025-02-22,26856,2024,707847,0.15742407739162445,1,1,0,0.5037171840667725,0.7065249085426331,0.04538366198539734,5735
1,2,0.8998072147369385,90,FW,Crystal Palace,Everton,1,2,2025-02-15,26844,2024,706402,0.49604761600494385,0,2,1,0.8998072147369385,1.0081093311309814,0.10407055914402008,5735
2,3,1.8147037029266357,90,FW,Manchester United,Crystal Palace,0,2,2025-02-02,26838,2024,704001,0.048903461545705795,0,1,2,1.8147037029266357,1.0230891704559326,0.01468598935753107,5735
0,1,0.06874950975179672,90,FW,Crystal Palace,Brentford,1,2,2025-01-26,26825,2024,701935,0,0,0,0,0.06874950975179672,0.1693594604730606,0.10060994327068329,5735
2,3,0.9958908557891846,90,FW,West Ham,Crystal Palace,0,2,2025-01-18,26821,2024,700077,0.31142547726631165,0,1,1,0.23472201824188232,0.5461474657058716,0,5735
1,2,1.2029281854629517,83,FW,Leicester,Crystal Palace,0,2,2025-01-15,26806,2024,699309,0.026629790663719177,0,1,1,1.2029281854629517,1.3021275997161865,0.0725695788860321,5735
1,3,0.6140850186347961,90,FW,Crystal Palace,Chelsea,1,1,2025-01-04,26795,2024,697171,0,0,0,1,0.6140850186347961,0.6140850186347961,0,5735
0,2,0.5651429891586304,90,FW,Crystal Palace,Southampton,2,1,2024-12-29,26784,2024,696650,0.05593749135732651,0,1,0,0.5651429891586304,1.3864943981170654,0.7654138803482056,5735
0,1,0.03051181137561798,83,FW,Bournemouth,Crystal Palace,0,0,2024-12-26,26772,2024,696174,0,0,0,0,0.03051181137561798,0.1364511102437973,0.10593929141759872,5735
0,4,0.5190421342849731,86,FW,Crystal Palace,Arsenal,1,5,2024-12-21,26765,2024,695489,0.4190692603588104,0,3,0,0.5190421342849731,0.9381113648414612,0,5735
0,1,0.019809063524007797,64,FW,Brighton,Crystal Palace,1,3,2024-12-15,26756,2024,694213,0,0,0,0,0.019809063524007797,0.019809063524007797,0,5735
0,1,0.02721833623945713,90,FW,Crystal Palace,Manchester City,2,2,2024-12-07,26747,2024,692201,0.12627054750919342,0,1,0,0.02721833623945713,0.1534888744354248,0,5735
1,3,0.8033056259155273,90,FW,Ipswich,Crystal Palace,0,1,2024-12-03,26737,2024,691348,0.4162946343421936,0,2,1,0.8033056259155273,1.258162498474121,0.4721744954586029,5735
0,2,0.5041001439094543,90,FW,Crystal Palace,Newcastle United,1,1,2024-11-30,26725,2024,690092,0,0,0,0,0.5041001439094543,0.3978537321090698,0.03634591028094292,5735
0,2,0.10107217729091644,90,FW,Aston Villa,Crystal Palace,2,2,2024-11-23,26716,2024,688448,0.3704273998737335,1,2,0,0.10107217729091644,0.5403525233268738,0.06885296106338501,5735
0,6,1.298546314239502,90,FW,Crystal Palace,Fulham,0,2,2024-11-09,26706,2024,686612,0,0,0,0,1.298546314239502,1.0268508195877075,0,5735
0,4,0.49151933193206787,90,FW,Wolverhampton Wanderers,Crystal Palace,2,2,2024-11-02,26701,2024,685258,0.13427798449993134,0,2,0,0.49151933193206787,0.2720208466053009,0,5735
1,1,0.4644821584224701,90,FW,Crystal Palace,Tottenham,1,0,2024-10-27,26689,2024,683488,0,0,0,1,0.4644821584224701,0.4644821584224701,0,5735
0,2,0.09871791303157806,22,Sub,Nottingham Forest,Crystal Palace,1,0,2024-10-21,26677,2024,682461,0,0,0,0,0.09871791303157806,0.09871791303157806,0,5735
0,0,0,28,Sub,Crystal Palace,Liverpool,0,1,2024-10-05,26662,2024,679182,0.20927543938159943,0,3,0,0,0.20927543938159943,0,5735
0,1,0.012967212125658989,90,FW,Everton,Crystal Palace,2,1,2024-09-28,26654,2024,677828,0.020948901772499084,0,1,0,0.012967212125658989,0.033916112035512924,0,5735
0,0,0,46,FW,Crystal Palace,Manchester United,0,0,2024-09-21,26649,2024,675937,0.014918597415089607,0,1,0,0,0.014918597415089607,0,5735
2,4,1.4573906660079956,90,FW,Crystal Palace,Leicester,2,2,2024-09-14,26636,2024,673713,0,0,0,1,0.6962217688560486,1.0514003038406372,0.3705895245075226,5735
0,1,0.0353318527340889,72,FW,Chelsea,Crystal Palace,1,1,2024-09-01,26630,2024,672451,0,0,0,0,0.0353318527340889,0.0353318527340889,0,5735
0,1,0.31859028339385986,90,FW,Crystal Palace,West Ham,0,2,2024-08-24,26613,2024,667925,0.26388445496559143,0,2,0,0.31859028339385986,0.9243329167366028,0.3418581783771515,5735
0,0,0,49,FW,Brentford,Crystal Palace,2,1,2024-08-18,26609,2024,666819,0,0,0,0,0,0.03229977563023567,0.03229977563023567,5735
3,3,1.327584147453308,80,FW,Crystal Palace,Aston Villa,5,0,2024-05-19,22270,2023,663090,0.16256354749202728,1,2,3,1.327584147453308,1.4901477098464966,0,5735
1,1,0.6407343149185181,74,FW,Wolverhampton Wanderers,Crystal Palace,1,3,2024-05-11,22264,2023,660589,0.3582041561603546,0,2,1,0.6407343149185181,1.0313128232955933,0.3240227699279785,5735
1,1,0.3435188829898834,71,FW,Crystal Palace,Manchester United,4,0,2024-05-06,22250,2023,660046,0,0,0,1,0.3435188829898834,0.5509878396987915,0.2074689269065857,5735
0,1,0.3284110426902771,71,FW,Fulham,Crystal Palace,1,1,2024-04-27,22238,2023,656972,0,0,0,0,0.3284110426902771,0.6624599099159241,0.334048867225647,5735
2,4,0.7828618884086609,90,FW,Crystal Palace,Newcastle United,2,0,2024-04-24,22178,2023,656346,0.05865413323044777,0,1,2,0.7828618884086609,0.9147806763648987,0.11244780570268631,5735
2,3,1.1982065439224243,75,FW,Crystal Palace,West Ham,5,2,2024-04-21,22227,2023,655511,0.06254494935274124,0,2,2,1.1982065439224243,1.3372197151184082,0.07646819949150085,5735
0,3,1.4434185028076172,90,FW,Liverpool,Crystal Palace,0,1,2024-04-14,22220,2023,653832,0.03930552303791046,0,1,0,1.4434185028076172,0.9472177624702454,0.09205175191164017,5735
1,1,0.48204469680786133,78,FW,Crystal Palace,Manchester City,2,4,2024-04-06,22207,2023,651436,0,0,0,1,0.48204469680786133,0.48204469680786133,0,5735
0,1,0.0968092605471611,90,FW,Bournemouth,Crystal Palace,1,0,2024-04-02,22195,2023,651059,0,0,0,0,0.0968092605471611,0.0968092605471611,0,5735
1,2,0.2173014134168625,90,FW,Nottingham Forest,Crystal Palace,1,1,2024-03-30,22192,2023,649819,0,0,0,1,0.2173014134168625,0.2356022149324417,0.018300797790288925,5735
1,4,1.4918270111083984,85,FW,Crystal Palace,Luton,1,1,2024-03-09,22170,2023,646664,0.15380942821502686,0,2,1,1.4918270111083984,1.6405417919158936,0.09639368951320648,5735
0,1,0.07985234260559082,90,FW,Tottenham,Crystal Palace,3,1,2024-03-02,22164,2023,644924,0,0,0,0,0.07985234260559082,0,0,5735
1,2,0.8411361575126648,90,FW,Crystal Palace,Burnley,3,0,2024-02-24,22150,2023,643245,0,0,0,0,0.07996732741594315,0.05825112760066986,0.05825112760066986,5735
0,2,0.08176664263010025,90,FW,Everton,Crystal Palace,1,1,2024-02-19,22137,2023,642771,0.3635063171386719,1,3,0,0.08176664263010025,0.5250884890556335,0.09611639380455017,5735
0,2,0.1789461374282837,90,FW,Crystal Palace,Chelsea,1,3,2024-02-12,22126,2023,641275,0.05306047573685646,0,1,0,0.1789461374282837,0.31266963481903076,0.08066301047801971,5735
1,1,0.0633406788110733,86,FW,Brighton,Crystal Palace,4,1,2024-02-03,22118,2023,638565,0,0,0,1,0.0633406788110733,0.09662763774394989,0.03328695893287659,5735
0,1,0.12291509658098221,90,FW,Crystal Palace,Sheffield United,3,2,2024-01-30,22112,2023,637845,0,0,0,0,0.12291509658098221,0.7509004473686218,0.6279853582382202,5735
0,0,0,90,FW,Arsenal,Crystal Palace,5,0,2024-01-20,22103,2023,635693,0,0,0,0,0,0.05045256018638611,0.05045256018638611,5735
0,0,0,90,FW,Crystal Palace,Brentford,3,1,2023-12-30,22086,2023,633555,0.1473660171031952,0,3,0,0,0.29374825954437256,0.14638225734233856,5735
0,1,0.07054990530014038,90,FW,Chelsea,Crystal Palace,2,1,2023-12-27,22080,2023,633090,0.14711672067642212,0,2,0,0.07054990530014038,0.2176666259765625,0,5735
0,4,0.28322529792785645,90,FW,Crystal Palace,Brighton,1,1,2023-12-21,22066,2023,632251,0.5980266332626343,0,3,0,0.28322529792785645,0.8812519311904907,0,5735
1,1,0.742124617099762,90,FW,Manchester City,Crystal Palace,2,2,2023-12-16,22061,2023,630319,0,0,0,1,0.742124617099762,0.742124617099762,0,5735
1,2,0.8246567845344543,39,Sub,Crystal Palace,Liverpool,1,2,2023-12-09,22047,2023,628423,0.04402924329042435,0,1,0,0.06348792463541031,0.04402924329042435,0,5735
0,0,0,1,Sub,Crystal Palace,Bournemouth,0,2,2023-12-06,22043,2023,628035,0,0,0,0,0,0.13489773869514465,0.13489773869514465,5735
0,0,0,2,Sub,West Ham,Crystal Palace,1,1,2023-12-03,22034,2023,627381,0,0,0,0,0,0,0,5735
0,1,0.07335938513278961,8,Sub,Luton,Crystal Palace,2,1,2023-11-25,22019,2023,624891,0.15874208509922028,0,3,0,0.07335938513278961,0.18758422136306763,0.07335938513278961,5735
0,0,0,2,Sub,Crystal Palace,Everton,2,3,2023-11-11,22010,2023,623302,0,0,0,0,0,0,0,5735
0,0,0,9,Sub,Crystal Palace,Tottenham,1,2,2023-10-27,21990,2023,619475,0.0706448033452034,0,1,0,0,0.0706448033452034,0,5735
0,1,0.10955146700143814,66,FW,Newcastle United,Crystal Palace,4,0,2023-10-21,21981,2023,618178,0,0,0,0,0.10955146700143814,0.12960568070411682,0.12960568070411682,5735
0,2,0.3448927104473114,90,FW,Crystal Palace,Nottingham Forest,0,0,2023-10-07,21968,2023,616621,0,0,0,0,0.3448927104473114,0.3338896334171295,0,5735
0,0,0,90,FW,Manchester United,Crystal Palace,0,1,2023-09-30,21957,2023,614654,0.2060130536556244,0,2,0,0,0.2060130536556244,0,5735
0,1,0.12148869782686234,16,Sub,Crystal Palace,Fulham,0,0,2023-09-23,21948,2023,612131,0,0,0,0,0.12148869782686234,0.12148869782686234,0,5735
0,0,0,66,Sub,Aston Villa,Crystal Palace,3,1,2023-09-16,21938,2023,610488,0.3049984574317932,1,1,0,0,0.3417852818965912,0.03678682819008827,5735
0,0,0,16,Sub,Crystal Palace,Wolverhampton Wanderers,3,2,2023-09-03,21932,2023,609348,0.5984772443771362,2,2,0,0,0.5984772443771362,0.1231609508395195,5735
0,0,0,18,Sub,Brentford,Crystal Palace,1,1,2023-08-26,22298,2023,606915,0,0,0,0,0,0,0,5735
0,2,0.555587112903595,56,AMR,Borussia M.Gladbach,Hoffenheim,4,0,2026-05-16,30523,2025,790740,0,0,0,0,0.555587112903595,0.555587112903595,0,956
0,1,0.12261582911014557,90,AMR,Hoffenheim,Werder Bremen,1,0,2026-05-09,30516,2025,788685,0.06329258531332016,1,2,0,0.12261582911014557,0.352426677942276,0.32565122842788696,956
2,4,0.8792552947998047,90,AMR,Hoffenheim,VfB Stuttgart,3,3,2026-05-02,30508,2025,787070,0.13550536334514618,0,1,2,0.8792552947998047,1.4139574766159058,0.3991968035697937,956
0,0,0,79,AMC,Hamburger SV,Hoffenheim,1,2,2026-04-25,30497,2025,785774,0.2559733986854553,0,1,0,0,0.7490221858024597,0.4930487871170044,956
2,4,1.8623392581939697,90,AMR,Hoffenheim,Borussia Dortmund,2,1,2026-04-18,30490,2025,783191,0,0,0,0,0.34678584337234497,0.45468869805336,0.10790286958217621,956
0,2,0.19235531985759735,75,AMC,Augsburg,Hoffenheim,2,2,2026-04-10,30476,2025,781204,0,0,0,0,0.19235531985759735,0.05352068319916725,0.05352068319916725,956
0,0,0,26,Sub,Hoffenheim,Mainz 05,1,2,2026-04-04,30472,2025,779964,0,0,0,0,0,0,0,956
0,0,0,36,Sub,RasenBallsport Leipzig,Hoffenheim,5,0,2026-03-20,30464,2025,778078,0.10328321158885956,0,1,0,0,0.17769701778888702,0.07441379874944687,956
0,3,0.6230586171150208,90,MC,Hoffenheim,Wolfsburg,1,1,2026-03-14,30455,2025,776602,0.6626470685005188,0,1,0,0.6230586171150208,1.6839302778244019,1.1279689073562622,956
0,1,0.0497722253203392,82,AMC,FC Heidenheim,Hoffenheim,2,4,2026-03-07,30443,2025,775150,0.5351656675338745,1,4,0,0.0497722253203392,0.9624918103218079,0.45986872911453247,956
0,2,0.40573081374168396,78,FW,Hoffenheim,St. Pauli,0,1,2026-02-28,30437,2025,773163,0,0,0,0,0.40573081374168396,0.40573081374168396,0,956
1,3,0.6075965762138367,90,FW,FC Cologne,Hoffenheim,2,2,2026-02-21,30423,2025,771524,0.03483382239937782,0,1,1,0.6075965762138367,0.6424304246902466,0,956
0,4,0.2665676176548004,90,FWR,Hoffenheim,Freiburg,3,0,2026-02-14,30418,2025,770318,0.11145627498626709,0,2,0,0.2665676176548004,0.45845314860343933,0.16804902255535126,956
1,2,0.9494912624359131,75,AMC,Bayern Munich,Hoffenheim,5,1,2026-02-08,30404,2025,769415,0,0,0,1,0.9494912624359131,1.1853679418563843,0.23587661981582642,956
2,6,1.2348110675811768,86,MC,Hoffenheim,Union Berlin,3,1,2026-01-31,30400,2025,767013,0,0,0,1,0.47703441977500916,0.4410521984100342,0,956
0,2,0.05182090774178505,61,MC,Werder Bremen,Hoffenheim,0,2,2026-01-27,30367,2025,766753,0.08985301852226257,1,2,0,0.05182090774178505,0.1712903082370758,0.08143728971481323,956
0,1,0.06539260596036911,71,AMC,Eintracht Frankfurt,Hoffenheim,1,3,2026-01-24,30389,2025,765588,0,0,0,0,0.06539260596036911,0.08200513571500778,0.08200513571500778,956
0,2,0.15214771032333374,81,AMR,Hoffenheim,Bayer Leverkusen,1,0,2026-01-17,30381,2025,764008,0.2978091537952423,0,1,0,0.15214771032333374,1.039011001586914,0.5890541672706604,956
3,7,2.6522583961486816,90,AMC,Hoffenheim,Borussia M.Gladbach,5,1,2026-01-14,30372,2025,763574,0.028708016499876976,0,1,2,1.8944817781448364,2.2652156352996826,0.8411173224449158,956
0,0,0,24,Sub,VfB Stuttgart,Hoffenheim,0,0,2025-12-20,30357,2025,758895,0,0,0,0,0,0,0,956
0,0,0,69,FW,Hoffenheim,Hamburger SV,4,1,2025-12-13,30346,2025,757528,0.05811203271150589,0,1,0,0,0.5226795077323914,0.46456748247146606,956
0,2,0.2917386591434479,25,Sub,Borussia Dortmund,Hoffenheim,2,0,2025-12-07,30335,2025,756930,0.0229488518089056,0,1,0,0.2917386591434479,0.31468749046325684,0.0229488518089056,956
0,1,0.02109655737876892,29,Sub,Hoffenheim,Augsburg,3,0,2025-11-29,30329,2025,753576,0.027674388140439987,0,1,0,0.02109655737876892,0.04877094551920891,0.027674388140439987,956
0,2,0.04795153811573982,62,AMC,Mainz 05,Hoffenheim,1,1,2025-11-21,30319,2025,751545,0.09201879799365997,0,1,0,0.04795153811573982,0.11743626743555069,0,956
0,1,0.030986998230218887,70,AMC,Hoffenheim,RasenBallsport Leipzig,3,1,2025-11-08,30310,2025,750077,0.13751770555973053,0,2,0,0.030986998230218887,0.09034515172243118,0.015071799978613853,956
0,1,0.03743370249867439,43,Sub,Wolfsburg,Hoffenheim,2,3,2025-11-02,30304,2025,749353,1.085025429725647,1,3,0,0.03743370249867439,0.9993304014205933,0,956
1,2,0.5230453610420227,85,AMC,Hoffenheim,FC Heidenheim,3,1,2025-10-25,30293,2025,745745,0.14677175879478455,1,3,1,0.5230453610420227,1.512526273727417,1.4880200624465942,956
1,3,0.33263105154037476,79,MR,St. Pauli,Hoffenheim,0,3,2025-10-19,30284,2025,745110,0.597096860408783,1,4,1,0.33263105154037476,0.8642851114273071,0.509624183177948,956
0,2,0.10738880932331085,14,Sub,Hoffenheim,FC Cologne,0,1,2025-10-03,30274,2025,741946,0,0,0,0,0.10738880932331085,0.10738880932331085,0,956
0,2,0.18851180374622345,80,AMC,Freiburg,Hoffenheim,1,1,2025-09-28,30266,2025,741369,0.03174378722906113,0,1,0,0.18851180374622345,0.18851180374622345,0,956
0,0,0,19,Sub,Hoffenheim,Bayern Munich,1,4,2025-09-20,30255,2025,738474,0,0,0,0,0,0,0,956
1,1,0.75777667760849,69,MC,Union Berlin,Hoffenheim,2,4,2025-09-13,30247,2025,736644,0,0,0,0,0,0,0,956
0,1,0.034721579402685165,62,MC,Hoffenheim,Eintracht Frankfurt,1,3,2025-08-30,30234,2025,734948,0.013052430935204029,0,1,0,0.034721579402685165,0.09710320085287094,0.062381621450185776,956
0,1,0.034161873161792755,90,MR,Bayer Leverkusen,Hoffenheim,1,2,2025-08-23,30226,2025,733062,0,0,0,0,0.034161873161792755,0.21539883315563202,0.18123695254325867,956
0,2,0.43816524744033813,83,AMC,Hoffenheim,Bayern Munich,0,4,2025-05-17,28041,2024,727729,0,0,0,0,0.43816524744033813,0.3834078013896942,0,956
0,1,0.02447936311364174,90,MC,Wolfsburg,Hoffenheim,2,2,2025-05-09,28035,2024,725384,0.11127880215644836,0,1,0,0.02447936311364174,0.3145374655723572,0.17877928912639618,956
0,4,0.3090789020061493,90,AMC,Borussia M.Gladbach,Hoffenheim,4,4,2025-05-03,28027,2024,724007,0.3410434126853943,3,7,0,0.3090789020061493,0.504650890827179,0.17751237750053406,956
0,1,0.09779255837202072,90,AMC,Hoffenheim,Borussia Dortmund,2,3,2025-04-26,28016,2024,722562,0,0,0,0,0.09779255837202072,0.23109503090381622,0.23109503090381622,956
1,5,1.2528928518295288,90,AMC,Freiburg,Hoffenheim,3,2,2025-04-19,28007,2024,720165,0.04698701202869415,0,2,1,1.2528928518295288,1.246141791343689,0.014585834927856922,956
2,2,1.1149390935897827,88,AMC,Hoffenheim,Mainz 05,2,0,2025-04-12,27998,2024,718542,0.07076975703239441,0,1,2,1.1149390935897827,1.1857088804244995,0,956
0,2,0.11022398620843887,90,AMC,RasenBallsport Leipzig,Hoffenheim,3,1,2025-04-05,27985,2024,716785,0.07192350924015045,0,1,0,0.11022398620843887,0.6466264128684998,0.5364024639129639,956
1,2,0.8026265501976013,90,AMC,Hoffenheim,Augsburg,1,1,2025-03-29,27983,2024,714751,0.09886974841356277,0,3,0,0.04484983906149864,0.1164969652891159,0.033428601920604706,956
0,0,0,90,AMC,St. Pauli,Hoffenheim,1,0,2025-03-14,27975,2024,712604,0.07392261177301407,0,2,0,0,0.07392261177301407,0.058180246502161026,956
0,3,0.7010997533798218,90,MC,Hoffenheim,FC Heidenheim,1,1,2025-03-09,27962,2024,712215,0.10191424936056137,0,2,0,0.7010997533798218,1.2387279272079468,0.4611605703830719,956
0,2,0.18278157711029053,88,AMC,Bochum,Hoffenheim,0,1,2025-03-01,27957,2024,709633,0,0,0,0,0.18278157711029053,0.11118616163730621,0,956
0,2,0.04821254685521126,90,FW,Hoffenheim,VfB Stuttgart,1,1,2025-02-23,27943,2024,708820,0.472262978553772,1,2,0,0.04821254685521126,0.501029372215271,0.013048541732132435,956
0,3,0.5391717553138733,90,AMC,Werder Bremen,Hoffenheim,1,3,2025-02-16,27935,2024,706854,0.5669376254081726,2,3,0,0.5391717553138733,1.165089726448059,0.05898032709956169,956
0,3,0.3926452696323395,90,AMC,Hoffenheim,Union Berlin,0,4,2025-02-08,27925,2024,704721,0.021893251687288284,0,2,0,0.3926452696323395,0.5601546764373779,0.14561612904071808,956
0,5,0.586500883102417,90,AMC,Hoffenheim,Eintracht Frankfurt,2,2,2025-01-26,27906,2024,702055,0.2679574489593506,1,1,0,0.586500883102417,0.9547709226608276,0.1698569506406784,956
1,2,0.15995590388774872,90,AMC,Holstein Kiel,Hoffenheim,1,3,2025-01-18,27903,2024,699866,0.13369213044643402,0,1,1,0.15995590388774872,0.5503048300743103,0.2566567659378052,956
0,1,0.0585879348218441,90,AML,Bayern Munich,Hoffenheim,5,0,2025-01-15,27888,2024,699340,0.12887932360172272,0,2,0,0.0585879348218441,0.2229650914669037,0.03549783676862717,956
0,1,0.009999371133744717,90,AML,Hoffenheim,Wolfsburg,0,1,2025-01-11,27879,2024,698079,0.0457998663187027,0,1,0,0.009999371133744717,0.2139882892370224,0.158189058303833,956
1,3,1.2989740371704102,90,ML,Hoffenheim,Borussia M.Gladbach,1,2,2024-12-21,27872,2024,695141,0,0,0,0,0.5411972999572754,1.1000795364379883,0.5588821768760681,956
0,2,0.134622722864151,80,ML,Borussia Dortmund,Hoffenheim,1,1,2024-12-15,27860,2024,694490,0.05634242296218872,0,1,0,0.134622722864151,0.5091195702552795,0.3519689738750458,956
0,3,0.2057161182165146,73,AML,Hoffenheim,Freiburg,1,1,2024-12-08,27852,2024,693055,0.1352078765630722,0,2,0,0.2057161182165146,0.2517679035663605,0.04605179280042648,956
0,0,0,69,AMC,Mainz 05,Hoffenheim,2,0,2024-12-01,27847,2024,691066,0.016645124182105064,0,1,0,0,0.35834023356437683,0.341695100069046,956
0,0,0,82,AMC,Hoffenheim,RasenBallsport Leipzig,4,3,2024-11-23,27837,2024,688209,0,0,0,0,0,0.5771567821502686,0.5771567821502686,956
0,1,0.07349825650453568,90,FW,Augsburg,Hoffenheim,0,0,2024-11-10,27827,2024,687422,0.20701579749584198,0,6,0,0.07349825650453568,0.2950988709926605,0.03348219022154808,956
0,1,0.10150926560163498,90,AMC,Hoffenheim,St. Pauli,0,2,2024-11-02,27818,2024,684880,0.042763371020555496,0,1,0,0.10150926560163498,0.2155815064907074,0.07130887359380722,956
0,3,0.1197303757071495,90,AMC,FC Heidenheim,Hoffenheim,0,0,2024-10-27,27807,2024,683996,0,0,0,0,0.1197303757071495,0.16607347130775452,0.04634309932589531,956
1,5,1.5362437963485718,90,AMC,Hoffenheim,Bochum,3,1,2024-10-19,27799,2024,681233,0.056820161640644073,0,1,1,1.5362437963485718,1.7588309049606323,0.2874474823474884,956
0,0,0,77,AMC,VfB Stuttgart,Hoffenheim,1,1,2024-10-06,27795,2024,680627,0.014330679550766945,0,1,0,0,0.7468389868736267,0.7325083017349243,956
0,0,0,90,MC,Union Berlin,Hoffenheim,2,1,2024-09-21,27770,2024,675455,0.018735121935606003,0,1,0,0,0.08928685635328293,0.07055173814296722,956
0,4,0.18104347586631775,90,AMC,Hoffenheim,Bayer Leverkusen,1,4,2024-09-14,27761,2024,673617,0.48787203431129456,1,2,0,0.18104347586631775,0.5868669748306274,0.08053461462259293,956
1,2,0.6197710037231445,90,AMC,Eintracht Frankfurt,Hoffenheim,3,1,2024-08-31,27756,2024,671590,0,0,0,1,0.6197710037231445,0.6465425491333008,0.02677154168486595,956
3,4,1.6995930671691895,90,AMC,Hoffenheim,Holstein Kiel,3,2,2024-08-24,27744,2024,667859,0.6607489585876465,0,3,2,0.9418164491653442,1.7558635473251343,0.18923810124397278,956
3,6,1.5410438776016235,90,AMC,Hoffenheim,Bayern Munich,4,2,2024-05-18,23367,2023,662750,0.43253251910209656,1,3,3,1.5410438776016235,2.031766653060913,0.10949254781007767,956
0,3,0.6467381715774536,90,AMC,Darmstadt,Hoffenheim,0,6,2024-05-12,23361,2023,661235,1.64287269115448,2,3,0,0.6467381715774536,2.58237886428833,2.0224788188934326,956
1,6,0.8670207858085632,90,MC,Hoffenheim,RasenBallsport Leipzig,1,1,2024-05-03,23349,2023,658440,0.37578654289245605,0,4,1,0.8670207858085632,1.4819893836975098,0.2753336727619171,956
2,2,0.9267420172691345,90,MC,Bochum,Hoffenheim,3,2,2024-04-26,23341,2023,656606,0.1431783139705658,0,2,2,0.9267420172691345,0.97328782081604,0.046545788645744324,956
0,6,0.39130061864852905,86,MC,Hoffenheim,Borussia M.Gladbach,4,3,2024-04-20,23332,2023,654709,0.6842833161354065,1,6,0,0.39130061864852905,0.804566502571106,0.016102170571684837,956
0,1,0.03379453718662262,90,MC,Mainz 05,Hoffenheim,4,1,2024-04-13,23320,2023,653158,0.3721591532230377,1,1,0,0.03379453718662262,0.40595370531082153,0.3721591532230377,956
1,1,0.04013919085264206,78,AMC,Hoffenheim,Augsburg,3,1,2024-04-07,23314,2023,652362,0,0,0,1,0.04013919085264206,1.1168482303619385,1.0767090320587158,956
0,1,0.046500612050294876,61,MC,Bayer Leverkusen,Hoffenheim,2,1,2024-03-30,23301,2023,649697,0,0,0,0,0.046500612050294876,0.046500612050294876,0,956
0,0,0,20,Sub,Hoffenheim,VfB Stuttgart,0,3,2024-03-16,23296,2023,648499,0.03042270429432392,0,2,0,0,0.013627021573483944,0,956
0,0,0,75,AMC,Eintracht Frankfurt,Hoffenheim,3,1,2024-03-10,23284,2023,647571,0.015777921304106712,0,1,0,0,0.015777921304106712,0,956
0,0,0,69,AMC,Borussia Dortmund,Hoffenheim,2,3,2024-02-25,23270,2023,643973,0,0,0,0,0,0.09745333343744278,0.09745333343744278,956
0,2,0.17901363968849182,90,AMC,Hoffenheim,Union Berlin,0,1,2024-02-17,23259,2023,641675,0.15507522225379944,0,4,0,0.17901363968849182,0.39222463965415955,0.14386050403118134,956
1,1,0.07781939953565598,20,Sub,Hoffenheim,FC Cologne,1,1,2024-02-11,23247,2023,640966,0,0,0,1,0.07781939953565598,0.07781939953565598,0,956
0,4,0.38987991213798523,90,AMC,Wolfsburg,Hoffenheim,2,2,2024-02-04,23239,2023,639248,0.4576435089111328,0,4,0,0.38987991213798523,0.6971096396446228,0.23292335867881775,956
1,4,0.9538265466690063,90,AMC,Hoffenheim,FC Heidenheim,1,1,2024-01-27,23232,2023,636869,0.3233119547367096,0,6,0,0.19604983925819397,0.30850276350975037,0.095339335501194,956
0,1,0.5386468768119812,90,MC,Freiburg,Hoffenheim,3,2,2024-01-20,23220,2023,635751,0.18697336316108704,0,3,0,0.5386468768119812,0.8888031840324402,0.30862998962402344,956
0,4,0.45806729793548584,80,MC,Bayern Munich,Hoffenheim,3,0,2024-01-12,23209,2023,634518,0.4230501651763916,0,1,0,0.45806729793548584,0.9020910263061523,0.08047956228256226,956
1,3,0.8762139678001404,75,FW,Hoffenheim,Darmstadt,3,3,2023-12-19,23205,2023,631546,0.16890864074230194,0,2,0,0.1184372752904892,0.7089006900787354,0.46443504095077515,956
0,4,0.26159340143203735,90,AMC,RasenBallsport Leipzig,Hoffenheim,3,1,2023-12-16,23192,2023,630443,0.32986727356910706,0,3,0,0.26159340143203735,0.31279364228248596,0.0610588975250721,956
1,3,0.458161324262619,90,AMC,Hoffenheim,Bochum,3,1,2023-12-08,23187,2023,628264,0.43160897493362427,0,3,1,0.458161324262619,1.898511290550232,1.187443494796753,956
0,1,0.08305320888757706,30,Sub,Borussia M.Gladbach,Hoffenheim,2,1,2023-12-02,23177,2023,626588,0.06881259381771088,0,1,0,0.08305320888757706,0.1651422679424286,0.1651422679424286,956
0,0,0,90,MC,Hoffenheim,Mainz 05,1,1,2023-11-26,23170,2023,625827,0.16059182584285736,0,4,0,0,0.2034124881029129,0.05469595640897751,956
0,0,0,18,Sub,Augsburg,Hoffenheim,1,1,2023-11-11,23161,2023,623193,0.021543795242905617,0,1,0,0,0.021543795242905617,0,956
0,1,0.03488350287079811,10,Sub,Hoffenheim,Bayer Leverkusen,2,3,2023-11-04,23152,2023,621317,0,0,0,0,0.03488350287079811,0.03488350287079811,0,956
1,3,0.8232215046882629,90,FW,Hoffenheim,Borussia Dortmund,1,3,2023-09-29,23110,2023,614144,0.6691745519638062,0,5,0,0.06544479727745056,0.6767655611038208,0.5696210861206055,956
1,1,0.75777667760849,79,MC,Union Berlin,Hoffenheim,0,2,2023-09-23,23106,2023,611984,0.6761072874069214,0,3,0,0,0,0,956
1,4,0.5458848476409912,90,MC,FC Cologne,Hoffenheim,1,3,2023-09-16,23097,2023,610172,0.0287763774394989,0,1,1,0.5458848476409912,0.7148304581642151,0.20862136781215668,956
0,1,0.16045653820037842,90,MC,Hoffenheim,Wolfsburg,3,1,2023-09-02,23085,2023,608526,0.3092620074748993,1,5,0,0.16045653820037842,0.47307220101356506,0.39432254433631897,956
1,3,0.8882655501365662,90,FWL,FC Heidenheim,Hoffenheim,2,3,2023-08-26,23078,2023,606762,0.20110221207141876,0,3,0,0.13048888742923737,0.11880975216627121,0.09362001717090607,956
0,3,0.09683690965175629,90,FW,Hoffenheim,Freiburg,1,2,2023-08-19,23068,2023,604969,0.7147713303565979,0,6,0,0.09683690965175629,0.638778805732727,0.4036851227283478,956
0,2,0.48379984498023987,46,FW,Lazio,Inter,0,3,2026-05-09,30198,2025,788919,0.6293642520904541,1,2,0,0.48379984498023987,1.1131640672683716,0,5992
1,3,0.530198335647583,69,FW,Inter,Parma Calcio 1913,2,0,2026-05-03,30188,2025,788216,0,0,0,1,0.530198335647583,0.5969873070716858,0.0667889341711998,5992
1,4,0.8050507307052612,90,FW,Torino,Inter,2,2,2026-04-26,30182,2025,786338,0,0,0,1,0.8050507307052612,0.8826174736022949,0.07756674289703369,5992
1,2,0.925558865070343,78,FW,Inter,Cagliari,3,0,2026-04-17,30164,2025,782980,0,0,0,1,0.925558865070343,1.0252398252487183,0.09968090057373047,5992
2,3,0.15441696345806122,90,FW,Como,Inter,3,4,2026-04-12,30157,2025,782699,0.1283283531665802,0,1,2,0.15441696345806122,0.2827453017234802,0,5992
1,2,0.09112714231014252,69,FW,Inter,Roma,5,2,2026-04-05,30145,2025,780908,0.8511491417884827,2,3,1,0.09112714231014252,0.9106050729751587,0.05945591256022453,5992
0,1,0.07275649905204773,69,FW,Fiorentina,Inter,1,1,2026-03-22,30138,2025,779662,0,0,0,0,0.07275649905204773,0,0,5992
0,5,0.7094870209693909,90,FW,Inter,Atalanta,1,1,2026-03-14,30126,2025,776572,0,0,0,0,0.7094870209693909,1.6613638401031494,0.9518768191337585,5992
0,1,0.06440827995538712,60,FW,Inter,Genoa,2,0,2026-02-28,30105,2025,773588,0,0,0,0,0.06440827995538712,0.3497391641139984,0.2853308916091919,5992
0,4,0.7551260590553284,71,FW,Lecce,Inter,0,2,2026-02-21,30100,2025,771773,0.1200864389538765,0,2,0,0.7551260590553284,0.25113874673843384,0,5992
0,3,0.1028716042637825,88,FW,Inter,Juventus,3,2,2026-02-14,30087,2025,770568,0.3465532660484314,0,1,0,0.1028716042637825,0.7748872637748718,0.6972272992134094,5992
1,3,0.5390987396240234,78,FW,Sassuolo,Inter,0,5,2026-02-08,30075,2025,769474,0.02206970565021038,0,1,1,0.5390987396240234,0.5988569259643555,0.03768845647573471,5992
0,1,0.27566903829574585,29,Sub,Cremonese,Inter,0,2,2026-02-01,30067,2025,767993,0.02981957420706749,0,1,0,0.27566903829574585,0.41292285919189453,0.10743425041437149,5992
0,3,0.6665183901786804,25,Sub,Inter,Pisa,6,2,2026-01-23,30058,2025,765297,0.1190241277217865,1,1,0,0.6665183901786804,0.8106251955032349,0.02508266270160675,5992
0,4,0.22251200675964355,90,FW,Inter,Lecce,1,0,2026-01-14,29998,2025,763639,0.0899176150560379,0,1,0,0.22251200675964355,0.5579499006271362,0.28359541296958923,5992
0,1,0.28019610047340393,85,FW,Inter,Napoli,2,2,2026-01-11,30038,2025,763264,0.11174054443836212,1,2,0,0.28019610047340393,0.5211313366889954,0.1291947066783905,5992
1,1,0.4107730984687805,10,Sub,Parma Calcio 1913,Inter,0,2,2026-01-07,30030,2025,762316,0,0,0,1,0.4107730984687805,0.4107730984687805,0,5992
1,3,1.113210678100586,84,FW,Inter,Bologna,3,1,2026-01-04,30019,2025,761934,0.6006442308425903,0,1,1,1.113210678100586,1.1277427673339844,0.088894784450531,5992
0,1,0.02740810438990593,65,FW,Atalanta,Inter,0,1,2025-12-28,30013,2025,760459,0,0,0,0,0.02740810438990593,0.07117403298616409,0.043765924870967865,5992
0,2,0.11063464730978012,14,Sub,Genoa,Inter,1,2,2025-12-14,29987,2025,758532,0,0,0,0,0.11063464730978012,0,0,5992
1,3,0.5848133563995361,79,FW,Inter,Como,4,0,2025-12-06,29976,2025,756193,0.023378346115350723,0,1,1,0.5848133563995361,0.08607593923807144,0.08607593923807144,5992
0,2,0.16842393577098846,67,FW,Pisa,Inter,0,2,2025-11-30,29972,2025,754268,0,0,0,0,0.16842393577098846,0.3421781063079834,0.17375417053699493,5992
0,3,0.129595085978508,90,FW,Inter,AC Milan,0,1,2025-11-23,29958,2025,753048,0.2134859412908554,0,5,0,0.129595085978508,0.321880042552948,0.050726182758808136,5992
0,0,0,17,Sub,Inter,Lazio,2,0,2025-11-09,29948,2025,751409,0,0,0,0,0,0,0,5992
0,4,0.7475818395614624,67,FW,Cagliari,Inter,0,2,2025-09-27,29884,2025,741024,0,0,0,0,0.7475818395614624,0.35871726274490356,0.08926069736480713,5992
0,2,0.3145604729652405,65,FW,Inter,Sassuolo,2,1,2025-09-21,29880,2025,739752,0,0,0,0,0.3145604729652405,0.5804218053817749,0.2658613622188568,5992
1,4,0.5199572443962097,90,FW,Juventus,Inter,4,3,2025-09-13,29865,2025,737111,0.06297909468412399,0,2,1,0.5199572443962097,0.22510798275470734,0,5992
0,3,0.195931538939476,90,FW,Inter,Udinese,1,2,2025-08-31,29862,2025,736251,1.037801742553711,1,2,0,0.195931538939476,1.2213705778121948,0.10890502482652664,5992
2,4,0.8938024640083313,68,FW,Inter,Torino,5,0,2025-08-25,29853,2025,734492,0.08245838433504105,0,3,2,0.8938024640083313,0.9403675198554993,0.4286080300807953,5992
0,1,0.07615133374929428,90,FW,Inter,Lazio,2,2,2025-05-18,27726,2024,729164,0.022386783733963966,0,1,0,0.07615133374929428,0.0985381156206131,0,5992
0,0,0,21,Sub,Inter,Cagliari,3,1,2025-04-12,27678,2024,718884,0,0,0,0,0,0,0,5992
1,4,0.584690272808075,90,FW,Parma Calcio 1913,Inter,2,2,2025-04-05,27670,2024,717040,0.6612175107002258,0,3,1,0.584690272808075,1.2459077835083008,0,5992
0,1,0.07434166222810745,90,FW,Inter,Udinese,2,1,2025-03-30,27655,2024,715600,0.17295557260513306,0,3,0,0.07434166222810745,1.3804640769958496,1.133166790008545,5992
0,3,0.4519079625606537,90,FW,Atalanta,Inter,0,2,2025-03-16,27643,2024,714328,0.08247337490320206,0,1,0,0.4519079625606537,0.6693355441093445,0.13495421409606934,5992
0,3,0.7326664328575134,17,Sub,Inter,Monza,3,2,2025-03-08,27636,2024,711675,0,0,0,0,0.7326664328575134,0.7326664328575134,0,5992
0,1,0.10428496450185776,69,FW,Napoli,Inter,1,1,2025-03-01,27629,2024,709912,0.08107604831457138,0,1,0,0.10428496450185776,0.3296838700771332,0.14432285726070404,5992
0,2,0.36091119050979614,28,Sub,Juventus,Inter,1,0,2025-02-16,27610,2024,707196,0,0,0,0,0.36091119050979614,0.3330640494823456,0,5992
0,1,0.03901663050055504,27,FW,Inter,Fiorentina,2,1,2025-02-10,27596,2024,705694,0,0,0,0,0.03901663050055504,0,0,5992
0,1,0.09134886413812637,90,FW,Fiorentina,Inter,3,0,2025-02-06,27497,2024,704523,0.06118803843855858,0,1,0,0.09134886413812637,0.15253689885139465,0.06118803843855858,5992
0,1,0.0937519520521164,90,FW,AC Milan,Inter,1,1,2025-02-02,27588,2024,704276,0.30426251888275146,0,5,0,0.0937519520521164,0.46610766649246216,0.1618451327085495,5992
0,1,0.5060613751411438,90,FW,Lecce,Inter,0,4,2025-01-26,27575,2024,702290,0.6270948052406311,1,1,0,0.5060613751411438,1.196914553642273,0.06375836580991745,5992
1,2,0.48279446363449097,19,Sub,Inter,Empoli,3,1,2025-01-19,27567,2024,700891,0,0,0,1,0.48279446363449097,0.5408268570899963,0.05803241208195686,5992
0,2,0.12776507437229156,90,FW,Inter,Bologna,2,2,2025-01-15,27546,2024,699420,0.21864330768585205,0,2,0,0.12776507437229156,0.7061707377433777,0.35976237058639526,5992
0,0,0,26,Sub,Venezia,Inter,0,1,2025-01-12,27557,2024,698619,0.41057726740837097,0,1,0,0,0.41057726740837097,0,5992
0,1,0.016575699672102928,82,FW,Cagliari,Inter,0,3,2024-12-28,27534,2024,696514,0.04750242084264755,0,1,0,0.016575699672102928,0.3828495740890503,0.31877145171165466,5992
1,3,0.3368031978607178,90,FW,Inter,Como,2,0,2024-12-23,27531,2024,696099,0.041606537997722626,0,1,1,0.3368031978607178,0.47887763381004333,0.21237044036388397,5992
1,1,0.10623698681592941,90,FW,Lazio,Inter,0,6,2024-12-16,27515,2024,694793,0.13879047334194183,0,1,1,0.10623698681592941,0.5464464426040649,0.4402094781398773,5992
1,3,0.7672242522239685,71,FW,Inter,Parma Calcio 1913,3,1,2024-12-06,27507,2024,691672,0,0,0,1,0.7672242522239685,0.41339391469955444,0.41339391469955444,5992
2,2,1.0056387186050415,63,FW,Verona,Inter,0,5,2024-11-23,27485,2024,688195,0.4160515367984772,1,1,2,1.0056387186050415,1.9798067808151245,0.5581164956092834,5992
0,0,0,83,FW,Inter,Napoli,1,1,2024-11-10,27473,2024,687809,0.04648144170641899,0,1,0,0,0.10577116161584854,0.05928972363471985,5992
0,4,1.0327388048171997,90,FW,Inter,Venezia,1,0,2024-11-03,27463,2024,685989,0,0,0,0,1.0327388048171997,1.6508290767669678,0.6180903911590576,5992
0,3,0.22131316363811493,78,FW,Empoli,Inter,0,3,2024-10-30,27455,2024,684309,0,0,0,0,0.22131316363811493,0.28567180037498474,0.06435862183570862,5992
0,2,0.21204587817192078,89,FW,Inter,Juventus,4,4,2024-10-27,27444,2024,683953,0.39147961139678955,1,3,0,0.21204587817192078,0.5097832679748535,0.14364103972911835,5992
0,3,0.29254844784736633,90,FW,Roma,Inter,0,1,2024-10-20,27441,2024,682332,0.08985285460948944,0,2,0,0.29254844784736633,0.5082452297210693,0.14298593997955322,5992
3,5,1.1600375175476074,70,FW,Inter,Torino,3,2,2024-10-05,27428,2024,679892,0.17199097573757172,0,2,3,1.1600375175476074,1.2554800510406494,0,5992
0,1,0.303030401468277,79,FW,Udinese,Inter,2,3,2024-09-28,27413,2024,677580,0.22712045907974243,1,3,0,0.303030401468277,1.4642986059188843,0.9341477155685425,5992
0,2,0.3885316252708435,90,FW,Inter,AC Milan,1,2,2024-09-22,27406,2024,676751,0.03410116583108902,0,1,0,0.3885316252708435,0.12300389260053635,0,5992
0,1,0.12264477461576462,74,FW,Monza,Inter,1,1,2024-09-15,27399,2024,674824,0,0,0,0,0.12264477461576462,0.12264477461576462,0,5992
2,4,1.2468665838241577,82,FW,Inter,Atalanta,4,0,2024-08-30,27383,2024,671488,0.048820316791534424,0,1,2,1.2468665838241577,0.9266888499259949,0.16740718483924866,5992
0,2,0.38284194469451904,78,FW,Inter,Lecce,2,0,2024-08-24,27375,2024,668520,0.07854703068733215,0,1,0,0.38284194469451904,0.5759700536727905,0.11458109319210052,5992
2,5,0.8025020360946655,90,FW,Genoa,Inter,2,2,2024-08-17,27362,2024,666535,0.17082951962947845,0,2,2,0.8025020360946655,0.9531042575836182,0.15060220658779144,5992
0,1,0.09104625880718231,90,FW,Verona,Inter,2,2,2024-05-26,22679,2023,664924,0.04720139876008034,0,1,0,0.09104625880718231,1.2251033782958984,1.0868556499481201,5992
0,3,0.4646712839603424,90,FW,Inter,Lazio,1,1,2024-05-19,22667,2023,663370,0.05533098801970482,0,1,0,0.4646712839603424,0.5443611145019531,0.024358827620744705,5992
1,2,0.41464486718177795,90,FW,Frosinone,Inter,0,5,2024-05-10,22657,2023,660184,0.0295896977186203,0,1,1,0.41464486718177795,0.4652623236179352,0.034668222069740295,5992
0,1,0.0819348469376564,65,FW,Inter,Torino,2,0,2024-04-28,22641,2023,657367,0,0,0,0,0.0819348469376564,0.16231095790863037,0.16231095790863037,5992
1,2,0.16137397289276123,90,FW,AC Milan,Inter,1,2,2024-04-22,22633,2023,655991,0,0,0,1,0.16137397289276123,0.7698029279708862,0.7226831316947937,5992
1,1,0.6301441788673401,90,FW,Inter,Cagliari,2,2,2024-04-14,22616,2023,654154,0.165889173746109,0,1,1,0.6301441788673401,0.7960333228111267,0,5992
0,1,0.04696464166045189,84,FW,Udinese,Inter,1,2,2024-04-08,22607,2023,652751,0.49956104159355164,0,3,0,0.04696464166045189,0.5996450781822205,0.05311937630176544,5992
0,1,0.07646219432353973,90,FW,Inter,Empoli,2,0,2024-04-01,22599,2023,650921,0,0,0,0,0.07646219432353973,0.9152887463569641,0.8388265371322632,5992
0,4,0.30832308530807495,90,FW,Inter,Napoli,1,1,2024-03-17,22587,2023,649126,0.21102339029312134,0,1,0,0.30832308530807495,0.5820320248603821,0.11297242343425751,5992
0,0,0,67,FW,Bologna,Inter,0,1,2024-03-09,22575,2023,646832,0.4494955539703369,0,2,0,0,0.4494955539703369,0,5992
0,0,0,23,Sub,Inter,Genoa,2,1,2024-03-04,22572,2023,646019,0.18473652005195618,0,2,0,0,0.30465778708457947,0.11992128193378448,5992
1,4,1.5069316625595093,61,FW,Inter,Salernitana,4,0,2024-02-16,22550,2023,641428,0,0,0,1,1.5069316625595093,1.0528723001480103,0,5992
1,1,0.5157331824302673,90,FW,Roma,Inter,2,4,2024-02-10,22544,2023,640359,0,0,0,1,0.5157331824302673,0.644693911075592,0.1289607286453247,5992
0,1,0.12057294696569443,78,FW,Inter,Juventus,1,0,2024-02-04,22532,2023,639478,0.08723461627960205,0,1,0,0.12057294696569443,0.20780757069587708,0,5992
0,0,0,63,FW,Fiorentina,Inter,0,1,2024-01-28,22522,2023,637618,0.08434408158063889,0,1,0,0,0.3654565215110779,0.2811124324798584,5992
1,5,1.2489092350006104,90,FW,Monza,Inter,1,5,2024-01-13,22504,2023,635030,0.5801969170570374,1,3,1,1.2489092350006104,1.9590085744857788,0.12990239262580872,5992
0,1,0.06292961537837982,74,FW,Inter,Verona,2,1,2024-01-06,22491,2023,634168,0,0,0,0,0.06292961537837982,0.49331995844841003,0.430390328168869,5992
0,3,0.1744282841682434,90,FW,Genoa,Inter,1,1,2023-12-29,22478,2023,633327,0.05299758166074753,0,1,0,0.1744282841682434,0.2928803563117981,0.06545449793338776,5992
0,2,0.7281871438026428,86,FW,Inter,Lecce,2,0,2023-12-23,22467,2023,632799,0,0,0,0,0.7281871438026428,1.922303557395935,1.2935235500335693,5992
1,4,0.46389591693878174,81,FW,Lazio,Inter,0,2,2023-12-17,22463,2023,631278,0,0,0,1,0.46389591693878174,0.4510733187198639,0,5992
1,4,1.0986276865005493,57,FW,Inter,Udinese,4,0,2023-12-09,22450,2023,629029,0,0,0,1,1.0986276865005493,1.0986276865005493,0.8018139600753784,5992
1,2,0.9178646802902222,89,FW,Napoli,Inter,0,3,2023-12-03,22442,2023,627713,0,0,0,1,0.9178646802902222,1.0573678016662598,0.1395031213760376,5992
0,2,0.2042621225118637,90,FW,Juventus,Inter,1,1,2023-11-26,22432,2023,625939,0.3272516429424286,1,1,0,0.2042621225118637,0.5162205100059509,0.04857649281620979,5992
0,2,0.7245485186576843,72,FW,Inter,Frosinone,2,0,2023-11-12,22424,2023,624362,0,0,0,0,0.7245485186576843,0.19286927580833435,0.15772312879562378,5992
0,0,0,90,FW,Atalanta,Inter,1,2,2023-11-04,22405,2023,621729,0,0,0,0,0,0.09421548992395401,0.09421548992395401,5992
1,7,1.7075921297073364,90,FW,Inter,Roma,1,0,2023-10-29,22397,2023,620849,0.05806036666035652,0,1,1,1.7075921297073364,1.7117702960968018,0.04167575389146805,5992
1,4,0.299026221036911,90,FW,Torino,Inter,0,3,2023-10-21,22390,2023,618301,0.058858830481767654,0,1,1,0.299026221036911,0.35788506269454956,0,5992
0,0,0,56,FW,Inter,Bologna,2,2,2023-10-07,22383,2023,616190,0.016805851832032204,1,1,0,0,0.016805851832032204,0,5992
0,2,0.09462200850248337,90,FW,Salernitana,Inter,0,4,2023-09-30,22372,2023,615019,0.3804152309894562,1,1,0,0.09462200850248337,0.9962180256843567,0.5211808085441589,5992
0,2,0.3643682301044464,72,FW,Inter,Sassuolo,1,2,2023-09-27,22358,2023,613743,0.07558057457208633,1,1,0,0.3643682301044464,0.43994879722595215,0.06496871262788773,5992
0,4,0.23099534213542938,81,FW,Empoli,Inter,0,1,2023-09-24,22347,2023,612569,0.34010040760040283,0,3,0,0.23099534213542938,0.5956311225891113,0.16195321083068848,5992
1,3,0.26405176520347595,66,FW,Inter,AC Milan,5,1,2023-09-16,22336,2023,610563,0,0,0,1,0.26405176520347595,0.8268260359764099,0.5627743005752563,5992
1,6,2.361969470977783,75,FW,Inter,Fiorentina,4,0,2023-09-03,22332,2023,609717,0.4139050543308258,1,1,1,2.361969470977783,2.775874614715576,0,5992
0,0,0,80,FW,Cagliari,Inter,0,2,2023-08-28,22324,2023,608116,0.26288899779319763,1,2,0,0,0.619849681854248,0.3569607138633728,5992
0,2,0.12402790039777756,70,FW,Inter,Monza,2,0,2023-08-19,22307,2023,605472,0,0,0,0,0.12402790039777756,0.19402344524860382,0.09922773391008377,5992
1,6,2.3186252117156982,81,FW,Manchester United,Nottingham Forest,3,2,2026-05-17,29145,2025,791138,0,0,0,1,2.3186252117156982,2.3403677940368652,0.02174246497452259,6552
0,1,0.020507553592324257,14,Sub,Sunderland,Manchester United,0,0,2026-05-09,29135,2025,788859,0,0,0,0,0.020507553592324257,0,0,6552
0,4,0.32931697368621826,79,AMR,Manchester United,Liverpool,3,2,2026-05-03,29125,2025,787874,0.30777257680892944,0,3,0,0.32931697368621826,1.1276854276657104,0.6132268309593201,6552
0,0,0,76,AMR,Manchester United,Brentford,2,1,2026-04-27,29114,2025,786605,0.076312355697155,0,2,0,0,0.09326601028442383,0.07259771972894669,6552
0,0,0,90,AMR,Chelsea,Manchester United,0,1,2026-04-18,29100,2025,783576,0,0,0,0,0,0.3912195563316345,0.3912195563316345,6552
0,1,0.06867664307355881,18,Sub,Manchester United,Leeds,1,2,2026-04-13,29088,2025,782809,0.05841396376490593,0,1,0,0.06867664307355881,0.16891531646251678,0.041824713349342346,6552
0,1,0.014960243366658688,72,FW,Bournemouth,Manchester United,2,2,2026-03-20,29078,2025,778204,0.04230854660272598,0,1,0,0.014960243366658688,0.04230854660272598,0,6552
0,2,0.09205835312604904,76,FW,Manchester United,Aston Villa,3,1,2026-03-15,29074,2025,777440,0.0412348210811615,0,1,0,0.09205835312604904,0.5154411792755127,0.40378308296203613,6552
0,1,0.4159366190433502,86,AMR,Newcastle United,Manchester United,2,1,2026-03-04,29065,2025,774839,0.026766039431095123,0,1,0,0.4159366190433502,0.704546332359314,0.28860971331596375,6552
0,0,0,89,AMR,Manchester United,Crystal Palace,2,1,2026-03-01,29055,2025,773869,0.39433929324150085,0,3,0,0,0.0853114128112793,0.037917278707027435,6552
0,3,0.6907796263694763,81,FW,Everton,Manchester United,0,1,2026-02-23,29042,2025,772721,0.5259464383125305,1,2,0,0.6907796263694763,1.2167260646820068,0,6552
0,2,0.10163591802120209,90,AML,West Ham,Manchester United,1,1,2026-02-10,29037,2025,769813,0.09119033813476562,1,2,0,0.10163591802120209,0.27040770649909973,0.0889299064874649,6552
1,3,0.21974784135818481,90,AML,Manchester United,Tottenham,2,0,2026-02-07,29025,2025,768376,0,0,0,1,0.21974784135818481,0.7313924431800842,0.563032865524292,6552
0,1,0.36770099401474,90,FW,Manchester United,Fulham,3,2,2026-02-01,29012,2025,767613,0.09784505516290665,0,2,0,0.36770099401474,0.42636042833328247,0.42636042833328247,6552
1,2,0.3153549134731293,71,FW,Arsenal,Manchester United,2,3,2026-01-25,28999,2025,766420,0.12011749297380447,0,2,1,0.3153549134731293,0.43547242879867554,0,6552
1,3,0.9053091406822205,73,FW,Manchester United,Manchester City,2,0,2026-01-17,28993,2025,763918,0,0,0,1,0.9053091406822205,0.9413501024246216,0.036041006445884705,6552
0,4,0.3042580485343933,90,AMC,Manchester United,Bournemouth,4,4,2025-12-15,28934,2025,758667,0.1715298593044281,0,2,0,0.3042580485343933,0.6528246998786926,0.17703679203987122,6552
1,4,1.004012107849121,90,AMC,Wolverhampton Wanderers,Manchester United,1,4,2025-12-08,28927,2025,757201,0.21318677067756653,0,3,1,1.004012107849121,1.260430932044983,0.08232800662517548,6552
0,2,0.07263178378343582,90,AMC,Manchester United,West Ham,1,1,2025-12-04,28915,2025,755365,0.10199184715747833,0,1,0,0.07263178378343582,0.8271263241767883,0.6815881729125977,6552
0,3,0.750991940498352,90,AMC,Crystal Palace,Manchester United,1,2,2025-11-30,28901,2025,755319,0,0,0,0,0.750991940498352,0.7635430097579956,0.01255106646567583,6552
0,3,0.1149914339184761,90,AMC,Manchester United,Everton,0,1,2025-11-24,28895,2025,753171,0,0,0,0,0.1149914339184761,0.727209746837616,0.6473669409751892,6552
1,2,0.3844671845436096,90,AMC,Tottenham,Manchester United,2,2,2025-11-08,28886,2025,749877,0,0,0,1,0.3844671845436096,0.518322229385376,0.13385501503944397,6552
0,1,0.05240187421441078,90,AMC,Nottingham Forest,Manchester United,2,2,2025-11-01,28874,2025,748423,0.15411175787448883,0,3,0,0.05240187421441078,0.24983249604701996,0.043318867683410645,6552
2,3,0.8893002867698669,90,AMC,Manchester United,Brighton,4,2,2025-10-25,28865,2025,746093,0.6567917466163635,0,2,2,0.8893002867698669,1.5460920333862305,0,6552
1,3,0.8995078206062317,90,AMC,Liverpool,Manchester United,1,2,2025-10-19,28852,2025,745081,0.5406005382537842,0,1,1,0.8995078206062317,0.8922623991966248,0.029462268576025963,6552
0,2,0.12576818466186523,83,AMC,Manchester United,Sunderland,2,0,2025-10-04,28845,2025,742436,0.074598029255867,1,1,0,0.12576818466186523,0.3088286519050598,0.1830604523420334,6552
0,0,0,90,AMC,Brentford,Manchester United,3,1,2025-09-27,28828,2025,740367,0.0735267773270607,0,3,0,0,0.11060456186532974,0.08036608248949051,6552
0,3,0.13399088382720947,80,AMC,Manchester United,Chelsea,2,1,2025-09-20,28824,2025,738841,0,0,0,0,0.13399088382720947,0.72728031873703,0.6159805059432983,6552
0,4,0.7090615034103394,90,AMC,Manchester City,Manchester United,3,0,2025-09-14,28817,2025,737831,0,0,0,0,0.7090615034103394,0.8199795484542847,0.11091800779104233,6552
1,3,0.7033870816230774,90,AMC,Manchester United,Burnley,3,2,2025-08-30,28802,2025,735104,0.8064244389533997,0,5,1,0.7033870816230774,1.531331181526184,0.16391438245773315,6552
0,0,0,90,AMC,Fulham,Manchester United,1,1,2025-08-24,28796,2025,734096,0.17148633301258087,0,2,0,0,0.13824611902236938,0.01803870126605034,6552
0,5,0.3869485855102539,90,AMC,Manchester United,Arsenal,0,1,2025-08-17,28786,2025,732461,0.01872454211115837,0,1,0,0.3869485855102539,0.46305909752845764,0.05738595873117447,6552
1,2,0.44204211235046387,90,AMR,Wolverhampton Wanderers,Brentford,1,1,2025-05-25,26978,2024,730086,0.10468907654285431,0,2,1,0.44204211235046387,0.5650979280471802,0.12305579334497452,6552
1,3,0.9076035022735596,90,AMR,Brentford,Fulham,2,3,2025-05-18,26964,2024,728502,0.06860645115375519,0,1,1,0.14643466472625732,0.5469376444816589,0.3318965435028076,6552
0,4,0.18156208097934723,90,AMR,Ipswich,Brentford,0,1,2025-05-10,26954,2024,725763,0.32451900839805603,1,1,0,0.18156208097934723,0.18156208097934723,0,6552
0,2,0.10683729499578476,90,AMR,Brentford,Manchester United,4,3,2025-05-04,26947,2024,724636,0.06263235211372375,0,1,0,0.10683729499578476,1.2300819158554077,1.1232446432113647,6552
0,3,0.1984408050775528,90,AMR,Nottingham Forest,Brentford,0,2,2025-05-01,26939,2024,723600,0.1152239739894867,0,2,0,0.1984408050775528,0.2447809875011444,0,6552
2,4,0.47489818930625916,90,AMR,Brentford,Brighton,4,2,2025-04-19,26923,2024,720460,1.0608595609664917,1,7,2,0.47489818930625916,0.6937788724899292,0.01561658550053835,6552
0,0,0,90,MR,Arsenal,Brentford,1,1,2025-04-12,26913,2024,718799,0.0598486103117466,0,1,0,0,0.0598486103117466,0,6552
0,2,0.18488211929798126,90,AMR,Brentford,Chelsea,0,0,2025-04-06,26903,2024,717455,0.4043346643447876,0,2,0,0.18488211929798126,0.5304263830184937,0,6552
1,3,0.8352001905441284,90,AMR,Newcastle United,Brentford,2,1,2025-04-02,26899,2024,716164,0.05801301822066307,0,1,0,0.07403136789798737,0.13204438984394073,0,6552
0,3,0.11981547623872757,90,AMR,Bournemouth,Brentford,1,2,2025-03-15,26882,2024,713309,0.3543241322040558,1,2,0,0.11981547623872757,0.09516504406929016,0.01866273768246174,6552
0,1,0.053791191428899765,90,AMR,Brentford,Aston Villa,0,1,2025-03-08,26872,2024,711548,0,0,0,0,0.053791191428899765,0.08356477320194244,0.08356477320194244,6552
0,2,0.5184984803199768,90,AMR,Brentford,Everton,1,1,2025-02-26,26862,2024,709124,0,0,0,0,0.5184984803199768,1.305996298789978,0.7874978184700012,6552
1,4,0.42135438323020935,90,AMR,Leicester,Brentford,0,4,2025-02-21,26858,2024,707506,0.6619124412536621,1,2,1,0.42135438323020935,0.5676208138465881,0.16699106991291046,6552
0,3,0.3754059374332428,90,AMR,West Ham,Brentford,0,1,2025-02-15,26851,2024,706297,0.47124218940734863,0,3,0,0.3754059374332428,0.8224836587905884,0.128276526927948,6552
0,4,0.22426028549671173,90,AMR,Brentford,Tottenham,0,2,2025-02-02,26834,2024,703923,0.13192185759544373,0,1,0,0.22426028549671173,0.4812707304954529,0.2085462361574173,6552
1,4,1.5242640972137451,90,AMR,Crystal Palace,Brentford,1,2,2025-01-26,26825,2024,701946,0.022794755175709724,0,1,0,0.7630952000617981,0.8749774098396301,0.14147263765335083,6552
0,4,0.2323043793439865,90,AMR,Brentford,Liverpool,0,2,2025-01-18,26813,2024,699998,0.09096439182758331,0,1,0,0.2323043793439865,0.8970805406570435,0.6647761464118958,6552
0,3,0.4491269290447235,90,FWR,Brentford,Manchester City,2,2,2025-01-14,26803,2024,699001,0.8953987956047058,0,5,0,0.4491269290447235,1.444925308227539,0.10039950907230377,6552
2,4,1.3532696962356567,90,FWR,Southampton,Brentford,0,5,2025-01-04,26799,2024,697211,1.1279442310333252,1,5,1,0.5921008586883545,2.7350189685821533,1.099448800086975,6552
1,2,0.133721724152565,90,FW,Brentford,Arsenal,1,3,2025-01-01,26783,2024,697020,0.053389742970466614,0,1,1,0.133721724152565,0.133721724152565,0,6552
0,1,0.030085433274507523,90,AMR,Brighton,Brentford,0,0,2024-12-27,26774,2024,696389,0.14522448182106018,0,1,0,0.030085433274507523,0.2949810028076172,0.11967106908559799,6552
0,1,0.041791100054979324,90,FWR,Brentford,Nottingham Forest,0,2,2024-12-21,26766,2024,695267,0.4798584580421448,0,3,0,0.041791100054979324,0.4661400318145752,0.09337244182825089,6552
1,2,0.5848148465156555,90,FW,Chelsea,Brentford,2,1,2024-12-15,26757,2024,694610,0.04419904202222824,0,1,1,0.5848148465156555,1.2102336883544922,0.6254187822341919,6552
1,3,0.3613778352737427,90,DMR,Brentford,Newcastle United,4,2,2024-12-07,26743,2024,692221,0.6675881147384644,1,3,1,0.3613778352737427,1.028965950012207,0,6552
0,0,0,90,FWR,Aston Villa,Brentford,3,1,2024-12-04,26734,2024,691562,0.1557409167289734,0,2,0,0,0.1557409167289734,0,6552
0,0,0,90,AMR,Brentford,Leicester,4,1,2024-11-30,26722,2024,690057,0.0523771196603775,0,1,0,0,1.020129919052124,0.9677528738975525,6552
0,0,0,90,FWR,Everton,Brentford,0,0,2024-11-23,26715,2024,688474,0.09437369555234909,0,2,0,0,0.13037768006324768,0.03600397706031799,6552
0,1,0.06392202526330948,90,FWR,Brentford,Bournemouth,3,2,2024-11-09,26702,2024,686579,0.21526466310024261,1,1,0,0.06392202526330948,0.3773718774318695,0.3134498596191406,6552
0,0,0,89,AMR,Fulham,Brentford,2,1,2024-11-04,26693,2024,686128,0,0,0,0,0,0.01951346918940544,0.01951346918940544,6552
2,4,0.9057899713516235,90,AMR,Brentford,Ipswich,4,3,2024-10-26,26685,2024,682998,0.1390465795993805,0,1,1,0.1446211040019989,0.9360983371734619,0.6524306535720825,6552
0,1,0.03348812088370323,90,AMC,Manchester United,Brentford,2,1,2024-10-19,26675,2024,681311,0.06639058142900467,0,2,0,0.03348812088370323,0.0998786985874176,0.022386742755770683,6552
1,2,0.8320542573928833,90,AMR,Brentford,Wolverhampton Wanderers,5,3,2024-10-05,26667,2024,679552,0.45290321111679077,0,3,0,0.07088541239500046,1.2447028160095215,0.892180323600769,6552
1,4,0.22904819250106812,90,FW,Brentford,West Ham,1,1,2024-09-28,26656,2024,677872,0.013267315924167633,0,1,1,0.22904819250106812,0.18755683302879333,0.09185273200273514,6552
1,3,0.7715756297111511,90,FW,Tottenham,Brentford,3,1,2024-09-21,26648,2024,675801,0,0,0,1,0.7715756297111511,0.8467352986335754,0.07515963166952133,6552
0,1,0.1212284117937088,90,FW,Manchester City,Brentford,2,1,2024-09-14,26637,2024,673697,0.2927728295326233,0,3,0,0.1212284117937088,0.17691980302333832,0.013665834441781044,6552
2,4,0.8111304640769958,90,FWR,Brentford,Southampton,3,1,2024-08-31,26623,2024,671729,0.7694047093391418,0,3,2,0.8111304640769958,2.016061782836914,0.4355265200138092,6552
0,1,0.0345180444419384,90,FW,Liverpool,Brentford,2,0,2024-08-25,26621,2024,668972,0.24957649409770966,0,1,0,0.0345180444419384,0.0345180444419384,0,6552
1,1,0.07405825704336166,90,FWR,Brentford,Crystal Palace,2,1,2024-08-18,26609,2024,666801,0.46988123655319214,0,3,1,0.07405825704336166,0.5048030614852905,0,6552
0,0,0,90,FWR,Brentford,Newcastle United,2,4,2024-05-19,22266,2023,663214,0.45124736428260803,0,1,0,0,1.122452735900879,0.6712053418159485,6552
1,3,0.895039975643158,90,FWR,Bournemouth,Brentford,1,2,2024-05-11,22255,2023,660710,0.42725658416748047,1,2,1,0.895039975643158,1.6487526893615723,0.3264561593532562,6552
0,1,0.10256247222423553,90,FWR,Brentford,Fulham,0,0,2024-05-04,22246,2023,658841,0,0,0,0,0.10256247222423553,0.10256247222423553,0,6552
0,1,0.06182099133729935,90,FWR,Everton,Brentford,1,0,2024-04-27,22237,2023,657173,0,0,0,0,0.06182099133729935,0,0,6552
0,3,0.21754975616931915,90,FWR,Luton,Brentford,1,5,2024-04-20,22230,2023,654823,0.8862072229385376,2,3,0,0.21754975616931915,2.0776660442352295,1.7377257347106934,6552
0,0,0,90,FWR,Brentford,Sheffield United,2,0,2024-04-13,22217,2023,653207,0.33775442838668823,0,1,0,0,0.5321000218391418,0.1943455934524536,6552
1,2,0.17535799741744995,88,FW,Aston Villa,Brentford,3,3,2024-04-06,22205,2023,651703,0,0,0,1,0.17535799741744995,0.11202002316713333,0,6552
0,1,0.05323246493935585,14,Sub,Brentford,Brighton,0,0,2024-04-03,22200,2023,651159,0,0,0,0,0.05323246493935585,0.05323246493935585,0,6552
0,1,0.07819212228059769,18,Sub,Brentford,Manchester United,1,1,2024-03-30,22187,2023,650213,0.0650056004524231,0,2,0,0.07819212228059769,0,0,6552
0,0,0,5,Sub,Burnley,Brentford,2,1,2024-03-16,22177,2023,648357,0.07790384441614151,0,1,0,0,0.09717266261577606,0.019268812611699104,6552
1,1,0.7611688375473022,39,FW,Brighton,Brentford,2,1,2023-12-06,22036,2023,628017,0,0,0,0,0,0,0,6552
0,4,0.22527679800987244,80,FWR,Brentford,Luton,3,1,2023-12-02,22027,2023,626506,0.05932363122701645,1,1,0,0.22527679800987244,0.35772910714149475,0.15648753941059113,6552
0,2,0.4870436489582062,90,FW,Brentford,Arsenal,0,1,2023-11-25,22015,2023,625124,0.15451230108737946,0,2,0,0.4870436489582062,0.6415559649467468,0,6552
0,3,0.32186761498451233,90,FW,Liverpool,Brentford,3,0,2023-11-12,22011,2023,623861,0.11114895343780518,0,3,0,0.32186761498451233,0.4557926058769226,0.13392497599124908,6552
0,4,0.17462214827537537,90,FWR,Brentford,West Ham,3,2,2023-11-04,21995,2023,621529,0,0,0,0,0.17462214827537537,0.7120060920715332,0.6024391651153564,6552
1,4,0.9319261908531189,90,FW,Chelsea,Brentford,0,2,2023-10-28,21989,2023,619579,0.6137951612472534,1,1,1,0.9319261908531189,1.5457212924957275,0.6137951612472534,6552
1,6,0.3100529909133911,90,FWR,Brentford,Burnley,3,0,2023-10-21,21977,2023,618100,0.9831165075302124,1,3,1,0.3100529909133911,1.4655671119689941,0.4053506851196289,6552
0,2,0.1002819612622261,90,FW,Manchester United,Brentford,2,1,2023-10-07,21972,2023,616486,0.2481376826763153,0,2,0,0.1002819612622261,0.16262298822402954,0,6552
0,2,0.23174121975898743,90,FWR,Nottingham Forest,Brentford,1,1,2023-10-01,21963,2023,615266,0.22047510743141174,0,4,0,0.23174121975898743,0.4519847631454468,0.09662187099456787,6552
0,3,0.1366855800151825,90,FWR,Brentford,Everton,1,3,2023-09-23,21949,2023,612338,0.032106876373291016,0,1,0,0.1366855800151825,0.1543813943862915,0.09516517072916031,6552
0,1,0.0952572226524353,90,FW,Newcastle United,Brentford,1,0,2023-09-16,21943,2023,610668,0,0,0,0,0.0952572226524353,0.059546634554862976,0.059546634554862976,6552
1,2,0.7468672394752502,90,FWR,Brentford,Bournemouth,2,2,2023-09-02,21928,2023,608652,0.20780113339424133,0,2,1,0.7468672394752502,1.807922601699829,0.9458725452423096,6552
0,1,0.08360356092453003,90,FWR,Brentford,Crystal Palace,1,1,2023-08-26,22298,2023,606899,0.16941522061824799,0,2,0,0.08360356092453003,0.1493179053068161,0.06571434438228607,6552
2,3,1.6695406436920166,90,FWR,Fulham,Brentford,0,3,2023-08-19,22287,2023,605109,0.09496916830539703,0,1,1,0.9083718061447144,0.9083718061447144,0,6552
1,3,1.2986794710159302,90,FW,Brentford,Tottenham,2,2,2023-08-13,22282,2023,604192,0,0,0,0,0.5375105738639832,0.5375105738639832,0,6552
0,2,0.2194371521472931,1,Sub,Roma,Lazio,2,0,2026-05-17,30211,2025,791079,0,0,0,0,0.2194371521472931,0.2194371521472931,0,11736
1,1,0.6287242770195007,26,Sub,Lecce,Roma,0,2,2026-01-06,30027,2025,762048,0.029099155217409134,0,1,1,0.6287242770195007,0.08277726918458939,0.05367811396718025,11736
0,0,0,22,Sub,Atalanta,Roma,1,0,2026-01-03,30014,2025,761315,0,0,0,0,0,0,0,11736
0,0,0,4,Sub,Roma,Genoa,3,1,2025-12-29,30010,2025,760480,0,0,0,0,0,0,0,11736
0,1,0.09145914763212204,41,FW,Roma,Udinese,2,0,2025-11-09,29953,2025,751255,0.0703093484044075,0,1,0,0.09145914763212204,0.16176849603652954,0,11736
0,0,0,12,Sub,AC Milan,Roma,1,0,2025-11-02,29937,2025,749478,0.03865180164575577,0,1,0,0,0.03865180164575577,0,11736
1,1,0.1198892593383789,13,Sub,Roma,Parma Calcio 1913,2,1,2025-10-29,29933,2025,747445,0.10387805849313736,0,1,1,0.1198892593383789,0.22376731038093567,0.10387805849313736,11736
0,0,0,37,Sub,Sassuolo,Roma,0,1,2025-10-26,29922,2025,746746,0.8577417135238647,0,3,0,0,0.9981367588043213,0.2400686889886856,11736
0,2,0.5382024049758911,34,Sub,Roma,Inter,0,1,2025-10-18,29913,2025,744569,0,0,0,0,0.5382024049758911,0.1736430823802948,0.10696325451135635,11736
0,2,0.85349041223526,62,FW,Fiorentina,Roma,1,2,2025-10-05,29896,2025,742978,0.0743720605969429,1,2,0,0.85349041223526,1.0589231252670288,0.1310606598854065,11736
1,1,0.053249578922986984,62,FW,Roma,Verona,2,0,2025-09-28,29892,2025,741259,0,0,0,1,0.053249578922986984,0,0,11736
0,1,0.08955613523721695,20,Sub,Lazio,Roma,0,1,2025-09-21,29881,2025,739151,0,0,0,0,0.08955613523721695,0.16040067374706268,0.07084453850984573,11736
0,1,0.5038177967071533,16,Sub,Pisa,Roma,0,1,2025-08-30,29858,2025,735497,0.11950526386499405,0,2,0,0.5038177967071533,0.6233230829238892,0,11736
0,0,0,14,Sub,Roma,Bologna,1,0,2025-08-23,29847,2025,733620,0,0,0,0,0,0.07591257989406586,0.07591257989406586,11736
0,0,0,87,FW,Atalanta,Roma,2,1,2025-05-12,27712,2024,727152,0.06116997078061104,0,2,0,0,0.06116997078061104,0,11736
1,1,0.39710336923599243,82,FW,Roma,Fiorentina,1,0,2025-05-04,27710,2024,724971,0.021945320069789886,0,1,1,0.39710336923599243,0.08457326889038086,0.06262794882059097,11736
0,2,0.5049110054969788,87,FW,Inter,Roma,0,1,2025-04-27,27697,2024,723076,0.049413252621889114,0,1,0,0.5049110054969788,1.2026221752166748,0.648297905921936,11736
0,1,0.11066711694002151,19,Sub,Roma,Verona,1,0,2025-04-19,27690,2024,720773,0,0,0,0,0.11066711694002151,0.11066711694002151,0,11736
0,0,0,85,FW,Lazio,Roma,1,1,2025-04-13,27679,2024,719735,0.03140665963292122,0,1,0,0,0.03140665963292122,0.03140665963292122,11736
0,1,0.022020434960722923,86,FW,Roma,Juventus,1,1,2025-04-06,27662,2024,717951,0.44573336839675903,0,2,0,0.022020434960722923,0.631621241569519,0.16386742889881134,11736
1,5,0.5132296085357666,85,FW,Lecce,Roma,0,1,2025-03-29,27657,2024,715115,0.025492724031209946,0,1,1,0.5132296085357666,0.3843749761581421,0,11736
1,6,1.3427523374557495,73,FW,Roma,Cagliari,1,0,2025-03-16,27648,2024,713875,0.05500125139951706,0,2,1,1.3427523374557495,0.7175322771072388,0,11736
0,1,0.34662342071533203,17,Sub,Empoli,Roma,0,1,2025-03-09,27634,2024,712268,0,0,0,0,0.34662342071533203,0.34662342071533203,0,11736
1,3,0.7405851483345032,43,Sub,Roma,Como,2,1,2025-03-02,27630,2024,710580,0,0,0,1,0.7405851483345032,0.7405851483345032,0,11736
0,4,0.34966814517974854,90,FW,Venezia,Roma,0,1,2025-02-09,27600,2024,705426,0.031043464317917824,0,1,0,0.34966814517974854,0.29260769486427307,0.07774679362773895,11736
0,0,0,25,Sub,Roma,Napoli,1,1,2025-02-02,27591,2024,704329,0,0,0,0,0,0.014749026857316494,0.014749026857316494,11736
1,2,0.8170021176338196,86,FW,Udinese,Roma,1,2,2025-01-26,27579,2024,702011,0.11489284038543701,0,2,0,0.05570332333445549,0.23872517049312592,0.06812900304794312,11736
1,1,0.9365551471710205,87,FW,Roma,Genoa,3,1,2025-01-17,27570,2024,699670,0,0,0,1,0.9365551471710205,1.0960320234298706,0.1594768613576889,11736
1,3,1.090415120124817,90,FW,Bologna,Roma,2,2,2025-01-12,27554,2024,698802,0.20899473130702972,0,1,0,0.3291162848472595,0.38390764594078064,0.11037661880254745,11736
0,0,0,74,FW,Roma,Lazio,2,0,2025-01-05,27549,2024,697746,0,0,0,0,0,0.5936055779457092,0.5936055779457092,11736
0,2,0.17363741993904114,87,FW,AC Milan,Roma,1,1,2024-12-29,27538,2024,696851,0.37781357765197754,1,2,0,0.17363741993904114,0.5514510273933411,0,11736
1,5,1.3799015283584595,90,FW,Roma,Parma Calcio 1913,5,0,2024-12-22,27529,2024,695582,1.1179475784301758,1,2,1,1.3799015283584595,2.536954402923584,0.0391053780913353,11736
0,0,0,43,Sub,Como,Roma,2,0,2024-12-15,27512,2024,694528,0,0,0,0,0,0,0,11736
0,0,0,62,FW,Roma,Atalanta,0,2,2024-12-02,27493,2024,691237,0,0,0,0,0,0,0,11736
0,1,0.3934992253780365,90,FW,Napoli,Roma,1,0,2024-11-24,27487,2024,689329,0,0,0,0,0.3934992253780365,0,0,11736
0,1,0.06667900830507278,90,FW,Roma,Bologna,2,3,2024-11-10,27476,2024,687199,0.08660547435283661,0,2,0,0.06667900830507278,0.15328449010849,0,11736
1,1,0.8066872954368591,75,FW,Verona,Roma,3,2,2024-11-03,27468,2024,685849,0,0,0,1,0.8066872954368591,0.9477096796035767,0.14102239906787872,11736
0,2,0.10231906175613403,90,FW,Fiorentina,Roma,5,1,2024-10-27,27445,2024,684090,0,0,0,0,0.10231906175613403,0.16204695403575897,0.05972788482904434,11736
0,2,0.14224281907081604,90,FW,Roma,Inter,0,1,2024-10-20,27441,2024,682316,0,0,0,0,0.14224281907081604,0.13397835195064545,0.07579728215932846,11736
1,3,0.5242283940315247,90,FW,Monza,Roma,1,1,2024-10-06,27425,2024,680566,0.17870281636714935,0,3,1,0.5242283940315247,0.7356372475624084,0.03270607069134712,11736
0,3,0.2158087193965912,90,FW,Roma,Venezia,2,1,2024-09-29,27420,2024,678433,0,0,0,0,0.2158087193965912,0.1674244999885559,0.09155715256929398,11736
1,3,0.6385504007339478,90,FW,Roma,Udinese,3,0,2024-09-22,27410,2024,676656,0.06260423362255096,0,1,1,0.6385504007339478,0.7636919617652893,0.06253732740879059,11736
1,3,1.4941046237945557,88,FW,Genoa,Roma,1,1,2024-09-15,27394,2024,674202,0,0,0,1,1.4941046237945557,0.5089396834373474,0.06751518696546555,11736
0,1,0.11538327485322952,83,FW,Juventus,Roma,0,0,2024-09-01,27390,2024,673040,0,0,0,0,0.11538327485322952,0.11538327485322952,0,11736
0,3,0.24544890224933624,90,FW,Roma,Empoli,1,2,2024-08-25,27379,2024,669205,0.05214434489607811,0,1,0,0.24544890224933624,0.3422156274318695,0.11738798767328262,11736
0,3,0.8848493695259094,90,FW,Cagliari,Roma,0,0,2024-08-18,27368,2024,667187,0,0,0,0,0.8848493695259094,0.8848493695259094,0.7245882749557495,11736
3,4,2.0513899326324463,90,FW,Girona,Granada,7,0,2024-05-24,23058,2023,664215,0.711240828037262,1,1,1,0.5648345947265625,0.7295336127281189,0.164698988199234,11736
1,2,1.3034840822219849,80,FW,Valencia,Girona,1,3,2024-05-19,23053,2023,663545,0.10369276255369186,0,1,1,1.3034840822219849,1.9998302459716797,0.6963462233543396,11736
0,3,0.4850592017173767,90,FW,Girona,Villarreal,0,1,2024-05-14,23036,2023,661969,0,0,0,0,0.4850592017173767,0.5136228799819946,0.028563693165779114,11736
0,2,0.49001675844192505,90,FW,Alaves,Girona,2,2,2024-05-10,23030,2023,660279,0.42247405648231506,1,2,0,0.49001675844192505,1.058595061302185,0.14610430598258972,11736
1,2,0.9975969195365906,90,FW,Girona,Barcelona,4,2,2024-05-04,23019,2023,659089,0.5164692401885986,1,2,1,0.9975969195365906,1.514066219329834,0,11736
1,3,1.793097734451294,74,FW,Las Palmas,Girona,0,2,2024-04-27,23012,2023,656761,0,0,0,0,0.3065425157546997,0.3065425157546997,0,11736
1,2,0.39688509702682495,88,FW,Girona,Cadiz,4,1,2024-04-20,23002,2023,655141,0.13185662031173706,0,1,1,0.39688509702682495,0.528741717338562,0,11736
1,2,1.357078194618225,90,FW,Atletico Madrid,Girona,3,1,2024-04-13,22986,2023,652971,0,0,0,1,1.357078194618225,1.4189302921295166,0.061852119863033295,11736
2,3,1.2417528629302979,90,FW,Girona,Real Betis,3,2,2024-03-31,22983,2023,650521,0.5061761140823364,0,1,1,0.4984752833843231,1.004651427268982,0,11736
0,6,1.225554347038269,90,FW,Getafe,Girona,1,0,2024-03-16,22966,2023,648546,0,0,0,0,1.225554347038269,1.0059459209442139,0,11736
0,3,0.3534703254699707,83,FW,Girona,Osasuna,2,0,2024-03-09,22958,2023,646974,0,0,0,0,0.3534703254699707,0.2889055907726288,0.09834416210651398,11736
0,0,0,90,FW,Mallorca,Girona,1,0,2024-03-03,22950,2023,645911,0.05315626040101051,0,2,0,0,0.29676783084869385,0.24361157417297363,11736
0,1,0.517920196056366,73,FW,Girona,Rayo Vallecano,3,0,2024-02-26,22938,2023,644270,0,0,0,0,0.517920196056366,0.517920196056366,0,11736
0,1,0.05064282938838005,90,FW,Athletic Club,Girona,3,2,2024-02-19,22925,2023,642800,0.08710284531116486,0,2,0,0.05064282938838005,0.1645631343126297,0.059645939618349075,11736
0,1,0.12146998196840286,74,FW,Real Madrid,Girona,4,0,2024-02-10,22923,2023,640391,0,0,0,0,0.12146998196840286,0.12146998196840286,0,11736
0,2,0.16284047067165375,90,FW,Celta Vigo,Girona,0,1,2024-01-28,22897,2023,637252,0.3624863028526306,0,1,0,0.16284047067165375,0.47344064712524414,0,11736
3,3,0.7123000025749207,78,FW,Girona,Sevilla,5,1,2024-01-21,22886,2023,636436,0.09885760396718979,0,1,3,0.7123000025749207,1.2831071615219116,0.47194960713386536,11736
0,0,0,71,FW,Almeria,Girona,0,0,2024-01-14,22875,2023,635182,0,0,0,0,0,0,0,11736
0,2,0.49715057015419006,72,FW,Girona,Atletico Madrid,4,3,2024-01-03,22869,2023,634013,0.7011389136314392,1,2,0,0.49715057015419006,0.5529221892356873,0,11736
1,1,0.7432776093482971,70,FW,Real Betis,Girona,1,1,2023-12-21,22857,2023,632236,0.10385075211524963,0,1,0,0,0.10385075211524963,0,11736
2,4,1.2628172636032104,90,FW,Girona,Alaves,3,0,2023-12-18,22854,2023,631420,0,0,0,1,0.5195395946502686,0.5195395946502686,0.09839022159576416,11736
1,2,0.5761622786521912,76,FW,Barcelona,Girona,2,4,2023-12-10,22835,2023,629802,0.06241727992892265,0,1,1,0.5761622786521912,0.7571620345115662,0.11858252435922623,11736
0,1,0.060879383236169815,90,FW,Girona,Valencia,2,1,2023-12-02,22827,2023,626351,0,0,0,0,0.060879383236169815,0.3900153636932373,0.3291359841823578,11736
1,7,1.9443042278289795,83,FW,Rayo Vallecano,Girona,1,2,2023-11-11,22812,2023,623041,0.07260563224554062,0,1,1,1.9443042278289795,2.033031702041626,0.14406917989253998,11736
1,4,0.8837571740150452,87,FW,Osasuna,Girona,2,4,2023-11-04,22802,2023,621241,1.3514249324798584,2,2,1,0.8837571740150452,1.4662290811538696,0,11736
0,2,0.15992581844329834,76,FW,Girona,Celta Vigo,1,0,2023-10-27,22792,2023,619504,0,0,0,0,0.15992581844329834,0.0939180999994278,0.0939180999994278,11736
2,3,0.23668920993804932,72,FW,Girona,Almeria,5,2,2023-10-22,22776,2023,618913,0,0,0,2,0.23668920993804932,0.23668920993804932,0,11736
0,0,0,82,FW,Cadiz,Girona,0,1,2023-10-07,22766,2023,616173,0.09575143456459045,0,2,0,0,0.11822059750556946,0.07852015644311905,11736
0,1,0.04403261840343475,64,FW,Girona,Real Madrid,0,3,2023-09-30,22760,2023,614910,0.015083014033734798,0,1,0,0.04403261840343475,0.059115633368492126,0,11736
1,6,1.1807258129119873,70,FW,Villarreal,Girona,1,2,2023-09-27,22751,2023,613663,0,0,0,1,1.1807258129119873,0.8714856505393982,0,11736
1,4,1.090484857559204,69,FW,Girona,Mallorca,5,3,2023-09-23,22739,2023,611877,0.43932685256004333,1,1,0,0.347207248210907,0.6989428400993347,0,11736
0,2,0.09166435152292252,74,FW,Granada,Girona,2,4,2023-09-18,22732,2023,611670,0.585403561592102,1,1,0,0.09166435152292252,0.7516234517097473,0.7136819958686829,11736
0,2,0.1530148983001709,26,Sub,Girona,Las Palmas,1,0,2023-09-03,22719,2023,609288,0,0,0,0,0.1530148983001709,0.1958596408367157,0.0428447462618351,11736
0,2,0.4675168991088867,22,Sub,Sevilla,Girona,1,2,2023-08-26,22709,2023,607406,0,0,0,0,0.4675168991088867,0.8520228862762451,0.4023304879665375,11736
0,1,0.1319008320569992,13,Sub,Girona,Getafe,3,0,2023-08-20,22700,2023,606097,0,0,0,0,0.1319008320569992,0.1319008320569992,0,11736
1,1,0.5289545059204102,21,Sub,Real Sociedad,Girona,1,1,2023-08-12,22687,2023,603904,0.08901897817850113,0,1,1,0.5289545059204102,0.6179735064506531,0,11736
2,3,1.561599612236023,26,Sub,Eintracht Frankfurt,VfB Stuttgart,2,2,2026-05-16,30524,2025,790952,0,0,0,0,0.04604622349143028,0.4050748348236084,0.3590286076068878,7108
1,1,0.6181538105010986,5,Sub,Borussia Dortmund,Eintracht Frankfurt,3,2,2026-05-08,30513,2025,788458,0.057029303163290024,0,1,1,0.6181538105010986,0.675183117389679,0.057029303163290024,7108
0,1,0.10286839306354523,63,FW,Eintracht Frankfurt,Hamburger SV,1,2,2026-05-02,30506,2025,787041,0.3154062032699585,1,1,0,0.10286839306354523,0.4182746112346649,0,7108
0,0,0,1,Sub,Augsburg,Eintracht Frankfurt,1,1,2026-04-25,30494,2025,785472,0,0,0,0,0,0,0,7108
0,1,0.07914244383573532,90,FW,Eintracht Frankfurt,RasenBallsport Leipzig,1,3,2026-04-18,30488,2025,783470,0,0,0,0,0.07914244383573532,0.14119766652584076,0.06205522269010544,7108
0,1,0.27985477447509766,86,FW,Wolfsburg,Eintracht Frankfurt,1,2,2026-04-11,30484,2025,781550,0,0,0,0,0.27985477447509766,0.036537278443574905,0.036537278443574905,7108
1,3,0.8126267790794373,82,FW,Eintracht Frankfurt,FC Cologne,2,2,2026-04-05,30469,2025,780755,0,0,0,1,0.8126267790794373,1.0241254568099976,0.3166464567184448,7108
0,2,0.10697978734970093,90,FW,Mainz 05,Eintracht Frankfurt,2,1,2026-03-22,30463,2025,779321,0.07334224879741669,0,1,0,0.10697978734970093,0.18032203614711761,0.07334224879741669,7108
0,0,0,10,Sub,Eintracht Frankfurt,FC Heidenheim,1,0,2026-03-14,30452,2025,776636,0,0,0,0,0,0,0,7108
0,2,0.14793473482131958,90,FW,St. Pauli,Eintracht Frankfurt,0,0,2026-03-08,30446,2025,775842,0,0,0,0,0.14793473482131958,0.16896279156208038,0.05837702378630638,7108
0,1,0.636366069316864,81,FW,Eintracht Frankfurt,Freiburg,2,0,2026-03-01,30435,2025,774181,0,0,0,0,0.636366069316864,0.799759030342102,0.16339296102523804,7108
1,2,1.4225972890853882,27,Sub,Bayern Munich,Eintracht Frankfurt,3,2,2026-02-21,30422,2025,771592,0,0,0,0,0.6648205518722534,0.737640917301178,0.07282032817602158,7108
2,4,1.714575171470642,84,FW,FC Cologne,Eintracht Frankfurt,3,4,2025-11-22,30317,2025,752321,0,0,0,2,1.714575171470642,1.7405263185501099,0.025951160117983818,7108
0,0,0,90,FW,Eintracht Frankfurt,Mainz 05,1,0,2025-11-09,30307,2025,751348,0.03614244610071182,0,1,0,0,0.08290781825780869,0.04676537588238716,7108
0,3,0.20497189462184906,24,Sub,FC Heidenheim,Eintracht Frankfurt,1,1,2025-11-01,30299,2025,748210,0,0,0,0,0.20497189462184906,0.18856123089790344,0.0703565776348114,7108
2,3,1.2333669662475586,79,FW,Eintracht Frankfurt,St. Pauli,2,0,2025-10-25,30291,2025,745811,0.08223051577806473,0,1,2,1.2333669662475586,1.941508412361145,0.6259109377861023,7108
2,3,0.5104548931121826,82,FW,Freiburg,Eintracht Frankfurt,2,2,2025-10-19,30280,2025,744897,0.041314058005809784,0,1,2,0.5104548931121826,0.5705753564834595,0.01880638115108013,7108
0,1,0.07674846798181534,85,FW,Eintracht Frankfurt,Bayern Munich,0,3,2025-10-04,30272,2025,742660,0.04049641266465187,0,2,0,0.07674846798181534,0.11724488437175751,0,7108
1,2,0.7710588574409485,75,FW,Borussia M.Gladbach,Eintracht Frankfurt,4,6,2025-09-27,30265,2025,740961,0,0,0,1,0.7710588574409485,1.6361362934112549,0.8650774359703064,7108
1,1,0.75777667760849,24,Sub,Eintracht Frankfurt,Union Berlin,3,4,2025-09-21,30257,2025,739386,0,0,0,0,0,0,0,7108
0,3,0.5952335596084595,88,FW,Bayer Leverkusen,Eintracht Frankfurt,3,1,2025-09-12,30242,2025,736423,0.022155601531267166,0,1,0,0.5952335596084595,0.5346058011054993,0,7108
0,4,1.4846729040145874,69,FW,Eintracht Frankfurt,Werder Bremen,4,1,2025-08-23,30228,2025,733144,0,0,0,0,1.4846729040145874,0.8448217511177063,0.36288249492645264,7108
1,5,1.1230556964874268,90,FW,Mainz 05,Bayer Leverkusen,2,2,2025-05-17,28045,2024,727886,0.04886816069483757,0,1,0,0.3652789890766144,0.41414713859558105,0,7108
1,7,0.45687177777290344,90,FW,Bochum,Mainz 05,1,4,2025-05-10,28037,2024,725609,0,0,0,1,0.45687177777290344,0.8333767056465149,0.40729913115501404,7108
1,3,0.7642186284065247,90,FW,Mainz 05,Eintracht Frankfurt,1,1,2025-05-04,28026,2024,725098,0,0,0,1,0.7642186284065247,0.8576210737228394,0.09340241551399231,7108
0,1,0.3994426131248474,89,FW,Bayern Munich,Mainz 05,3,0,2025-04-26,28014,2024,722484,0,0,0,0,0.3994426131248474,0.3994426131248474,0,7108
0,4,0.30069637298583984,90,FW,Mainz 05,Wolfsburg,2,2,2025-04-19,28009,2024,720277,0.46788525581359863,0,4,0,0.30069637298583984,0.39510610699653625,0,7108
0,5,0.9361985921859741,85,FW,Mainz 05,Holstein Kiel,1,1,2025-04-05,27990,2024,716646,0,0,0,0,0.9361985921859741,1.1241563558578491,0.31598636507987976,7108
0,1,0.08067042380571365,73,FW,Borussia Dortmund,Mainz 05,3,1,2025-03-30,27979,2024,715584,0.12907251715660095,0,2,0,0.08067042380571365,0.209742933511734,0,7108
1,3,0.7051486372947693,90,FW,Mainz 05,Freiburg,2,2,2025-03-15,27972,2024,712869,0,0,0,1,0.7051486372947693,1.0371023416519165,0.33195367455482483,7108
0,2,0.04566439241170883,73,FW,Borussia M.Gladbach,Mainz 05,1,3,2025-03-07,27965,2024,710877,0,0,0,0,0.04566439241170883,0.18296711146831512,0.1373027265071869,7108
1,3,0.2373713105916977,79,FW,RasenBallsport Leipzig,Mainz 05,1,2,2025-03-01,27950,2024,709760,0.4067992568016052,0,1,1,0.2373713105916977,0.6441705822944641,0,7108
0,1,0.03128523379564285,74,FW,Mainz 05,St. Pauli,2,0,2025-02-22,27946,2024,707709,0,0,0,0,0.03128523379564285,0.03128523379564285,0,7108
1,1,0.7212842702865601,62,FW,FC Heidenheim,Mainz 05,0,2,2025-02-16,27934,2024,707162,0.9438861012458801,1,2,1,0.7212842702865601,1.6651703119277954,0,7108
0,2,0.18811151385307312,16,Sub,Mainz 05,Augsburg,0,0,2025-02-08,27928,2024,704821,0,0,0,0,0.18811151385307312,0.18811151385307312,0,7108
0,0,0,2,FW,Bayer Leverkusen,Mainz 05,1,0,2025-01-14,27886,2024,699104,0,0,0,0,0,0,0,7108
2,3,1.3566358089447021,79,FW,Mainz 05,Bochum,2,0,2025-01-11,27883,2024,698175,0,0,0,2,1.3566358089447021,1.428675651550293,0.07203986495733261,7108
0,1,0.08351003378629684,14,FW,Mainz 05,Bayern Munich,2,1,2024-12-14,27864,2024,693550,0,0,0,0,0.08351003378629684,0.08351003378629684,0,7108
1,5,1.228236198425293,90,FW,Wolfsburg,Mainz 05,4,3,2024-12-08,27853,2024,692893,0.5516679286956787,1,1,1,1.228236198425293,1.7799041271209717,0,7108
2,3,0.827339768409729,90,FW,Mainz 05,Hoffenheim,2,0,2024-12-01,27847,2024,691053,0.06791658699512482,0,1,2,0.827339768409729,1.0031883716583252,0.1079319566488266,7108
1,4,1.0653436183929443,83,FW,Holstein Kiel,Mainz 05,0,3,2024-11-24,27840,2024,689120,0.2523353397846222,0,2,0,0.30756697058677673,0.5954222679138184,0.03551992401480675,7108
1,3,0.8542096018791199,90,FW,Mainz 05,Borussia Dortmund,3,1,2024-11-09,27828,2024,686489,0.12750059366226196,0,1,1,0.8542096018791199,1.5510189533233643,0.5693087577819824,7108
0,1,0.5655970573425293,46,FW,Freiburg,Mainz 05,0,0,2024-11-03,27819,2024,685604,0,0,0,0,0.5655970573425293,0,0,7108
0,0,0,19,FW,Mainz 05,Borussia M.Gladbach,1,1,2024-10-25,27810,2024,682539,0.009588669054210186,0,1,0,0,0.009588669054210186,0.009588669054210186,7108
0,2,0.09387685358524323,90,FW,Mainz 05,RasenBallsport Leipzig,0,2,2024-10-19,27802,2024,681140,0,0,0,0,0.09387685358524323,0.08276557922363281,0.02569437213242054,7108
2,2,0.7905574440956116,90,FW,St. Pauli,Mainz 05,0,3,2024-10-05,27793,2024,679846,0.07176972180604935,0,1,2,0.7905574440956116,0.8747431635856628,0.012415986508131027,7108
0,1,0.12631987035274506,90,FW,Mainz 05,FC Heidenheim,0,2,2024-09-28,27781,2024,677689,0,0,0,0,0.12631987035274506,0,0,7108
2,3,0.7604187726974487,90,FW,Augsburg,Mainz 05,2,3,2024-09-20,27769,2024,675143,0,0,0,2,0.7604187726974487,0.7604187726974487,0,7108
0,1,0.07324954122304916,90,FW,Mainz 05,Werder Bremen,1,2,2024-09-15,27768,2024,674652,0.11300574243068695,0,2,0,0.07324954122304916,0.19974222779273987,0.013486954383552074,7108
1,2,0.6548829674720764,90,FW,VfB Stuttgart,Mainz 05,3,3,2024-08-31,27755,2024,671624,0,0,0,1,0.6548829674720764,0.7090747952461243,0.05419181287288666,7108
0,3,1.0610442161560059,90,FW,Mainz 05,Union Berlin,1,1,2024-08-24,27747,2024,667766,0.03571845963597298,0,1,0,1.0610442161560059,0.6175967454910278,0.05287657305598259,7108
1,2,0.7046215534210205,90,FW,Wolfsburg,Mainz 05,1,3,2024-05-18,23366,2023,662641,0.02105807326734066,0,1,1,0.7046215534210205,1.2019709348678589,0.47629135847091675,7108
0,1,0.19501522183418274,90,FW,Mainz 05,Borussia Dortmund,3,0,2024-05-11,23356,2023,660848,0,0,0,0,0.19501522183418274,1.5031582117080688,1.5031582117080688,7108
1,3,0.41245201230049133,90,AMC,FC Heidenheim,Mainz 05,1,1,2024-05-05,23352,2023,659752,0.3233788311481476,0,1,1,0.41245201230049133,1.116822361946106,0.38099151849746704,7108
0,3,0.681218147277832,90,FW,Mainz 05,FC Cologne,1,1,2024-04-28,23339,2023,657833,0.14974240958690643,0,2,0,0.681218147277832,0.8403228521347046,0.07549305260181427,7108
1,5,0.8747715950012207,90,FW,Freiburg,Mainz 05,1,1,2024-04-21,23328,2023,655836,0.014856033027172089,0,1,1,0.8747715950012207,0.7377997040748596,0.12742123007774353,7108
1,6,0.5351921916007996,90,FW,Mainz 05,Hoffenheim,4,1,2024-04-13,23320,2023,653146,0.9986956715583801,1,2,1,0.5351921916007996,1.368856430053711,0,7108
0,1,0.09029792249202728,90,FW,Mainz 05,Darmstadt,4,0,2024-04-06,23313,2023,651595,0.477059006690979,1,1,0,0.09029792249202728,1.1847355365753174,0.6173786520957947,7108
0,2,0.10374431312084198,90,AMC,RasenBallsport Leipzig,Mainz 05,0,0,2024-03-30,23300,2023,649731,0.06342247873544693,0,1,0,0.10374431312084198,0.12080992013216019,0.025875665247440338,7108
2,5,1.9521663188934326,79,AMC,Mainz 05,Bochum,2,0,2024-03-16,23294,2023,648217,0,0,0,1,1.1943897008895874,0.5968356728553772,0,7108
0,0,0,72,FW,Bayern Munich,Mainz 05,8,1,2024-03-09,23281,2023,646617,0,0,0,0,0,0.05266836658120155,0.05266836658120155,7108
1,1,0.05468587949872017,90,FW,Mainz 05,Borussia M.Gladbach,1,1,2024-03-02,23275,2023,644759,0.03492714464664459,0,1,1,0.05468587949872017,0.39347970485687256,0.3038666844367981,7108
0,1,0.08172323554754257,90,AMC,VfB Stuttgart,Mainz 05,3,1,2024-02-11,23253,2023,640855,0.3389049172401428,0,1,0,0.08172323554754257,0.44818225502967834,0.02755410596728325,7108
1,4,0.2800784111022949,90,FWR,Mainz 05,Union Berlin,1,1,2024-02-07,23221,2023,641180,0,0,0,1,0.2800784111022949,0.030790481716394424,0,7108
0,1,0.014071010984480381,65,AML,Mainz 05,Werder Bremen,0,1,2024-02-03,23240,2023,638487,0.09320378303527832,0,3,0,0.014071010984480381,0.07798285037279129,0,7108
0,0,0,90,FW,Eintracht Frankfurt,Mainz 05,1,0,2024-01-26,23230,2023,636575,0,0,0,0,0,0,0,7108
0,2,0.1070232093334198,80,FW,Mainz 05,Wolfsburg,1,1,2024-01-13,23212,2023,634745,0,0,0,0,0.1070232093334198,0.16618086397647858,0.14290760457515717,7108
0,1,0.4805937111377716,20,Sub,Borussia Dortmund,Mainz 05,1,1,2023-12-19,23200,2023,631533,0,0,0,0,0.4805937111377716,0.4805937111377716,0,7108
0,2,0.09816744923591614,65,AMC,Mainz 05,FC Heidenheim,0,1,2023-12-16,23195,2023,630245,0,0,0,0,0.09816744923591614,0.032096877694129944,0.032096877694129944,7108
0,1,0.325464129447937,62,AMC,FC Cologne,Mainz 05,0,0,2023-12-10,23186,2023,629595,0,0,0,0,0.325464129447937,0.325464129447937,0,7108
0,0,0,18,Sub,Mainz 05,Freiburg,0,1,2023-12-03,23176,2023,627429,0,0,0,0,0,0,0,7108
0,0,0,13,Sub,Hoffenheim,Mainz 05,1,1,2023-11-26,23170,2023,625848,0,0,0,0,0,0,0,7108
1,3,1.420163631439209,50,FW,Manchester United,Liverpool,3,2,2026-05-03,29125,2025,787877,0,0,0,1,1.420163631439209,1.420163631439209,0,11974
1,1,0.7053220272064209,90,FW,Manchester United,Brentford,2,1,2026-04-27,29114,2025,786608,0.07259771972894669,0,1,1,0.7053220272064209,0.880833625793457,0.10291391611099243,11974
0,1,0.017024856060743332,85,FW,Chelsea,Manchester United,0,1,2026-04-18,29100,2025,783579,0,0,0,0,0.017024856060743332,0.0448237806558609,0.02779892459511757,11974
0,3,0.3654465973377228,90,FW,Manchester United,Leeds,1,2,2026-04-13,29088,2025,782808,0,0,0,0,0.3654465973377228,0.4341232478618622,0.06867664307355881,11974
0,0,0,18,Sub,Bournemouth,Manchester United,2,2,2026-03-20,29078,2025,778205,0,0,0,0,0,0,0,11974
1,2,0.5460672974586487,14,Sub,Manchester United,Aston Villa,3,1,2026-03-15,29074,2025,777441,0,0,0,1,0.5460672974586487,0.5460672974586487,0,11974
0,2,0.20015817880630493,90,FW,Newcastle United,Manchester United,2,1,2026-03-04,29065,2025,774842,0,0,0,0,0.20015817880630493,0.2885703146457672,0.08841212838888168,11974
1,4,0.535000205039978,78,FW,Manchester United,Crystal Palace,2,1,2026-03-01,29055,2025,773872,0,0,0,1,0.535000205039978,0.5606228113174438,0.025622600689530373,11974
1,1,0.4592024087905884,29,Sub,Everton,Manchester United,0,1,2026-02-23,29042,2025,772723,0,0,0,1,0.4592024087905884,0.4592024087905884,0,11974
1,2,0.10853695124387741,21,Sub,West Ham,Manchester United,1,1,2026-02-10,29037,2025,769817,0,0,0,1,0.10853695124387741,0.10853695124387741,0,11974
0,1,0.5697665214538574,10,Sub,Manchester United,Tottenham,2,0,2026-02-07,29025,2025,768380,0,0,0,0,0.5697665214538574,0.5697665214538574,0,11974
1,3,0.5445846915245056,13,Sub,Manchester United,Fulham,3,2,2026-02-01,29012,2025,767616,0,0,0,1,0.5445846915245056,0.5445846915245056,0,11974
0,0,0,7,Sub,Arsenal,Manchester United,2,3,2026-01-25,28999,2025,766423,0,0,0,0,0,0.020503200590610504,0.020503200590610504,11974
2,8,1.0651792287826538,90,FW,Burnley,Manchester United,2,2,2026-01-07,28982,2025,762466,0,0,0,2,1.0651792287826538,1.1155065298080444,0.050327274948358536,11974
0,3,0.949115514755249,90,FW,Leeds,Manchester United,1,1,2026-01-04,28976,2025,761433,0,0,0,0,0.949115514755249,1.089751958847046,0.14063644409179688,11974
0,6,0.772260308265686,90,FW,Manchester United,Wolverhampton Wanderers,1,1,2025-12-30,28964,2025,760658,0,0,0,0,0.772260308265686,0.5749287009239197,0.1848946064710617,11974
0,2,0.1925712525844574,63,FW,Manchester United,Newcastle United,1,0,2025-12-26,28954,2025,759900,0.04038972780108452,0,1,0,0.1925712525844574,0.3005419969558716,0.06758102029561996,11974
0,1,0.2918715476989746,77,FW,Aston Villa,Manchester United,2,1,2025-12-21,28939,2025,759663,0,0,0,0,0.2918715476989746,0.2918715476989746,0,11974
0,0,0,16,Sub,Manchester United,Bournemouth,4,4,2025-12-15,28934,2025,758673,0,0,0,0,0,0.45190194249153137,0.45190194249153137,11974
0,0,0,31,Sub,Tottenham,Manchester United,2,2,2025-11-08,28886,2025,749882,0,0,0,0,0,0.13385501503944397,0.13385501503944397,11974
0,3,0.19234342873096466,90,FW,Nottingham Forest,Manchester United,2,2,2025-11-01,28874,2025,748424,0,0,0,0,0.19234342873096466,0.19234342873096466,0,11974
0,2,0.41202399134635925,83,FW,Manchester United,Brighton,4,2,2025-10-25,28865,2025,746094,0.10491649806499481,1,1,0,0.41202399134635925,0.5169405341148376,0,11974
0,1,0.009385992772877216,25,Sub,Liverpool,Manchester United,1,2,2025-10-19,28852,2025,745086,0.08052407950162888,0,1,0,0.009385992772877216,0.08052407950162888,0.08052407950162888,11974
1,1,0.6503399610519409,90,FW,Manchester United,Sunderland,2,0,2025-10-04,28845,2025,742438,0.1534883826971054,0,2,1,0.6503399610519409,0.9251574277877808,0.12132905423641205,11974
1,6,2.166334629058838,90,FW,Brentford,Manchester United,3,1,2025-09-27,28828,2025,740368,0.05628003180027008,0,1,1,2.166334629058838,2.1905226707458496,0,11974
0,0,0,56,FW,Manchester United,Chelsea,2,1,2025-09-20,28824,2025,738843,0,0,0,0,0,0,0,11974
0,1,0.03495940566062927,81,FW,Manchester City,Manchester United,3,0,2025-09-14,28817,2025,737833,0,0,0,0,0.03495940566062927,0.03495940566062927,0,11974
0,2,0.21974478662014008,10,Sub,Manchester United,Burnley,3,2,2025-08-30,28802,2025,735109,0,0,0,0,0.21974478662014008,0.21974478662014008,0,11974
0,0,0,35,Sub,Fulham,Manchester United,1,1,2025-08-24,28796,2025,734100,0,0,0,0,0,0,0,11974
0,2,0.0767245814204216,24,Sub,Manchester United,Arsenal,0,1,2025-08-17,28786,2025,732464,0.08954121917486191,0,2,0,0.0767245814204216,0.23080536723136902,0.06453955918550491,11974
0,0,0,2,Sub,RasenBallsport Leipzig,VfB Stuttgart,2,3,2025-05-17,28039,2024,727799,0,0,0,0,0,0,0,11974
0,1,0.013771359808743,73,FW,Werder Bremen,RasenBallsport Leipzig,0,0,2025-05-10,28034,2024,725672,0,0,0,0,0.013771359808743,0.05483600124716759,0.04106464236974716,11974
1,2,0.48159292340278625,71,FW,RasenBallsport Leipzig,Bayern Munich,3,3,2025-05-03,28021,2024,724023,0.059262923896312714,0,1,1,0.48159292340278625,0.540855884552002,0,11974
0,1,0.019394585862755775,79,FW,Eintracht Frankfurt,RasenBallsport Leipzig,4,0,2025-04-26,28015,2024,722793,0,0,0,0,0.019394585862755775,0.03500966727733612,0.015615079551935196,11974
1,3,1.2997651100158691,90,FW,RasenBallsport Leipzig,Holstein Kiel,1,1,2025-04-19,28003,2024,720214,0.04943206533789635,0,1,0,0.5419884920120239,0.5478888154029846,0.04943206533789635,11974
0,5,0.39307746291160583,90,FW,Wolfsburg,RasenBallsport Leipzig,2,3,2025-04-11,27999,2024,718181,0.016250794753432274,0,1,0,0.39307746291160583,0.4724918603897095,0.11048003286123276,11974
1,3,0.12129753082990646,90,FW,RasenBallsport Leipzig,Hoffenheim,3,1,2025-04-05,27985,2024,716771,0,0,0,1,0.12129753082990646,0.030273234471678734,0,11974
0,0,0,24,Sub,Borussia M.Gladbach,RasenBallsport Leipzig,1,0,2025-03-29,27980,2024,714866,0.04999380558729172,0,1,0,0,0.04999380558729172,0,11974
0,3,0.6213542222976685,90,AMC,RasenBallsport Leipzig,Borussia Dortmund,2,0,2025-03-15,27968,2024,713265,0.667897641658783,1,2,0,0.6213542222976685,1.367181420326233,0.0779295563697815,11974
0,4,0.25563398003578186,79,FW,Freiburg,RasenBallsport Leipzig,0,0,2025-03-08,27963,2024,711592,0.09253227710723877,0,1,0,0.25563398003578186,0.4773389995098114,0.16148285567760468,11974
0,5,0.3855557441711426,90,FW,RasenBallsport Leipzig,Mainz 05,1,2,2025-03-01,27950,2024,709744,0,0,0,0,0.3855557441711426,0.8003845810890198,0.4481292963027954,11974
1,5,0.8568141460418701,90,FW,RasenBallsport Leipzig,FC Heidenheim,2,2,2025-02-23,27941,2024,708419,0.269309401512146,1,3,0,0.09903748333454132,0.45605194568634033,0.12208399921655655,11974
0,1,0.581829309463501,83,FW,Augsburg,RasenBallsport Leipzig,0,0,2025-02-14,27936,2024,705802,0.04655275121331215,0,1,0,0.581829309463501,0.7719355225563049,0.1435534805059433,11974
1,1,0.40056368708610535,74,FW,RasenBallsport Leipzig,St. Pauli,2,0,2025-02-09,27923,2024,705283,0.3975954055786133,1,1,1,0.40056368708610535,0.798159122467041,0.3975954055786133,11974
0,2,0.07548487186431885,90,FW,Union Berlin,RasenBallsport Leipzig,0,0,2025-02-01,27913,2024,703628,0,0,0,0,0.07548487186431885,0.10187318176031113,0.0831768661737442,11974
0,1,0.27982473373413086,90,FW,RasenBallsport Leipzig,Bayer Leverkusen,2,2,2025-01-25,27904,2024,701354,0,0,0,0,0.27982473373413086,0.06252913177013397,0.06252913177013397,11974
1,2,0.4424597918987274,88,FW,VfB Stuttgart,RasenBallsport Leipzig,2,1,2025-01-15,27887,2024,699500,0,0,0,1,0.4424597918987274,0.4424597918987274,0,11974
1,3,0.14110688865184784,89,FW,RasenBallsport Leipzig,Werder Bremen,4,2,2025-01-12,27877,2024,698632,0.29906338453292847,0,1,1,0.14110688865184784,0.5323861837387085,0.09221590310335159,11974
1,1,0.35109347105026245,76,FW,Bayern Munich,RasenBallsport Leipzig,5,1,2024-12-20,27870,2024,694947,0.08213316649198532,0,1,1,0.35109347105026245,0.43322664499282837,0,11974
1,3,0.8724398016929626,90,FW,RasenBallsport Leipzig,Eintracht Frankfurt,2,1,2024-12-15,27859,2024,694657,0.10041166096925735,0,1,1,0.8724398016929626,1.0854926109313965,0.2130528837442398,11974
1,3,0.21219541132450104,64,FW,Holstein Kiel,RasenBallsport Leipzig,0,2,2024-12-07,27856,2024,692155,0,0,0,1,0.21219541132450104,0.21219541132450104,0,11974
0,1,0.2825711667537689,71,FW,RasenBallsport Leipzig,Wolfsburg,1,5,2024-11-30,27841,2024,689844,0,0,0,0,0.2825711667537689,0,0,11974
0,1,0.1083703488111496,61,AMC,Hoffenheim,RasenBallsport Leipzig,4,3,2024-11-23,27837,2024,688225,0,0,0,0,0.1083703488111496,0.16938355565071106,0.061013199388980865,11974
0,0,0,22,Sub,RasenBallsport Leipzig,Borussia M.Gladbach,0,0,2024-11-09,27824,2024,686921,0,0,0,0,0,0.030268613249063492,0.030268613249063492,11974
1,2,0.09758640825748444,74,FW,Borussia Dortmund,RasenBallsport Leipzig,2,1,2024-11-02,27816,2024,685196,0.01941194012761116,0,1,1,0.09758640825748444,0.1169983446598053,0,11974
0,2,0.3525434732437134,66,FW,RasenBallsport Leipzig,Freiburg,3,1,2024-10-26,27806,2024,682876,0,0,0,0,0.3525434732437134,0.6590918898582458,0.34021762013435364,11974
0,3,0.7113902568817139,75,AMC,Mainz 05,RasenBallsport Leipzig,0,2,2024-10-19,27802,2024,681154,0,0,0,0,0.7113902568817139,0.7113902568817139,0,11974
0,3,0.22887344658374786,76,FW,FC Heidenheim,RasenBallsport Leipzig,0,1,2024-10-06,27788,2024,680288,0,0,0,0,0.22887344658374786,1.1307185888290405,0.9018451571464539,11974
2,3,0.5186488032341003,86,FW,RasenBallsport Leipzig,Augsburg,4,0,2024-09-28,27783,2024,677626,0.05781930685043335,1,1,2,0.5186488032341003,0.6933375597000122,0.1168694943189621,11974
0,1,0.06690413504838943,75,FW,St. Pauli,RasenBallsport Leipzig,0,0,2024-09-22,27777,2024,676735,0,0,0,0,0.06690413504838943,0.37242311239242554,0.3055189847946167,11974
0,1,0.022154947742819786,66,AMC,RasenBallsport Leipzig,Union Berlin,0,0,2024-09-14,27763,2024,673554,0,0,0,0,0.022154947742819786,0.12358114868402481,0.10142619907855988,11974
0,1,0.5654087662696838,74,AMC,Bayer Leverkusen,RasenBallsport Leipzig,2,3,2024-08-31,27757,2024,671994,0.3341667652130127,1,2,0,0.5654087662696838,1.3787329196929932,0.479157418012619,11974
0,1,0.08341822773218155,78,FW,RasenBallsport Leipzig,Bochum,1,0,2024-08-24,27743,2024,667893,0,0,0,0,0.08341822773218155,0.19786906242370605,0.19786906242370605,11974
1,3,0.17471398413181305,90,FW,Eintracht Frankfurt,RasenBallsport Leipzig,2,2,2024-05-18,23365,2023,662609,0,0,0,1,0.17471398413181305,0.14965258538722992,0,11974
1,1,0.05575412139296532,41,Sub,RasenBallsport Leipzig,Werder Bremen,1,1,2024-05-11,23354,2023,660486,0,0,0,1,0.05575412139296532,0.0813983902335167,0.025644266977906227,11974
1,2,0.3181056082248688,61,FW,Hoffenheim,RasenBallsport Leipzig,1,1,2024-05-03,23349,2023,658458,0,0,0,1,0.3181056082248688,0.876731812953949,0.5586261749267578,11974
1,1,0.43856775760650635,75,FW,RasenBallsport Leipzig,Borussia Dortmund,4,1,2024-04-27,23336,2023,656871,0.06625630706548691,0,2,1,0.43856775760650635,0.06625630706548691,0,11974
1,3,0.3288866877555847,82,FW,FC Heidenheim,RasenBallsport Leipzig,1,2,2024-04-20,23334,2023,654696,0.0346962995827198,0,1,1,0.3288866877555847,0.3635829985141754,0.18926189839839935,11974
1,3,0.37768298387527466,79,FW,RasenBallsport Leipzig,Wolfsburg,3,0,2024-04-13,23318,2023,653113,0,0,0,1,0.37768298387527466,0.37768298387527466,0,11974
1,1,0.8880771398544312,90,FW,Freiburg,RasenBallsport Leipzig,1,4,2024-04-06,23310,2023,651672,0.12637968361377716,0,1,1,0.8880771398544312,1.0819069147109985,0.06745009869337082,11974
0,2,0.6320769786834717,19,Sub,RasenBallsport Leipzig,Mainz 05,0,0,2024-03-30,23300,2023,649720,0,0,0,0,0.6320769786834717,0.5262924432754517,0,11974
0,2,0.5221526026725769,78,FW,FC Cologne,RasenBallsport Leipzig,1,5,2024-03-15,23295,2023,647949,0.3368058204650879,1,1,0,0.5221526026725769,2.2811572551727295,1.4653222560882568,11974
0,1,0.14839644730091095,10,Sub,RasenBallsport Leipzig,Darmstadt,2,0,2024-03-09,23282,2023,646573,0.03381121903657913,0,1,0,0.14839644730091095,0.18220765888690948,0.03381121903657913,11974
0,1,0.05280707776546478,69,FW,Bochum,RasenBallsport Leipzig,1,4,2024-03-02,23278,2023,644743,0.05531594157218933,1,1,0,0.05280707776546478,0.10812301933765411,0,11974
1,3,0.24041421711444855,90,FW,Bayern Munich,RasenBallsport Leipzig,2,1,2024-02-24,23271,2023,643477,0,0,0,1,0.24041421711444855,0.24041421711444855,0,11974
0,1,0.1319858729839325,19,Sub,RasenBallsport Leipzig,Borussia M.Gladbach,2,0,2024-02-17,23254,2023,642016,0,0,0,0,0.1319858729839325,0.1319858729839325,0,11974
1,1,0.12251009792089462,76,FW,Augsburg,RasenBallsport Leipzig,2,2,2024-02-10,23251,2023,640015,0,0,0,1,0.12251009792089462,0.4137226641178131,0.2912125587463379,11974
1,3,0.46589910984039307,90,FW,RasenBallsport Leipzig,Union Berlin,2,0,2024-02-04,23237,2023,639381,0.07622285187244415,0,1,1,0.46589910984039307,0.18247313797473907,0.05974013730883598,11974
1,1,0.43443942070007324,90,FW,VfB Stuttgart,RasenBallsport Leipzig,5,2,2024-01-27,23235,2023,636823,0,0,0,1,0.43443942070007324,0,0,11974
0,3,0.7396472692489624,78,FW,RasenBallsport Leipzig,Bayer Leverkusen,2,3,2024-01-20,23219,2023,636008,0,0,0,0,0.7396472692489624,0.803094208240509,0.06344691663980484,11974
0,2,0.48227983713150024,70,FW,RasenBallsport Leipzig,Eintracht Frankfurt,0,1,2024-01-13,23210,2023,634804,0.05830550938844681,0,1,0,0.48227983713150024,0.6489099860191345,0.10832466185092926,11974
0,0,0,10,Sub,Werder Bremen,RasenBallsport Leipzig,1,1,2023-12-19,23206,2023,631472,0,0,0,0,0,0.043268922716379166,0.043268922716379166,11974
0,1,0.13693250715732574,4,Sub,RasenBallsport Leipzig,Hoffenheim,3,1,2023-12-16,23192,2023,630433,0,0,0,0,0.13693250715732574,0.13693250715732574,0,11974
0,1,0.40226033329963684,8,Sub,Borussia Dortmund,RasenBallsport Leipzig,2,3,2023-12-09,23182,2023,629017,0,0,0,0,0.40226033329963684,0.8501091003417969,0.44784876704216003,11974
0,0,0,10,Sub,RasenBallsport Leipzig,FC Heidenheim,2,1,2023-12-02,23174,2023,626605,0,0,0,0,0,0.37526872754096985,0.37526872754096985,11974
0,1,0.04337715730071068,69,FW,RasenBallsport Leipzig,Freiburg,3,1,2023-11-12,23156,2023,624299,0.0869523137807846,0,2,0,0.04337715730071068,0.47190311551094055,0.38495081663131714,11974
0,0,0,19,Sub,Mainz 05,RasenBallsport Leipzig,2,0,2023-11-04,23150,2023,621398,0,0,0,0,0,0.057327788323163986,0.057327788323163986,11974
1,2,0.5331257581710815,11,Sub,RasenBallsport Leipzig,FC Cologne,6,0,2023-10-28,23138,2023,620062,0,0,0,1,0.5331257581710815,0.09347500652074814,0,11974
0,3,0.11183534562587738,59,FW,RasenBallsport Leipzig,Bochum,0,0,2023-10-07,23121,2023,616316,0,0,0,0,0.11183534562587738,0.2583092749118805,0.1464739441871643,11974
0,0,0,15,Sub,RasenBallsport Leipzig,Bayern Munich,2,2,2023-09-30,23116,2023,614946,0,0,0,0,0,0,0,11974
0,1,0.08230649679899216,71,FW,Borussia M.Gladbach,RasenBallsport Leipzig,0,1,2023-09-23,23103,2023,612081,0,0,0,0,0.08230649679899216,0.08230649679899216,0,11974
0,1,0.017543865367770195,22,Sub,RasenBallsport Leipzig,Augsburg,3,0,2023-09-16,23093,2023,610320,0,0,0,0,0.017543865367770195,0.057259269058704376,0.03971540182828903,11974
2,2,0.6079687476158142,14,Sub,Union Berlin,RasenBallsport Leipzig,0,3,2023-09-03,23091,2023,609642,0.042274147272109985,0,1,2,0.6079687476158142,0.7115077972412109,0.4450378715991974,11974
0,1,0.10649202764034271,4,Sub,RasenBallsport Leipzig,VfB Stuttgart,5,1,2023-08-25,23074,2023,606535,0,0,0,0,0.10649202764034271,0.10649202764034271,0,11974
0,1,0.13398903608322144,26,Sub,Bayern Munich,FC Cologne,5,1,2026-05-16,30522,2025,790825,0,0,0,0,0.13398903608322144,0.21332402527332306,0.07933497428894043,9948
1,3,0.14332902431488037,90,AMR,Wolfsburg,Bayern Munich,0,1,2026-05-09,30520,2025,789008,0.04701198264956474,0,1,1,0.14332902431488037,0.5608094930648804,0.41748046875,9948
1,4,0.08237961679697037,41,Sub,Bayern Munich,FC Heidenheim,3,3,2026-05-02,30504,2025,787013,0.6329536437988281,1,3,1,0.08237961679697037,0.6189456582069397,0.5067594647407532,9948
1,1,0.024576589465141296,40,Sub,Mainz 05,Bayern Munich,3,4,2026-04-25,30499,2025,785374,0,0,0,1,0.024576589465141296,0.3388746380805969,0.31429803371429443,9948
0,4,0.44848519563674927,41,Sub,Bayern Munich,VfB Stuttgart,4,2,2026-04-19,30486,2025,784026,0.893214762210846,0,3,0,0.44848519563674927,1.3626705408096313,0.12365460395812988,9948
1,2,0.4326786398887634,60,AMR,St. Pauli,Bayern Munich,0,5,2026-04-11,30482,2025,781890,0,0,0,1,0.4326786398887634,0.9842900633811951,0.5516114234924316,9948
0,3,0.4377060532569885,32,Sub,Freiburg,Bayern Munich,2,3,2026-04-04,30470,2025,780073,0.03639575466513634,1,1,0,0.4377060532569885,0.5282020568847656,0.09049596637487411,9948
1,6,1.1761361360549927,90,AMR,Bayern Munich,Union Berlin,4,0,2026-03-21,30459,2025,778463,0.5819858312606812,0,5,1,1.1761361360549927,2.5917186737060547,1.445268154144287,9948
0,2,0.16406230628490448,90,AMR,Bayer Leverkusen,Bayern Munich,1,1,2026-03-14,30449,2025,776711,0.8584102392196655,1,4,0,0.16406230628490448,1.1483571529388428,0.3302319645881653,9948
0,3,0.11324810981750488,90,AMR,Borussia Dortmund,Bayern Munich,2,3,2026-02-28,30434,2025,773538,0.19465352594852448,0,3,0,0.11324810981750488,0.3932506740093231,0.08534903079271317,9948
0,6,0.43241700530052185,90,AMR,Bayern Munich,Eintracht Frankfurt,3,2,2026-02-21,30422,2025,771569,0.9107580184936523,0,4,0,0.43241700530052185,1.6350138187408447,0.390328049659729,9948
0,1,0.02706538699567318,67,AMR,Bayern Munich,Hoffenheim,5,1,2026-02-08,30404,2025,769397,0.7733607888221741,1,4,0,0.02706538699567318,1.6025216579437256,1.3903180360794067,9948
0,1,0.2713690996170044,90,AMR,Hamburger SV,Bayern Munich,2,2,2026-01-31,30399,2025,767374,0.4782765209674835,1,1,0,0.2713690996170044,1.2849936485290527,1.2849936485290527,9948
0,2,0.03695502504706383,90,AMR,Bayern Munich,Augsburg,1,2,2026-01-24,30387,2025,765541,0.6598027944564819,1,2,0,0.03695502504706383,0.5837136507034302,0.4562138617038727,9948
1,3,0.3654552698135376,30,Sub,RasenBallsport Leipzig,Bayern Munich,1,5,2026-01-17,30382,2025,764516,1.738266110420227,3,4,1,0.3654552698135376,2.094838857650757,0.06283938139677048,9948
0,3,0.2135397046804428,90,AMR,FC Cologne,Bayern Munich,1,3,2026-01-14,30370,2025,763621,0.0967877209186554,1,2,0,0.2135397046804428,0.3043336868286133,0.09265114367008209,9948
2,5,0.8391338586807251,86,AMR,Bayern Munich,Wolfsburg,8,1,2026-01-11,30360,2025,763229,1.7727879285812378,1,4,2,0.8391338586807251,2.6283271312713623,0.10908814519643784,9948
1,3,0.36568769812583923,90,AMR,FC Heidenheim,Bayern Munich,0,4,2025-12-21,30354,2025,759691,0.5691472887992859,0,4,1,0.36568769812583923,1.451989769935608,0.9300946593284607,9948
0,1,0.030977319926023483,90,AMR,Bayern Munich,Mainz 05,2,2,2025-12-14,30342,2025,758483,1.0827858448028564,0,5,0,0.030977319926023483,1.9681997299194336,0.8544366359710693,9948
0,4,0.58772212266922,90,AMR,VfB Stuttgart,Bayern Munich,0,5,2025-12-06,30332,2025,755899,1.6309254169464111,2,3,0,0.58772212266922,2.2916617393493652,0.1970864087343216,9948
0,0,0,42,Sub,Bayern Munich,St. Pauli,3,1,2025-11-29,30324,2025,753639,0.16774074733257294,0,2,0,0,0.6020466089248657,0.4903002679347992,9948
2,8,0.44976067543029785,90,AMR,Bayern Munich,Freiburg,6,2,2025-11-22,30315,2025,751903,1.6289764642715454,3,6,2,0.44976067543029785,2.3318707942962646,0.7984978556632996,9948
0,3,0.287511944770813,90,AMR,Union Berlin,Bayern Munich,2,2,2025-11-08,30312,2025,750060,0,0,0,0,0.287511944770813,0.30005547404289246,0.056357406079769135,9948
0,3,0.17765741050243378,29,Sub,Bayern Munich,Bayer Leverkusen,3,0,2025-11-01,30297,2025,748654,0.09059534221887589,0,1,0,0.17765741050243378,0.22221679985523224,0.09059534221887589,9948
0,3,0.24616366624832153,90,AMR,Borussia M.Gladbach,Bayern Munich,0,3,2025-10-25,30289,2025,745887,0.6540830135345459,1,4,0,0.24616366624832153,1.226483702659607,0.3584232032299042,9948
1,5,1.248194932937622,90,AMR,Bayern Munich,Borussia Dortmund,2,1,2025-10-18,30278,2025,744442,0.5652876496315002,0,3,1,1.248194932937622,1.8262066841125488,0.01272410899400711,9948
0,0,0,90,AMR,Eintracht Frankfurt,Bayern Munich,0,3,2025-10-04,30272,2025,742673,0.042645059525966644,0,2,0,0,0.13531358540058136,0.13531358540058136,9948
0,5,0.5952722430229187,81,AMR,Bayern Munich,Werder Bremen,4,0,2025-09-26,30260,2025,740222,0.406901478767395,1,4,0,0.5952722430229187,1.769405722618103,1.3547720909118652,9948
0,1,0.12616683542728424,23,Sub,Hoffenheim,Bayern Munich,1,4,2025-09-20,30255,2025,738491,0,0,0,0,0.12616683542728424,0.16390441358089447,0.16390441358089447,9948
0,5,0.34542131423950195,90,AMR,Bayern Munich,Hamburger SV,5,0,2025-09-13,30248,2025,737215,0.34382808208465576,1,1,0,0.34542131423950195,1.8238368034362793,1.1986855268478394,9948
1,6,1.084267258644104,90,AMR,Augsburg,Bayern Munich,2,3,2025-08-30,30238,2025,735335,0.1694425344467163,0,2,1,1.084267258644104,2.438598155975342,1.184888243675232,9948
2,5,0.6583802103996277,90,AMR,Bayern Munich,RasenBallsport Leipzig,6,0,2025-08-22,30224,2025,732832,0.017178764566779137,0,1,2,0.6583802103996277,1.582665205001831,1.4160082340240479,9948
1,3,0.16515150666236877,90,AMR,Hoffenheim,Bayern Munich,0,4,2025-05-17,28041,2024,727744,0.42161664366722107,1,3,1,0.16515150666236877,1.1609655618667603,0.6314364075660706,9948
1,4,0.5819995403289795,90,AMR,Bayern Munich,Borussia M.Gladbach,2,0,2025-05-10,28032,2024,726027,0.8052384853363037,1,7,1,0.5819995403289795,1.8053184747695923,0.5050899386405945,9948
1,4,0.19136635959148407,90,MR,RasenBallsport Leipzig,Bayern Munich,3,3,2025-05-03,28021,2024,724034,0.6137664914131165,1,2,1,0.19136635959148407,0.36736175417900085,0.22731845080852509,9948
1,3,0.21793490648269653,90,AMC,Bayern Munich,Mainz 05,3,0,2025-04-26,28014,2024,722465,0.8173593878746033,1,3,1,0.21793490648269653,0.6721019148826599,0.15052980184555054,9948
0,3,0.8469064831733704,75,AMR,FC Heidenheim,Bayern Munich,0,4,2025-04-19,28005,2024,720259,0.46292898058891296,1,5,0,0.8469064831733704,2.0875327587127686,0.9418110251426697,9948
0,5,0.7265764474868774,90,AMR,Bayern Munich,Borussia Dortmund,2,2,2025-04-12,27996,2024,718848,0.406571626663208,0,5,0,0.7265764474868774,1.403593897819519,0.29869648814201355,9948
0,4,0.2488100677728653,69,AMR,Augsburg,Bayern Munich,1,3,2025-04-04,27989,2024,716349,0.49344703555107117,1,1,0,0.2488100677728653,0.27010828256607056,0.13323050737380981,9948
0,2,0.16328442096710205,90,AMR,Bayern Munich,St. Pauli,3,2,2025-03-29,27977,2024,714812,1.4862215518951416,2,5,0,0.16328442096710205,2.1912317276000977,1.1800920963287354,9948
0,4,0.15731501579284668,83,AMR,Union Berlin,Bayern Munich,1,1,2025-03-15,27973,2024,712853,0.9974008202552795,0,3,0,0.15731501579284668,1.353001594543457,0.47700080275535583,9948
0,1,0.05759011209011078,24,Sub,Bayern Munich,Bochum,2,3,2025-03-08,27959,2024,711142,0.4071582555770874,0,3,0,0.05759011209011078,0.3910747766494751,0,9948
1,2,0.5565739274024963,90,AMR,VfB Stuttgart,Bayern Munich,1,3,2025-02-28,27949,2024,709381,0.2909494638442993,0,4,1,0.5565739274024963,0.7565678954124451,0.12694798409938812,9948
1,4,1.5605586767196655,90,AMR,Bayern Munich,Eintracht Frankfurt,4,0,2025-02-23,27940,2024,708664,0.7656541466712952,0,3,1,1.5605586767196655,2.6416585445404053,1.904983639717102,9948
0,0,0,70,AMR,Bayer Leverkusen,Bayern Munich,0,0,2025-02-15,27931,2024,706473,0,0,0,0,0,0,0,9948
0,4,0.28530070185661316,90,AMR,Bayern Munich,Werder Bremen,3,0,2025-02-07,27922,2024,704536,0.6559773683547974,0,2,0,0.28530070185661316,0.9633752703666687,0.18114477396011353,9948
0,2,0.13414494693279266,49,AMR,Bayern Munich,Holstein Kiel,4,3,2025-02-01,27918,2024,703207,0.5182810425758362,1,3,0,0.13414494693279266,0.662125825881958,0.5930563807487488,9948
0,0,0,26,Sub,Freiburg,Bayern Munich,1,2,2025-01-25,27912,2024,701309,0,0,0,0,0,0,0,9948
1,3,0.11035123467445374,90,AMC,Bayern Munich,Wolfsburg,3,2,2025-01-18,27897,2024,699939,0.5384894013404846,1,4,1,0.11035123467445374,1.0446175336837769,0.8805006146430969,9948
0,2,0.19684676826000214,19,Sub,Bayern Munich,Hoffenheim,5,0,2025-01-15,27888,2024,699327,0.06824460625648499,0,1,0,0.19684676826000214,0.2881644666194916,0.09131769090890884,9948
0,4,0.24393659830093384,90,AMR,Borussia M.Gladbach,Bayern Munich,0,1,2025-01-11,27884,2024,698373,0.5867412686347961,0,4,0,0.24393659830093384,1.3236706256866455,0.591364324092865,9948
0,2,0.21863694489002228,84,AMR,Bayern Munich,RasenBallsport Leipzig,5,1,2024-12-20,27870,2024,694928,0.6984619498252869,1,5,0,0.21863694489002228,2.0119130611419678,1.3046338558197021,9948
0,3,0.24470359086990356,90,AMR,Mainz 05,Bayern Munich,2,1,2024-12-14,27864,2024,693561,0.1492508053779602,0,4,0,0.24470359086990356,0.3686034083366394,0,9948
0,1,0.5552218556404114,71,AMR,Bayern Munich,FC Heidenheim,4,2,2024-12-07,27857,2024,692042,0.603400707244873,1,4,0,0.5552218556404114,1.473644733428955,0.31502217054367065,9948
0,0,0,7,Sub,Borussia Dortmund,Bayern Munich,1,1,2024-11-30,27842,2024,690324,0.3804202377796173,1,2,0,0,0.019836686551570892,0,9948
0,3,0.11181634664535522,79,AMR,Bayern Munich,Augsburg,3,0,2024-11-22,27834,2024,687928,0.07491111010313034,0,1,0,0.11181634664535522,0.33205047249794006,0.21806921064853668,9948
0,0,0,7,Sub,St. Pauli,Bayern Munich,0,1,2024-11-09,27831,2024,686475,0,0,0,0,0,0.8000075221061707,0.8000075221061707,9948
0,2,0.07646764814853668,72,AMR,Bayern Munich,Union Berlin,3,0,2024-11-02,27815,2024,684784,0.04638829454779625,0,1,0,0.07646764814853668,0.2649710178375244,0.14211507141590118,9948
1,3,0.235747829079628,63,AMR,Bochum,Bayern Munich,0,5,2024-10-27,27812,2024,683870,0,0,0,1,0.235747829079628,0.6721368432044983,0.5344061851501465,9948
0,2,0.10473781079053879,69,AMR,Bayern Munich,VfB Stuttgart,4,0,2024-10-19,27797,2024,681630,0,0,0,0,0.10473781079053879,1.4027719497680664,1.3514384031295776,9948
1,6,0.6544288396835327,90,AMR,Eintracht Frankfurt,Bayern Munich,3,3,2024-10-06,27787,2024,680471,0,0,0,1,0.6544288396835327,0.6898153424263,0.09355204552412033,9948
0,3,0.5146434307098389,78,AMR,Bayern Munich,Bayer Leverkusen,1,1,2024-09-28,27784,2024,678117,0,0,0,0,0.5146434307098389,0.2014317512512207,0.17457477748394012,9948
2,2,0.5403935313224792,71,AMR,Werder Bremen,Bayern Munich,0,5,2024-09-21,27773,2024,675392,1.2437231540679932,2,7,2,0.5403935313224792,2.0147321224212646,0.4240821301937103,9948
1,2,0.09904472529888153,43,Sub,Holstein Kiel,Bayern Munich,1,6,2024-09-14,27766,2024,674016,0.075014628469944,0,1,1,0.09904472529888153,0.2091737687587738,0.11012905091047287,9948
0,2,0.16723886132240295,63,MC,Bayern Munich,Freiburg,2,0,2024-09-01,27759,2024,672775,0.0526578351855278,0,1,0,0.16723886132240295,0.2528919577598572,0.03299524635076523,9948
0,1,0.06047865375876427,78,AMR,Wolfsburg,Bayern Munich,2,3,2024-08-25,27749,2024,668785,0.6268867254257202,0,5,0,0.06047865375876427,1.036605715751648,0.7324164509773254,9948
0,6,0.5524482727050781,90,AMC,Crystal Palace,Aston Villa,5,0,2024-05-19,22270,2023,663088,0.3927852511405945,1,1,0,0.5524482727050781,1.4927637577056885,0.5475302934646606,9948
1,2,0.3240227699279785,90,AMC,Wolverhampton Wanderers,Crystal Palace,1,3,2024-05-11,22264,2023,660587,0.358915239572525,1,2,1,0.3240227699279785,0.9382508993148804,0.25531286001205444,9948
2,6,0.4861536920070648,88,AMC,Crystal Palace,Manchester United,4,0,2024-05-06,22250,2023,660044,0.106294184923172,0,2,2,0.4861536920070648,0.7414107918739319,0.2552570700645447,9948
0,5,0.4299505949020386,90,AMC,Fulham,Crystal Palace,1,1,2024-04-27,22238,2023,656970,0.14061106741428375,0,3,0,0.4299505949020386,0.8532648086547852,0.4501647651195526,9948
0,1,0.051356926560401917,16,Sub,Crystal Palace,Newcastle United,2,0,2024-04-24,22178,2023,656347,0.036514151841402054,0,1,0,0.051356926560401917,0,0,9948
1,4,0.5910210609436035,75,AMC,Crystal Palace,West Ham,5,2,2024-04-21,22227,2023,655509,0.8264375329017639,1,2,1,0.5910210609436035,1.8302421569824219,0.8849008679389954,9948
0,2,0.1363804191350937,70,FWR,Liverpool,Crystal Palace,0,1,2024-04-14,22220,2023,653831,0.09205175191164017,0,1,0,0.1363804191350937,0.6301940679550171,0.4410674273967743,9948
0,0,0,13,Sub,Crystal Palace,Manchester City,2,4,2024-04-06,22207,2023,651440,0.35724076628685,0,2,0,0,0.312286913394928,0,9948
0,0,0,10,Sub,Brighton,Crystal Palace,4,1,2024-02-03,22118,2023,638569,0,0,0,0,0,0,0,9948
1,4,0.14085260033607483,74,FWR,Crystal Palace,Sheffield United,3,2,2024-01-30,22112,2023,637844,0.6279853582382202,2,2,1,0.14085260033607483,0.7447376251220703,0,9948
2,6,0.8409315943717957,90,FWR,Crystal Palace,Brentford,3,1,2023-12-30,22086,2023,633554,0.1908169984817505,0,2,2,0.8409315943717957,1.437672734260559,0.624090313911438,9948
1,6,0.6209186315536499,90,FWR,Chelsea,Crystal Palace,2,1,2023-12-27,22080,2023,633089,0.09185928106307983,0,2,1,0.6209186315536499,0.6781548261642456,0,9948
0,2,0.1894114911556244,90,FWR,Crystal Palace,Brighton,1,1,2023-12-21,22066,2023,632250,0.8069276809692383,1,4,0,0.1894114911556244,1.2385244369506836,1.0491129159927368,9948
1,2,0.8163619637489319,90,MR,Manchester City,Crystal Palace,2,2,2023-12-16,22061,2023,630315,0.09128587692975998,0,2,0,0.05519309267401695,0.09128587692975998,0.05349571630358696,9948
0,0,0,17,Sub,Crystal Palace,Liverpool,1,2,2023-12-09,22047,2023,628422,0.4228229820728302,0,2,0,0,0,0,9948
0,2,0.1363936960697174,90,AMR,Crystal Palace,Bournemouth,0,2,2023-12-06,22043,2023,628030,0.3991784155368805,0,5,0,0.1363936960697174,0.4810792803764343,0.18053601682186127,9948
0,2,0.07380491495132446,90,AMR,West Ham,Crystal Palace,1,1,2023-12-03,22034,2023,627377,0,0,0,0,0.07380491495132446,0.03244711086153984,0,9948
1,5,0.26770204305648804,90,AMR,Luton,Crystal Palace,2,1,2023-11-25,22019,2023,624887,0.25493818521499634,0,2,1,0.26770204305648804,0.5431355834007263,0.27543357014656067,9948
0,1,0.02970251254737377,18,Sub,Crystal Palace,Everton,2,3,2023-11-11,22010,2023,623300,0,0,0,0,0.02970251254737377,0.02970251254737377,0.02970251254737377,9948
0,1,0.05245812609791756,90,AMC,Newcastle United,West Ham,3,1,2026-05-17,29146,2025,791608,0,0,0,0,0.05245812609791756,0.21085040271282196,0.1583922803401947,1776
0,2,0.06302137672901154,90,AMC,West Ham,Arsenal,0,1,2026-05-10,29137,2025,789459,0.10291603952646255,0,1,0,0.06302137672901154,0.5275229215621948,0.36158549785614014,1776
0,1,0.044668618589639664,90,MR,Brentford,West Ham,3,0,2026-05-02,29121,2025,787145,0.3737317621707916,0,4,0,0.044668618589639664,0.2215322107076645,0.16103488206863403,1776
0,2,0.11697999387979507,90,MR,West Ham,Everton,2,1,2026-04-25,29116,2025,785539,1.0934503078460693,2,2,0,0.11697999387979507,0.6988109350204468,0,1776
0,1,0.03318331018090248,90,MR,Crystal Palace,West Ham,0,0,2026-04-20,29101,2025,784254,0.1261046677827835,0,1,0,0.03318331018090248,0.15928798913955688,0,1776
0,3,0.23811164498329163,90,MR,West Ham,Wolverhampton Wanderers,4,0,2026-04-10,29091,2025,781248,0.64989173412323,2,3,0,0.23811164498329163,0.9288625717163086,0.3760921061038971,1776
0,2,0.11862891167402267,90,FWR,Aston Villa,West Ham,2,0,2026-03-22,29079,2025,779258,0.05263226851820946,0,1,0,0.11862891167402267,0.17126119136810303,0,1776
0,0,0,90,AMC,West Ham,Manchester City,1,1,2026-03-14,29077,2025,777132,0.48898184299468994,1,1,0,0,0,0,1776
0,2,0.1073947474360466,90,MR,Fulham,West Ham,0,1,2026-03-04,29062,2025,774748,0.6481632590293884,1,3,0,0.1073947474360466,0.5489819049835205,0.0883534774184227,1776
0,0,0,90,MR,Liverpool,West Ham,5,2,2026-02-28,29054,2025,773292,0.5725769996643066,1,3,0,0,0.054092783480882645,0,1776
0,2,0.1735232025384903,90,MR,West Ham,Bournemouth,0,0,2026-02-21,29047,2025,771785,0.3783874809741974,0,5,0,0.1735232025384903,0.783460795879364,0.4258511960506439,1776
0,2,0.04434124380350113,90,AMR,West Ham,Manchester United,1,1,2026-02-10,29037,2025,769795,0.6507092714309692,1,1,0,0.04434124380350113,0.7189551591873169,0.674613893032074,1776
0,1,0.03870640695095062,90,MR,Burnley,West Ham,0,2,2026-02-07,29021,2025,768671,0,0,0,0,0.03870640695095062,0.03870640695095062,0.03870640695095062,1776
1,2,0.4282442629337311,86,MR,Chelsea,West Ham,3,2,2026-01-31,29009,2025,767341,0.1752181351184845,0,2,1,0.4282442629337311,0.30316534638404846,0.10849344730377197,1776
1,2,0.8333954215049744,90,MR,West Ham,Sunderland,3,1,2026-01-24,29007,2025,765352,0.4090694189071655,1,1,0,0.07222657650709152,0.48129600286483765,0,1776
0,1,0.0734565258026123,90,MR,Tottenham,West Ham,1,2,2026-01-17,28996,2025,764325,0,0,0,0,0.0734565258026123,0.257998526096344,0.1845420002937317,1776
0,5,0.24802500009536743,90,AMR,West Ham,Nottingham Forest,1,2,2026-01-06,28987,2025,762089,0.2738959789276123,0,1,0,0.24802500009536743,0.27719542384147644,0.11561485379934311,1776
0,1,0.059150513261556625,90,AMR,Wolverhampton Wanderers,West Ham,3,0,2026-01-03,28970,2025,761064,0,0,0,0,0.059150513261556625,0.059150513261556625,0,1776
1,2,0.6351789832115173,90,AMR,West Ham,Brighton,2,2,2025-12-30,28967,2025,760591,0.08955597877502441,0,1,1,0.6351789832115173,0.439813494682312,0,1776
0,2,0.5400765538215637,90,FW,West Ham,Fulham,0,1,2025-12-27,28957,2025,760171,0,0,0,0,0.5400765538215637,0.5857729911804199,0.0456964373588562,1776
0,2,0.5439966320991516,90,FW,Manchester City,West Ham,3,0,2025-12-20,28944,2025,759112,0,0,0,0,0.5439966320991516,0.6030138731002808,0.05901722609996796,1776
1,1,0.6638897061347961,90,FW,West Ham,Aston Villa,2,3,2025-12-14,28937,2025,758180,0.06359560042619705,0,1,1,0.6638897061347961,0.7961971163749695,0.06871186196804047,1776
1,5,0.48444151878356934,90,FW,Brighton,West Ham,1,1,2025-12-07,28920,2025,756617,0,0,0,1,0.48444151878356934,0.5329725742340088,0.04853104054927826,1776
0,4,0.5752121806144714,90,AMC,Manchester United,West Ham,1,1,2025-12-04,28915,2025,755380,0,0,0,0,0.5752121806144714,0.5960835218429565,0.13077574968338013,1776
0,3,0.15842562913894653,90,AMR,West Ham,Liverpool,0,2,2025-11-30,28907,2025,754312,0,0,0,0,0.15842562913894653,0.15842562913894653,0,1776
0,2,0.1272437870502472,90,FWR,Bournemouth,West Ham,2,2,2025-11-22,28888,2025,751983,0,0,0,0,0.1272437870502472,0.1272437870502472,0,1776
0,3,0.14781568944454193,90,FWR,West Ham,Burnley,3,2,2025-11-08,28887,2025,750201,0,0,0,0,0.14781568944454193,0.16629339754581451,0.09867960214614868,1776
0,4,0.5139232277870178,90,MR,West Ham,Newcastle United,3,1,2025-11-02,28877,2025,748990,0.27772587537765503,0,2,0,0.5139232277870178,0.7916491031646729,0,1776
0,2,0.046386100351810455,90,FWL,Leeds,West Ham,2,1,2025-10-24,28864,2025,745576,0.2732478678226471,1,3,0,0.046386100351810455,0.3933559060096741,0.07372193038463593,1776
0,2,0.07925521582365036,90,AMR,West Ham,Brentford,0,2,2025-10-20,28857,2025,745343,0.08179470896720886,0,1,0,0.07925521582365036,0.17823997139930725,0.017190052196383476,1776
0,0,0,90,MR,Arsenal,West Ham,2,0,2025-10-04,28839,2025,742420,0.041546858847141266,0,1,0,0,0.0753524973988533,0.03380563482642174,1776
1,3,0.19911165535449982,90,MR,Everton,West Ham,1,1,2025-09-29,28837,2025,741894,0,0,0,1,0.19911165535449982,0.2718927264213562,0.07278106361627579,1776
1,2,0.19125156104564667,90,AMR,West Ham,Crystal Palace,1,2,2025-09-20,28819,2025,738562,0.01695026457309723,0,1,1,0.19125156104564667,0.17537826299667358,0.0868370458483696,1776
0,3,0.12595278024673462,90,AMR,West Ham,Tottenham,0,3,2025-09-13,28814,2025,737152,0,0,0,0,0.12595278024673462,0.25672873854637146,0.18072697520256042,1776
1,1,0.06273777037858963,90,AMR,Nottingham Forest,West Ham,0,3,2025-08-31,28804,2025,735676,0.7083548903465271,0,2,1,0.06273777037858963,0.7710926532745361,0,1776
0,2,0.09473689645528793,90,FW,West Ham,Chelsea,1,5,2025-08-22,28788,2025,732898,0.021384084597229958,0,1,0,0.09473689645528793,0.19871678948402405,0.10397988557815552,1776
0,4,0.19717782735824585,90,FW,Sunderland,West Ham,3,0,2025-08-16,28781,2025,731809,0,0,0,0,0.19717782735824585,0.19796280562877655,0.0907265841960907,1776
1,4,0.17239661514759064,90,FW,Ipswich,West Ham,1,3,2025-05-25,26980,2024,730025,0.4645785689353943,1,2,1,0.17239661514759064,0.7564301490783691,0.2828693985939026,1776
1,3,0.16572916507720947,90,FW,West Ham,Nottingham Forest,1,2,2025-05-18,26971,2024,728410,0,0,0,1,0.16572916507720947,0.2187959849834442,0.05306681618094444,1776
1,1,0.47285768389701843,75,FW,Manchester United,West Ham,0,2,2025-05-11,26956,2024,726597,0,0,0,1,0.47285768389701843,0.499910831451416,0.02705315873026848,1776
1,3,0.9279707074165344,90,AMC,West Ham,Tottenham,1,1,2025-05-04,26943,2024,724670,0,0,0,1,0.9279707074165344,0.47445327043533325,0.053770482540130615,1776
0,2,0.09123121201992035,90,FW,Brighton,West Ham,3,2,2025-04-26,26934,2024,722704,0.9173721075057983,2,4,0,0.09123121201992035,1.0063843727111816,0.37802231311798096,1776
1,2,0.22388124465942383,87,AMR,West Ham,Southampton,1,1,2025-04-19,26931,2024,720429,0,0,0,1,0.22388124465942383,0.239320769906044,0.015439528040587902,1776
0,1,0.32841190695762634,90,FW,Liverpool,West Ham,2,1,2025-04-13,26916,2024,719269,0,0,0,0,0.32841190695762634,0.32841190695762634,0,1776
1,4,0.34587082266807556,90,FW,West Ham,Bournemouth,2,2,2025-04-05,26911,2024,716867,0,0,0,1,0.34587082266807556,0.2539958357810974,0,1776
0,2,0.15059848129749298,90,AMC,Wolverhampton Wanderers,West Ham,1,0,2025-04-01,26895,2024,715994,0.5651893019676208,0,1,0,0.15059848129749298,0.8115593194961548,0.09577152878046036,1776
0,4,0.2426726520061493,90,FW,Everton,West Ham,1,1,2025-03-15,26885,2024,712973,0.208597332239151,1,2,0,0.2426726520061493,0.4082261025905609,0.208597332239151,1776
0,4,0.1836089789867401,90,FW,West Ham,Newcastle United,0,1,2025-03-10,26880,2024,712466,0,0,0,0,0.1836089789867401,0.1836089789867401,0,1776
0,2,0.10824212431907654,90,FW,West Ham,Leicester,2,0,2025-02-27,26866,2024,709308,0.1324261724948883,0,1,0,0.10824212431907654,0.21729163825511932,0.030363930389285088,1776
1,2,0.7903981804847717,84,FW,Arsenal,West Ham,0,1,2025-02-22,26853,2024,707785,0,0,0,1,0.7903981804847717,0.8461663722991943,0.055768150836229324,1776
0,0,0,90,AMR,West Ham,Brentford,0,1,2025-02-15,26851,2024,706282,0.07808289676904678,0,1,0,0,0.19418179988861084,0.19418179988861084,1776
1,3,0.45766597986221313,90,FW,Chelsea,West Ham,2,1,2025-02-03,26835,2024,704461,0.21306097507476807,0,2,1,0.45766597986221313,0.5489997863769531,0,1776
0,1,0.033802274614572525,63,FW,West Ham,Liverpool,0,5,2024-12-29,26791,2024,696805,0,0,0,0,0.033802274614572525,0.052596528083086014,0.01879425160586834,1776
1,6,0.9716762900352478,90,MR,Southampton,West Ham,0,1,2024-12-26,26780,2024,696292,0.06331120431423187,0,1,1,0.9716762900352478,0.7131249308586121,0.45302823185920715,1776
0,3,0.48912081122398376,90,MR,West Ham,Brighton,1,1,2024-12-21,26767,2024,695296,0,0,0,0,0.48912081122398376,0.48912081122398376,0,1776
0,3,0.25152772665023804,90,FW,Bournemouth,West Ham,1,1,2024-12-16,26754,2024,694824,0.1002018004655838,0,1,0,0.25152772665023804,0.4014284908771515,0.14990077912807465,1776
1,3,0.4477247893810272,90,FW,West Ham,Wolverhampton Wanderers,2,1,2024-12-09,26746,2024,693272,0.07927767187356949,1,3,1,0.4477247893810272,0.49895238876342773,0.03652285784482956,1776
0,4,0.2622913420200348,90,AMR,Leicester,West Ham,3,1,2024-12-03,26738,2024,691376,0.787964403629303,0,5,0,0.2622913420200348,0.9837603569030762,0.13477297127246857,1776
0,2,0.0322195328772068,90,AMR,West Ham,Arsenal,2,5,2024-11-30,26730,2024,690365,0,0,0,0,0.0322195328772068,0.0322195328772068,0,1776
0,4,0.19847387075424194,90,AMR,Newcastle United,West Ham,0,2,2024-11-25,26713,2024,689573,0.23905251920223236,1,3,0,0.19847387075424194,0.6389360427856445,0.28454145789146423,1776
0,3,0.1528606116771698,90,MR,West Ham,Everton,0,0,2024-11-09,26710,2024,686639,0.5296348929405212,0,1,0,0.1528606116771698,0.6237009763717651,0.02010211907327175,1776
0,2,0.018898624926805496,90,FW,Nottingham Forest,West Ham,3,0,2024-11-02,26698,2024,685079,0.05810307711362839,0,1,0,0.018898624926805496,0.06704962998628616,0,1776
1,3,0.8927009105682373,90,AMR,West Ham,Manchester United,2,1,2024-10-27,26690,2024,683455,0.6224861741065979,0,2,0,0.13153207302093506,0.23170840740203857,0,1776
0,1,0.028376860544085503,90,MR,Tottenham,West Ham,4,1,2024-10-19,26672,2024,680962,0.06274030357599258,0,1,0,0.028376860544085503,0.1324973851442337,0.1324973851442337,1776
1,5,0.579461932182312,90,MR,West Ham,Ipswich,4,1,2024-10-05,26665,2024,679488,1.1180239915847778,1,5,1,0.579461932182312,1.7435630559921265,0.07364270091056824,1776
0,3,0.14080174267292023,90,MR,Brentford,West Ham,1,1,2024-09-28,26656,2024,677882,0.12721116840839386,0,3,0,0.14080174267292023,0.2827966809272766,0.14706705510616302,1776
0,2,0.12114443629980087,90,FW,West Ham,Chelsea,0,3,2024-09-21,26642,2024,675284,0.06309476494789124,0,1,0,0.12114443629980087,0.20444481074810028,0.051708489656448364,1776
0,2,0.33702853322029114,90,AMR,Fulham,West Ham,1,1,2024-09-14,26634,2024,673755,0.13878926634788513,1,2,0,0.33702853322029114,0.5161989331245422,0.040381159633398056,1776
0,2,0.08082304894924164,88,AMR,West Ham,Manchester City,1,3,2024-08-31,26628,2024,672008,0.5917984247207642,0,2,0,0.08082304894924164,0.17954815924167633,0,1776
1,1,0.11563483625650406,90,MR,Crystal Palace,West Ham,0,2,2024-08-24,26613,2024,667935,0.3603866696357727,0,5,1,0.11563483625650406,0.4887753427028656,0.2500965893268585,1776
0,0,0,76,MR,West Ham,Aston Villa,1,2,2024-08-17,26608,2024,666454,0.11193495988845825,0,1,0,0,0.18854951858520508,0.07661455869674683,1776
0,7,1.761103868484497,90,AMR,West Ham,Luton,3,1,2024-05-11,22263,2023,660602,0.7145016193389893,0,3,0,1.761103868484497,2.4756054878234863,0,1776
0,4,0.29582998156547546,90,AMR,Chelsea,West Ham,5,0,2024-05-05,22249,2023,659349,0,0,0,0,0.29582998156547546,0.18334031105041504,0,1776
1,3,0.17385205626487732,90,AMR,West Ham,Liverpool,2,2,2024-04-27,22243,2023,656715,0.34991639852523804,1,1,1,0.17385205626487732,0.4507933259010315,0,1776
0,0,0,56,FW,Wolverhampton Wanderers,West Ham,1,2,2024-04-06,22214,2023,651826,0,0,1,0,0,0,0,1776
0,2,0.15457910299301147,90,MR,West Ham,Tottenham,1,1,2024-04-02,22199,2023,651096,0.6408970355987549,1,3,0,0.15457910299301147,0.2146645188331604,0.060085415840148926,1776
1,4,0.4920608103275299,90,AMR,Newcastle United,West Ham,4,3,2024-03-30,22191,2023,649422,0.0836433544754982,1,1,1,0.4920608103275299,0.4194588363170624,0,1776
0,0,0,90,AMR,West Ham,Aston Villa,1,1,2024-03-17,22183,2023,648746,0.16072620451450348,0,3,0,0,0.2796301245689392,0.14949139952659607,1776
0,2,0.09248583018779755,90,FW,West Ham,Burnley,2,2,2024-03-10,22173,2023,647316,0.44838640093803406,0,2,0,0.09248583018779755,0.5643326044082642,0.02346039190888405,1776
0,0,0,90,FW,Everton,West Ham,1,3,2024-03-02,22157,2023,644861,0.6287493705749512,1,1,0,0,0.6569885015487671,0.028239134699106216,1776
3,3,1.2190885543823242,90,FW,West Ham,Brentford,4,2,2024-02-26,22153,2023,644241,0,0,0,3,1.2190885543823242,1.3141753673553467,0.09508681297302246,1776
0,2,0.10071466118097305,90,AMR,Nottingham Forest,West Ham,2,0,2024-02-17,22142,2023,641813,0.08098243921995163,0,1,0,0.10071466118097305,0.18169710040092468,0,1776
0,2,0.057337965816259384,90,FW,West Ham,Arsenal,0,6,2024-02-11,22133,2023,640650,0.1064557284116745,0,1,0,0.057337965816259384,0.16379369795322418,0,1776
0,2,0.12372195720672607,90,FW,Manchester United,West Ham,3,0,2024-02-04,22122,2023,639094,0.07928600162267685,0,1,0,0.12372195720672607,0.27081939578056335,0.06781143695116043,1776
0,3,0.38131463527679443,90,FW,West Ham,Bournemouth,1,1,2024-02-01,22110,2023,638061,0,0,0,0,0.38131463527679443,0.36083468794822693,0,1776
0,4,0.3508220613002777,90,FW,Sheffield United,West Ham,2,2,2024-01-21,22101,2023,636209,0,0,0,0,0.3508220613002777,0.32254713773727417,0.10632330924272537,1776
0,0,0,90,FW,West Ham,Brighton,0,0,2024-01-02,22093,2023,633862,0.24809931218624115,0,2,0,0,0.0748983696103096,0.05232493579387665,1776
0,0,0,90,FW,Arsenal,West Ham,0,2,2023-12-28,22076,2023,633205,0.6165063977241516,1,1,0,0,0.6165063977241516,0,1776
1,4,1.0771249532699585,90,FW,West Ham,Manchester United,2,0,2023-12-23,22072,2023,632527,0,0,0,1,1.0771249532699585,1.0366601943969727,0.39713189005851746,1776
1,3,0.2701813876628876,90,FW,West Ham,Wolverhampton Wanderers,3,0,2023-12-17,22064,2023,630894,0,0,0,1,0.2701813876628876,0.2701813876628876,0,1776
0,4,0.5312139391899109,90,FW,Fulham,West Ham,5,0,2023-12-10,22049,2023,629319,0.3237452805042267,0,1,0,0.5312139391899109,0.8549591898918152,0,1776
1,1,0.4791664481163025,90,FWR,Tottenham,West Ham,1,2,2023-12-07,22041,2023,628221,0.0200654286891222,0,1,1,0.4791664481163025,0.5714607238769531,0.07222884893417358,1776
0,2,0.4575333893299103,90,FW,West Ham,Crystal Palace,1,1,2023-12-03,22034,2023,627368,0,0,0,0,0.4575333893299103,0.5401633381843567,0.0826299712061882,1776
1,1,0.4815865457057953,90,FW,West Ham,Nottingham Forest,3,2,2023-11-12,22013,2023,623725,0.029390359297394753,0,1,1,0.4815865457057953,0.048363540321588516,0.018973181024193764,1776
1,2,0.6154277324676514,90,FW,Brentford,West Ham,3,2,2023-11-04,21995,2023,621547,0.6348766684532166,0,2,1,0.6154277324676514,1.2503043413162231,0,1776
0,4,0.40673336386680603,90,AMR,West Ham,Everton,0,1,2023-10-29,21993,2023,620332,0.01564578153192997,0,1,0,0.40673336386680603,0.26184025406837463,0.02273939736187458,1776
1,3,0.07350406050682068,90,AMR,Aston Villa,West Ham,4,1,2023-10-22,21976,2023,618985,0,0,0,1,0.07350406050682068,0.08706336468458176,0.048091236501932144,1776
0,1,0.05045071989297867,90,AMR,West Ham,Newcastle United,2,2,2023-10-08,21973,2023,616956,0,0,0,0,0.05045071989297867,0.05045071989297867,0,1776
1,6,1.2647333145141602,90,AMR,West Ham,Sheffield United,2,0,2023-09-30,21960,2023,614727,0.44782522320747375,0,1,1,1.2647333145141602,1.1400789022445679,0,1776
1,3,0.7360193729400635,90,AMR,Liverpool,West Ham,3,1,2023-09-24,21953,2023,612816,0,0,0,1,0.7360193729400635,0.49314260482788086,0.39464908838272095,1776
0,0,0,90,AMR,West Ham,Manchester City,1,3,2023-09-16,21937,2023,610344,0,0,0,0,0,0.48241332173347473,0.48241332173347473,1776
1,2,0.5454335808753967,90,AMR,Luton,West Ham,1,2,2023-09-01,21925,2023,608297,0,0,0,1,0.5454335808753967,0.5454335808753967,0,1776
1,3,0.7520911693572998,90,MR,Brighton,West Ham,1,3,2023-08-26,22301,2023,607028,0.16538117825984955,1,1,1,0.7520911693572998,0.9174723625183105,0.09207619726657867,1776
0,2,0.16665902733802795,90,AMR,West Ham,Chelsea,3,1,2023-08-20,22293,2023,605903,0,0,0,0,0.16665902733802795,0.14827179908752441,0.13008417189121246,1776
1,6,0.38786593079566956,90,AMR,Bournemouth,West Ham,1,1,2023-08-12,22277,2023,603749,0.6426277756690979,0,3,1,0.38786593079566956,0.5210804343223572,0.13321448862552643,1776
2,5,0.9116983413696289,64,FWR,Barcelona,Real Betis,3,1,2026-05-17,29519,2025,792248,0.14646756649017334,0,2,2,0.9116983413696289,0.9857056736946106,0.3893560469150543,8026
0,2,0.2468634992837906,24,Sub,Barcelona,Real Madrid,2,0,2026-05-10,29500,2025,789680,0,0,0,0,0.2468634992837906,0.2468634992837906,0,8026
0,5,1.0813302993774414,90,AML,Barcelona,Rayo Vallecano,1,0,2026-03-22,29441,2025,779088,0.044970933347940445,0,1,0,1.0813302993774414,1.1018061637878418,0.020475812256336212,8026
3,3,1.5910518169403076,85,FWL,Barcelona,Sevilla,5,2,2026-03-15,29430,2025,777562,0.5019181370735168,0,1,1,0.10449657589197159,0.19169017672538757,0.08719360083341599,8026
0,0,0,25,Sub,Athletic Club,Barcelona,0,1,2026-03-07,29418,2025,775533,0,0,0,0,0,0,0,8026
0,1,0.06145015358924866,75,FWL,Barcelona,Villarreal,4,1,2026-02-28,29408,2025,773341,0.3079013228416443,0,3,0,0.06145015358924866,1.393099069595337,1.1275931596755981,8026
0,5,1.170384168624878,90,AML,Barcelona,Levante,3,0,2026-02-22,29401,2025,772279,0.18953478336334229,0,3,0,1.170384168624878,1.426866888999939,0.11094434559345245,8026
0,4,0.27611058950424194,65,FWL,Girona,Barcelona,2,1,2026-02-16,29395,2025,771152,0.2309979349374771,0,4,0,0.27611058950424194,0.5668027400970459,0.059694238007068634,8026
0,2,0.044927529990673065,49,FWL,Elche,Barcelona,1,3,2026-01-31,29373,2025,767501,0.4995421767234802,0,1,0,0.044927529990673065,1.203559160232544,0.6590895056724548,8026
1,2,0.4340037405490875,62,AML,Barcelona,Real Oviedo,3,0,2026-01-25,29361,2025,766281,0.864315927028656,0,4,1,0.4340037405490875,0.8895090818405151,0.4555053114891052,8026
0,1,0.06918790191411972,68,AMC,Espanyol,Barcelona,0,2,2026-01-03,29333,2025,761340,0,0,0,0,0.06918790191411972,0.06379905343055725,0.06379905343055725,8026
1,4,0.872037947177887,90,AML,Villarreal,Barcelona,0,2,2025-12-21,29325,2025,759631,0.610724151134491,0,2,0,0.12876032292842865,0.8438436985015869,0.8438436985015869,8026
2,7,0.9232267737388611,90,AMC,Barcelona,Osasuna,2,0,2025-12-13,29310,2025,757807,0.05814788490533829,0,1,2,0.9232267737388611,0.9892458915710449,0.06601912528276443,8026
1,4,0.9648633599281311,79,AML,Barcelona,Atletico Madrid,3,1,2025-12-02,29342,2025,755023,0.1285039335489273,0,3,1,0.9648633599281311,1.9501522779464722,0.9023520350456238,8026
0,3,0.11595167219638824,64,AML,Barcelona,Alaves,3,1,2025-11-29,29294,2025,753728,0.5243692994117737,1,3,0,0.11595167219638824,0.8589597940444946,0.363338440656662,8026
0,1,0.04805246368050575,6,Sub,Barcelona,Athletic Club,4,0,2025-11-22,29284,2025,752092,0,0,0,0,0.04805246368050575,0.40680238604545593,0.3587499260902405,8026
0,3,0.1874801218509674,66,AMR,Real Oviedo,Barcelona,1,3,2025-09-25,29213,2025,740174,0.25984013080596924,0,4,0,0.1874801218509674,0.3951074779033661,0.09522823244333267,8026
0,1,0.020755307748913765,49,FWR,Barcelona,Getafe,3,0,2025-09-21,29199,2025,739782,0.37112653255462646,1,1,0,0.020755307748913765,1.4767911434173584,1.105664610862732,8026
2,4,0.908457338809967,43,Sub,Barcelona,Valencia,6,0,2025-09-14,29194,2025,738035,0,0,0,2,0.908457338809967,1.6126600503921509,0.7042027115821838,8026
0,1,0.37303346395492554,66,AML,Rayo Vallecano,Barcelona,1,1,2025-08-31,29188,2025,736330,0.015737103298306465,0,1,0,0.37303346395492554,0.37303346395492554,0,8026
0,4,0.17039909958839417,90,AMC,Levante,Barcelona,2,3,2025-08-23,29171,2025,733754,0.9522009491920471,1,4,0,0.17039909958839417,1.0740792751312256,0.39037206768989563,8026
1,3,0.6558778285980225,84,AML,Mallorca,Barcelona,0,3,2025-08-16,29160,2025,732056,0.2005394548177719,0,2,1,0.6558778285980225,0.9226727485656738,0.06625550240278244,8026
0,1,0.01951937936246395,66,AML,Athletic Club,Barcelona,0,3,2025-05-25,27353,2024,730396,0.5275623798370361,0,2,0,0.01951937936246395,0.5275623798370361,0.45217129588127136,8026
0,5,0.17999234795570374,90,AML,Barcelona,Villarreal,2,3,2025-05-18,27343,2024,728629,0.0333586186170578,0,1,0,0.17999234795570374,0.267496794462204,0.1264181137084961,8026
0,1,0.040220171213150024,90,AML,Espanyol,Barcelona,0,2,2025-05-15,27332,2024,727435,0.07869631052017212,0,1,0,0.040220171213150024,0.1419973522424698,0.023080864921212196,8026
2,6,2.1517210006713867,90,AML,Barcelona,Real Madrid,4,3,2025-05-11,27324,2024,726732,0.19727711379528046,0,3,2,2.1517210006713867,2.4615638256073,0.13696478307247162,8026
1,4,0.5796486139297485,40,Sub,Real Valladolid,Barcelona,1,2,2025-05-03,27316,2024,724440,0.13098376989364624,0,1,1,0.5796486139297485,0.9194507598876953,0.3511287271976471,8026
0,1,0.11268538981676102,28,Sub,Barcelona,Mallorca,1,0,2025-04-22,27305,2024,721782,0.015436122193932533,0,1,0,0.11268538981676102,0.544047474861145,0.4313620924949646,8026
2,7,1.529052972793579,90,FWR,Barcelona,Celta Vigo,4,3,2025-04-19,27292,2024,720495,0.5008028149604797,1,5,1,0.785775363445282,1.4867531061172485,0.4107006788253784,8026
0,2,0.08954095840454102,90,AML,Leganes,Barcelona,0,1,2025-04-12,27288,2024,719051,0.19462771713733673,0,2,0,0.08954095840454102,0.2799510061740875,0.028585057705640793,8026
0,3,0.1172935739159584,30,Sub,Barcelona,Real Betis,1,1,2025-04-05,27272,2024,717241,0,0,0,0,0.1172935739159584,0.02204880490899086,0,8026
0,1,0.018634457141160965,90,AML,Atletico Madrid,Barcelona,2,4,2025-03-16,27252,2024,714390,0.4322932958602905,2,2,0,0.018634457141160965,1.3505761623382568,0.9182829260826111,8026
0,2,0.08065693825483322,61,ML,Barcelona,Real Sociedad,4,0,2025-03-02,27232,2024,710388,0.03772009164094925,0,1,0,0.08065693825483322,0.06155351921916008,0.06155351921916008,8026
0,3,0.18962346017360687,90,AML,Las Palmas,Barcelona,0,2,2025-02-22,27226,2024,708220,0.4766146242618561,1,3,0,0.18962346017360687,0.5004037618637085,0.036610037088394165,8026
0,6,1.0204181671142578,90,AML,Barcelona,Rayo Vallecano,1,0,2025-02-17,27214,2024,707303,0.1063084527850151,0,1,0,1.0204181671142578,1.126726508140564,0,8026
1,2,0.06336795538663864,90,AML,Sevilla,Barcelona,1,4,2025-02-09,27206,2024,705646,0,0,0,1,0.06336795538663864,0.6134174466133118,0.5871664881706238,8026
0,1,0.038534581661224365,73,FWL,Barcelona,Alaves,1,0,2025-02-02,27200,2024,703894,0.14030836522579193,0,2,0,0.038534581661224365,0.2534729540348053,0.0746299996972084,8026
1,3,0.9506757855415344,64,AML,Barcelona,Valencia,7,1,2025-01-26,27184,2024,702426,0.5684049129486084,0,3,1,0.9506757855415344,2.619283437728882,1.2104926109313965,8026
0,5,0.8424780964851379,90,AML,Getafe,Barcelona,1,1,2025-01-18,27177,2024,700346,0,0,0,0,0.8424780964851379,0.7612857818603516,0,8026
0,5,0.8103497624397278,90,AMR,Barcelona,Atletico Madrid,1,2,2024-12-21,27160,2024,695549,0.3223038613796234,0,4,0,0.8103497624397278,2.3128035068511963,1.5024538040161133,8026
0,4,0.2443731278181076,90,AML,Barcelona,Leganes,0,1,2024-12-15,27143,2024,694686,0.8982475996017456,0,5,0,0.2443731278181076,1.7101049423217773,0.77948397397995,8026
0,1,0.0668526142835617,63,FWL,Real Betis,Barcelona,2,2,2024-12-07,27139,2024,692273,0.30983874201774597,0,2,0,0.0668526142835617,0.37669137120246887,0,8026
2,4,1.8921544551849365,89,AML,Mallorca,Barcelona,1,5,2024-12-03,27167,2024,691316,0.7131936550140381,0,4,1,1.1488769054412842,2.697946548461914,0.9725638031959534,8026
1,5,0.40244942903518677,90,AMR,Barcelona,Las Palmas,1,2,2024-11-30,27122,2024,689745,0.6323270201683044,0,5,1,0.40244942903518677,0.5472436547279358,0.18734021484851837,8026
1,5,0.7843967080116272,90,AMR,Celta Vigo,Barcelona,2,2,2024-11-23,27117,2024,688843,0,0,0,1,0.7843967080116272,1.2615127563476562,0.4771159887313843,8026
0,1,0.01929355040192604,90,AML,Real Sociedad,Barcelona,1,0,2024-11-10,27108,2024,687761,0.05388198047876358,0,2,0,0.01929355040192604,0.10424099117517471,0.08494743704795837,8026
1,1,0.3085829019546509,90,AML,Barcelona,Espanyol,3,1,2024-11-03,27101,2024,685737,0.1575951725244522,0,3,1,0.3085829019546509,0.6096884608268738,0.21086198091506958,8026
1,3,0.4849497377872467,90,AML,Real Madrid,Barcelona,0,4,2024-10-26,27085,2024,683288,0.6093519330024719,1,3,1,0.4849497377872467,1.8370249271392822,0.7633442282676697,8026
0,2,0.12380615621805191,69,AMC,Barcelona,Sevilla,5,1,2024-10-20,27074,2024,682378,1.024954915046692,1,4,0,0.12380615621805191,1.3608120679855347,0.7634078860282898,8026
0,3,0.3960494101047516,90,AMC,Alaves,Barcelona,0,3,2024-10-06,27064,2024,680318,1.495345115661621,2,5,0,0.3960494101047516,1.679482340812683,0.29521694779396057,8026
0,1,0.023809198290109634,29,Sub,Osasuna,Barcelona,4,2,2024-09-28,27056,2024,678290,0.15207819640636444,0,4,0,0.023809198290109634,0.16353611648082733,0.03963301703333855,8026
0,4,0.57830810546875,90,AML,Barcelona,Getafe,1,0,2024-09-25,27043,2024,677064,0.20651152729988098,0,3,0,0.57830810546875,0.685157299041748,0.4675072133541107,8026
2,6,1.5416111946105957,90,FWL,Villarreal,Barcelona,1,5,2024-09-22,27037,2024,676704,0.16771982610225677,0,2,2,1.5416111946105957,2.1470370292663574,0.437705934047699,8026
0,1,0.0107010118663311,90,AML,Girona,Barcelona,1,4,2024-09-15,27028,2024,674512,0.8343818783760071,0,5,0,0.0107010118663311,1.3762840032577515,0.6611033082008362,8026
3,6,2.269862651824951,90,FWL,Barcelona,Real Valladolid,7,0,2024-08-31,27012,2024,671916,0.49703577160835266,1,3,3,2.269862651824951,3.197744846343994,0.515953779220581,8026
0,3,0.6348977088928223,90,AMC,Rayo Vallecano,Barcelona,1,2,2024-08-27,27004,2024,669437,0.1821305900812149,1,3,0,0.6348977088928223,0.7773165702819824,0.042492035776376724,8026
0,4,0.5824723839759827,90,AMC,Barcelona,Athletic Club,2,1,2024-08-24,26995,2024,668424,1.3264756202697754,0,3,0,0.5824723839759827,1.4221949577331543,0,8026
0,2,0.06701146066188812,90,AMC,Valencia,Barcelona,1,2,2024-08-17,26987,2024,666753,0.5032760500907898,0,3,0,0.06701146066188812,1.078165054321289,0.6001567244529724,8026
0,1,0.027531081810593605,63,AML,Barcelona,Rayo Vallecano,3,0,2024-05-19,23047,2023,663654,0.2460479587316513,0,2,0,0.027531081810593605,0.33083054423332214,0.10101857781410217,8026
1,7,0.9731378555297852,90,FWL,Barcelona,Real Sociedad,2,0,2024-05-13,23027,2023,661817,0.09695462882518768,0,1,0,0.22986024618148804,0.3410184681415558,0.13301944732666016,8026
0,1,0.04934113845229149,16,Sub,Girona,Barcelona,4,2,2024-05-04,23019,2023,659104,0.3473118841648102,0,1,0,0.04934113845229149,0.04934113845229149,0,8026
0,1,0.08806106448173523,75,FWL,Barcelona,Valencia,4,2,2024-04-29,23006,2023,658351,0.4590020477771759,1,2,0,0.08806106448173523,0.4590020477771759,0.4132666289806366,8026
0,1,0.061882134526968,71,FWL,Real Madrid,Barcelona,3,2,2024-04-21,23000,2023,655897,0.19233466684818268,1,2,0,0.061882134526968,0.08917452394962311,0.08917452394962311,8026
0,0,0,9,Sub,Cadiz,Barcelona,0,1,2024-04-13,22992,2023,653648,0,0,0,0,0,0,0,8026
1,5,0.5119011998176575,90,FWL,Barcelona,Las Palmas,1,0,2024-03-30,22976,2023,650149,0.06732591986656189,0,2,1,0.5119011998176575,0.8199892044067383,0.30446943640708923,8026
0,1,0.26250046491622925,62,FWR,Atletico Madrid,Barcelona,0,3,2024-03-17,22965,2023,649204,0.14769211411476135,1,1,0,0.26250046491622925,0.4101925790309906,0,8026
0,3,0.1613486260175705,36,MC,Barcelona,Mallorca,1,0,2024-03-08,22956,2023,646253,0.08646910637617111,0,1,0,0.1613486260175705,0.30469074845314026,0.1128634437918663,8026
0,0,0,82,FWR,Athletic Club,Barcelona,0,0,2024-03-03,22945,2023,645999,0,0,0,0,0,0,0,8026
1,4,0.4743403494358063,79,FWR,Barcelona,Getafe,4,0,2024-02-24,22936,2023,643303,0.6022764444351196,1,3,1,0.4743403494358063,1.5060354471206665,0.634781002998352,8026
0,2,0.12846975028514862,30,Sub,Celta Vigo,Barcelona,1,2,2024-02-17,22930,2023,642061,0,0,0,0,0.12846975028514862,0.14598938822746277,0.05520759895443916,8026
0,0,0,12,Sub,Barcelona,Granada,3,3,2024-02-11,22916,2023,641122,0.013151679188013077,0,1,0,0,0.054913222789764404,0.054913222789764404,8026
0,2,0.051323872059583664,76,FWR,Las Palmas,Barcelona,1,2,2024-01-04,22870,2023,634121,0.07856937497854233,0,1,0,0.051323872059583664,0.051323872059583664,0,8026
1,2,0.8090937733650208,79,FWR,Barcelona,Almeria,3,2,2023-12-20,22863,2023,631670,0.8905580043792725,1,7,1,0.8090937733650208,0.3751044273376465,0.2471056431531906,8026
0,4,1.0635313987731934,90,FWR,Valencia,Barcelona,1,1,2023-12-16,22850,2023,630627,0.9133363366127014,1,2,0,1.0635313987731934,2.297013521194458,1.2334822416305542,8026
0,8,1.0464222431182861,68,FWR,Barcelona,Girona,2,4,2023-12-10,22835,2023,629785,0.12603811919689178,1,1,0,1.0464222431182861,1.5613024234771729,0.6986117959022522,8026
0,2,0.4750942587852478,80,FWR,Barcelona,Atletico Madrid,1,0,2023-12-03,22830,2023,627759,0.8555631041526794,1,2,0,0.4750942587852478,1.8367385864257812,1.5872186422348022,8026
0,1,0.018459700047969818,13,Sub,Rayo Vallecano,Barcelona,1,1,2023-11-25,22822,2023,624619,0,0,0,0,0.018459700047969818,0.10267726331949234,0.08421756327152252,8026
0,1,0.027988823130726814,26,Sub,Barcelona,Alaves,2,1,2023-11-12,22814,2023,624060,0.04066861793398857,0,1,0,0.027988823130726814,0.06865744292736053,0.04066861793398857,8026
0,1,0.0635322779417038,21,Sub,Real Sociedad,Barcelona,0,1,2023-11-04,22800,2023,621911,0.059372611343860626,0,1,0,0.0635322779417038,0.530002236366272,0.47062963247299194,8026
0,2,0.1312207132577896,11,Sub,Barcelona,Real Madrid,1,2,2023-10-28,22787,2023,619939,0.050198961049318314,0,2,0,0.1312207132577896,0.22437553107738495,0.04295586794614792,8026
0,1,0.3311730623245239,36,MC,Barcelona,Sevilla,1,0,2023-09-29,22757,2023,614172,0.027675455436110497,0,1,0,0.3311730623245239,0.3633330464363098,0.032159969210624695,8026
1,3,0.36228153109550476,90,FWR,Mallorca,Barcelona,2,2,2023-09-26,22749,2023,613534,0.6178755760192871,1,3,1,0.36228153109550476,0.9801570773124695,0.07475865632295609,8026
0,0,0,15,Sub,Barcelona,Celta Vigo,3,2,2023-09-23,22737,2023,612369,0,0,0,0,0,0.7287861704826355,0.7287861704826355,8026
1,4,0.26843124628067017,23,Sub,Barcelona,Real Betis,5,0,2023-09-16,22726,2023,610810,0.13386577367782593,0,2,1,0.26843124628067017,0.8599892854690552,0.5823326110839844,8026
0,0,0,1,Sub,Osasuna,Barcelona,1,2,2023-09-03,22722,2023,609892,0,0,0,0,0,0,0,8026
0,2,0.34492045640945435,41,AMR,Getafe,Barcelona,0,0,2023-08-13,22692,2023,604546,0.1692396104335785,0,1,0,0.34492045640945435,0.27899545431137085,0,8026
0,1,0.11650170385837555,12,Sub,Bournemouth,Manchester City,1,1,2026-05-19,29138,2025,792363,0,0,0,0,0.11650170385837555,0,0,8393
1,3,0.6211540102958679,79,FW,Manchester City,Crystal Palace,3,0,2026-05-13,29084,2025,790388,0,0,0,1,0.6211540102958679,0.9500133991241455,0.3288593888282776,8393
1,1,0.13457557559013367,28,Sub,Manchester City,Brentford,3,0,2026-05-09,29133,2025,788937,0.6523193717002869,0,1,1,0.13457557559013367,0.7868949174880981,0,8393
0,1,0.037268441170454025,1,Sub,Everton,Manchester City,3,3,2026-05-04,29123,2025,788394,0,0,0,0,0.037268441170454025,0.037268441170454025,0,8393
0,2,0.09628982841968536,62,FW,West Ham,Manchester City,1,1,2026-03-14,29077,2025,777147,0.04112992063164711,1,1,0,0.09628982841968536,0.19193242490291595,0.10130613297224045,8393
0,4,0.38611453771591187,71,FW,Leeds,Manchester City,0,1,2026-02-28,29053,2025,773479,0,0,0,0,0.38611453771591187,0.4278372526168823,0.041722726076841354,8393
0,5,0.5415875315666199,63,FW,Manchester City,Newcastle United,2,1,2026-02-21,29043,2025,771941,0.1182943657040596,1,2,0,0.5415875315666199,0.6598818898200989,0.013733824715018272,8393
0,0,0,42,Sub,Manchester City,Fulham,3,0,2026-02-11,29033,2025,769861,0.06024622544646263,0,1,0,0,0.06024622544646263,0,8393
0,2,0.10673370212316513,63,FWL,Liverpool,Manchester City,1,2,2026-02-08,29024,2025,769445,0.0882570743560791,0,3,0,0.10673370212316513,0.23239284753799438,0.03740205988287926,8393
0,0,0,1,Sub,Tottenham,Manchester City,2,2,2026-02-01,29016,2025,767928,0,0,0,0,0,0,0,8393
1,2,0.5053102970123291,78,FW,Manchester City,Wolverhampton Wanderers,2,0,2026-01-24,29005,2025,765665,0.10690849274396896,0,1,1,0.5053102970123291,0.6122187972068787,0,8393
0,0,0,1,Sub,Crystal Palace,Manchester City,0,3,2025-12-14,28932,2025,758109,0,0,0,0,0,0,0,8393
0,0,0,18,Sub,Manchester City,Sunderland,3,0,2025-12-06,28924,2025,755978,0,0,0,0,0,0.11398234963417053,0.11398234963417053,8393
0,1,0.22849926352500916,1,Sub,Manchester City,Leeds,3,2,2025-11-29,28903,2025,753669,0,0,0,0,0.22849926352500916,0.22849926352500916,0,8393
0,1,0.06878994405269623,1,Sub,Newcastle United,Manchester City,2,1,2025-11-22,28896,2025,752260,0,0,0,0,0.06878994405269623,0,0,8393
0,1,0.1073572114109993,9,Sub,Manchester City,Liverpool,3,0,2025-11-09,28883,2025,751165,0.06374752521514893,0,1,0,0.1073572114109993,0.17110474407672882,0,8393
0,1,0.1435091197490692,3,Sub,Manchester City,Bournemouth,3,1,2025-11-02,28873,2025,749308,0,0,0,0,0.1435091197490692,0.1435091197490692,0,8393
0,0,0,3,Sub,Aston Villa,Manchester City,1,0,2025-10-26,28860,2025,746646,0,0,0,0,0,0,0,8393
0,1,0.08242393285036087,77,FWL,Brighton,Manchester City,2,1,2025-08-31,28805,2025,735709,0.9960359930992126,1,2,0,0.08242393285036087,1.145372986793518,0.1493370234966278,8393
0,3,0.43162184953689575,61,ML,Manchester City,Tottenham,0,2,2025-08-23,28789,2025,732989,0,0,0,0,0.43162184953689575,0.43162184953689575,0,8393
0,1,0.1576274335384369,19,Sub,Wolverhampton Wanderers,Manchester City,0,4,2025-08-16,28783,2025,732761,0,0,0,0,0.1576274335384369,0,0,8393
0,6,0.4553180932998657,83,AMR,Fulham,Manchester City,0,2,2025-05-25,26981,2024,730210,0.3080199062824249,0,1,0,0.4553180932998657,0.6961211562156677,0,8393
1,3,0.11996931582689285,90,AML,Manchester City,Bournemouth,3,1,2025-05-20,26970,2024,729320,0.6300190091133118,0,1,1,0.11996931582689285,0.9085202217102051,0.26091086864471436,8393
0,2,0.15122751891613007,4,Sub,Southampton,Manchester City,0,0,2025-05-10,26959,2024,725799,0,0,0,0,0.15122751891613007,0.047773972153663635,0,8393
0,2,0.1363927572965622,84,AMR,Manchester City,Wolverhampton Wanderers,1,0,2025-05-02,26942,2024,723742,0,0,0,0,0.1363927572965622,0.13030561804771423,0.03386775031685829,8393
0,3,0.15752197802066803,90,ML,Manchester City,Aston Villa,2,1,2025-04-22,26937,2024,721722,0.08180025219917297,0,1,0,0.15752197802066803,0.2768232822418213,0.1308327168226242,8393
0,3,0.5843466520309448,90,FW,Everton,Manchester City,0,2,2025-04-19,26925,2024,720418,0.10056591033935547,0,2,0,0.5843466520309448,0.7752177715301514,0.19087113440036774,8393
1,3,1.4986757040023804,85,AML,Manchester City,Crystal Palace,5,2,2025-04-12,26917,2024,718325,0.5271854400634766,0,2,1,1.4986757040023804,2.0567398071289062,0.030878672376275063,8393
0,4,0.1491209864616394,90,FW,Manchester United,Manchester City,0,0,2025-04-06,26909,2024,717814,0,0,0,0,0.1491209864616394,0.0590943768620491,0,8393
1,9,1.093100905418396,90,FW,Manchester City,Leicester,2,0,2025-04-02,26898,2024,716121,0,0,0,1,1.093100905418396,0.9949055314064026,0.07110058516263962,8393
1,2,0.07118608802556992,90,AMC,Manchester City,Brighton,2,2,2025-03-15,26889,2024,713017,0.5912106037139893,0,2,1,0.07118608802556992,0.6220422983169556,0,8393
0,0,0,19,Sub,Nottingham Forest,Manchester City,1,0,2025-03-08,26878,2024,711032,0,0,0,0,0,0,0,8393
0,1,0.048617955297231674,75,AMC,Tottenham,Manchester City,0,1,2025-02-26,26865,2024,709197,0.040298569947481155,0,1,0,0.048617955297231674,1.064740538597107,1.0244419574737549,8393
0,4,0.12776339054107666,79,MC,Manchester City,Liverpool,0,2,2025-02-23,26859,2024,727040,0.013421906158328056,0,1,0,0.12776339054107666,0.20073984563350677,0.07557948678731918,8393
3,4,0.916047215461731,77,AML,Manchester City,Newcastle United,4,0,2025-02-15,26848,2024,706221,0,0,0,3,0.916047215461731,0.916047215461731,0,8393
0,1,0.022529691457748413,73,AMC,Arsenal,Manchester City,5,1,2025-02-02,26833,2024,704213,0.20286068320274353,0,3,0,0.022529691457748413,0.5089869499206543,0.4302590787410736,8393
0,2,0.11796007305383682,76,FWL,Manchester City,Chelsea,3,1,2025-01-25,26828,2024,701659,0.1814546138048172,0,1,0,0.11796007305383682,0.40495601296424866,0.3531023859977722,8393
1,6,0.6449174880981445,90,FW,Eintracht Frankfurt,Freiburg,4,1,2025-01-14,27889,2024,699060,1.194544792175293,2,4,1,0.6449174880981445,1.2492029666900635,0.20179106295108795,8393
1,7,0.4708472788333893,88,FW,St. Pauli,Eintracht Frankfurt,0,1,2025-01-11,27885,2024,698221,0,0,0,1,0.4708472788333893,0.7253611087799072,0.25451385974884033,8393
0,5,0.5685128569602966,90,FW,Eintracht Frankfurt,Mainz 05,1,3,2024-12-21,27871,2024,695174,0,0,0,0,0.5685128569602966,0.5526967644691467,0,8393
0,3,0.1335783302783966,90,FW,RasenBallsport Leipzig,Eintracht Frankfurt,2,1,2024-12-15,27859,2024,694671,0.17596204578876495,0,3,0,0.1335783302783966,0.15462157130241394,0.07389018684625626,8393
0,3,0.1876448094844818,90,FW,Eintracht Frankfurt,Augsburg,2,2,2024-12-07,27858,2024,692013,0.192961186170578,0,2,0,0.1876448094844818,0.5849884152412415,0.3285382390022278,8393
2,7,1.5304890871047974,90,FW,FC Heidenheim,Eintracht Frankfurt,0,4,2024-12-01,27843,2024,691037,0,0,0,2,1.5304890871047974,1.939314603805542,0.4088256061077118,8393
0,5,0.19143058359622955,83,FW,Eintracht Frankfurt,Werder Bremen,1,0,2024-11-23,27836,2024,688613,0.12023629248142242,0,3,0,0.19143058359622955,0.3526277542114258,0.11901284009218216,8393
1,4,0.40308088064193726,90,FW,VfB Stuttgart,Eintracht Frankfurt,2,3,2024-11-10,27823,2024,687607,0.464670866727829,1,1,1,0.40308088064193726,0.44354182481765747,0.07724788039922714,8393
1,2,0.13160580396652222,77,FW,Eintracht Frankfurt,Bochum,7,2,2024-11-02,27817,2024,684818,0.4706375002861023,2,3,1,0.13160580396652222,0.5790848135948181,0.46721938252449036,8393
0,3,0.16454048454761505,85,FW,Union Berlin,Eintracht Frankfurt,1,1,2024-10-27,27811,2024,683688,0.24126876890659332,0,4,0,0.16454048454761505,0.09698967635631561,0,8393
1,4,0.9117100238800049,90,FW,Bayer Leverkusen,Eintracht Frankfurt,2,1,2024-10-19,27796,2024,681281,0,0,0,0,0.1539333611726761,0.1833464354276657,0.05515361204743385,8393
2,2,0.5434688925743103,90,FW,Eintracht Frankfurt,Bayern Munich,3,3,2024-10-06,27787,2024,680457,0.4174211323261261,1,1,2,0.5434688925743103,1.4863204956054688,0.52543044090271,8393
2,7,0.9189143776893616,90,FW,Holstein Kiel,Eintracht Frankfurt,2,4,2024-09-29,27785,2024,678541,0.5967060327529907,2,4,2,0.9189143776893616,1.056098461151123,0.09984778612852097,8393
1,6,0.7090250253677368,86,FW,Eintracht Frankfurt,Borussia M.Gladbach,2,0,2024-09-21,27774,2024,675997,1.2631057500839233,0,3,1,0.7090250253677368,2.0548174381256104,0.578883707523346,8393
2,7,2.354611396789551,90,FW,Wolfsburg,Eintracht Frankfurt,1,2,2024-09-14,27764,2024,673538,0.18121802806854248,0,2,1,1.5968347787857056,1.7482854127883911,0.12384311109781265,8393
1,5,0.5457848906517029,81,FWL,Eintracht Frankfurt,Hoffenheim,3,1,2024-08-31,27756,2024,671576,0.9571093320846558,1,1,1,0.5457848906517029,2.1551663875579834,1.6093814373016357,8393
0,1,0.043867647647857666,71,AMC,Borussia Dortmund,Eintracht Frankfurt,2,0,2024-08-24,27748,2024,668313,0.16121138632297516,0,2,0,0.043867647647857666,0.20507903397083282,0,8393
1,6,0.9453231692314148,90,AMC,Eintracht Frankfurt,RasenBallsport Leipzig,2,2,2024-05-18,23365,2023,662593,0.12671968340873718,0,2,0,0.1875464916229248,0.6505863070487976,0.3922710716724396,8393
0,4,0.20594526827335358,90,FW,Borussia M.Gladbach,Eintracht Frankfurt,1,1,2024-05-11,23357,2023,660465,0.04000706598162651,0,1,0,0.20594526827335358,0.34342390298843384,0.13747864961624146,8393
0,4,0.4622008204460144,90,FW,Eintracht Frankfurt,Bayer Leverkusen,1,5,2024-05-05,23346,2023,659614,0.01536371000111103,0,1,0,0.4622008204460144,0.780400276184082,0.316030353307724,8393
0,1,0.03097504749894142,90,FW,Bayern Munich,Eintracht Frankfurt,2,1,2024-04-27,23335,2023,656855,0,0,0,0,0.03097504749894142,0.03097504749894142,0,8393
1,3,0.7043151259422302,90,FW,Eintracht Frankfurt,Augsburg,3,1,2024-04-19,23329,2023,654463,0.015669096261262894,0,1,1,0.7043151259422302,0.7199841737747192,0,8393
0,4,0.334645539522171,90,FW,VfB Stuttgart,Eintracht Frankfurt,3,0,2024-04-13,23324,2023,653556,0.17945845425128937,0,4,0,0.334645539522171,0.33086758852005005,0,8393
0,3,0.4386093318462372,90,FW,Eintracht Frankfurt,Werder Bremen,1,1,2024-04-05,23311,2023,651312,0.03526205196976662,0,1,0,0.4386093318462372,0.5124204158782959,0.03854905068874359,8393
0,4,0.2245360016822815,90,AMC,Eintracht Frankfurt,Union Berlin,0,0,2024-03-30,23302,2023,649653,0.24015718698501587,0,1,0,0.2245360016822815,0.41982898116111755,0.26576733589172363,8393
0,3,0.5802022814750671,90,FW,Borussia Dortmund,Eintracht Frankfurt,3,1,2024-03-17,23290,2023,649078,0.0645589530467987,0,1,0,0.5802022814750671,0.603985607624054,0.011367215774953365,8393
0,4,0.25695961713790894,90,FW,Eintracht Frankfurt,Hoffenheim,3,1,2024-03-10,23284,2023,647557,0.2325505018234253,1,3,0,0.25695961713790894,0.8101414442062378,0.3708553910255432,8393
0,1,0.15042880177497864,81,FW,FC Heidenheim,Eintracht Frankfurt,1,2,2024-03-02,23279,2023,644713,0.07473649829626083,0,1,0,0.15042880177497864,0.22516530752182007,0,8393
1,2,0.462655633687973,90,FW,Eintracht Frankfurt,Wolfsburg,2,2,2024-02-25,23267,2023,643866,0,0,0,1,0.462655633687973,0.7932923436164856,0.3306367099285126,8393
1,1,0.2783695161342621,90,AMC,Freiburg,Eintracht Frankfurt,3,3,2024-02-18,23255,2023,642464,0.7127317190170288,2,3,1,0.2783695161342621,1.0204873085021973,0.029386037960648537,8393
1,3,1.0702099800109863,69,FW,Eintracht Frankfurt,Bochum,1,1,2024-02-10,23252,2023,639974,0,0,0,1,1.0702099800109863,1.0702099800109863,0,8393
0,3,0.08892184495925903,90,FW,Eintracht Frankfurt,Borussia M.Gladbach,2,1,2023-12-20,23203,2023,632035,0.06072908267378807,0,1,0,0.08892184495925903,0.06540237367153168,0,8393
1,1,0.08162540197372437,84,FW,Eintracht Frankfurt,Bayern Munich,5,1,2023-12-09,23184,2023,628668,0.8467676043510437,2,4,1,0.08162540197372437,0.9283930659294128,0,8393
0,6,0.21077172458171844,90,FW,Augsburg,Eintracht Frankfurt,2,1,2023-12-03,23179,2023,627681,0.0993698313832283,0,1,0,0.21077172458171844,0.3725135922431946,0.1637861728668213,8393
0,1,0.014149811118841171,84,FW,Eintracht Frankfurt,VfB Stuttgart,1,2,2023-11-25,23167,2023,625187,0.3622385561466217,0,5,0,0.014149811118841171,0.3763883709907532,0,8393
0,3,0.19340775907039642,90,FW,Werder Bremen,Eintracht Frankfurt,2,2,2023-11-12,23159,2023,624224,0.5153926610946655,1,3,0,0.19340775907039642,0.2537927031517029,0.04343791306018829,8393
2,2,0.8528183698654175,75,FW,Union Berlin,Eintracht Frankfurt,0,3,2023-11-04,23147,2023,621456,0,0,0,2,0.8528183698654175,0.7906597852706909,0,8393
2,5,2.1033899784088135,90,FW,Eintracht Frankfurt,Borussia Dortmund,3,3,2023-10-29,23140,2023,620667,0,0,0,1,1.3456133604049683,1.841377854347229,0.49576449394226074,8393
1,4,0.2548755407333374,80,FW,Hoffenheim,Eintracht Frankfurt,1,3,2023-10-21,23132,2023,617931,0.0890016257762909,0,1,1,0.2548755407333374,0.48938557505607605,0.18147893249988556,8393
0,0,0,70,AMC,Eintracht Frankfurt,FC Heidenheim,2,0,2023-10-08,23127,2023,617482,0,0,0,0,0,0.022109653800725937,0.022109653800725937,8393
0,1,0.1022706925868988,85,FW,Wolfsburg,Eintracht Frankfurt,2,0,2023-09-30,23113,2023,614471,0.12343435734510422,0,2,0,0.1022706925868988,0.22570504248142242,0,8393
0,2,0.12489064037799835,69,FW,Eintracht Frankfurt,Freiburg,0,0,2023-09-24,23109,2023,613116,0.2399018406867981,0,1,0,0.12489064037799835,0.12489064037799835,0,8393
0,3,0.188655823469162,43,Sub,Bochum,Eintracht Frankfurt,1,1,2023-09-16,23098,2023,610703,0.035892609506845474,0,1,0,0.188655823469162,0.188655823469162,0,8393
0,1,0.4050109088420868,70,FW,Eintracht Frankfurt,FC Cologne,1,1,2023-09-03,23090,2023,609499,0.17963239550590515,0,2,0,0.4050109088420868,0.5731565952301025,0.0956144779920578,8393
1,3,0.6402778625488281,90,AMC,Mainz 05,Eintracht Frankfurt,1,1,2023-08-27,23081,2023,607612,0.40187209844589233,0,1,1,0.6402778625488281,0.9984596371650696,0,8393
0,0,0,3,Sub,Eintracht Frankfurt,Darmstadt,1,0,2023-08-20,23073,2023,605876,0,0,0,0,0,0,0,8393
1,1,0.6379902362823486,74,FW,Villarreal,Sevilla,2,3,2026-05-13,29516,2025,790328,0.13035760819911957,1,1,1,0.6379902362823486,0.7683477997779846,0,8187
0,0,0,15,Sub,Mallorca,Villarreal,1,1,2026-05-10,29502,2025,789198,0.05858935788273811,0,1,0,0,0.05858935788273811,0,8187
2,6,1.1077446937561035,77,FW,Villarreal,Levante,5,1,2026-05-02,29489,2025,786883,0,0,0,2,1.1077446937561035,1.1364185810089111,0.17958678305149078,8187
0,2,0.13338510692119598,88,FW,Villarreal,Celta Vigo,2,1,2026-04-26,29470,2025,786480,0,0,0,0,0.13338510692119598,0.33047086000442505,0.19708573818206787,8187
0,1,0.10019479691982269,38,Sub,Real Oviedo,Villarreal,1,1,2026-04-23,29482,2025,784969,0.052787646651268005,0,1,0,0.10019479691982269,0.18241429328918457,0.08221948891878128,8187
0,1,0.10019479691982269,38,Sub,Real Oviedo,Villarreal,1,1,2026-04-23,29482,2025,784959,0.052787646651268005,0,1,0,0.10019479691982269,0.18241429328918457,0.08221948891878128,8187
0,1,0.009096739813685417,14,Sub,Athletic Club,Villarreal,1,2,2026-04-12,29458,2025,782733,0.12383896112442017,0,1,0,0.009096739813685417,0.24725894629955292,0.23816220462322235,8187
0,2,0.08288160711526871,90,FW,Girona,Villarreal,1,0,2026-04-06,29451,2025,781142,0.08013975620269775,0,1,0,0.08288160711526871,0.2516889274120331,0.08866757899522781,8187
1,6,1.717069387435913,90,FW,Villarreal,Real Sociedad,3,1,2026-03-20,29438,2025,778156,0.17337004840373993,1,3,1,1.717069387435913,2.0636613368988037,0.2105216681957245,8187
0,3,0.14283789694309235,83,FW,Alaves,Villarreal,1,1,2026-03-13,29428,2025,776462,0.018154848366975784,0,1,0,0.14283789694309235,0.14283789694309235,0,8187
0,2,0.6681761741638184,90,FW,Villarreal,Elche,2,1,2026-03-08,29424,2025,775671,0.12344522029161453,0,1,0,0.6681761741638184,0.9892879724502563,0.3524850904941559,8187
0,0,0,90,FW,Barcelona,Villarreal,4,1,2026-02-28,29408,2025,773356,0.16918112337589264,0,2,0,0,0.16918112337589264,0,8187
0,2,0.5024186372756958,90,FW,Villarreal,Valencia,2,1,2026-02-22,29406,2025,772613,0,0,0,0,0.5024186372756958,0.5024186372756958,0,8187
1,2,0.7864225506782532,89,FW,Levante,Villarreal,0,1,2026-02-18,29311,2025,771213,0.49132397770881653,0,1,1,0.7864225506782532,1.3902740478515625,0.11252754181623459,8187
1,2,1.0893362760543823,22,Sub,Getafe,Villarreal,2,1,2026-02-14,29389,2025,770399,0,0,0,1,1.0893362760543823,1.1040396690368652,0.014703354798257351,8187
1,2,0.5510455965995789,75,FW,Villarreal,Espanyol,4,1,2026-02-09,29384,2025,769676,0.3077111542224884,1,3,1,0.5510455965995789,0.8103345036506653,0.034291427582502365,8187
0,1,0.022441396489739418,80,FW,Osasuna,Villarreal,2,2,2026-01-31,29370,2025,767219,0,0,0,0,0.022441396489739418,0.022441396489739418,0,8187
0,2,0.15507259964942932,79,FW,Villarreal,Real Madrid,0,2,2026-01-24,29367,2025,765940,0,0,0,0,0.15507259964942932,0.18151280283927917,0.026440199464559555,8187
0,1,0.6103300452232361,90,FW,Real Betis,Villarreal,2,0,2026-01-17,29352,2025,764572,0.035415783524513245,0,1,0,0.6103300452232361,0.7301275730133057,0.1197974905371666,8187
1,3,0.7408594489097595,90,FW,Villarreal,Alaves,3,1,2026-01-10,29341,2025,762916,0.18713292479515076,0,2,1,0.7408594489097595,0.9279923439025879,0.08977970480918884,8187
1,3,0.6635717153549194,80,FW,Elche,Villarreal,1,3,2026-01-03,29330,2025,761248,0.8230181932449341,1,2,1,0.6635717153549194,1.4551995992660522,0.02237924002110958,8187
0,2,0.5633837580680847,23,Sub,Villarreal,Barcelona,0,2,2025-12-21,29325,2025,759619,0,0,0,0,0.5633837580680847,0.5633837580680847,0,8187
1,3,0.5165355205535889,87,FW,Villarreal,Getafe,2,0,2025-12-06,29304,2025,755667,0,0,0,1,0.5165355205535889,0.4886532425880432,0,8187
0,1,0.07265201210975647,17,Sub,Real Sociedad,Villarreal,2,3,2025-11-30,29293,2025,754181,0,0,0,0,0.07265201210975647,0.07265201210975647,0,8187
0,2,0.5635929703712463,25,Sub,Villarreal,Mallorca,2,1,2025-11-22,29287,2025,752403,0,0,0,0,0.5635929703712463,0.5966950058937073,0.03310202807188034,8187
0,0,0,47,FW,Villarreal,Rayo Vallecano,4,0,2025-11-01,29267,2025,747998,0.18168486654758453,1,2,0,0,0.24676914513111115,0.06508427858352661,8187
0,3,0.4307100474834442,81,FW,Valencia,Villarreal,0,2,2025-10-25,29251,2025,746263,0,0,0,0,0.4307100474834442,0.4307100474834442,0,8187
1,2,0.08527493476867676,43,Sub,Real Madrid,Villarreal,3,1,2025-10-04,29231,2025,742795,0.023919878527522087,0,1,1,0.08527493476867676,0.109194815158844,0.028195347636938095,8187
0,1,0.5944401025772095,72,FW,Villarreal,Athletic Club,1,0,2025-09-27,29225,2025,741071,0,0,0,0,0.5944401025772095,0.5944401025772095,0,8187
0,0,0,18,Sub,Sevilla,Villarreal,1,2,2025-09-23,29211,2025,740020,0.569327175617218,1,1,0,0,0.569327175617218,0,8187
1,6,1.5423314571380615,90,FW,Villarreal,Osasuna,2,1,2025-09-20,29207,2025,738810,0.4684021472930908,0,1,1,1.5423314571380615,1.6766248941421509,0.09572498500347137,8187
0,0,0,80,FW,Atletico Madrid,Villarreal,2,0,2025-09-13,29193,2025,737329,0,0,0,0,0,0,0,8187
0,5,0.3829907178878784,90,FW,Lyon,Metz,3,0,2025-08-23,29550,2025,733677,0,0,0,0,0.3829907178878784,0.4477939009666443,0.12556762993335724,8187
1,5,0.8535597324371338,90,FW,Lens,Lyon,0,1,2025-08-16,29539,2025,731901,0,0,0,1,0.8535597324371338,1.3253259658813477,0.4717662036418915,8187
0,1,0.038501664996147156,10,Sub,Lyon,Angers,2,0,2025-05-17,28348,2024,728010,0,0,0,0,0.038501664996147156,0.038501664996147156,0,8187
0,0,0,11,Sub,Monaco,Lyon,2,0,2025-05-10,28344,2024,726143,0,0,0,0,0,0,0,8187
1,4,0.3960622549057007,90,FW,Lyon,Lens,1,2,2025-05-04,28330,2024,724853,0.10315009206533432,0,1,1,0.3960622549057007,0.4992123544216156,0,8187
1,3,1.0185072422027588,11,Sub,Lyon,Rennes,4,1,2025-04-26,28326,2024,722844,0.34455305337905884,0,1,1,1.0185072422027588,1.3630602359771729,0.7825067043304443,8187
0,2,0.14831195771694183,90,FW,Saint-Etienne,Lyon,2,1,2025-04-20,28309,2024,721613,0.13907238841056824,1,3,0,0.14831195771694183,0.3356562852859497,0.04827192798256874,8187
1,3,0.9007518291473389,90,AML,Auxerre,Lyon,1,3,2025-04-13,28302,2024,719766,0.8421061038970947,1,2,0,0.14065666496753693,1.0430502891540527,0.14735141396522522,8187
0,0,0,15,Sub,Lyon,Lille,2,1,2025-04-05,28295,2024,717274,0.6289885640144348,0,1,0,0,0.6289885640144348,0,8187
1,4,1.2142715454101562,90,AML,Strasbourg,Lyon,4,2,2025-03-28,28285,2024,714514,0.6300259828567505,0,1,0,0.4541764259338379,1.5211457014083862,0.43694326281547546,8187
1,1,0.04526849463582039,8,Sub,Lyon,Le Havre,4,2,2025-03-16,28277,2024,713789,1.1443179845809937,2,2,1,0.04526849463582039,1.6900461912155151,0.5457282066345215,8187
0,1,0.07095933705568314,13,Sub,Nice,Lyon,0,2,2025-03-09,28268,2024,712422,0,0,0,0,0.07095933705568314,0.10741627961397171,0.03645694628357887,8187
0,2,0.2808411419391632,90,AML,Lyon,Brest,2,1,2025-03-02,28257,2024,710329,0.014910426922142506,0,1,0,0.2808411419391632,0.6632070541381836,0.4452127516269684,8187
0,2,0.15165041387081146,8,Sub,Lyon,Paris Saint Germain,2,3,2025-02-23,28254,2024,708884,0.38959792256355286,1,2,0,0.15165041387081146,1.1207149028778076,0.5794665217399597,8187
1,1,0.2777315676212311,72,FW,Montpellier,Lyon,1,4,2025-02-16,28239,2024,706761,0,0,0,1,0.2777315676212311,0.7222239375114441,0.444492369890213,8187
1,3,1.1868399381637573,90,FW,Lyon,Reims,4,0,2025-02-09,28234,2024,705096,0,0,0,1,1.1868399381637573,1.6450480222702026,0.4582081437110901,8187
0,0,0,10,Sub,Marseille,Lyon,3,2,2025-02-02,28219,2024,704370,0,0,0,0,0,0,0,8187
0,1,0.08995673060417175,23,Sub,Nantes,Lyon,1,1,2025-01-26,28218,2024,702231,0.1256759762763977,0,1,0,0.08995673060417175,0.21563270688056946,0,8187
0,2,0.1151283010840416,90,FW,Lyon,Toulouse,0,0,2025-01-18,28204,2024,700360,0,0,0,0,0.1151283010840416,0.07996277511119843,0,8187
0,0,0,8,Sub,Brest,Lyon,2,1,2025-01-11,28198,2024,698287,0,0,0,0,0,0,0,8187
0,0,0,10,Sub,Lyon,Montpellier,1,0,2025-01-04,28184,2024,697470,0,0,0,0,0,0.020814629271626472,0.020814629271626472,8187
1,1,0.3976966440677643,71,FW,Paris Saint Germain,Lyon,3,1,2024-12-15,28182,2024,694761,0,0,0,1,0.3976966440677643,0.3976966440677643,0,8187
1,2,0.039018414914608,19,Sub,Angers,Lyon,0,3,2024-12-07,28168,2024,692585,0,0,0,1,0.039018414914608,0,0,8187
0,0,0,12,Sub,Lyon,Nice,4,1,2024-12-01,28163,2024,690962,0.0570034421980381,0,1,0,0,0.14996033906936646,0.09295690059661865,8187
0,0,0,10,Sub,Reims,Lyon,1,1,2024-11-23,28155,2024,688879,0,0,0,0,0,0,0,8187
0,1,0.09937001764774323,3,Sub,Lyon,Saint-Etienne,1,0,2024-11-10,28145,2024,687779,0,0,0,0,0.09937001764774323,0.09937001764774323,0,8187
0,0,0,3,Sub,Lille,Lyon,1,1,2024-11-01,28136,2024,684620,0,0,0,0,0,0.12923909723758698,0.12923909723758698,8187
2,4,1.4160929918289185,90,FW,Lyon,Auxerre,2,2,2024-10-27,28126,2024,683641,0.5175103545188904,0,3,1,0.6559978127479553,1.240195631980896,0.06668750941753387,8187
0,1,0.08324582129716873,14,Sub,Le Havre,Lyon,0,4,2024-10-20,28115,2024,681872,0.2723170518875122,1,1,0,0.08324582129716873,0.35556286573410034,0,8187
0,2,0.14188939332962036,5,Sub,Lyon,Nantes,2,0,2024-10-06,28102,2024,680115,0,0,0,0,0.14188939332962036,0.2388359159231186,0.09694652259349823,8187
0,2,0.4990113377571106,71,FW,Toulouse,Lyon,1,2,2024-09-29,28099,2024,678416,0,0,0,0,0.4990113377571106,0.052676763385534286,0,8187
0,2,0.8766068816184998,16,Sub,Lyon,Marseille,2,3,2024-09-22,28084,2024,676786,0,0,0,0,0.8766068816184998,0.8766068816184998,0,8187
0,1,0.04058712348341942,25,Sub,Lens,Lyon,0,0,2024-09-15,28078,2024,674799,0,0,0,0,0.04058712348341942,0.04058712348341942,0,8187
0,6,0.6682382822036743,65,FW,Lyon,Strasbourg,4,3,2024-08-30,28066,2024,671457,0.06553399562835693,0,1,0,0.6682382822036743,0.9542164206504822,0.22044415771961212,8187
0,0,0,74,Sub,Lyon,Monaco,0,2,2024-08-24,28058,2024,668179,0,0,0,0,0,0,0,8187
0,4,1.2644667625427246,90,FW,Rennes,Lyon,3,0,2024-08-18,28056,2024,667248,0.04576259106397629,0,1,0,0.5043716430664062,0.3434891998767853,0.2668941020965576,8187
0,4,0.5825018882751465,90,FW,Metz,Paris Saint Germain,0,2,2024-05-19,23668,2023,663781,0.2546800673007965,0,3,0,0.5825018882751465,1.0348831415176392,0.28751280903816223,8187
1,4,0.3915088176727295,90,FW,Strasbourg,Metz,2,1,2024-05-12,23660,2023,661582,0.19091585278511047,0,2,1,0.3915088176727295,0.503787636756897,0,8187
1,2,0.05005057901144028,90,FW,Metz,Rennes,2,3,2024-05-04,23657,2023,659149,0.7339960932731628,1,3,1,0.05005057901144028,0.7529489994049072,0.018923692405223846,8187
1,2,1.0711555480957031,90,FW,Metz,Lille,1,2,2024-04-28,23648,2023,657429,0,0,0,0,0.3110603988170624,0.3110603988170624,0,8187
1,3,0.6758999824523926,90,FW,Le Havre,Metz,0,1,2024-04-21,23639,2023,655377,0.34886643290519714,0,2,1,0.6758999824523926,1.0002825260162354,0,8187
2,4,0.4050975739955902,90,FW,Metz,Lens,2,1,2024-04-12,23631,2023,652861,0.12269089370965958,0,2,2,0.4050975739955902,0.4859376549720764,0,8187
2,3,1.366151213645935,90,FW,Brest,Metz,4,3,2024-04-07,23622,2023,652137,0,0,0,2,1.366151213645935,1.5190668106079102,0.1529155969619751,8187
0,4,0.4543740451335907,83,FW,Metz,Monaco,2,5,2024-03-30,23613,2023,649958,0.03490791469812393,0,1,0,0.4543740451335907,0.4892819821834564,0.059126488864421844,8187
0,3,0.3820294737815857,90,FW,Reims,Metz,2,1,2024-03-17,23600,2023,648856,0.04439404606819153,0,1,0,0.3820294737815857,0.8412483334541321,0.4826662838459015,8187
1,3,0.8361257314682007,90,FW,Metz,Clermont Foot,1,0,2024-03-10,23595,2023,647254,0,0,0,0,0.07603058964014053,0.3850293457508087,0.3850293457508087,8187
1,1,0.7600951194763184,90,FW,Nantes,Metz,0,2,2024-03-03,23584,2023,645638,0.07611441612243652,1,1,0,0,0.697382390499115,0.6212679743766785,8187
1,2,0.40836334228515625,90,FW,Metz,Lyon,1,2,2024-02-23,23570,2023,642965,0,0,0,1,0.40836334228515625,0.9550659656524658,0.5467026233673096,8187
0,6,0.5541424751281738,90,FW,Montpellier,Metz,3,0,2024-02-18,23567,2023,642434,0.035034943372011185,0,2,0,0.5541424751281738,0.530866265296936,0.03525318577885628,8187
0,4,0.7733479142189026,78,FW,Marseille,Metz,1,1,2024-02-09,23553,2023,639836,0,0,0,0,0.7733479142189026,0.7053202390670776,0,8187
0,1,0.0450238361954689,86,FW,Metz,Lorient,1,2,2024-02-04,23549,2023,639108,0.349154531955719,1,2,0,0.0450238361954689,0.38467615842819214,0.039921361953020096,8187
0,0,0,86,FW,Nice,Metz,1,0,2024-01-27,23538,2023,636982,0,0,0,0,0,0,0,8187
0,1,0.12448899447917938,90,FW,Metz,Toulouse,0,1,2024-01-14,23531,2023,635224,0,0,0,0,0.12448899447917938,0,0,8187
1,4,0.4744110107421875,88,FW,Clermont Foot,Metz,0,1,2023-08-27,23395,2023,607550,0,0,0,1,0.4744110107421875,0.4744110107421875,0.01003632228821516,8187
1,5,0.2645778954029083,86,FW,Metz,Marseille,2,2,2023-08-18,23388,2023,604814,0,0,0,1,0.2645778954029083,0.20446078479290009,0,8187
0,1,0.02055232599377632,90,FW,Rennes,Metz,5,1,2023-08-13,23371,2023,604399,0.08711019158363342,1,2,0,0.02055232599377632,0.15858837962150574,0.13803605735301971,8187
1,4,0.7601825594902039,81,AML,Manchester United,Nottingham Forest,3,2,2026-05-17,29145,2025,791137,0.9689860939979553,0,4,1,0.7601825594902039,2.7671306133270264,1.9092991352081299,7080
0,5,0.26343202590942383,90,AML,Sunderland,Manchester United,0,0,2026-05-09,29135,2025,788857,0.07140198349952698,0,1,0,0.26343202590942383,0.311976820230484,0.028123365715146065,7080
1,3,0.12292543798685074,90,AML,Manchester United,Liverpool,3,2,2026-05-03,29125,2025,787876,0,0,0,1,0.12292543798685074,0.27930256724357605,0.27930256724357605,7080
1,2,0.3743019104003906,86,AML,Chelsea,Manchester United,0,1,2026-04-18,29100,2025,783578,0.04471657797694206,0,1,1,0.3743019104003906,0.4190184772014618,0.34650298953056335,7080
0,4,0.15160930156707764,90,AML,Manchester United,Leeds,1,2,2026-04-13,29088,2025,782807,0.05681910738348961,0,2,0,0.15160930156707764,0.3314123749732971,0.20543606579303741,7080
0,2,0.08723074197769165,83,AML,Bournemouth,Manchester United,2,2,2026-03-20,29078,2025,778203,0.102935291826725,0,1,0,0.08723074197769165,0.41617488861083984,0.3531129062175751,7080
1,2,0.3330167829990387,90,AML,Manchester United,Aston Villa,3,1,2026-03-15,29074,2025,777439,0.05574113875627518,0,1,1,0.3330167829990387,0.5167640447616577,0.20474398136138916,7080
0,3,0.1765594333410263,90,AML,Newcastle United,Manchester United,2,1,2026-03-04,29065,2025,774841,0.04061715304851532,0,1,0,0.1765594333410263,0.24394263327121735,0.026766039431095123,7080
0,2,0.05480935424566269,90,AML,Manchester United,Crystal Palace,2,1,2026-03-01,29055,2025,773871,0,0,0,0,0.05480935424566269,0.2605190873146057,0.20570972561836243,7080
0,1,0.06674399226903915,90,AML,Everton,Manchester United,0,1,2026-02-23,29042,2025,772720,0,0,0,0,0.06674399226903915,0.5259464383125305,0.5259464383125305,7080
0,0,0,69,FW,West Ham,Manchester United,1,1,2026-02-10,29037,2025,769814,0,0,0,0,0,0,0,7080
0,1,0.023536980152130127,80,FW,Manchester United,Tottenham,2,0,2026-02-07,29025,2025,768377,0.0547957643866539,0,1,0,0.023536980152130127,0.26859167218208313,0.1902589201927185,7080
1,2,0.20733167231082916,77,AML,Manchester United,Fulham,3,2,2026-02-01,29012,2025,767612,0.058659423142671585,0,1,1,0.20733167231082916,0.2886696755886078,0.08133799582719803,7080
1,1,0.020503200590610504,19,Sub,Arsenal,Manchester United,2,3,2026-01-25,28999,2025,766421,0,0,0,1,0.020503200590610504,0.020503200590610504,0,7080
0,0,0,17,Sub,Manchester United,Manchester City,2,0,2026-01-17,28993,2025,763919,0.4492279291152954,1,1,0,0,0.4492279291152954,0.4492279291152954,7080
0,3,0.09219366312026978,76,AMR,Burnley,Manchester United,2,2,2026-01-07,28982,2025,762463,0.019687220454216003,0,1,0,0.09219366312026978,0.8913330435752869,0.8001464605331421,7080
1,3,0.149170383810997,90,AMC,Leeds,Manchester United,1,1,2026-01-04,28976,2025,761431,0.0598631426692009,0,1,1,0.149170383810997,0.6773746609687805,0.5499664545059204,7080
0,2,0.09516142308712006,90,AMC,Manchester United,Wolverhampton Wanderers,1,1,2025-12-30,28964,2025,760656,0,0,0,0,0.09516142308712006,0.3065769672393799,0.21141554415225983,7080
0,3,0.14197316765785217,90,AML,Manchester United,Newcastle United,1,0,2025-12-26,28954,2025,759899,0.06758102029561996,0,1,0,0.14197316765785217,0.20955418050289154,0.10927021503448486,7080
1,6,0.6840688586235046,90,AMC,Aston Villa,Manchester United,2,1,2025-12-21,28939,2025,759661,0.07140906900167465,0,2,1,0.6840688586235046,0.8506230711936951,0.09514513611793518,7080
1,8,0.8602206707000732,90,FW,Manchester United,Bournemouth,4,4,2025-12-15,28934,2025,758669,0.5147866010665894,0,3,1,0.8602206707000732,1.4928858280181885,0.26092731952667236,7080
0,8,0.6750597357749939,90,FW,Wolverhampton Wanderers,Manchester United,1,4,2025-12-08,28927,2025,757203,0.4543474316596985,1,2,0,0.6750597357749939,1.7872110605239868,0.9456409811973572,7080
0,3,0.2430315464735031,78,AMC,Manchester United,West Ham,1,1,2025-12-04,28915,2025,755364,0,0,0,0,0.2430315464735031,0.3025664985179901,0.05953493341803551,7080
0,1,0.06043486297130585,73,FW,Tottenham,Manchester United,2,2,2025-11-08,28886,2025,749879,0,0,0,0,0.06043486297130585,0.44490206241607666,0.3844671845436096,7080
0,2,0.07003533095121384,90,AMC,Nottingham Forest,Manchester United,2,2,2025-11-01,28874,2025,748422,0.13897886872291565,0,3,0,0.07003533095121384,0.23643916845321655,0.11400196701288223,7080
1,2,0.059977952390909195,83,AMC,Manchester United,Brighton,4,2,2025-10-25,28865,2025,746092,0.1698918342590332,0,2,1,0.059977952390909195,0.8866615295410156,0.6567917466163635,7080
0,2,0.10998634994029999,90,FW,Liverpool,Manchester United,1,2,2025-10-19,28852,2025,745083,0,0,0,0,0.10998634994029999,0.8367326259613037,0.7267462611198425,7080
0,3,0.263367623090744,19,Sub,Manchester United,Sunderland,2,0,2025-10-04,28845,2025,742439,0,0,0,0,0.263367623090744,0.16843166947364807,0.04226280748844147,7080
0,4,0.12914679944515228,90,AMC,Brentford,Manchester United,3,1,2025-09-27,28828,2025,740366,0.14662878215312958,0,1,0,0.12914679944515228,0.2823200821876526,0.027179712429642677,7080
0,0,0,15,Sub,Manchester United,Chelsea,2,1,2025-09-20,28824,2025,738844,0,0,0,0,0,0,0,7080
0,1,0.02157522924244404,30,FW,Manchester United,Burnley,3,2,2025-08-30,28802,2025,735106,0.059393320232629776,0,1,0,0.02157522924244404,0.08096855133771896,0.059393320232629776,7080
0,3,0.44434356689453125,90,FW,Fulham,Manchester United,1,1,2025-08-24,28796,2025,734098,0.01803870126605034,0,1,0,0.44434356689453125,0.5825896859169006,0.13824611902236938,7080
0,4,0.3341710865497589,90,FW,Manchester United,Arsenal,0,1,2025-08-17,28786,2025,732463,0.07355441153049469,0,1,0,0.3341710865497589,0.46511146426200867,0.05738595873117447,7080
0,8,0.32728853821754456,90,AMC,Wolverhampton Wanderers,Brentford,1,1,2025-05-25,26978,2024,730071,0.05872253701090813,0,1,0,0.32728853821754456,0.530381977558136,0.25393038988113403,7080
0,3,0.16672179102897644,20,Sub,Crystal Palace,Wolverhampton Wanderers,4,2,2025-05-20,26967,2024,729306,0.05489141494035721,0,2,0,0.16672179102897644,0.06263380497694016,0,7080
0,2,0.05036570504307747,66,AMC,Wolverhampton Wanderers,Brighton,0,2,2025-05-10,26961,2024,725809,0.4070822298526764,0,2,0,0.05036570504307747,0.15269629657268524,0.10233060270547867,7080
0,2,0.12225891649723053,86,FW,Manchester City,Wolverhampton Wanderers,1,0,2025-05-02,26942,2024,723761,0,0,0,0,0.12225891649723053,0.19323666393756866,0.07097774744033813,7080
1,6,0.6165494918823242,90,AMC,Wolverhampton Wanderers,Leicester,3,0,2025-04-26,26941,2024,722654,0.47895821928977966,2,5,1,0.6165494918823242,1.096575140953064,0.4442285895347595,7080
0,1,0.028462331742048264,90,AMC,Manchester United,Wolverhampton Wanderers,0,1,2025-04-20,26929,2024,721028,0.06174552068114281,0,1,0,0.028462331742048264,0.028462331742048264,0,7080
1,2,0.4390198290348053,17,Sub,Wolverhampton Wanderers,Tottenham,4,2,2025-04-13,26919,2024,719193,0.05695607140660286,0,2,1,0.4390198290348053,0.42641595005989075,0,7080
0,6,0.30420035123825073,90,AMC,Wolverhampton Wanderers,Fulham,1,2,2025-02-25,26867,2024,709034,0.013895109295845032,0,1,0,0.30420035123825073,0.341892272233963,0.12238539755344391,7080
1,3,0.5344023108482361,90,AMC,Bournemouth,Wolverhampton Wanderers,0,1,2025-02-22,26852,2024,707907,0.41426968574523926,0,4,1,0.5344023108482361,1.401820182800293,1.1683094501495361,7080
1,6,0.33779311180114746,90,AMC,Liverpool,Wolverhampton Wanderers,2,1,2025-02-16,26847,2024,706727,0.13104230165481567,0,1,1,0.33779311180114746,0.39991217851638794,0.007377672009170055,7080
1,4,0.7077529430389404,90,AMC,Wolverhampton Wanderers,Aston Villa,2,0,2025-02-01,26841,2024,703642,0.3984500765800476,0,1,1,0.7077529430389404,1.3614739179611206,0.31666332483291626,7080
0,4,0.1568221002817154,90,AMC,Wolverhampton Wanderers,Arsenal,0,1,2025-01-25,26831,2024,701443,0.02636304311454296,0,1,0,0.1568221002817154,0.1358543187379837,0.04309418424963951,7080
0,5,0.20467261970043182,90,AMC,Chelsea,Wolverhampton Wanderers,3,1,2025-01-20,26814,2024,701024,0.07127075642347336,0,1,0,0.20467261970043182,0.2435697615146637,0,7080
0,4,0.27726006507873535,41,Sub,Newcastle United,Wolverhampton Wanderers,3,0,2025-01-15,26810,2024,699469,0.07879475504159927,0,2,0,0.27726006507873535,0.6439312100410461,0.307953804731369,7080
0,3,0.08938001841306686,49,AMC,Tottenham,Wolverhampton Wanderers,2,2,2024-12-29,26790,2024,696755,0,0,0,0,0.08938001841306686,0.04187699407339096,0,7080
1,2,0.041740719228982925,90,AMC,Wolverhampton Wanderers,Manchester United,2,0,2024-12-26,26781,2024,696311,0.6423093676567078,1,1,1,0.041740719228982925,0.7041364908218384,0.06182707101106644,7080
1,3,0.15595462918281555,90,AMC,Leicester,Wolverhampton Wanderers,0,3,2024-12-22,26770,2024,695684,0.6083208322525024,0,3,1,0.15595462918281555,0.7004313468933105,0.47908255457878113,7080
1,5,0.3805503845214844,90,AMC,Wolverhampton Wanderers,Ipswich,1,2,2024-12-14,26758,2024,693608,0.04671141132712364,0,1,1,0.3805503845214844,0.7942357063293457,0.4263492524623871,7080
0,2,0.03723330423235893,90,AMC,West Ham,Wolverhampton Wanderers,2,1,2024-12-09,26746,2024,693286,0.2590522766113281,0,4,0,0.03723330423235893,0.6124629378318787,0.3161773383617401,7080
0,2,0.06216863915324211,90,AMC,Everton,Wolverhampton Wanderers,4,0,2024-12-04,26735,2024,691592,0,0,0,0,0.06216863915324211,0.5755777955055237,0.5134091377258301,7080
0,2,0.10226035118103027,90,AMC,Wolverhampton Wanderers,Bournemouth,2,4,2024-11-30,26731,2024,689967,0.05855344608426094,0,2,0,0.10226035118103027,0.28001245856285095,0.23503534495830536,7080
2,4,0.6298876404762268,90,AMC,Fulham,Wolverhampton Wanderers,1,4,2024-11-23,26717,2024,688414,0.10349234938621521,1,1,2,0.6298876404762268,0.7572028040885925,0.02382281981408596,7080
1,2,0.07874206453561783,90,AMC,Wolverhampton Wanderers,Southampton,2,0,2024-11-09,26711,2024,686669,0.578175961971283,1,2,1,0.07874206453561783,0.8441752195358276,0.23253069818019867,7080
0,2,0.0951862782239914,90,AMC,Wolverhampton Wanderers,Crystal Palace,2,2,2024-11-02,26701,2024,685242,0.9886963963508606,1,3,0,0.0951862782239914,1.4181207418441772,0.33423808217048645,7080
1,5,0.3733123540878296,90,AMC,Brighton,Wolverhampton Wanderers,2,2,2024-10-26,26686,2024,683045,0.32637515664100647,0,4,1,0.3733123540878296,0.4276100993156433,0,7080
0,1,0.016384407877922058,69,FW,Wolverhampton Wanderers,Manchester City,1,2,2024-10-20,26681,2024,681883,0.4163709282875061,0,1,0,0.016384407877922058,0.43275532126426697,0.4163709282875061,7080
1,5,0.2724606692790985,90,ML,Brentford,Wolverhampton Wanderers,5,3,2024-10-05,26667,2024,679569,0.053644809871912,0,1,1,0.2724606692790985,0.30753815174102783,0.03507748618721962,7080
0,2,0.0488959476351738,90,MR,Wolverhampton Wanderers,Liverpool,1,2,2024-09-28,26658,2024,678056,0.11073242872953415,0,1,0,0.0488959476351738,0.15962837636470795,0,7080
1,1,0.024960719048976898,90,ML,Aston Villa,Wolverhampton Wanderers,3,1,2024-09-21,26647,2024,675770,0.14311900734901428,0,3,1,0.024960719048976898,0.08261573314666748,0.057655010372400284,7080
0,4,0.2640218436717987,90,AMC,Wolverhampton Wanderers,Newcastle United,1,2,2024-09-15,26641,2024,674619,0,0,0,0,0.2640218436717987,1.0282623767852783,0.764240562915802,7080
0,4,0.16055747866630554,90,AMC,Nottingham Forest,Wolverhampton Wanderers,1,1,2024-08-31,26627,2024,671867,0.35384032130241394,0,2,0,0.16055747866630554,0.5007186532020569,0.3683682382106781,7080
1,4,1.2959703207015991,77,AMC,Wolverhampton Wanderers,Chelsea,2,6,2024-08-25,26619,2024,668740,0.42815762758255005,0,2,1,1.2959703207015991,1.2526766061782837,0,7080
0,1,0.043061111122369766,32,Sub,Arsenal,Wolverhampton Wanderers,2,0,2024-08-17,26604,2024,666320,0.04113229736685753,0,1,0,0.043061111122369766,0.0841934084892273,0,7080
0,1,0.427788645029068,85,AMC,Liverpool,Wolverhampton Wanderers,2,0,2024-05-19,22271,2023,663073,0.07308502495288849,0,1,0,0.427788645029068,0.5008736848831177,0.07308502495288849,7080
1,4,0.24714046716690063,90,AMC,Wolverhampton Wanderers,Crystal Palace,1,3,2024-05-11,22264,2023,660573,0,0,0,1,0.24714046716690063,0.23169319331645966,0.08027373254299164,7080
0,0,0,83,FW,Manchester City,Wolverhampton Wanderers,5,1,2024-05-04,22253,2023,659073,0,0,0,0,0,0.13621670007705688,0.13621670007705688,7080
0,1,0.019865749403834343,78,AMC,Wolverhampton Wanderers,Luton,2,1,2024-04-27,22244,2023,658290,0.08411690592765808,1,1,0,0.019865749403834343,0.15297797322273254,0.06886106729507446,7080
0,3,0.1285201460123062,33,Sub,Wolverhampton Wanderers,Bournemouth,0,1,2024-04-24,22184,2023,656377,0,0,0,0,0.1285201460123062,0.1110982894897461,0,7080
2,3,0.883619487285614,80,FW,Nottingham Forest,Wolverhampton Wanderers,2,2,2024-04-13,22223,2023,653342,0.018143970519304276,0,1,2,0.883619487285614,0.20006300508975983,0.12218170613050461,7080
0,1,0.013132527470588684,33,Sub,Wolverhampton Wanderers,West Ham,1,2,2024-04-06,22214,2023,651811,0,0,0,0,0.013132527470588684,0.04338141530752182,0.030248887836933136,7080
0,0,0,10,Sub,Burnley,Wolverhampton Wanderers,1,1,2024-04-02,22197,2023,651088,0,0,0,0,0,0,0,7080
0,2,0.1875438243150711,19,AMC,Wolverhampton Wanderers,Brentford,0,2,2024-02-10,22134,2023,640250,0,0,0,0,0.1875438243150711,0.1875438243150711,0,7080
3,5,1.457529902458191,90,AMC,Chelsea,Wolverhampton Wanderers,2,4,2024-02-04,22120,2023,639062,0.3259250223636627,0,1,2,0.6963610649108887,1.0346150398254395,0.13343366980552673,7080
0,3,0.11011234670877457,90,AMC,Wolverhampton Wanderers,Manchester United,3,4,2024-02-01,22111,2023,638118,0.1381903737783432,1,2,0,0.11011234670877457,0.28326013684272766,0.0832662582397461,7080
0,3,0.8875386118888855,90,AMC,Brighton,Wolverhampton Wanderers,0,0,2024-01-22,22095,2023,636513,0.11733520030975342,0,1,0,0.8875386118888855,1.1117467880249023,0.10687292367219925,7080
1,3,0.9675207138061523,85,AMC,Wolverhampton Wanderers,Everton,3,0,2023-12-30,22094,2023,633465,0.44333675503730774,1,2,1,0.9675207138061523,1.2752466201782227,0.25170397758483887,7080
0,3,0.11149156093597412,90,AMC,Brentford,Wolverhampton Wanderers,1,4,2023-12-27,22077,2023,633144,0.3917061686515808,1,2,0,0.11149156093597412,0.5031977295875549,0.05068773403763771,7080
0,1,0.07993841916322708,87,FW,Wolverhampton Wanderers,Chelsea,2,1,2023-12-24,22073,2023,632890,0.03186342492699623,0,1,0,0.07993841916322708,0.11180184036493301,0,7080
0,4,0.15124723315238953,90,FW,West Ham,Wolverhampton Wanderers,3,0,2023-12-17,22064,2023,630908,0.1478528380393982,0,3,0,0.15124723315238953,0.31417134404182434,0.03672107681632042,7080
1,5,0.7931383848190308,90,FWL,Wolverhampton Wanderers,Nottingham Forest,1,1,2023-12-09,22054,2023,628790,0,0,0,1,0.7931383848190308,0.781770646572113,0.021503007039427757,7080
0,1,0.015266905538737774,90,FW,Wolverhampton Wanderers,Burnley,1,0,2023-12-05,22042,2023,627881,0.39527657628059387,1,1,0,0.015266905538737774,0.39527657628059387,0,7080
1,3,0.45286470651626587,90,FW,Arsenal,Wolverhampton Wanderers,2,1,2023-12-02,22026,2023,626648,0,0,0,1,0.45286470651626587,0.45286470651626587,0,7080
1,2,0.41548797488212585,86,FW,Fulham,Wolverhampton Wanderers,3,2,2023-11-27,22018,2023,626125,0.02342340722680092,0,1,1,0.41548797488212585,0.46966859698295593,0.030757224187254906,7080
0,3,0.13338351249694824,90,FW,Wolverhampton Wanderers,Tottenham,2,1,2023-11-11,22014,2023,622996,0.4014512300491333,1,3,0,0.13338351249694824,0.5348347425460815,0,7080
0,1,0.04434838145971298,90,AMC,Sheffield United,Wolverhampton Wanderers,2,1,2023-11-04,22003,2023,621484,0,0,0,0,0.04434838145971298,0.4473865032196045,0.4030381143093109,7080
0,4,0.34663745760917664,90,FW,Wolverhampton Wanderers,Newcastle United,2,2,2023-10-28,21994,2023,620120,0,0,0,0,0.34663745760917664,0.34663745760917664,0,7080
1,5,0.35487085580825806,86,FW,Bournemouth,Wolverhampton Wanderers,1,2,2023-10-21,21975,2023,618055,0.1457381397485733,0,2,1,0.35487085580825806,0.6289439797401428,0.3045003116130829,7080
0,0,0,80,FW,Wolverhampton Wanderers,Aston Villa,1,1,2023-10-08,21974,2023,616985,0,0,0,0,0,0,0,7080
0,0,0,89,FW,Wolverhampton Wanderers,Manchester City,2,1,2023-09-30,21961,2023,614608,0.6011964082717896,1,2,0,0,0.6011964082717896,0.12601348757743835,7080
0,0,0,76,FW,Luton,Wolverhampton Wanderers,1,1,2023-09-23,21945,2023,612202,0,0,0,0,0,0,0,7080
0,2,0.07443497329950333,63,FW,Wolverhampton Wanderers,Liverpool,1,3,2023-09-16,21935,2023,610063,0,0,0,0,0.07443497329950333,0.15287329256534576,0.07843832671642303,7080
1,2,0.4846419095993042,90,AMC,Crystal Palace,Wolverhampton Wanderers,3,2,2023-09-03,21932,2023,609359,0,0,0,1,0.4846419095993042,0.4961167275905609,0.011474833823740482,7080
0,2,0.14814887940883636,87,AMC,Everton,Wolverhampton Wanderers,0,1,2023-08-26,22299,2023,606885,0,0,0,0,0.14814887940883636,0.2152547538280487,0.06710588932037354,7080
0,1,0.6011396646499634,90,AMC,Wolverhampton Wanderers,Brighton,1,4,2023-08-19,22286,2023,605063,0.517451286315918,0,3,0,0.6011396646499634,0.5488798022270203,0.12041421234607697,7080
0,5,0.6917670369148254,79,FW,Manchester United,Wolverhampton Wanderers,1,0,2023-08-14,22284,2023,604643,0.06396590173244476,0,1,0,0.6917670369148254,0.7154462337493896,0,7080
0,1,0.06815075129270554,71,FW,Manchester United,Nottingham Forest,3,2,2026-05-17,29145,2025,791152,0,0,0,0,0.06815075129270554,0,0,4456
0,0,0,15,Sub,Nottingham Forest,Newcastle United,1,1,2026-05-10,29134,2025,789369,0,0,0,0,0,0.13406600058078766,0.13406600058078766,4456
0,0,0,10,Sub,Chelsea,Nottingham Forest,1,3,2026-05-04,29122,2025,788297,0,0,0,0,0,0,0,4456
1,2,0.43642154335975647,90,FW,Sunderland,Nottingham Forest,0,5,2026-04-24,29115,2025,785092,0,0,0,1,0.43642154335975647,0.43642154335975647,0,4456
0,1,0.11685029417276382,79,FW,Nottingham Forest,Burnley,4,1,2026-04-19,29106,2025,783746,0.05195849388837814,0,1,0,0.11685029417276382,0.22877508401870728,0.059966303408145905,4456
0,1,0.12722288072109222,22,Sub,Nottingham Forest,Aston Villa,1,1,2026-04-12,29089,2025,782158,0,0,0,0,0.12722288072109222,0.14959144592285156,0.14959144592285156,4456
0,0,0,15,Sub,Nottingham Forest,Chelsea,0,3,2025-10-18,28854,2025,743832,0,0,0,0,0,0,0,4456
0,0,0,66,FW,Newcastle United,Nottingham Forest,2,0,2025-10-05,28846,2025,743103,0,0,0,0,0,0.0545988529920578,0.0545988529920578,4456
0,6,0.6945046186447144,90,FW,Nottingham Forest,Sunderland,0,1,2025-09-27,28834,2025,740881,0,0,0,0,0.6945046186447144,0.5257112383842468,0,4456
0,2,0.23302596807479858,76,FW,Burnley,Nottingham Forest,1,1,2025-09-20,28822,2025,738669,0.011339347809553146,0,1,0,0.23302596807479858,0.24436530470848083,0,4456
0,1,0.092880979180336,67,FW,Arsenal,Nottingham Forest,3,0,2025-09-13,28808,2025,736551,0.071136474609375,0,1,0,0.092880979180336,0.164017453789711,0,4456
0,3,0.4202507734298706,74,FW,Nottingham Forest,West Ham,0,3,2025-08-31,28804,2025,735664,0,0,0,0,0.4202507734298706,0.4657663106918335,0.04551553353667259,4456
0,2,0.1759985089302063,89,FW,Crystal Palace,Nottingham Forest,1,1,2025-08-24,28794,2025,733818,0.09181983023881912,0,1,0,0.1759985089302063,0.2678183615207672,0,4456
2,2,0.45063790678977966,83,FW,Nottingham Forest,Brentford,3,1,2025-08-17,28785,2025,732258,0,0,0,2,0.45063790678977966,0.42725133895874023,0.06328825652599335,4456
0,3,1.1398029327392578,90,FW,Nottingham Forest,Chelsea,0,1,2025-05-25,26972,2024,729980,0,0,0,0,1.1398029327392578,1.1398029327392578,0,4456
0,2,0.26712876558303833,90,FW,West Ham,Nottingham Forest,1,2,2025-05-18,26971,2024,728425,0.289285808801651,0,2,0,0.26712876558303833,0.2991419732570648,0,4456
1,5,0.9696245193481445,90,FW,Nottingham Forest,Leicester,2,2,2025-05-11,26958,2024,726613,0.03870868310332298,0,1,1,0.9696245193481445,0.985476016998291,0,4456
0,2,0.17594879865646362,90,FW,Crystal Palace,Nottingham Forest,1,1,2025-05-05,26949,2024,725328,0.12519532442092896,0,1,0,0.17594879865646362,0.3482001721858978,0.1145714595913887,4456
0,2,0.09934893250465393,90,FW,Nottingham Forest,Brentford,0,2,2025-05-01,26939,2024,723587,0.07957576215267181,0,1,0,0.09934893250465393,0.17892469465732574,0,4456
1,1,0.37292513251304626,79,FW,Tottenham,Nottingham Forest,1,2,2025-04-21,26930,2024,721676,0.13926011323928833,0,1,1,0.37292513251304626,0.15902209281921387,0.01976199261844158,4456
0,0,0,90,FW,Nottingham Forest,Everton,0,1,2025-04-12,26920,2024,718668,0.01573372073471546,0,1,0,0,0.13898563385009766,0.12325190752744675,4456
0,2,0.13811951875686646,82,FW,Ipswich,Nottingham Forest,2,4,2025-03-15,26887,2024,713003,0,0,0,0,0.13811951875686646,0.13811951875686646,0.018829582259058952,4456
0,2,0.15854570269584656,89,FW,Nottingham Forest,Manchester City,1,0,2025-03-08,26878,2024,711014,0,0,0,0,0.15854570269584656,0.24318300187587738,0.08463729918003082,4456
0,2,0.2887190282344818,86,FW,Nottingham Forest,Arsenal,0,0,2025-02-26,26864,2024,709153,0,0,0,0,0.2887190282344818,0.2887190282344818,0,4456
0,1,0.014513455331325531,90,FW,Newcastle United,Nottingham Forest,4,3,2025-02-23,26860,2024,708345,0.6420454382896423,1,3,0,0.014513455331325531,0.08960950374603271,0,4456
1,1,0.08015255630016327,90,FW,Fulham,Nottingham Forest,2,1,2025-02-15,26845,2024,706207,0.02390299364924431,0,1,1,0.08015255630016327,0.13388212025165558,0.0298265740275383,4456
3,4,2.2696306705474854,86,FW,Nottingham Forest,Brighton,7,0,2025-02-01,26840,2024,702736,0.05732129514217377,0,1,2,1.5084617137908936,1.5657830238342285,0,4456
0,0,0,90,FW,Bournemouth,Nottingham Forest,5,0,2025-01-25,26822,2024,701551,0.059941042214632034,0,1,0,0,0.07757428288459778,0.01763324625790119,4456
1,4,0.9846945405006409,86,FW,Nottingham Forest,Southampton,3,2,2025-01-19,26820,2024,700508,0.46820640563964844,1,2,1,0.9846945405006409,0.7174274921417236,0.04035361856222153,4456
1,1,0.3316420614719391,90,FW,Nottingham Forest,Liverpool,1,1,2025-01-14,26807,2024,699208,0,0,0,1,0.3316420614719391,0.37552356719970703,0.04388151690363884,4456
1,2,0.5796034336090088,90,FW,Wolverhampton Wanderers,Nottingham Forest,0,3,2025-01-06,26801,2024,697823,0,0,0,1,0.5796034336090088,0.6060638427734375,0.02646041288971901,4456
1,3,0.4845535159111023,78,FW,Everton,Nottingham Forest,0,2,2024-12-29,26785,2024,696695,0.1325845718383789,1,1,1,0.4845535159111023,0.6171380877494812,0,4456
0,0,0,88,FW,Nottingham Forest,Tottenham,1,0,2024-12-26,26779,2024,696247,0,0,0,0,0,0.0661669373512268,0.0661669373512268,4456
0,3,0.46772900223731995,90,FW,Brentford,Nottingham Forest,0,2,2024-12-21,26766,2024,695284,0,0,0,0,0.46772900223731995,0.4888889491558075,0.02115997113287449,4456
0,1,0.10682583600282669,90,FW,Nottingham Forest,Aston Villa,2,1,2024-12-14,26761,2024,693886,0,0,0,0,0.10682583600282669,0.17969146370887756,0.07286562770605087,4456
1,2,0.1967976838350296,80,FW,Manchester United,Nottingham Forest,2,3,2024-12-07,26744,2024,692400,0,0,0,1,0.1967976838350296,0.25521597266197205,0.05841830000281334,4456
0,3,0.3403015732765198,63,FW,Manchester City,Nottingham Forest,3,0,2024-12-04,26739,2024,691411,0,0,0,0,0.3403015732765198,0.3403015732765198,0,4456
1,1,0.7611688375473022,90,FW,Nottingham Forest,Ipswich,1,0,2024-11-30,26728,2024,689999,0,0,0,0,0,0.048808250576257706,0.048808250576257706,4456
0,0,0,22,Sub,Arsenal,Nottingham Forest,3,0,2024-11-23,26714,2024,688507,0,0,0,0,0,0,0,4456
0,0,0,90,FW,Nottingham Forest,Newcastle United,1,3,2024-11-10,26704,2024,687320,0.18119046092033386,0,2,0,0,0.18119046092033386,0,4456
1,2,0.5649663209915161,83,FW,Nottingham Forest,West Ham,3,0,2024-11-02,26698,2024,685063,0,0,0,1,0.5649663209915161,0.7265797257423401,0.16161340475082397,4456
2,3,0.5328080058097839,83,FW,Leicester,Nottingham Forest,1,3,2024-10-25,26682,2024,682645,0.07896433770656586,0,1,2,0.5328080058097839,0.5328080058097839,0,4456
1,4,0.8878478407859802,86,FW,Nottingham Forest,Crystal Palace,1,0,2024-10-21,26677,2024,682444,0.061155352741479874,0,1,1,0.8878478407859802,0.8973592519760132,0,4456
1,1,0.4478428065776825,83,FW,Chelsea,Nottingham Forest,1,1,2024-10-06,26668,2024,680161,0,0,0,1,0.4478428065776825,0.051551688462495804,0.051551688462495804,4456
0,0,0,90,FW,Nottingham Forest,Fulham,0,1,2024-09-28,26653,2024,677782,0,0,0,0,0,0.061454784125089645,0.061454784125089645,4456
1,1,0.7611688375473022,76,FW,Brighton,Nottingham Forest,2,2,2024-09-22,26650,2024,676323,0,0,0,0,0,0.4491705894470215,0.4491705894470215,4456
0,1,0.31993505358695984,84,FW,Liverpool,Nottingham Forest,0,1,2024-09-14,26635,2024,673790,0.027155617251992226,0,1,0,0.31993505358695984,0.44514140486717224,0.09805075824260712,4456
1,5,0.8261536955833435,90,FW,Nottingham Forest,Wolverhampton Wanderers,1,1,2024-08-31,26627,2024,671853,0,0,0,1,0.8261536955833435,0.8497247695922852,0.044246215373277664,4456
0,3,0.5129415392875671,77,FW,Southampton,Nottingham Forest,0,1,2024-08-24,26616,2024,668064,0.6238844394683838,0,1,0,0.5129415392875671,0.4698241353034973,0,4456
1,1,0.5572144389152527,83,FW,Nottingham Forest,Bournemouth,1,1,2024-08-17,26607,2024,666395,0,0,0,1,0.5572144389152527,0.5737097263336182,0.01649528183043003,4456
2,4,1.1341400146484375,83,FW,Burnley,Nottingham Forest,1,2,2024-05-19,22268,2023,663169,0,0,0,2,1.1341400146484375,1.0753194093704224,0.031351786106824875,4456
0,4,1.3079551458358765,90,FW,Nottingham Forest,Chelsea,2,3,2024-05-11,22261,2023,660879,0,0,0,0,1.3079551458358765,1.0601128339767456,0.027263864874839783,4456
0,3,0.8363785743713379,90,FW,Sheffield United,Nottingham Forest,1,3,2024-05-04,22254,2023,658919,0,0,0,0,0.8363785743713379,0.8774025440216064,0.10959145426750183,4456
0,3,1.154483437538147,90,FW,Nottingham Forest,Manchester City,0,2,2024-04-28,22242,2023,657801,0.08890415728092194,0,2,0,1.154483437538147,1.3449890613555908,0.10160152614116669,4456
0,3,0.7687434554100037,90,FW,Everton,Nottingham Forest,2,0,2024-04-21,22228,2023,655283,0,0,0,0,0.7687434554100037,0.8645807504653931,0.09583732485771179,4456
0,0,0,90,FW,Nottingham Forest,Wolverhampton Wanderers,2,2,2024-04-13,22223,2023,653328,0,0,0,0,0,0.029659701511263847,0.029659701511263847,4456
1,3,1.6798491477966309,71,FW,Tottenham,Nottingham Forest,3,1,2024-04-07,22213,2023,652627,0,0,0,1,1.6798491477966309,1.7169417142868042,0.03709248825907707,4456
1,1,0.02421330288052559,90,FW,Nottingham Forest,Fulham,3,1,2024-04-02,22198,2023,650984,0.22909313440322876,0,3,1,0.02421330288052559,0.29515543580055237,0.1283109188079834,4456
1,3,0.5059872269630432,90,FW,Nottingham Forest,Crystal Palace,1,1,2024-03-30,22192,2023,649805,0,0,0,1,0.5059872269630432,0.4785865247249603,0.013133651576936245,4456
1,1,0.4560912251472473,78,FW,Luton,Nottingham Forest,1,1,2024-03-16,22181,2023,648328,0.3637530207633972,0,1,1,0.4560912251472473,0.8786201477050781,0.05877590551972389,4456
0,1,0.05715058371424675,90,FW,Brighton,Nottingham Forest,1,0,2024-03-10,22168,2023,647238,0,0,0,0,0.05715058371424675,0.10190727561712265,0.0447566919028759,4456
0,1,0.035573285073041916,49,FW,Nottingham Forest,Arsenal,1,2,2024-01-30,22108,2023,637756,0,0,0,0,0.035573285073041916,0.035573285073041916,0,4456
1,2,0.3405039608478546,90,FW,Brentford,Nottingham Forest,3,2,2024-01-20,22104,2023,635965,0.23287184536457062,0,4,1,0.3405039608478546,0.5937068462371826,0.020331064239144325,4456
0,1,0.03561656177043915,90,FW,Nottingham Forest,Manchester United,2,1,2023-12-30,22091,2023,633648,0,0,0,0,0.03561656177043915,0.10257314145565033,0.06695657968521118,4456
3,3,2.169308662414551,90,FW,Newcastle United,Nottingham Forest,1,3,2023-12-26,22083,2023,632936,0,0,0,3,2.169308662414551,2.2544615268707275,0.0851529985666275,4456
1,4,0.20285660028457642,90,FW,Nottingham Forest,Bournemouth,2,3,2023-12-23,22070,2023,632675,0.3206197917461395,1,2,1,0.20285660028457642,0.3359277546405792,0.06655024737119675,4456
0,0,0,18,Sub,Nottingham Forest,Tottenham,0,2,2023-12-15,22063,2023,630065,0.30016079545021057,0,1,0,0,0.30016079545021057,0,4456
0,0,0,1,Sub,Wolverhampton Wanderers,Nottingham Forest,1,1,2023-12-09,22054,2023,628807,0,0,0,0,0,0,0,4456
0,1,0.08404174447059631,28,Sub,Fulham,Nottingham Forest,5,0,2023-12-06,22038,2023,627958,0,0,0,0,0.08404174447059631,0.08404174447059631,0,4456
0,0,0,90,FW,Nottingham Forest,Everton,0,1,2023-12-02,22033,2023,626820,0.12671858072280884,0,2,0,0,0.12671858072280884,0,4456
0,1,0.1522313505411148,70,FW,Nottingham Forest,Brighton,2,3,2023-11-25,22022,2023,624937,0.03785792738199234,0,1,0,0.1522313505411148,0.19008927047252655,0,4456
0,0,0,11,Sub,West Ham,Nottingham Forest,3,2,2023-11-12,22013,2023,623741,0.05224524065852165,0,1,0,0,0.05224524065852165,0,4456
2,7,1.9372161626815796,90,FW,Nottingham Forest,Luton,2,2,2023-10-21,21982,2023,618069,0.08479056507349014,0,1,2,1.9372161626815796,1.9515295028686523,0,4456
0,0,0,79,FW,Crystal Palace,Nottingham Forest,0,0,2023-10-07,21968,2023,616634,0.021536441519856453,0,1,0,0,0.021536441519856453,0,4456
0,1,0.37109601497650146,7,Sub,Nottingham Forest,Brentford,1,1,2023-10-01,21963,2023,615254,0,0,0,0,0.37109601497650146,0.37109601497650146,0,4456
0,0,0,10,Sub,Manchester City,Nottingham Forest,2,0,2023-09-23,21946,2023,612174,0.030916426330804825,0,1,0,0,0.030916426330804825,0,4456
0,0,0,1,Sub,Nottingham Forest,Burnley,1,1,2023-09-18,21944,2023,611594,0,0,0,0,0,0,0,4456
0,0,0,20,Sub,Chelsea,Nottingham Forest,0,1,2023-09-02,21930,2023,608765,0,0,0,0,0,0,0,4456
0,0,0,6,Sub,Manchester United,Nottingham Forest,3,2,2023-08-26,22300,2023,606974,0.09756432473659515,0,2,0,0,0.06066468358039856,0,4456
1,1,0.11083554476499557,4,Sub,Nottingham Forest,Sheffield United,2,1,2023-08-18,22285,2023,604785,0,0,0,1,0.11083554476499557,0.11083554476499557,0,4456
0,0,0,1,Sub,Arsenal,Nottingham Forest,2,1,2023-08-12,22276,2023,603721,0,0,0,0,0,0,0,4456
0,3,0.5947014689445496,90,AML,Bayern Munich,FC Cologne,5,1,2026-05-16,30522,2025,790822,0.7195755243301392,1,3,0,0.5947014689445496,1.8565747737884521,0.5843728184700012,10408
0,1,0.12736591696739197,27,Sub,Wolfsburg,Bayern Munich,0,1,2026-05-09,30520,2025,789013,0,0,0,0,0.12736591696739197,0.42544034123420715,0.42544034123420715,10408
0,2,0.10171055793762207,41,Sub,Bayern Munich,FC Heidenheim,3,3,2026-05-02,30504,2025,787012,0,0,0,0,0.10171055793762207,0.2336476743221283,0.1717597097158432,10408
0,0,0,50,AML,Mainz 05,Bayern Munich,3,4,2026-04-25,30499,2025,785371,0,0,0,0,0,0,0,10408
0,5,0.354256808757782,49,AML,Bayern Munich,VfB Stuttgart,4,2,2026-04-19,30486,2025,784023,1.1206594705581665,2,3,0,0.354256808757782,2.331308364868164,1.4576528072357178,10408
0,2,0.21099570393562317,30,Sub,St. Pauli,Bayern Munich,0,5,2026-04-11,30482,2025,781895,0.08057426661252975,0,1,0,0.21099570393562317,0.4173313081264496,0.2063356190919876,10408
0,4,0.326302170753479,90,AML,Freiburg,Bayern Munich,2,3,2026-04-04,30470,2025,780069,0.07532541453838348,0,2,0,0.326302170753479,1.510225772857666,1.183161973953247,10408
1,4,0.7644959688186646,88,AML,Bayer Leverkusen,Bayern Munich,1,1,2026-03-14,30449,2025,776713,0.1180373802781105,0,1,1,0.7644959688186646,0.9983661770820618,0.11583283543586731,10408
1,1,0.12542691826820374,62,AML,Bayern Munich,Borussia M.Gladbach,4,1,2026-03-06,30440,2025,774887,0.5466300845146179,1,2,1,0.12542691826820374,0.8753218054771423,0.4120444357395172,10408
0,2,0.18698909878730774,90,AML,Borussia Dortmund,Bayern Munich,2,3,2026-02-28,30434,2025,773540,0.01631164737045765,0,1,0,0.18698909878730774,0.3358142077922821,0.23415353894233704,10408
0,1,0.1380072981119156,90,AML,Bayern Munich,Eintracht Frankfurt,3,2,2026-02-21,30422,2025,771571,0.532553493976593,0,6,0,0.1380072981119156,1.4590524435043335,0.8677706122398376,10408
0,3,0.45396390557289124,90,AML,Werder Bremen,Bayern Munich,0,3,2026-02-14,30421,2025,770366,0.22528821229934692,1,4,0,0.45396390557289124,1.0605005025863647,0.5990850329399109,10408
3,5,1.563118577003479,90,AML,Bayern Munich,Hoffenheim,5,1,2026-02-08,30404,2025,769399,0.7450026869773865,0,6,3,1.563118577003479,2.903191566467285,0.6526970863342285,10408
1,2,0.5371531844139099,38,Sub,Hamburger SV,Bayern Munich,2,2,2026-01-31,30399,2025,767378,0,0,0,1,0.5371531844139099,0.5317986011505127,0.5317986011505127,10408
0,2,0.35768964886665344,90,AML,Bayern Munich,Augsburg,1,2,2026-01-24,30387,2025,765543,0.6409404277801514,0,2,0,0.35768964886665344,1.029686689376831,0.03105662576854229,10408
0,3,0.604285478591919,90,AML,RasenBallsport Leipzig,Bayern Munich,1,5,2026-01-17,30382,2025,764513,0.1444510519504547,0,1,0,0.604285478591919,0.9106026291847229,0.18924981355667114,10408
0,3,0.13996635377407074,90,AML,FC Cologne,Bayern Munich,1,3,2026-01-14,30370,2025,763623,0.6735341548919678,1,3,0,0.13996635377407074,0.8566020131111145,0.04310149326920509,10408
1,2,0.9072203636169434,90,AML,Bayern Munich,Wolfsburg,8,1,2026-01-11,30360,2025,763231,0.6124496459960938,2,3,1,0.9072203636169434,1.7590265274047852,0.23935651779174805,10408
1,5,0.827031135559082,90,AML,FC Heidenheim,Bayern Munich,0,4,2025-12-21,30354,2025,759693,0,0,0,1,0.827031135559082,1.7110143899917603,0.8839831948280334,10408
0,2,0.14986172318458557,90,AML,VfB Stuttgart,Bayern Munich,0,5,2025-12-06,30332,2025,755901,0.20657911896705627,1,2,0,0.14986172318458557,2.096296787261963,1.7398558855056763,10408
1,2,0.5473702549934387,90,AML,Bayern Munich,St. Pauli,3,1,2025-11-29,30324,2025,753636,0.8842058777809143,1,2,1,0.5473702549934387,1.4875705242156982,0.16905875504016876,10408
0,2,0.19905157387256622,90,AML,Bayern Munich,Freiburg,6,2,2025-11-22,30315,2025,751905,0.14379800856113434,0,3,0,0.19905157387256622,0.7876657247543335,0.4633129835128784,10408
1,2,0.4097228944301605,90,AML,Union Berlin,Bayern Munich,2,2,2025-11-08,30312,2025,750062,0,0,0,1,0.4097228944301605,0.682854175567627,0.33540844917297363,10408
0,0,0,29,Sub,Bayern Munich,Bayer Leverkusen,3,0,2025-11-01,30297,2025,748653,0.13146239519119263,0,3,0,0,0.06600669771432877,0,10408
0,5,0.5925281047821045,81,AML,Borussia M.Gladbach,Bayern Munich,0,3,2025-10-25,30289,2025,745889,0.1557835191488266,0,3,0,0.5925281047821045,1.4625221490859985,0.714210569858551,10408
0,4,0.844913899898529,90,AML,Bayern Munich,Borussia Dortmund,2,1,2025-10-18,30278,2025,744444,0,0,0,0,0.844913899898529,1.0071020126342773,0.1621881127357483,10408
2,3,1.0336878299713135,90,AML,Eintracht Frankfurt,Bayern Munich,0,3,2025-10-04,30272,2025,742675,0.5185706615447998,1,3,2,1.0336878299713135,1.5776426792144775,0.5439548492431641,10408
0,3,0.14583192765712738,87,AML,Bayern Munich,Werder Bremen,4,0,2025-09-26,30260,2025,740224,0.742887556552887,1,2,0,0.14583192765712738,1.1805434226989746,0.29182395339012146,10408
0,4,0.5401203632354736,90,AML,Hoffenheim,Bayern Munich,1,4,2025-09-20,30255,2025,738488,0.12694212794303894,0,3,0,0.5401203632354736,0.5803200006484985,0.09251818805932999,10408
1,4,0.5906157493591309,82,AML,Bayern Munich,Hamburger SV,5,0,2025-09-13,30248,2025,737217,0.04358614608645439,0,1,1,0.5906157493591309,1.0568461418151855,0.4443274438381195,10408
1,6,1.0657165050506592,90,AML,Augsburg,Bayern Munich,2,3,2025-08-30,30238,2025,735337,0.033771343529224396,0,1,1,1.0657165050506592,1.6391229629516602,0.5396351218223572,10408
1,1,0.4198751151561737,90,AML,Bayern Munich,RasenBallsport Leipzig,6,0,2025-08-22,30224,2025,732834,0.8838036060333252,2,4,1,0.4198751151561737,1.7114677429199219,0.9342228770256042,10408
0,3,0.4347938001155853,70,FW,Liverpool,Crystal Palace,1,1,2025-05-25,26975,2024,730166,0.01821961998939514,0,1,0,0.4347938001155853,0.5268693566322327,0.12096989154815674,10408
0,1,0.0317763015627861,25,Sub,Brighton,Liverpool,3,2,2025-05-19,26965,2024,729275,0,0,0,0,0.0317763015627861,0.046399470418691635,0.014623169787228107,10408
1,2,1.2759265899658203,82,FW,Liverpool,Arsenal,2,2,2025-05-11,26952,2024,726764,0.12007000297307968,0,1,1,1.2759265899658203,1.3959965705871582,0.12007000297307968,10408
1,1,0.7251431941986084,80,FW,Liverpool,Tottenham,5,1,2025-04-27,26936,2024,723278,0.014327812939882278,0,1,1,0.7251431941986084,0.7394709587097168,0.014327812939882278,10408
0,2,0.2444928139448166,90,FW,Leicester,Liverpool,0,1,2025-04-20,26928,2024,721303,0.6494911909103394,0,4,0,0.2444928139448166,1.9042088985443115,1.0102248191833496,10408
1,4,0.6107775568962097,90,AML,Liverpool,West Ham,2,1,2025-04-13,26916,2024,719252,0.14658984541893005,0,2,1,0.6107775568962097,0.699390172958374,0.0335492342710495,10408
1,1,0.3000154197216034,32,Sub,Fulham,Liverpool,3,2,2025-04-06,26906,2024,717567,0.33992767333984375,0,2,1,0.3000154197216034,0.8365073800086975,0.19656428694725037,10408
0,3,0.22716407477855682,90,AML,Liverpool,Everton,1,0,2025-04-02,26901,2024,716244,0.506128191947937,1,6,0,0.22716407477855682,0.8852617740631104,0.1728346347808838,10408
0,4,0.2687983214855194,90,FWL,Liverpool,Southampton,3,1,2025-03-08,26876,2024,711390,1.2427552938461304,1,6,0,0.2687983214855194,1.568672776222229,0.15872631967067719,10408
0,1,0.49885132908821106,87,AML,Liverpool,Newcastle United,2,0,2025-02-26,26870,2024,709245,0.36192992329597473,1,5,0,0.49885132908821106,0.8607812523841858,0.1576828956604004,10408
0,1,0.05821098014712334,81,AMC,Manchester City,Liverpool,0,2,2025-02-23,26859,2024,727054,0,0,0,0,0.05821098014712334,0.05821098014712334,0,10408
0,0,0,6,Sub,Aston Villa,Liverpool,2,2,2025-02-19,26884,2024,707353,0,0,0,0,0,0,0,10408
1,1,0.5212099552154541,74,AML,Liverpool,Wolverhampton Wanderers,2,1,2025-02-16,26847,2024,706713,0,0,0,1,0.5212099552154541,0.6650679111480713,0.14385800063610077,10408
0,1,0.05303254723548889,90,FW,Everton,Liverpool,2,2,2025-02-12,26748,2024,705772,0,0,0,0,0.05303254723548889,0.05303254723548889,0,10408
0,2,0.6758312582969666,90,FW,Bournemouth,Liverpool,0,2,2025-02-01,26832,2024,703318,0.08345073461532593,0,1,0,0.6758312582969666,0.8879819512367249,0.24210895597934723,10408
0,0,0,90,FW,Liverpool,Ipswich,4,1,2025-01-25,26827,2024,701505,0,0,0,0,0,0.6443179249763489,0.6443179249763489,10408
0,6,0.8492019176483154,66,FW,Brentford,Liverpool,0,2,2025-01-18,26813,2024,700014,0.0602044016122818,0,1,0,0.8492019176483154,1.7745672464370728,1.0288957357406616,10408
0,1,0.023686101660132408,76,FW,Nottingham Forest,Liverpool,1,1,2025-01-14,26807,2024,699224,0.06817786395549774,0,2,0,0.023686101660132408,0.6639626026153564,0.5890963077545166,10408
0,1,0.10008318722248077,62,FW,Liverpool,Manchester United,2,2,2025-01-05,26797,2024,697717,0.108414426445961,0,1,0,0.10008318722248077,0.7488795518875122,0.540381908416748,10408
1,5,0.32740798592567444,90,FW,West Ham,Liverpool,0,5,2024-12-29,26791,2024,696821,0.06902943551540375,0,2,1,0.32740798592567444,0.37863868474960327,0.05024772882461548,10408
2,7,0.8733575344085693,89,FW,Tottenham,Liverpool,3,6,2024-12-22,26768,2024,695866,0.18808025121688843,0,2,2,0.8733575344085693,1.4675960540771484,0.4956066906452179,10408
0,2,0.4311287999153137,90,FW,Liverpool,Fulham,2,2,2024-12-14,26752,2024,693762,0.05395442247390747,0,1,0,0.4311287999153137,1.0961644649505615,0.6110811829566956,10408
0,1,0.09938020259141922,20,Sub,Newcastle United,Liverpool,3,3,2024-12-04,26740,2024,691443,0,0,0,0,0.09938020259141922,0.23392687737941742,0.1345466822385788,10408
0,0,0,90,FW,Liverpool,Manchester City,2,0,2024-12-01,26726,2024,690867,0.06637599319219589,0,1,0,0,0.21847769618034363,0.15210171043872833,10408
0,3,0.14730121195316315,22,Sub,Southampton,Liverpool,2,3,2024-11-24,26721,2024,689153,0.14649748802185059,0,2,0,0.14730121195316315,0.2730959355831146,0,10408
0,1,0.01900925301015377,90,AML,Liverpool,Aston Villa,2,0,2024-11-09,26707,2024,686978,0.12394547462463379,0,3,0,0.01900925301015377,0.6315679550170898,0.507622480392456,10408
0,0,0,22,Sub,Liverpool,Brighton,2,1,2024-11-02,26696,2024,685032,0.027355801314115524,0,1,0,0,0.10956059396266937,0.08220479637384415,10408
0,0,0,67,AML,Arsenal,Liverpool,2,2,2024-10-27,26691,2024,683719,0.47227153182029724,1,1,0,0,0,0,10408
0,2,0.100581593811512,16,Sub,Liverpool,Chelsea,2,1,2024-10-20,26679,2024,682195,0,0,0,0,0.100581593811512,0.100581593811512,0.100581593811512,10408
0,1,0.09265457838773727,15,Sub,Crystal Palace,Liverpool,0,1,2024-10-05,26662,2024,679197,0.05454040318727493,0,1,0,0.09265457838773727,0.1471949815750122,0,10408
0,1,0.06149885058403015,77,AML,Wolverhampton Wanderers,Liverpool,1,2,2024-09-28,26658,2024,678073,0.00904171448200941,0,1,0,0.06149885058403015,0.06149885058403015,0,10408
2,4,0.9615097045898438,75,AML,Liverpool,Bournemouth,3,0,2024-09-21,26645,2024,675692,0.01858462765812874,0,1,2,0.9615097045898438,1.3953258991241455,0.43381622433662415,10408
0,1,0.04489820823073387,64,AML,Liverpool,Nottingham Forest,0,1,2024-09-14,26635,2024,673773,0,0,0,0,0.04489820823073387,0.7052000164985657,0.6603018045425415,10408
2,2,0.7775499820709229,71,AML,Manchester United,Liverpool,0,3,2024-09-01,26631,2024,672636,0,0,0,2,0.7775499820709229,0.7775499820709229,0,10408
1,3,0.60528963804245,74,AML,Liverpool,Brentford,2,0,2024-08-25,26621,2024,668956,0.602937638759613,1,4,1,0.60528963804245,1.8792024850845337,0.7672508358955383,10408
0,3,0.9157669544219971,90,AML,Ipswich,Liverpool,0,2,2024-08-17,26603,2024,666257,0.6928834915161133,0,3,0,0.9157669544219971,2.6257569789886475,1.057374358177185,10408
0,4,0.8181827664375305,78,FWL,Liverpool,Wolverhampton Wanderers,2,0,2024-05-19,22271,2023,663058,0.376335471868515,0,3,0,0.8181827664375305,2.3213181495666504,1.4553236961364746,10408
0,0,0,81,FWL,Aston Villa,Liverpool,3,3,2024-05-13,22256,2023,661862,0.1497587263584137,0,4,0,0,0.2053299844264984,0.055571265518665314,10408
0,2,0.24567203223705292,77,FWL,Liverpool,Tottenham,4,2,2024-05-05,22251,2023,659552,0.04502308741211891,0,1,0,0.24567203223705292,0.5260142087936401,0.2803421914577484,10408
0,3,0.2634337544441223,82,FWL,West Ham,Liverpool,2,2,2024-04-27,22243,2023,656730,0.5230677127838135,1,7,0,0.2634337544441223,1.0141361951828003,0.40602320432662964,10408
0,3,0.5318039655685425,90,FWL,Everton,Liverpool,2,0,2024-04-24,22179,2023,656330,0.27312007546424866,0,3,0,0.5318039655685425,1.2203415632247925,0.8193673491477966,10408
0,1,0.24199877679347992,78,FWR,Fulham,Liverpool,1,3,2024-04-21,22229,2023,655648,0.02164212241768837,0,1,0,0.24199877679347992,0.06030255928635597,0.0386604368686676,10408
0,1,0.10153999924659729,68,FWL,Liverpool,Crystal Palace,0,1,2024-04-14,22220,2023,653817,0,0,0,0,0.10153999924659729,0.16410759091377258,0.06256759911775589,10408
1,6,1.2849652767181396,90,FWL,Manchester United,Liverpool,2,2,2024-04-07,22211,2023,652410,0.711733341217041,0,3,1,1.2849652767181396,1.6049407720565796,0.22907307744026184,10408
0,3,0.16968563199043274,90,FWL,Liverpool,Sheffield United,3,1,2024-04-04,22203,2023,651249,0.4382052421569824,1,6,0,0.16968563199043274,1.0083084106445312,0.5540102124214172,10408
1,4,0.7261301875114441,90,FWL,Liverpool,Brighton,2,1,2024-03-31,22189,2023,650336,0.7790046334266663,0,2,1,0.7261301875114441,1.0740827322006226,0.13163942098617554,10408
0,2,0.34309911727905273,90,FWL,Liverpool,Manchester City,1,1,2024-03-10,22171,2023,647467,0.15242715179920197,0,3,0,0.34309911727905273,0.5957140922546387,0.10018783062696457,10408
0,6,0.3571093678474426,90,FWL,Nottingham Forest,Liverpool,0,1,2024-03-02,22162,2023,644951,0.05782244727015495,0,1,0,0.3571093678474426,0.6213468313217163,0.2671166956424713,10408
1,10,1.9283548593521118,90,FWL,Liverpool,Luton,4,1,2024-02-21,22151,2023,642844,0.02654326520860195,0,1,1,1.9283548593521118,2.034379720687866,0.40911680459976196,10408
0,2,0.1672019362449646,90,FWL,Brentford,Liverpool,1,4,2024-02-17,22135,2023,641507,0.6755103468894958,1,3,0,0.1672019362449646,0.8234875798225403,0.31282007694244385,10408
1,5,0.9054759740829468,85,FWL,Liverpool,Burnley,3,1,2024-02-10,22128,2023,640096,0.09123331308364868,0,1,1,0.9054759740829468,1.2997777462005615,0.3809579908847809,10408
0,3,0.2111467868089676,90,FWL,Arsenal,Liverpool,3,1,2024-02-04,22116,2023,639367,0.04353206604719162,0,1,0,0.2111467868089676,0.2546788454055786,0,10408
1,3,0.7130740880966187,90,FWL,Liverpool,Chelsea,4,1,2024-01-31,22113,2023,638029,0.11449595540761948,1,2,1,0.7130740880966187,0.896591305732727,0.18358808755874634,10408
0,1,0.018529057502746582,66,FWR,Bournemouth,Liverpool,0,4,2024-01-21,22102,2023,636299,0,0,0,0,0.018529057502746582,0.09415685385465622,0.07562779635190964,10408
0,1,0.09895289689302444,69,FWL,Liverpool,Newcastle United,4,2,2024-01-01,22088,2023,633769,0.12279793620109558,0,2,0,0.09895289689302444,1.5461581945419312,1.3244073390960693,10408
0,1,0.30041542649269104,21,Sub,Burnley,Liverpool,0,2,2023-12-26,22079,2023,633029,0.2245205044746399,1,1,0,0.30041542649269104,0.5249359011650085,0,10408
0,2,0.10491946339607239,72,FWL,Liverpool,Arsenal,1,1,2023-12-23,22068,2023,632831,0.050030484795570374,0,1,0,0.10491946339607239,0.15494994819164276,0,10408
0,3,0.15620076656341553,80,FWL,Liverpool,Manchester United,0,0,2023-12-17,22060,2023,631109,0.30682864785194397,0,5,0,0.15620076656341553,0.49987348914146423,0.08533260971307755,10408
0,2,0.05172966793179512,90,FWL,Crystal Palace,Liverpool,1,2,2023-12-09,22047,2023,628436,0.1659952700138092,0,3,0,0.05172966793179512,0.1768815964460373,0,10408
0,0,0,73,FWL,Sheffield United,Liverpool,0,2,2023-12-06,22040,2023,627987,0.07574211061000824,0,1,0,0,0.07574211061000824,0,10408
0,5,0.31177136301994324,90,FWL,Liverpool,Fulham,4,3,2023-12-03,22030,2023,627337,0.030622519552707672,0,2,0,0.31177136301994324,0.24846111238002777,0.014789339154958725,10408
0,0,0,35,Sub,Manchester City,Liverpool,1,1,2023-11-25,22020,2023,624587,0,0,0,0,0,0.17237143218517303,0.17237143218517303,10408
0,0,0,1,Sub,Liverpool,Brentford,3,0,2023-11-12,22011,2023,623848,0,0,0,0,0,0.028160300105810165,0.028160300105810165,10408
1,1,0.07872238010168076,5,Sub,Luton,Liverpool,1,1,2023-11-05,21999,2023,622373,0,0,0,1,0.07872238010168076,0.07872238010168076,0,10408
0,3,0.2571544349193573,83,FWL,Liverpool,Everton,2,0,2023-10-21,21979,2023,617759,0,0,0,0,0.2571544349193573,0.25973817706108093,0.10505197197198868,10408
0,2,0.0986960157752037,90,FWL,Brighton,Liverpool,2,2,2023-10-08,21966,2023,616945,0,0,0,0,0.0986960157752037,0.7874742746353149,0.688778281211853,10408
0,2,0.6269582509994507,80,FWL,Tottenham,Liverpool,2,1,2023-09-30,21962,2023,614987,0,0,0,0,0.6269582509994507,0.8796166181564331,0.25265830755233765,10408
0,1,0.015955736860632896,85,FWL,Liverpool,West Ham,3,1,2023-09-24,21953,2023,612804,0.133125901222229,0,2,0,0.015955736860632896,0.18652991950511932,0.03744829073548317,10408
0,3,0.4229370355606079,42,Sub,Wolverhampton Wanderers,Liverpool,1,3,2023-09-16,21935,2023,610080,0.5517981052398682,0,2,0,0.4229370355606079,0.9956782460212708,0.8755744695663452,10408
0,1,0.06675733625888824,69,FWL,Liverpool,Aston Villa,3,0,2023-09-03,21933,2023,609375,0,0,0,0,0.06675733625888824,0.5423147082328796,0.5423147082328796,10408
0,1,0.13726544380187988,32,FWL,Newcastle United,Liverpool,1,2,2023-08-27,22304,2023,607707,0,0,0,0,0.13726544380187988,0.13726544380187988,0,10408
1,3,0.18966040015220642,90,FWL,Liverpool,Bournemouth,3,1,2023-08-19,22288,2023,605127,0.2404429018497467,0,2,1,0.18966040015220642,0.6077734231948853,0.29410865902900696,10408
1,4,0.9190951585769653,84,FWL,Chelsea,Liverpool,1,1,2023-08-13,22283,2023,604430,0.10087071359157562,0,1,1,0.9190951585769653,0.7050302624702454,0.12604711949825287,10408
0,5,0.16246825456619263,90,FW,Real Madrid,Atletico Madrid,3,2,2026-03-22,29446,2025,779694,0.01894913800060749,1,1,0,0.16246825456619263,1.4023399353027344,1.2398717403411865,10846
0,1,0.5639365911483765,22,Sub,Atletico Madrid,Getafe,1,0,2026-03-14,29429,2025,776821,0,0,0,0,0.5639365911483765,1.1310787200927734,0.5671420693397522,10846
0,0,0,31,Sub,Atletico Madrid,Real Sociedad,3,2,2026-03-07,29419,2025,775393,0.6976009607315063,0,2,0,0,0.6252855658531189,0.08802824467420578,10846
1,2,0.35858264565467834,43,Sub,Real Oviedo,Atletico Madrid,0,1,2026-02-28,29414,2025,773669,0.10168085992336273,0,1,1,0.35858264565467834,0.5647647976875305,0.20618213713169098,10846
0,0,0,27,Sub,Atletico Madrid,Espanyol,4,2,2026-02-21,29400,2025,771974,0,0,0,0,0,0.5452319979667664,0.5452319979667664,10846
0,0,0,30,Sub,Rayo Vallecano,Atletico Madrid,3,0,2026-02-15,29394,2025,770870,0.08429024368524551,0,1,0,0,0.3669738173484802,0.2826835513114929,10846
0,1,0.06061902642250061,47,FW,Atletico Madrid,Real Betis,0,1,2026-02-08,29380,2025,769489,0.05573153868317604,0,1,0,0.06061902642250061,0.11635056138038635,0,10846
0,2,0.15727505087852478,64,Sub,Levante,Atletico Madrid,0,0,2026-01-31,29372,2025,767314,0,0,0,0,0.15727505087852478,0.11282262951135635,0,10846
0,2,0.08916620165109634,90,FW,Atletico Madrid,Mallorca,3,0,2026-01-25,29360,2025,766033,0.157228022813797,0,3,0,0.08916620165109634,0.07057112455368042,0.03442191705107689,10846
0,4,0.20143160223960876,64,FW,Atletico Madrid,Alaves,1,0,2026-01-18,29348,2025,764802,0.12835223972797394,0,2,0,0.20143160223960876,0.26916053891181946,0.013429855927824974,10846
0,2,0.15394729375839233,61,FW,Real Sociedad,Atletico Madrid,1,1,2026-01-04,29332,2025,761980,0,0,0,0,0.15394729375839233,0.0800844207406044,0.0800844207406044,10846
0,1,0.021376432850956917,80,FW,Girona,Atletico Madrid,0,3,2025-12-21,29324,2025,759541,0.27104929089546204,1,4,0,0.021376432850956917,0.35182541608810425,0.0807761400938034,10846
0,1,0.026430245488882065,62,FW,Atletico Madrid,Valencia,2,1,2025-12-13,29309,2025,757435,0.3448435962200165,0,2,0,0.026430245488882065,0.4797312021255493,0.1536693125963211,10846
0,1,0.053039103746414185,68,FW,Athletic Club,Atletico Madrid,1,0,2025-12-06,29299,2025,756396,0.28825655579566956,0,1,0,0.053039103746414185,0.34129565954208374,0,10846
0,1,0.04620341956615448,90,FW,Barcelona,Atletico Madrid,3,1,2025-12-02,29342,2025,755040,0.11887236684560776,0,2,0,0.04620341956615448,0.5811810493469238,0.4338020980358124,10846
0,0,0,25,Sub,Atletico Madrid,Real Oviedo,2,0,2025-11-29,29288,2025,754008,0,0,0,0,0,0.14623039960861206,0.14623039960861206,10846
0,1,0.4878823459148407,60,FW,Getafe,Atletico Madrid,0,1,2025-11-23,29285,2025,753000,0.05372273921966553,0,1,0,0.4878823459148407,0.5416051149368286,0,10846
0,5,0.5363896489143372,90,FW,Atletico Madrid,Levante,3,1,2025-11-08,29269,2025,750357,0.3453306257724762,0,6,0,0.5363896489143372,1.1651033163070679,0.5077614784240723,10846
1,3,0.8164743185043335,88,FW,Atletico Madrid,Sevilla,3,0,2025-11-01,29259,2025,748436,0.5328200459480286,0,3,0,0.07319667935371399,0.9225491881370544,0.37232694029808044,10846
0,1,0.49052566289901733,63,FW,Real Betis,Atletico Madrid,0,2,2025-10-27,29253,2025,747268,0.061770517379045486,1,1,0,0.49052566289901733,0.5522961616516113,0,10846
0,3,0.38304346799850464,87,FW,Atletico Madrid,Osasuna,1,0,2025-10-18,29239,2025,744595,0.732218861579895,0,2,0,0.38304346799850464,1.2361196279525757,0.422901451587677,10846
0,0,0,84,FW,Celta Vigo,Atletico Madrid,1,1,2025-10-05,29232,2025,743658,0.4043387770652771,0,1,0,0,0.18005678057670593,0.18005678057670593,10846
2,4,0.9064933657646179,90,FW,Atletico Madrid,Real Madrid,5,2,2025-09-27,29219,2025,740727,0.12501825392246246,0,3,1,0.163215771317482,0.07582035660743713,0,10846
3,4,1.6848822832107544,90,FW,Atletico Madrid,Rayo Vallecano,3,2,2025-09-24,29216,2025,740097,0.5931261777877808,0,3,3,1.6848822832107544,2.9780218601226807,0.7861167192459106,10846
0,2,0.8816547989845276,67,FW,Mallorca,Atletico Madrid,1,1,2025-09-21,29204,2025,739460,0,0,0,0,0.13837718963623047,0.20104418694972992,0.06266699731349945,10846
0,1,0.044869229197502136,47,FW,Atletico Madrid,Villarreal,2,0,2025-09-13,29193,2025,737313,0.8296383023262024,1,3,0,0.044869229197502136,0.8296383023262024,0.42204293608665466,10846
0,2,0.06714818626642227,90,FW,Alaves,Atletico Madrid,1,1,2025-08-30,29181,2025,735183,0.10385940223932266,0,1,0,0.06714818626642227,0.18258018791675568,0.05940934643149376,10846
0,0,0,90,FW,Atletico Madrid,Elche,1,1,2025-08-23,29170,2025,733551,0.14832188189029694,0,2,0,0,0.5145236849784851,0.366201788187027,10846
1,5,0.7007614970207214,86,FW,Espanyol,Atletico Madrid,2,1,2025-08-17,29165,2025,732605,0.06824450194835663,0,1,1,0.7007614970207214,0.8877661228179932,0.7553097605705261,10846
0,3,0.12369491159915924,90,FW,Girona,Atletico Madrid,0,4,2025-05-25,27358,2024,729932,1.043228268623352,1,2,0,0.12369491159915924,1.9459820985794067,0.8625501394271851,10846
2,4,1.0828807353973389,90,FW,Atletico Madrid,Real Betis,4,1,2025-05-18,27342,2024,728913,0.8969835042953491,1,4,2,1.0828807353973389,2.33181095123291,0.7555785179138184,10846
0,0,0,65,FW,Osasuna,Atletico Madrid,2,0,2025-05-15,27335,2024,727371,0.2466576099395752,0,2,0,0,0.18170934915542603,0.07117915898561478,10846
0,0,0,90,FW,Alaves,Atletico Madrid,0,0,2025-05-03,27314,2024,723852,0.05213627219200134,0,2,0,0,0.15182612836360931,0.11277712136507034,10846
1,1,0.4370136260986328,90,FW,Atletico Madrid,Rayo Vallecano,3,0,2025-04-24,27304,2024,722188,0.42892053723335266,0,2,1,0.4370136260986328,1.9518016576766968,1.0858674049377441,10846
0,1,0.45303428173065186,65,FW,Las Palmas,Atletico Madrid,1,0,2025-04-19,27295,2024,720814,0,0,0,0,0.45303428173065186,0.5001261234283447,0.04709186032414436,10846
2,6,1.7133375406265259,90,FW,Atletico Madrid,Real Valladolid,4,2,2025-04-14,27284,2024,719874,0.18261919915676117,0,2,0,0.22678230702877045,0.4504048824310303,0.07920043915510178,10846
1,5,0.8765916228294373,90,FW,Sevilla,Atletico Madrid,1,2,2025-04-06,27277,2024,717692,0.07478728145360947,0,2,0,0.13331402838230133,0.22464101016521454,0.06575397402048111,10846
0,1,0.11723366379737854,23,Sub,Espanyol,Atletico Madrid,1,1,2025-03-29,27262,2024,714898,0,0,0,0,0.11723366379737854,0.11723366379737854,0,10846
1,1,0.42265719175338745,62,FW,Atletico Madrid,Barcelona,2,4,2025-03-16,27252,2024,714374,0,0,0,1,0.42265719175338745,0.42265719175338745,0,10846
0,0,0,59,FW,Getafe,Atletico Madrid,2,1,2025-03-09,27250,2024,711838,0.051709629595279694,0,1,0,0,0,0,10846
1,2,0.43712109327316284,31,Sub,Atletico Madrid,Athletic Club,1,0,2025-03-01,27236,2024,710054,0,0,0,1,0.43712109327316284,0.371438205242157,0,10846
2,5,1.5189268589019775,77,FW,Valencia,Atletico Madrid,0,3,2025-02-22,27225,2024,708032,0,0,0,2,1.5189268589019775,1.9704804420471191,0.4515536427497864,10846
0,1,0.07433941215276718,90,FW,Atletico Madrid,Celta Vigo,1,1,2025-02-15,27212,2024,706430,0,0,0,0,0.07433941215276718,0.20823098719120026,0.13389158248901367,10846
1,2,0.8794333338737488,86,FW,Real Madrid,Atletico Madrid,1,1,2025-02-08,27205,2024,704989,0.49434348940849304,0,3,0,0.13615569472312927,0.7149348855018616,0.08443567156791687,10846
0,1,0.023203756660223007,62,FW,Atletico Madrid,Mallorca,2,0,2025-02-01,27192,2024,703579,0.725833535194397,0,3,0,0.023203756660223007,0.8383678197860718,0.0893305167555809,10846
0,5,0.3031900227069855,90,FW,Atletico Madrid,Villarreal,1,1,2025-01-25,27183,2024,701567,0.044779542833566666,0,1,0,0.3031900227069855,0.37280192971229553,0.13409528136253357,10846
0,2,0.5357438325881958,90,FW,Leganes,Atletico Madrid,1,0,2025-01-18,27176,2024,700106,0.1133517250418663,0,2,0,0.5357438325881958,1.3538025617599487,0.7223387956619263,10846
1,4,1.3956115245819092,80,FW,Atletico Madrid,Osasuna,1,0,2025-01-12,27163,2024,698663,0,0,0,1,1.3956115245819092,1.09968101978302,0.15351226925849915,10846
0,1,0.007436586078256369,90,FW,Barcelona,Atletico Madrid,1,2,2024-12-21,27160,2024,695565,0.2753969430923462,0,1,0,0.007436586078256369,0.6599375009536743,0.3771040141582489,10846
0,1,0.07928717136383057,90,FW,Atletico Madrid,Getafe,1,0,2024-12-15,27142,2024,694133,0.06593603640794754,0,1,0,0.07928717136383057,0.5828113555908203,0.5168752670288086,10846
0,1,0.01749304309487343,79,FW,Atletico Madrid,Sevilla,4,3,2024-12-08,27135,2024,693209,0.0965314656496048,0,1,0,0.01749304309487343,0.11402450501918793,0,10846
1,2,0.5819783210754395,70,FW,Real Valladolid,Atletico Madrid,0,5,2024-11-30,27126,2024,690477,0.641716480255127,1,2,1,0.5819783210754395,1.8246794939041138,0.6009846329689026,10846
0,0,0,29,Sub,Atletico Madrid,Alaves,2,1,2024-11-23,27120,2024,688554,0.12148324400186539,0,2,0,0,0.4525531530380249,0.3310699164867401,10846
1,4,0.6581178903579712,63,FW,Mallorca,Atletico Madrid,0,1,2024-11-10,27107,2024,687454,0,0,0,1,0.6581178903579712,0.6581178903579712,0,10846
0,2,0.17262062430381775,68,FW,Atletico Madrid,Las Palmas,2,0,2024-11-03,27093,2024,685489,0.08334024250507355,0,1,0,0.17262062430381775,0.5627456903457642,0.3985769748687744,10846
0,1,0.044584810733795166,90,FW,Real Betis,Atletico Madrid,1,0,2024-10-27,27084,2024,684027,0.022980423644185066,0,1,0,0.044584810733795166,0.14608947932720184,0.10150466859340668,10846
0,2,0.11007970571517944,31,Sub,Atletico Madrid,Leganes,3,1,2024-10-20,27073,2024,682042,0.6042377948760986,1,1,0,0.11007970571517944,1.7660945653915405,1.0907703638076782,10846
1,2,0.08420387655496597,75,FW,Real Sociedad,Atletico Madrid,1,1,2024-10-06,27067,2024,680716,0,0,0,1,0.08420387655496597,0.5617480874061584,0.4775441884994507,10846
0,2,0.09198741614818573,75,ML,Atletico Madrid,Real Madrid,1,1,2024-09-29,27053,2024,678869,0.04940874129533768,0,2,0,0.09198741614818573,0.13783569633960724,0.0390392541885376,10846
1,2,0.5213834047317505,35,Sub,Celta Vigo,Atletico Madrid,0,1,2024-09-26,27048,2024,677180,0.032453443855047226,0,1,1,0.5213834047317505,0.5538368821144104,0,10846
0,2,0.036580272018909454,90,FW,Rayo Vallecano,Atletico Madrid,1,1,2024-09-22,27036,2024,676829,0.08547370880842209,0,1,0,0.036580272018909454,0.15718047320842743,0.12060020864009857,10846
1,1,0.6345689296722412,28,Sub,Atletico Madrid,Valencia,3,0,2024-09-15,27023,2024,674874,0,0,0,1,0.6345689296722412,0.6345689296722412,0,10846
0,1,0.08736590296030045,70,FW,Athletic Club,Atletico Madrid,0,1,2024-08-31,27013,2024,672144,0,0,0,0,0.08736590296030045,0.12429478764533997,0.03692888468503952,10846
0,3,0.6139064431190491,49,FW,Atletico Madrid,Espanyol,0,0,2024-08-28,27009,2024,669549,0,0,0,0,0.6139064431190491,0.9386808276176453,0.4626709520816803,10846
0,1,0.023689473047852516,84,FW,Atletico Madrid,Girona,3,0,2024-08-25,27001,2024,669263,0.024417884647846222,0,1,0,0.023689473047852516,0.07905054092407227,0.030943183228373528,10846
0,0,0,7,Sub,Villarreal,Atletico Madrid,2,2,2024-08-19,26991,2024,667502,0,0,0,0,0,0,0,10846
0,0,0,1,Sub,Tottenham,Manchester City,0,2,2024-05-14,22233,2023,661925,0,0,0,0,0,0,0,10846
1,1,0.7611688375473022,5,Sub,Fulham,Manchester City,0,4,2024-05-11,22258,2023,660341,0,0,0,0,0,0,0,10846
1,1,0.3762824237346649,1,Sub,Manchester City,Wolverhampton Wanderers,5,1,2024-05-04,22253,2023,659059,0,0,0,1,0.3762824237346649,1.0077943801879883,0.6315119862556458,10846
0,1,0.15396158397197723,90,FW,Nottingham Forest,Manchester City,0,2,2024-04-28,22242,2023,657817,0.05064034089446068,0,2,0,0.15396158397197723,0.5907201170921326,0.4116493761539459,10846
1,6,0.7724228501319885,90,FW,Brighton,Manchester City,0,4,2024-04-25,22176,2023,656579,0,0,0,1,0.7724228501319885,0.817966639995575,0.10254170000553131,10846
0,3,0.8659121990203857,90,AMR,Manchester City,Luton,5,1,2024-04-13,22221,2023,653297,0.13849689066410065,1,3,0,0.8659121990203857,1.9576818943023682,1.2731351852416992,10846
0,4,0.5846669673919678,77,AMC,Crystal Palace,Manchester City,2,4,2024-04-06,22207,2023,651450,0,0,0,0,0.5846669673919678,1.268013834953308,0.7165042161941528,10846
0,7,1.504536509513855,90,FW,Manchester City,Aston Villa,4,1,2024-04-03,22204,2023,651188,0.08401960879564285,0,1,0,1.504536509513855,1.6255137920379639,0.09253019839525223,10846
0,2,0.09913377463817596,71,AML,Liverpool,Manchester City,1,1,2024-03-10,22171,2023,647480,0,0,0,0,0.09913377463817596,0.09913377463817596,0,10846
0,0,0,28,Sub,Manchester City,Manchester United,3,1,2024-03-03,22160,2023,645746,0.10764827579259872,1,2,0,0,0.10764827579259872,0,10846
0,0,0,12,Sub,Bournemouth,Manchester City,0,1,2024-02-24,22145,2023,643418,0,0,0,0,0,0.041868239641189575,0.041868239641189575,10846
0,3,0.14640474319458008,90,AMC,Manchester City,Brentford,1,0,2024-02-20,22074,2023,642813,0.4027286171913147,1,3,0,0.14640474319458008,0.5293765068054199,0.1715427041053772,10846
0,5,0.2583097815513611,67,MC,Manchester City,Chelsea,1,1,2024-02-17,22140,2023,641983,0.5993664264678955,0,4,0,0.2583097815513611,1.4123479127883911,0.6108693480491638,10846
0,2,0.08351971954107285,80,MC,Manchester City,Everton,2,0,2024-02-10,22130,2023,639879,0.1736796498298645,0,3,0,0.08351971954107285,0.15594418346881866,0.07242446392774582,10846
0,5,0.20471327006816864,90,MC,Brentford,Manchester City,1,3,2024-02-05,22117,2023,639646,0.02642230875790119,0,1,0,0.20471327006816864,0.38807350397109985,0.15693794190883636,10846
2,2,1.07920503616333,89,FW,Manchester City,Burnley,3,1,2024-01-31,22114,2023,637935,0,0,0,2,1.07920503616333,0.8709021806716919,0.2764666676521301,10846
0,6,0.42260506749153137,90,FW,Newcastle United,Manchester City,2,3,2024-01-13,22100,2023,634969,0.1865888386964798,0,4,0,0.42260506749153137,0.562744677066803,0.13588035106658936,10846
1,4,1.1569503545761108,90,FW,Manchester City,Sheffield United,2,0,2023-12-30,22090,2023,633498,0,0,0,1,1.1569503545761108,1.2464227676391602,0.0894724428653717,10846
1,5,1.1123021841049194,90,FW,Everton,Manchester City,1,3,2023-12-27,22081,2023,633118,0.3101414740085602,0,4,0,0.3511332869529724,0.8605633974075317,0.26565390825271606,10846
0,1,0.22424818575382233,90,FW,Manchester City,Crystal Palace,2,2,2023-12-16,22061,2023,630307,0.07870785146951675,0,2,0,0.22424818575382233,0.5806065201759338,0.3563583195209503,10846
0,3,0.5852301120758057,90,FW,Luton,Manchester City,1,2,2023-12-10,22050,2023,629350,0.4539136290550232,1,1,0,0.5852301120758057,1.184991478919983,0.7017381191253662,10846
0,0,0,70,AMC,Aston Villa,Manchester City,1,0,2023-12-06,22035,2023,628075,0,0,0,0,0,0.3656105101108551,0.3656105101108551,10846
0,1,0.07510056346654892,90,AMC,Manchester City,Tottenham,3,3,2023-12-03,22031,2023,627545,1.0534015893936157,1,7,0,0.07510056346654892,1.5019336938858032,0.5775603652000427,10846
0,2,0.20228733122348785,90,AMC,Manchester City,Liverpool,1,1,2023-11-25,22020,2023,624572,0.1631811261177063,0,3,0,0.20228733122348785,0.2913737893104553,0.12363096326589584,10846
0,2,0.13780301809310913,85,AMC,Chelsea,Manchester City,4,4,2023-11-12,22009,2023,624163,0.014905241318047047,0,1,0,0.13780301809310913,0.42442587018013,0.2866228520870209,10846
0,2,0.0536939799785614,75,AMC,Manchester City,Bournemouth,6,1,2023-11-04,22000,2023,621497,0.2942458689212799,0,4,0,0.0536939799785614,0.5425276756286621,0.3187696933746338,10846
0,3,0.1561998575925827,90,AMC,Manchester United,Manchester City,0,3,2023-10-29,21992,2023,620743,0.13517701625823975,0,2,0,0.1561998575925827,1.6467163562774658,1.5256924629211426,10846
1,3,0.4424210488796234,90,AMC,Manchester City,Brighton,2,1,2023-10-21,21980,2023,618130,0,0,0,1,0.4424210488796234,0.507863461971283,0.12668932974338531,10846
0,2,0.10000652819871902,69,FWR,Arsenal,Manchester City,1,0,2023-10-08,21965,2023,617311,0,0,0,0,0.10000652819871902,0.10000652819871902,0,10846
1,2,0.11043021827936172,90,AMC,Wolverhampton Wanderers,Manchester City,2,1,2023-09-30,21961,2023,614622,0.11126117408275604,0,3,1,0.11043021827936172,0.15005503594875336,0.07644433528184891,10846
0,4,0.33785155415534973,62,AMC,Manchester City,Nottingham Forest,2,0,2023-09-23,21946,2023,612155,0,0,0,0,0.33785155415534973,0.5635153651237488,0.5098178386688232,10846
0,2,0.06902920454740524,90,AMC,West Ham,Manchester City,1,3,2023-09-16,21937,2023,610360,0.5654380321502686,2,4,0,0.06902920454740524,1.9085267782211304,1.798397421836853,10846
1,2,0.6909951567649841,90,AMC,Manchester City,Fulham,5,1,2023-09-02,21927,2023,608714,0,0,0,1,0.6909951567649841,1.0630980730056763,0.3721029758453369,10846
0,8,1.0106762647628784,90,AMC,Sheffield United,Manchester City,1,2,2023-08-27,22303,2023,607491,0.21349255740642548,0,4,0,1.0106762647628784,1.2894946336746216,0.30053824186325073,10846
1,1,0.30547618865966797,90,AMC,Manchester City,Newcastle United,1,0,2023-08-19,22291,2023,605562,0.15671788156032562,0,2,1,0.30547618865966797,0.6939631700515747,0.34507960081100464,10846
0,3,0.2900267243385315,90,AMC,Burnley,Manchester City,0,3,2023-08-11,22275,2023,603627,0.5029374361038208,1,6,0,0.2900267243385315,0.8048052787780762,0.25525736808776855,10846
0,1,0.0385393463075161,90,FW,Levante,Mallorca,2,0,2026-05-17,29525,2025,791733,0.23484864830970764,0,2,0,0.0385393463075161,0.27338799834251404,0.027504829689860344,9002
0,1,0.06799207627773285,90,FW,Getafe,Mallorca,3,1,2026-05-13,29511,2025,790496,0,0,0,0,0.06799207627773285,0.06520595401525497,0.06520595401525497,9002
1,5,0.8808956146240234,90,FW,Mallorca,Villarreal,1,1,2026-05-10,29502,2025,789182,0.028024910017848015,0,1,1,0.8808956146240234,0.8757346272468567,0.05369459465146065,9002
0,2,0.1523227095603943,90,FW,Girona,Mallorca,0,1,2026-05-01,29497,2025,786774,0.41963595151901245,0,2,0,0.1523227095603943,0.5719586610794067,0,9002
0,0,0,90,FW,Alaves,Mallorca,2,1,2026-04-25,29473,2025,785248,0,0,0,0,0,0,0,9002
0,5,0.8043422102928162,90,FW,Mallorca,Valencia,1,1,2026-04-21,29481,2025,784364,0,0,0,0,0.8043422102928162,0.9472818970680237,0.22100558876991272,9002
2,2,1.0181574821472168,90,FW,Mallorca,Rayo Vallecano,3,0,2026-04-12,29466,2025,782373,0,0,0,2,1.0181574821472168,1.1801776885986328,0.7489383816719055,9002
1,2,0.21362099051475525,90,FW,Mallorca,Real Madrid,2,1,2026-04-04,29452,2025,780115,0,0,0,1,0.21362099051475525,0.528274416923523,0.42734795808792114,9002
0,3,1.2042995691299438,90,FW,Elche,Mallorca,2,1,2026-03-21,29440,2025,778327,0,0,0,0,0.46102192997932434,0.5328776836395264,0.07185578346252441,9002
0,9,0.3421841561794281,90,FW,Mallorca,Espanyol,2,1,2026-03-15,29435,2025,777286,0.09179409593343735,0,3,0,0.3421841561794281,0.4369000494480133,0.11611812561750412,9002
2,3,0.3970361649990082,90,FW,Osasuna,Mallorca,2,2,2026-03-07,29426,2025,775028,0.14003460109233856,0,1,2,0.3970361649990082,0.5370707511901855,0,9002
0,2,0.4891586899757385,90,FW,Mallorca,Real Sociedad,0,1,2026-02-28,29411,2025,773493,0,0,0,0,0.4891586899757385,0.38058415055274963,0,9002
0,0,0,78,FW,Celta Vigo,Mallorca,2,0,2026-02-22,29403,2025,772506,0,0,0,0,0,0,0,9002
1,4,0.2593059837818146,90,FW,Mallorca,Real Betis,1,2,2026-02-15,29396,2025,771106,0,0,0,1,0.2593059837818146,0.2818458378314972,0.1711607128381729,9002
0,1,0.5477319955825806,81,FW,Barcelona,Mallorca,3,0,2026-02-07,29381,2025,768768,0,0,0,0,0.5477319955825806,0.6597140431404114,0.11198209226131439,9002
1,5,1.0614417791366577,90,FW,Mallorca,Sevilla,4,1,2026-02-02,29369,2025,768191,0.7308792471885681,1,3,0,0.3181641101837158,0.9851483702659607,0.01577036641538143,9002
0,4,0.2648214101791382,90,FW,Atletico Madrid,Mallorca,3,0,2026-01-25,29360,2025,766049,0,0,0,0,0.2648214101791382,0.22286272048950195,0,9002
3,7,3.049044370651245,90,FW,Mallorca,Athletic Club,3,2,2026-01-17,29349,2025,764253,0.07756537199020386,0,1,2,1.5624891519546509,0.5998404622077942,0,9002
1,2,0.7780746817588806,90,FW,Rayo Vallecano,Mallorca,2,1,2026-01-11,29347,2025,763089,0,0,0,1,0.7780746817588806,0.4174436032772064,0.022588912397623062,9002
1,3,0.8222829699516296,90,FW,Mallorca,Girona,1,2,2026-01-04,29336,2025,761873,0.04637831822037697,0,1,0,0.07900533080101013,0.0863863080739975,0,9002
0,1,0.08291798084974289,90,FW,Valencia,Mallorca,1,1,2025-12-19,29327,2025,758807,0,0,0,0,0.08291798084974289,0.05150999873876572,0.05150999873876572,9002
1,8,1.4998257160186768,90,FW,Mallorca,Elche,3,1,2025-12-13,29314,2025,757684,0,0,0,1,1.4998257160186768,0.9807188510894775,0.4119875133037567,9002
0,1,0.028885403648018837,90,FW,Real Oviedo,Mallorca,0,0,2025-12-05,29306,2025,755563,0.09024535119533539,0,2,0,0.028885403648018837,0.18108993768692017,0.09342624247074127,9002
2,2,0.8142930865287781,90,FW,Mallorca,Osasuna,2,2,2025-11-29,29291,2025,753388,0,0,0,1,0.07101544737815857,0.13219131529331207,0.0611758679151535,9002
0,1,0.509282112121582,14,Sub,Villarreal,Mallorca,2,1,2025-11-22,29287,2025,752422,0,0,0,0,0.509282112121582,0.509282112121582,0,9002
1,2,0.4846874177455902,90,FW,Mallorca,Getafe,1,0,2025-11-09,29276,2025,751317,0,0,0,1,0.4846874177455902,0.4846874177455902,0,9002
0,3,0.33219969272613525,82,FW,Real Betis,Mallorca,3,0,2025-11-02,29261,2025,749505,0,0,0,0,0.33219969272613525,0.33959370851516724,0.007394010666757822,9002
0,2,0.41054093837738037,87,FW,Mallorca,Levante,1,1,2025-10-26,29257,2025,746469,0.06675280630588531,0,2,0,0.41054093837738037,0.5181726217269897,0.10462789982557297,9002
1,1,0.3038504421710968,90,FW,Sevilla,Mallorca,1,3,2025-10-18,29247,2025,743876,0,0,0,1,0.3038504421710968,0.8285030126571655,0.5246525406837463,9002
0,2,0.12127924710512161,90,FW,Athletic Club,Mallorca,2,1,2025-10-04,29229,2025,742644,0,0,0,0,0.12127924710512161,0.17941893637180328,0.05813968554139137,9002
0,1,0.018689997494220734,70,FW,Mallorca,Alaves,1,0,2025-09-27,29224,2025,740913,0,0,0,0,0.018689997494220734,0.45542508363723755,0.4367350935935974,9002
0,1,0.02631322667002678,90,FW,Real Sociedad,Mallorca,1,0,2025-09-24,29215,2025,740082,0.04750979319214821,0,1,0,0.02631322667002678,0.5153098702430725,0.44148683547973633,9002
1,1,0.3548421859741211,90,FW,Mallorca,Atletico Madrid,1,1,2025-09-21,29204,2025,739445,0.011125651188194752,0,1,1,0.3548421859741211,0.38497528433799744,0.019007470458745956,9002
2,13,1.6488595008850098,90,FW,Espanyol,Mallorca,3,2,2025-09-15,29198,2025,738145,0,0,0,1,0.9055818915367126,0.6020779013633728,0.10493630915880203,9002
1,3,0.22011052072048187,90,FW,Real Madrid,Mallorca,2,1,2025-08-30,29184,2025,735587,0,0,0,1,0.22011052072048187,0.11265915632247925,0.06812743097543716,9002
0,1,0.455783873796463,38,FW,Mallorca,Barcelona,0,3,2025-08-16,29160,2025,732041,0,0,0,0,0.455783873796463,0.455783873796463,0,9002
0,3,0.1491011381149292,70,FW,Rayo Vallecano,Mallorca,0,0,2025-05-24,27360,2024,729838,0.05231059342622757,0,1,0,0.1491011381149292,0.20141173899173737,0,9002
0,0,0,83,FW,Mallorca,Getafe,1,2,2025-05-18,27346,2024,728883,0,0,0,0,0,0,0,9002
0,0,0,90,FW,Real Madrid,Mallorca,2,1,2025-05-14,27339,2024,727339,0,0,0,0,0,0.06401121616363525,0.06401121616363525,9002
0,1,0.09035925567150116,68,FW,Mallorca,Real Valladolid,2,1,2025-05-10,27328,2024,725969,0.09435059130191803,0,2,0,0.09035925567150116,0.22178219258785248,0.08592729270458221,9002
0,0,0,16,Sub,Girona,Mallorca,1,0,2025-05-05,27312,2024,725361,0,0,0,0,0,0,0,9002
0,0,0,36,FW,Mallorca,Celta Vigo,1,2,2025-04-05,27278,2024,717086,0,0,0,0,0,0,0,9002
1,5,1.5930415391921997,90,FW,Mallorca,Espanyol,2,1,2025-03-15,27261,2024,713081,0.12270113825798035,0,2,0,0.10648633539676666,0.32530876994132996,0.12794935703277588,9002
0,1,0.29859283566474915,86,FW,Athletic Club,Mallorca,1,1,2025-03-09,27243,2024,712325,0,0,0,0,0.29859283566474915,0.29859283566474915,0,9002
0,6,1.2863482236862183,90,FW,Mallorca,Alaves,1,1,2025-03-02,27240,2024,710607,0.053183700889348984,0,3,0,1.2863482236862183,0.7296401262283325,0,9002
0,2,0.2034159004688263,80,FW,Sevilla,Mallorca,1,1,2025-02-24,27229,2024,708988,0.4577910006046295,0,1,0,0.2034159004688263,0.6612069010734558,0.053512223064899445,9002
2,4,1.1092917919158936,89,FW,Mallorca,Las Palmas,3,1,2025-02-16,27217,2024,707083,0.23995761573314667,0,2,2,1.1092917919158936,1.3492494821548462,0.5299805402755737,9002
1,3,0.8937986493110657,83,FW,Mallorca,Osasuna,1,1,2025-02-10,27210,2024,705726,0,0,0,0,0.15052102506160736,0.1870148479938507,0.03649381920695305,9002
0,1,0.07440463453531265,90,FW,Atletico Madrid,Mallorca,2,0,2025-02-01,27192,2024,703596,0.04029488563537598,0,1,0,0.07440463453531265,0.07451558113098145,0.03422069922089577,9002
0,0,0,25,Sub,Mallorca,Real Betis,0,1,2025-01-25,27187,2024,701202,0,0,0,0,0,0,0,9002
0,2,0.18372216820716858,90,FW,Villarreal,Mallorca,4,0,2025-01-20,27178,2024,701057,0.039904698729515076,0,1,0,0.18372216820716858,0.13095469772815704,0.011948349885642529,9002
0,0,0,31,FW,Mallorca,Girona,2,1,2024-12-14,27146,2024,693793,0.5723492503166199,1,1,0,0,0.5723492503166199,0,9002
0,0,0,30,Sub,Celta Vigo,Mallorca,2,0,2024-12-06,27136,2024,691818,0,0,0,0,0,0.018601058050990105,0.018601058050990105,9002
1,1,0.7417718172073364,81,FW,Mallorca,Barcelona,1,5,2024-12-03,27167,2024,691301,0,0,0,1,0.7417718172073364,0.7781088948249817,0.036337096244096756,9002
0,2,0.19211535155773163,88,FW,Las Palmas,Mallorca,2,3,2024-11-23,27115,2024,688661,0.03385809436440468,0,1,0,0.19211535155773163,0.5102898478507996,0.28431642055511475,9002
0,4,0.22293613851070404,90,FW,Mallorca,Atletico Madrid,0,1,2024-11-10,27107,2024,687438,0,0,0,0,0.22293613851070404,0.020638765767216682,0,9002
0,1,0.11172714084386826,31,Sub,Alaves,Mallorca,1,0,2024-11-01,27097,2024,684591,0.06820299476385117,0,1,0,0.11172714084386826,0.17993013560771942,0,9002
0,2,0.42922064661979675,90,FW,Mallorca,Athletic Club,0,0,2024-10-28,27083,2024,684167,0,0,0,0,0.42922064661979675,0.35719868540763855,0,9002
1,4,1.1526850461959839,86,FW,Mallorca,Rayo Vallecano,1,0,2024-10-20,27077,2024,681820,0.045456480234861374,0,1,1,1.1526850461959839,0.5475279688835144,0,9002
0,1,0.5395001173019409,25,Sub,Mallorca,Real Sociedad,1,0,2024-09-17,27045,2024,675005,0,0,0,0,0.5395001173019409,0.5395001173019409,0,9002
0,1,0.015302279964089394,90,FW,Mallorca,Villarreal,1,2,2024-09-14,27026,2024,673398,0.017095841467380524,0,1,0,0.015302279964089394,0.03290708735585213,0.015811247751116753,9002
0,1,0.021616380661725998,90,FW,Leganes,Mallorca,0,1,2024-08-31,27016,2024,672392,0.7085088491439819,1,3,0,0.021616380661725998,0.8018338680267334,0.07170863449573517,9002
0,5,0.7248470783233643,83,FW,Mallorca,Sevilla,0,0,2024-08-27,27003,2024,669390,0.09288574010133743,0,2,0,0.7248470783233643,0.7590985298156738,0.051455818116664886,9002
0,1,0.07682949304580688,90,FW,Osasuna,Mallorca,1,0,2024-08-24,26994,2024,668223,0.04523156210780144,0,3,0,0.07682949304580688,0.12206105142831802,0,9002
1,3,0.8748745918273926,90,FW,Mallorca,Real Madrid,1,1,2024-08-18,26989,2024,667264,0.015655288472771645,0,1,1,0.8748745918273926,0.6120032072067261,0,9002
1,1,0.7467690110206604,33,Sub,Getafe,Mallorca,1,2,2024-05-26,23057,2023,664676,0,0,0,1,0.7467690110206604,0,0,9002
0,6,0.44927117228507996,90,FW,Mallorca,Almeria,2,2,2024-05-19,23051,2023,663623,0.16664010286331177,0,2,0,0.44927117228507996,0.622205376625061,0.04639892652630806,9002
0,1,0.07611598819494247,83,FW,Mallorca,Las Palmas,1,0,2024-05-11,23034,2023,660356,0,0,0,0,0.07611598819494247,0.16251380741596222,0.08639781922101974,9002
0,2,0.16696208715438843,90,FW,Mallorca,Atletico Madrid,0,1,2024-05-04,23018,2023,659242,0.02870127558708191,0,1,0,0.16696208715438843,0.19566336274147034,0,9002
1,1,0.2081398367881775,89,FW,Cadiz,Mallorca,1,1,2024-04-28,23008,2023,657475,0.018772223964333534,0,1,1,0.2081398367881775,0.3007383644580841,0.09259851276874542,9002
0,3,0.5434494614601135,83,FW,Sevilla,Mallorca,2,1,2024-04-22,23003,2023,656023,0,0,0,0,0.5434494614601135,0.5558600425720215,0.058560822159051895,9002
0,2,0.3539755642414093,90,FW,Mallorca,Real Madrid,0,1,2024-04-13,22988,2023,653481,0,0,0,0,0.3539755642414093,0.3539755642414093,0,9002
0,4,0.2854245901107788,90,FW,Valencia,Mallorca,0,0,2024-03-30,22984,2023,650069,0,0,0,0,0.2854245901107788,0.3705638349056244,0.08513926714658737,9002
0,3,0.6950759291648865,90,FW,Mallorca,Granada,1,0,2024-03-16,22973,2023,648061,0.10117951035499573,0,1,0,0.6950759291648865,0.9488463401794434,0.200197234749794,9002
0,4,0.19797198474407196,90,FW,Barcelona,Mallorca,1,0,2024-03-08,22956,2023,646273,0.017289984971284866,0,1,0,0.19797198474407196,0.21526196599006653,0,9002
0,2,0.1283038854598999,90,FW,Mallorca,Girona,1,0,2024-03-03,22950,2023,645895,0.12388458102941513,0,2,0,0.1283038854598999,0.36953818798065186,0.11734970659017563,9002
0,2,0.043448422104120255,90,FW,Alaves,Mallorca,1,1,2024-02-24,22943,2023,643447,0.11729094386100769,0,3,0,0.043448422104120255,0.7923669219017029,0.6792796850204468,9002
0,0,0,90,FW,Mallorca,Real Sociedad,1,2,2024-02-18,22927,2023,642636,0.022825662046670914,0,1,0,0,0,0,9002
1,3,0.5765436887741089,90,FW,Mallorca,Rayo Vallecano,2,1,2024-02-11,22917,2023,640872,0,0,0,1,0.5765436887741089,0.13123191893100739,0.035979751497507095,9002
0,0,0,42,Sub,Athletic Club,Mallorca,4,0,2024-02-02,22905,2023,638263,0,0,0,0,0,0,0,9002
0,2,0.47555050253868103,24,Sub,Mallorca,Real Betis,0,1,2024-01-27,22901,2023,637151,0,0,0,0,0.47555050253868103,0.041672833263874054,0.019871879369020462,9002
0,0,0,9,Sub,Villarreal,Mallorca,1,1,2024-01-20,22893,2023,635883,0,0,0,0,0,0.08126579225063324,0.08126579225063324,9002
0,2,0.39537954330444336,86,FW,Real Betis,Mallorca,2,0,2023-11-04,22795,2023,621634,0,0,0,0,0.39537954330444336,0.4184529483318329,0.02307341992855072,9002
0,3,0.13669396936893463,90,FW,Mallorca,Getafe,0,0,2023-10-28,22793,2023,620090,0.014576154761016369,0,1,0,0.13669396936893463,0.29085075855255127,0.17214445769786835,9002
0,4,0.5288906693458557,90,FW,Real Sociedad,Mallorca,1,0,2023-10-21,22781,2023,617806,0.6291229724884033,0,3,0,0.5288906693458557,0.18380415439605713,0,9002
0,1,0.05824807658791542,90,FW,Mallorca,Valencia,1,1,2023-10-07,22768,2023,616651,0.5890779495239258,1,4,0,0.05824807658791542,0.6037731170654297,0.052590884268283844,9002
1,4,0.7928944826126099,90,FW,Rayo Vallecano,Mallorca,2,2,2023-09-30,22764,2023,614777,0.0813838317990303,0,1,1,0.7928944826126099,0.6314424276351929,0.348572313785553,9002
1,2,0.5270295739173889,90,FW,Mallorca,Barcelona,2,2,2023-09-26,22749,2023,613520,0.4591369032859802,1,3,1,0.5270295739173889,0.8935354948043823,0,9002
1,2,0.7905476689338684,86,FW,Girona,Mallorca,5,3,2023-09-23,22739,2023,611893,0.05560704693198204,0,2,0,0.04739797115325928,0.16803160309791565,0.07588004320859909,9002
1,2,0.6350519061088562,90,FW,Celta Vigo,Mallorca,0,1,2023-09-16,22727,2023,610641,0.06863776594400406,0,1,1,0.6350519061088562,0.6426195502281189,0,9002
0,2,0.1038956567645073,90,FW,Mallorca,Athletic Club,0,0,2023-09-03,22721,2023,609531,0.14729560911655426,0,2,0,0.1038956567645073,0.19086556136608124,0,9002
0,2,0.7843033075332642,90,FW,Granada,Mallorca,3,2,2023-08-26,22708,2023,607278,0.2317986786365509,0,1,0,0.04102569445967674,0.2317986786365509,0,9002
0,1,0.02180512063205242,90,FW,Mallorca,Villarreal,0,1,2023-08-18,22695,2023,604719,0.09037604182958603,0,1,0,0.02180512063205242,0.06722036004066467,0.0454152375459671,9002
0,5,1.4987925291061401,90,FW,Las Palmas,Mallorca,1,1,2023-08-12,22688,2023,603991,0.26154425740242004,0,3,0,0.755514919757843,0.30451700091362,0,9002
0,2,0.16709959506988525,87,FW,Roma,Lazio,2,0,2026-05-17,30211,2025,791074,0,0,0,0,0.16709959506988525,0.25859516859054565,0.0914955660700798,9749
2,5,1.846505045890808,90,FW,Parma Calcio 1913,Roma,2,3,2026-05-10,30202,2025,789537,0,0,0,1,1.0852062702178955,1.7181265354156494,0.7004920840263367,9749
0,4,0.47592630982398987,84,FW,Roma,Fiorentina,4,0,2026-05-04,30191,2025,788345,0.5369220972061157,1,1,0,0.47592630982398987,1.9381165504455566,0.9252681732177734,9749
1,3,0.7801730632781982,79,FW,Bologna,Roma,0,2,2026-04-25,30174,2025,785651,0.7276795506477356,1,2,1,0.7801730632781982,1.507852554321289,0.6650543212890625,9749
0,4,0.9273576736450195,90,FW,Roma,Atalanta,1,1,2026-04-18,30169,2025,783532,0.05051669850945473,0,1,0,0.9273576736450195,1.0057085752487183,0.11104723811149597,9749
3,3,1.2414138317108154,80,FW,Roma,Pisa,3,0,2026-04-10,30162,2025,781221,0.06339973211288452,0,1,3,1.2414138317108154,1.3048135042190552,0.06339973211288452,9749
0,3,0.18451623618602753,90,FW,Inter,Roma,5,2,2026-04-05,30145,2025,780924,0,0,0,0,0.18451623618602753,0.08452627807855606,0,9749
0,3,0.25307342410087585,76,FW,Roma,Lecce,1,0,2026-03-22,30143,2025,779522,0,0,0,0,0.25307342410087585,0.5150499939918518,0.3272881507873535,9749
1,2,0.8644810318946838,69,FW,Como,Roma,2,1,2026-03-15,30124,2025,777704,0,0,0,0,0.10318221151828766,0.10318221151828766,0,9749
0,2,0.12658362090587616,90,FW,Genoa,Roma,2,1,2026-03-08,30118,2025,776062,0,0,0,0,0.12658362090587616,0.12658362090587616,0.07124784588813782,9749
1,6,1.2222446203231812,90,FW,Roma,Juventus,3,3,2026-03-01,30108,2025,774332,0,0,0,1,1.2222446203231812,1.1155591011047363,0,9749
0,5,0.41919729113578796,90,FW,Roma,Cremonese,3,0,2026-02-22,30102,2025,772584,0,0,0,0,0.41919729113578796,0.5071713924407959,0.14506815373897552,9749
2,3,1.5050348043441772,75,FW,Napoli,Roma,2,2,2026-02-15,30089,2025,771090,0,0,0,1,0.7437359094619751,0.7437359094619751,0,9749
2,7,1.3153151273727417,85,FW,Roma,Cagliari,2,0,2026-02-09,30076,2025,769646,0,0,0,2,1.3153151273727417,1.2053508758544922,0,9749
0,4,0.2868611514568329,90,FW,Udinese,Roma,1,0,2026-02-02,30073,2025,768144,0.05195005610585213,0,1,0,0.2868611514568329,0.2520870566368103,0.05195005610585213,9749
0,7,0.8406404256820679,70,FW,Roma,AC Milan,1,1,2026-01-25,30061,2025,766560,0,0,0,0,0.8406404256820679,0.44836556911468506,0,9749
1,4,0.8635678291320801,79,FW,Torino,Roma,0,2,2026-01-18,30050,2025,764939,0.055989090353250504,0,1,1,0.8635678291320801,1.103563666343689,0.18400675058364868,9749
0,0,0,16,Sub,Crystal Palace,Aston Villa,0,0,2026-01-07,28983,2025,762377,0,0,0,0,0,0,0,9749
0,0,0,5,Sub,Aston Villa,Nottingham Forest,3,1,2026-01-03,28972,2025,760929,0,0,0,0,0,0,0,9749
0,3,1.059762716293335,26,Sub,Arsenal,Aston Villa,4,1,2025-12-30,28958,2025,760643,0,0,0,0,1.059762716293335,2.0735111236572266,1.0137484073638916,9749
0,0,0,61,FW,Chelsea,Aston Villa,1,2,2025-12-27,28951,2025,760244,0,0,0,0,0,0,0,9749
0,0,0,11,Sub,Aston Villa,Manchester United,2,1,2025-12-21,28939,2025,759651,0.0635911077260971,0,1,0,0,0.0635911077260971,0,9749
0,1,0.00951722264289856,24,Sub,West Ham,Aston Villa,2,3,2025-12-14,28937,2025,758198,0.03538145497441292,0,1,0,0.00951722264289856,0.04489867761731148,0,9749
0,1,0.32740873098373413,23,Sub,Aston Villa,Arsenal,2,1,2025-12-06,28919,2025,755638,0,0,0,0,0.32740873098373413,0.9596385955810547,0.6322298645973206,9749
1,2,0.6705970764160156,5,Sub,Brighton,Aston Villa,3,4,2025-12-03,28910,2025,755199,0,0,0,1,0.6705970764160156,0.6705970764160156,0,9749
0,5,0.45046475529670715,77,FW,Aston Villa,Wolverhampton Wanderers,1,0,2025-11-30,28898,2025,754284,0,0,0,0,0.45046475529670715,0.4010051488876343,0.04676960036158562,9749
0,2,0.3115747570991516,38,Sub,Leeds,Aston Villa,1,2,2025-11-23,28893,2025,752606,0.11843737214803696,1,2,0,0.3115747570991516,0.4919724762439728,0.061960332095623016,9749
1,3,0.5298733115196228,2,Sub,Aston Villa,Bournemouth,4,0,2025-11-09,28878,2025,750728,0,0,0,1,0.5298733115196228,0.4108116328716278,0,9749
0,1,0.057013943791389465,27,Sub,Liverpool,Aston Villa,2,0,2025-11-01,28872,2025,748760,0,0,0,0,0.057013943791389465,0.057013943791389465,0,9749
0,0,0,1,Sub,Aston Villa,Manchester City,1,0,2025-10-26,28860,2025,746630,0,0,0,0,0,0,0,9749
0,1,0.08622466772794724,66,FW,Tottenham,Aston Villa,1,2,2025-10-19,28856,2025,744771,0,0,0,0,0.08622466772794724,0.08622466772794724,0,9749
2,3,0.8129495978355408,87,AMR,Aston Villa,Burnley,2,1,2025-10-05,28840,2025,743021,0.08389236778020859,0,2,2,0.8129495978355408,0.5104327201843262,0.03613422438502312,9749
0,0,0,1,Sub,Aston Villa,Fulham,3,1,2025-09-28,28831,2025,741326,0,0,0,0,0,0,0,9749
0,1,0.05224158614873886,14,Sub,Sunderland,Aston Villa,1,1,2025-09-21,28826,2025,739275,0.0680796355009079,0,1,0,0.05224158614873886,0.12032122164964676,0,9749
0,0,0,5,Sub,Everton,Aston Villa,0,0,2025-09-13,28812,2025,736987,0,0,0,0,0,0,0,9749
0,2,0.30782389640808105,87,AMR,Aston Villa,Crystal Palace,0,3,2025-08-31,28807,2025,736186,0,0,0,0,0.30782389640808105,0.30782389640808105,0,9749
0,0,0,18,Sub,Brentford,Aston Villa,1,0,2025-08-23,28790,2025,733256,0,0,0,0,0,0.1262531578540802,0.1262531578540802,9749
0,1,0.06348427385091782,6,Sub,Aston Villa,Newcastle United,0,0,2025-08-16,28779,2025,731708,0,0,0,0,0.06348427385091782,0.06348427385091782,0,9749
0,0,0,1,Sub,Manchester United,Aston Villa,2,0,2025-05-25,26974,2024,730246,0.1049204170703888,0,1,0,0,0.1049204170703888,0,9749
0,0,0,3,Sub,Aston Villa,Tottenham,2,0,2025-05-16,26963,2024,727516,0,0,0,0,0,0.028302188962697983,0.028302188962697983,9749
0,3,0.6964486241340637,18,Sub,Aston Villa,Fulham,1,0,2025-05-03,26946,2024,723810,0,0,0,0,0.6964486241340637,0.6964486241340637,0,9749
0,1,0.019668033346533775,1,Sub,Manchester City,Aston Villa,2,1,2025-04-22,26937,2024,721738,0,0,0,0,0.019668033346533775,0,0,9749
0,1,0.07369057089090347,5,Sub,Aston Villa,Newcastle United,4,1,2025-04-19,26922,2024,720622,0,0,0,0,0.07369057089090347,0.07369057089090347,0,9749
1,1,0.2669849395751953,23,Sub,Southampton,Aston Villa,0,3,2025-04-12,26921,2024,718654,0.04087046906352043,0,1,1,0.2669849395751953,0.30785539746284485,0,9749
1,1,0.6297279596328735,63,AMR,Aston Villa,Nottingham Forest,2,1,2025-04-05,26902,2024,717053,0,0,0,1,0.6297279596328735,0.6297279596328735,0,9749
1,1,0.11288443207740784,1,Sub,Brighton,Aston Villa,0,3,2025-04-02,26893,2024,716200,0,0,0,1,0.11288443207740784,0.11288443207740784,0,9749
0,0,0,1,Sub,Brentford,Aston Villa,0,1,2025-03-08,26872,2024,711566,0,0,0,0,0,0,0,9749
0,1,0.6195170283317566,6,Sub,Aston Villa,Chelsea,2,1,2025-02-22,26854,2024,708083,0,0,0,0,0.6195170283317566,0.6195170283317566,0,9749
0,2,0.06905388832092285,20,Sub,Aston Villa,Liverpool,2,2,2025-02-19,26884,2024,707337,0,0,0,0,0.06905388832092285,0.06905388832092285,0,9749
0,1,0.0673820972442627,67,AMR,Aston Villa,Ipswich,1,1,2025-02-15,26842,2024,706158,0.03435366228222847,0,1,0,0.0673820972442627,0.15860164165496826,0.09121954441070557,9749
0,2,0.4067702293395996,40,Sub,Wolverhampton Wanderers,Aston Villa,2,0,2025-02-01,26841,2024,703663,0,0,0,0,0.4067702293395996,0.4067702293395996,0,9749
0,1,0.05785698443651199,16,Sub,Aston Villa,West Ham,1,1,2025-01-26,26823,2024,702186,0,0,0,0,0.05785698443651199,0.05785698443651199,0,9749
0,1,0.07990390807390213,10,Sub,Borussia Dortmund,Bayer Leverkusen,2,3,2025-01-10,27878,2024,697868,0,0,0,0,0.07990390807390213,0.07990390807390213,0,9749
1,3,0.734190821647644,66,MC,Wolfsburg,Borussia Dortmund,1,3,2024-12-22,27874,2024,695894,0.3619210720062256,0,1,1,0.734190821647644,0.9893298149108887,0.49050337076187134,9749
0,3,0.15583431720733643,31,Sub,Borussia M.Gladbach,Borussia Dortmund,1,1,2024-12-07,27854,2024,692465,0,0,0,0,0.15583431720733643,0.5047983527183533,0.34896400570869446,9749
0,0,0,13,Sub,Borussia Dortmund,Bayern Munich,1,1,2024-11-30,27842,2024,690310,0,0,0,0,0,0,0,9749
0,4,0.33740949630737305,90,MR,Borussia Dortmund,Freiburg,4,0,2024-11-23,27835,2024,688238,0,0,0,0,0.33740949630737305,0.4211505949497223,0.08374109864234924,9749
0,0,0,28,Sub,Mainz 05,Borussia Dortmund,3,1,2024-11-09,27828,2024,686508,0,0,0,0,0,0,0,9749
0,0,0,7,Sub,Borussia Dortmund,RasenBallsport Leipzig,2,1,2024-11-02,27816,2024,685184,0,0,0,0,0,0,0,9749
1,1,0.3995875120162964,90,AMR,Augsburg,Borussia Dortmund,2,1,2024-10-26,27809,2024,682857,0,0,0,1,0.3995875120162964,0.4177170395851135,0.018129538744688034,9749
0,3,1.2406816482543945,79,AMR,Borussia Dortmund,St. Pauli,2,1,2024-10-18,27798,2024,680824,0,0,0,0,1.2406816482543945,1.2406816482543945,0,9749
0,0,0,24,Sub,Union Berlin,Borussia Dortmund,2,1,2024-10-05,27791,2024,679387,0,0,0,0,0,0,0,9749
0,0,0,24,Sub,VfB Stuttgart,Borussia Dortmund,5,1,2024-09-22,27776,2024,676582,0,0,0,0,0,0,0,9749
1,3,0.2157200425863266,61,AMR,Borussia Dortmund,FC Heidenheim,4,2,2024-09-13,27760,2024,673209,0,0,0,1,0.2157200425863266,1.1241495609283447,1.052433967590332,9749
0,1,0.058460600674152374,18,Sub,Werder Bremen,Borussia Dortmund,0,0,2024-08-31,27753,2024,671688,0,0,0,0,0.058460600674152374,0.058460600674152374,0,9749
0,0,0,61,DML,Borussia Dortmund,Eintracht Frankfurt,2,0,2024-08-24,27748,2024,668294,0,0,0,0,0,0.279643714427948,0.279643714427948,9749
1,4,1.6336262226104736,28,Sub,Borussia Dortmund,Darmstadt,4,0,2024-05-18,23362,2023,662503,0,0,0,1,1.6336262226104736,1.7147319316864014,0.635111927986145,9749
0,0,0,47,FWR,Mainz 05,Borussia Dortmund,3,0,2024-05-11,23356,2023,660861,0.06281621754169464,0,1,0,0,0.08678289502859116,0.023966677486896515,9749
1,6,1.022182822227478,65,AMR,Borussia Dortmund,Augsburg,5,1,2024-05-04,23344,2023,658777,0.025025591254234314,0,1,1,1.022182822227478,1.5310087203979492,0.5056343078613281,9749
0,2,0.15212710201740265,32,Sub,Borussia M.Gladbach,Borussia Dortmund,1,2,2024-04-13,23321,2023,653070,0,0,0,0,0.15212710201740265,0.15212710201740265,0,9749
0,2,0.044931866228580475,90,FWR,Borussia Dortmund,Eintracht Frankfurt,3,1,2024-03-17,23290,2023,649060,0.578162670135498,1,1,0,0.044931866228580475,0.044931866228580475,0,9749
1,2,0.23388898372650146,48,AML,Werder Bremen,Borussia Dortmund,1,2,2024-03-09,23286,2023,646863,0,0,0,1,0.23388898372650146,0.13702283799648285,0,9749
1,4,0.8661054372787476,90,AML,Borussia Dortmund,Hoffenheim,2,3,2024-02-25,23270,2023,643958,0.2832690179347992,0,1,1,0.8661054372787476,0.5116976499557495,0,9749
2,4,0.3670504689216614,90,FW,Borussia Dortmund,Freiburg,3,0,2024-02-09,23246,2023,639758,1.0670510530471802,0,5,2,0.3670504689216614,2.340437173843384,0.9546800255775452,9749
0,2,0.0633535385131836,90,AMC,FC Heidenheim,Borussia Dortmund,0,0,2024-02-02,23243,2023,638164,0.2856599986553192,0,3,0,0.0633535385131836,0.3916471600532532,0.15880747139453888,9749
0,1,0.12860208749771118,74,AMC,Borussia Dortmund,Bochum,3,1,2024-01-28,23227,2023,637508,0,0,0,0,0.12860208749771118,0.05568721890449524,0.05568721890449524,9749
2,2,0.5329006910324097,90,FWR,FC Cologne,Borussia Dortmund,0,4,2024-01-20,23223,2023,635784,0.08627942204475403,0,1,2,0.5329006910324097,2.276524305343628,1.7054778337478638,9749
0,2,0.04947865009307861,90,FWL,Darmstadt,Borussia Dortmund,0,3,2024-01-13,23217,2023,634998,0.12372631579637527,0,2,0,0.04947865009307861,0.9448347687721252,0.8399963974952698,9749
0,4,0.3222920000553131,90,FWR,Borussia Dortmund,Mainz 05,1,1,2023-12-19,23200,2023,631514,0,0,0,0,0.3222920000553131,0.3222920000553131,0,9749
1,7,0.5093531608581543,90,FWR,Augsburg,Borussia Dortmund,1,1,2023-12-16,23198,2023,630199,0.11534003913402557,0,3,1,0.5093531608581543,0.7280780076980591,0.1988614946603775,9749
0,2,0.05730050057172775,2,Sub,Borussia Dortmund,RasenBallsport Leipzig,2,3,2023-12-09,23182,2023,629002,0,0,0,0,0.05730050057172775,0.05730050057172775,0,9749
1,3,0.7123941779136658,19,Sub,Borussia Dortmund,Borussia M.Gladbach,4,2,2023-11-25,23164,2023,624758,0,0,0,1,0.7123941779136658,0.7123941779136658,0,9749
0,0,0,39,Sub,VfB Stuttgart,Borussia Dortmund,2,1,2023-11-11,23162,2023,623226,0,0,0,0,0,0,0,9749
0,3,0.24609147012233734,59,AML,Borussia Dortmund,Bayern Munich,0,4,2023-11-04,23146,2023,621744,0,0,0,0,0.24609147012233734,0.3554585874080658,0.10936709493398666,9749
0,1,0.5674393773078918,54,AMR,Eintracht Frankfurt,Borussia Dortmund,3,3,2023-10-29,23140,2023,620679,0.42139142751693726,0,1,0,0.5674393773078918,0.597711980342865,0.030272604897618294,9749
0,4,0.3926927149295807,79,MR,Borussia Dortmund,Werder Bremen,1,0,2023-10-20,23128,2023,617604,0,0,0,0,0.3926927149295807,0.22182239592075348,0,9749
0,2,0.04788504168391228,70,AMR,Borussia Dortmund,Union Berlin,4,2,2023-10-07,23120,2023,616345,0,0,0,0,0.04788504168391228,0.04788504168391228,0,9749
0,1,0.08713515847921371,83,AML,Hoffenheim,Borussia Dortmund,1,3,2023-09-29,23110,2023,614160,0,0,0,0,0.08713515847921371,0.08713515847921371,0,9749
0,2,0.12869149446487427,26,Sub,Borussia Dortmund,Wolfsburg,1,0,2023-09-23,23105,2023,612006,0,0,0,0,0.12869149446487427,0.7229499220848083,0.7229499220848083,9749
1,1,0.37704476714134216,90,FWR,Freiburg,Borussia Dortmund,2,4,2023-09-16,23094,2023,610297,0.4404242932796478,0,2,1,0.37704476714134216,0.9665050506591797,0.1490359902381897,9749
0,7,0.5894009470939636,90,FWR,Borussia Dortmund,FC Heidenheim,2,2,2023-09-01,23083,2023,608194,0,0,0,0,0.5894009470939636,0.654230535030365,0.13139553368091583,9749
1,3,0.11605560034513474,82,AMR,Bochum,Borussia Dortmund,1,1,2023-08-26,23077,2023,606823,0.13892307877540588,0,1,1,0.11605560034513474,0.2537679672241211,0.13771237432956696,9749
1,1,0.1318504512310028,90,AMR,Borussia Dortmund,FC Cologne,1,0,2023-08-19,23071,2023,605347,0,0,0,1,0.1318504512310028,0.0789312943816185,0.0789312943816185,9749
0,1,0.021520625799894333,58,MR,Bournemouth,Manchester City,1,1,2026-05-19,29138,2025,792357,0.10193449258804321,0,1,0,0.021520625799894333,0.5891954898834229,0.4657403826713562,11363
1,1,0.3288593888282776,90,FW,Manchester City,Crystal Palace,3,0,2026-05-13,29084,2025,790389,0,0,0,1,0.3288593888282776,0.45417794585227966,0.12531855702400208,11363
0,2,0.06290987879037857,90,AMR,Manchester City,Brentford,3,0,2026-05-09,29133,2025,788932,0.3632384240627289,0,1,0,0.06290987879037857,0.5632696151733398,0.13712134957313538,11363
0,2,0.10953133553266525,77,AMR,Everton,Manchester City,3,3,2026-05-04,29123,2025,788389,0.04862944781780243,0,1,0,0.10953133553266525,0.32584908604621887,0.26905903220176697,11363
0,2,0.2374604344367981,67,AMR,Burnley,Manchester City,0,1,2026-04-22,29111,2025,784694,0.46974101662635803,0,1,0,0.2374604344367981,0.9496232867240906,0.7121628522872925,11363
0,1,0.058967750519514084,90,AMR,Manchester City,Arsenal,2,1,2026-04-19,29104,2025,783991,0,0,0,0,0.058967750519514084,0.7137853503227234,0.6548175811767578,11363
0,5,0.3955862522125244,90,AMR,Chelsea,Manchester City,0,3,2026-04-12,29095,2025,782480,0.05558298900723457,0,1,0,0.3955862522125244,0.98622727394104,0.5350580215454102,11363
0,1,0.08309895545244217,77,MC,West Ham,Manchester City,1,1,2026-03-14,29077,2025,777144,0,0,0,0,0.08309895545244217,0.4762358069419861,0.3931368291378021,11363
1,3,0.5543949007987976,90,FW,Manchester City,Nottingham Forest,2,2,2026-03-04,29064,2025,774767,0,0,1,1,0.5543949007987976,0.9830854535102844,0.4736824333667755,11363
1,2,0.7244165539741516,90,FW,Leeds,Manchester City,0,1,2026-02-28,29053,2025,773480,0,0,0,1,0.7244165539741516,0.7725430130958557,0.04812648147344589,11363
0,3,0.32850682735443115,90,MC,Manchester City,Newcastle United,2,1,2026-02-21,29043,2025,771938,0.09935826063156128,0,2,0,0.32850682735443115,1.202669382095337,0.7748042345046997,11363
1,1,0.6171725392341614,90,FWL,Manchester City,Fulham,3,0,2026-02-11,29033,2025,769860,0.3397074341773987,1,1,1,0.6171725392341614,0.9568799734115601,0,11363
0,3,0.12359246611595154,90,FWR,Liverpool,Manchester City,1,2,2026-02-08,29024,2025,769443,0.03740205988287926,0,1,0,0.12359246611595154,0.1609945297241211,0.03740205988287926,11363
1,2,0.485664963722229,90,ML,Tottenham,Manchester City,2,2,2026-02-01,29016,2025,767926,0,0,0,1,0.485664963722229,0.485664963722229,0,11363
1,3,0.32049158215522766,90,MR,Manchester City,Wolverhampton Wanderers,2,0,2026-01-24,29005,2025,765661,0,0,0,1,0.32049158215522766,0.42740005254745483,0.10690849274396896,11363
0,1,0.0318509079515934,90,MR,Manchester United,Manchester City,2,0,2026-01-17,28993,2025,763929,0.14854754507541656,0,2,0,0.0318509079515934,0.20837841928005219,0.027979956939816475,11363
1,2,0.12186510860919952,90,AML,Bournemouth,Tottenham,3,2,2026-01-07,28979,2025,762207,0,0,0,1,0.12186510860919952,0.2430058717727661,0.12114076316356659,11363
0,2,0.07486332952976227,90,AMR,Bournemouth,Arsenal,2,3,2026-01-03,28971,2025,761200,0.022449897602200508,0,1,0,0.07486332952976227,0.12102924287319183,0.06025367230176926,11363
0,2,0.49593403935432434,90,AML,Chelsea,Bournemouth,2,2,2025-12-30,28961,2025,760552,0,0,0,0,0.49593403935432434,0.5763624906539917,0.5272066593170166,11363
1,5,1.0699719190597534,90,AML,Brentford,Bournemouth,4,1,2025-12-27,28949,2025,760096,0.034375403076410294,0,1,1,1.0699719190597534,1.1192545890808105,0.01490735076367855,11363
1,3,0.12792901694774628,90,AML,Bournemouth,Burnley,1,1,2025-12-20,28938,2025,759034,0.7039740681648254,0,3,1,0.12792901694774628,0.414463073015213,0.18869611620903015,11363
1,1,0.0491848848760128,90,AML,Manchester United,Bournemouth,4,4,2025-12-15,28934,2025,758684,0.24470356106758118,0,2,1,0.0491848848760128,0.6386681795120239,0.34477972984313965,11363
0,5,0.24325920641422272,90,AML,Bournemouth,Chelsea,0,0,2025-12-06,28918,2025,755917,0.20711258053779602,0,3,0,0.24325920641422272,0.4314497411251068,0.056065890938043594,11363
0,3,0.21359090507030487,90,AML,Bournemouth,Everton,0,1,2025-12-02,28908,2025,754964,0,0,0,0,0.21359090507030487,0.2046123743057251,0.06438634544610977,11363
0,3,0.21273626387119293,90,AML,Sunderland,Bournemouth,3,2,2025-11-29,28905,2025,753712,0.7962561845779419,0,4,0,0.21273626387119293,1.0314841270446777,0.022491740062832832,11363
0,1,0.7611688375473022,90,AMR,Aston Villa,Bournemouth,4,0,2025-11-09,28878,2025,750739,0,0,0,0,0,0.11949524283409119,0.11949524283409119,11363
0,2,0.018920166417956352,90,AML,Manchester City,Bournemouth,3,1,2025-11-02,28873,2025,749320,0,0,0,0,0.018920166417956352,0.134907066822052,0.1159868985414505,11363
0,1,0.03682687506079674,90,AML,Bournemouth,Nottingham Forest,2,0,2025-10-26,28858,2025,746438,0.01791035756468773,0,1,0,0.03682687506079674,0.2548280656337738,0.20009082555770874,11363
0,2,0.1731259524822235,90,AML,Crystal Palace,Bournemouth,3,3,2025-10-18,28850,2025,744179,0,0,0,0,0.1731259524822235,0.967313826084137,0.7941879034042358,11363
2,3,0.5812520384788513,90,AML,Bournemouth,Fulham,3,1,2025-10-03,28838,2025,742039,0.016847336664795876,1,1,2,0.5812520384788513,0.5980993509292603,0,11363
1,1,0.15621031820774078,90,AMR,Leeds,Bournemouth,2,2,2025-09-27,28832,2025,740678,0.015981025993824005,0,1,1,0.15621031820774078,0.015981025993824005,0,11363
0,1,0.09898174554109573,90,AMR,Bournemouth,Newcastle United,0,0,2025-09-21,28823,2025,739223,0.01888270489871502,0,1,0,0.09898174554109573,0.25162503123283386,0.13376057147979736,11363
1,2,0.840731143951416,90,AMR,Bournemouth,Brighton,2,1,2025-09-13,28810,2025,736910,0.12038353085517883,1,2,0,0.07956228405237198,0.2685075104236603,0.06856168061494827,11363
0,3,0.5632739067077637,90,AML,Tottenham,Bournemouth,0,1,2025-08-30,28799,2025,735030,0.14052745699882507,0,2,0,0.5632739067077637,0.8594250082969666,0.15562361478805542,11363
0,4,1.2542041540145874,90,ML,Bournemouth,Wolverhampton Wanderers,1,0,2025-08-23,28792,2025,733204,0.12662361562252045,1,3,0,1.2542041540145874,1.482005000114441,0.10117725282907486,11363
2,3,0.8385053277015686,90,MR,Liverpool,Bournemouth,4,2,2025-08-15,28778,2025,731592,0,0,0,2,0.8385053277015686,0.8385053277015686,0,11363
2,4,1.0862969160079956,90,AML,Bournemouth,Leicester,2,0,2025-05-25,26979,2024,730040,0,0,0,2,1.0862969160079956,1.2170511484146118,0.6086293458938599,11363
0,1,0.07462837547063828,90,AMR,Manchester City,Bournemouth,3,1,2025-05-20,26970,2024,729334,0,0,0,0,0.07462837547063828,0.07462837547063828,0,11363
0,2,0.33234092593193054,90,AML,Bournemouth,Aston Villa,0,1,2025-05-10,26955,2024,725999,0.017076870426535606,0,1,0,0.33234092593193054,0.3494177758693695,0,11363
0,0,0,23,Sub,Arsenal,Bournemouth,1,2,2025-05-03,26945,2024,724256,0.31302663683891296,1,1,0,0,0.31302663683891296,0,11363
1,2,0.20478445291519165,87,AMR,Bournemouth,Manchester United,1,1,2025-04-27,26932,2024,722964,0,0,0,1,0.20478445291519165,0.2939983308315277,0.08921387046575546,11363
0,3,0.15634885430335999,90,AMR,Crystal Palace,Bournemouth,0,0,2025-04-19,26924,2024,720384,0.12700599431991577,0,3,0,0.15634885430335999,0.3651964068412781,0.134464830160141,11363
1,1,0.10522878170013428,90,AMR,Bournemouth,Fulham,1,0,2025-04-14,26912,2024,719842,0.09186360985040665,0,1,1,0.10522878170013428,0.19709239900112152,0,11363
0,5,0.19450534880161285,90,AMR,West Ham,Bournemouth,2,2,2025-04-05,26911,2024,716880,0.07757392525672913,0,1,0,0.19450534880161285,0.32246679067611694,0.11289862543344498,11363
0,6,0.1689716875553131,90,AML,Bournemouth,Ipswich,1,2,2025-04-02,26896,2024,716089,0.11480642110109329,0,3,0,0.1689716875553131,0.19531802833080292,0,11363
0,4,0.5419512391090393,90,AML,Bournemouth,Brentford,1,2,2025-03-15,26882,2024,713295,0.0883486196398735,0,2,0,0.5419512391090393,0.6903151869773865,0.06001528725028038,11363
0,2,0.1585455685853958,90,AML,Tottenham,Bournemouth,2,2,2025-03-09,26879,2024,711960,0.04213298484683037,0,1,0,0.1585455685853958,0.11265676468610764,0,11363
0,2,0.2644925117492676,90,AML,Brighton,Bournemouth,2,1,2025-02-25,26863,2024,709081,0.13268373906612396,0,3,0,0.2644925117492676,0.4470554292201996,0.11740569770336151,11363
0,1,0.035302624106407166,90,AML,Bournemouth,Wolverhampton Wanderers,0,1,2025-02-22,26852,2024,707893,0.3423517644405365,0,1,0,0.035302624106407166,0.3909834921360016,0.01332910917699337,11363
0,1,0.7929445505142212,90,AML,Southampton,Bournemouth,1,3,2025-02-15,26849,2024,706269,0.34766486287117004,1,2,0,0.7929445505142212,1.6490942239761353,0.5084847807884216,11363
0,6,0.8002693057060242,90,AML,Bournemouth,Liverpool,0,2,2025-02-01,26832,2024,703304,0,0,0,0,0.8002693057060242,0.5635465979576111,0.11955703049898148,11363
1,4,0.5629667639732361,90,AML,Bournemouth,Nottingham Forest,5,0,2025-01-25,26822,2024,701536,0.2032730132341385,0,3,1,0.5629667639732361,0.7662397623062134,0.020460668951272964,11363
0,2,0.16003042459487915,90,AML,Newcastle United,Bournemouth,1,4,2025-01-18,26819,2024,699774,0.4849027991294861,1,2,0,0.16003042459487915,0.7635917663574219,0.6035613417625427,11363
1,1,0.06056636571884155,90,AML,Chelsea,Bournemouth,2,2,2025-01-14,26809,2024,699134,0,0,0,1,0.06056636571884155,0.0817008763551712,0.0211345124989748,11363
0,4,1.12820565700531,90,AMR,Bournemouth,Everton,1,0,2025-01-04,26792,2024,697138,0.36681634187698364,0,1,0,1.12820565700531,1.6973628997802734,0.20234090089797974,11363
0,2,0.31281501054763794,90,AML,Fulham,Bournemouth,2,2,2024-12-29,26786,2024,696726,0.3818003237247467,1,1,0,0.31281501054763794,1.0580165386199951,0.7452015280723572,11363
0,5,0.4540216326713562,90,AMR,Bournemouth,Crystal Palace,0,0,2024-12-26,26772,2024,696156,0,0,0,0,0.4540216326713562,0.418882817029953,0.07590607553720474,11363
1,4,0.6720215678215027,90,AMR,Manchester United,Bournemouth,0,3,2024-12-22,26769,2024,695745,0,0,0,1,0.6720215678215027,0.7351131439208984,0.06309156864881516,11363
0,5,0.5357174873352051,70,AMR,Bournemouth,West Ham,1,1,2024-12-16,26754,2024,694806,0.025043649598956108,0,1,0,0.5357174873352051,0.6456612348556519,0.08490011096000671,11363
0,4,0.1283157616853714,90,AML,Ipswich,Bournemouth,1,2,2024-12-08,26750,2024,692765,0.15049408376216888,0,2,0,0.1283157616853714,1.8669462203979492,1.5881363153457642,11363
0,2,0.1335737407207489,86,AMR,Bournemouth,Tottenham,1,0,2024-12-05,26732,2024,691638,0.36688774824142456,0,3,0,0.1335737407207489,0.7035304307937622,0.22622178494930267,11363
0,5,0.27638375759124756,90,AML,Bournemouth,Brighton,1,2,2024-11-23,26712,2024,688368,0.35641202330589294,0,1,0,0.27638375759124756,1.240154504776001,0.6359438896179199,11363
0,5,0.24169212579727173,90,AMR,Brentford,Bournemouth,3,2,2024-11-09,26702,2024,686593,0,0,0,0,0.24169212579727173,0.3906150162220001,0.2458021640777588,11363
1,4,1.0588160753250122,90,AMR,Bournemouth,Manchester City,2,1,2024-11-02,26692,2024,684970,0.4785524606704712,0,3,1,1.0588160753250122,1.9355041980743408,0.4399986267089844,11363
0,2,0.08503849059343338,90,AML,Aston Villa,Bournemouth,1,1,2024-10-26,26684,2024,682984,0.04366786405444145,0,2,0,0.08503849059343338,0.21432669460773468,0.1597861647605896,11363
0,6,0.7980775833129883,90,AML,Bournemouth,Arsenal,2,0,2024-10-19,26680,2024,681572,0.020929617807269096,0,1,0,0.7980775833129883,0.9853056073188782,0.4811193645000458,11363
0,3,0.163442462682724,90,AMR,Leicester,Bournemouth,1,0,2024-10-05,26663,2024,679442,0.04517155885696411,0,1,0,0.163442462682724,0.2888129949569702,0.12537053227424622,11363
1,4,0.2992951571941376,90,AMR,Bournemouth,Southampton,3,1,2024-09-30,26661,2024,678929,0.18808427453041077,0,2,1,0.2992951571941376,0.48737943172454834,0,11363
0,4,0.4660230278968811,73,AMR,Liverpool,Bournemouth,3,0,2024-09-21,26645,2024,675704,0,0,0,0,0.4660230278968811,0.5118945837020874,0.045871537178754807,11363
0,3,0.09973762929439545,90,AMR,Bournemouth,Chelsea,0,1,2024-09-14,26639,2024,674153,0,0,0,0,0.09973762929439545,0.1386362612247467,0.0659646987915039,11363
1,5,0.8046465516090393,90,AMR,Everton,Bournemouth,2,3,2024-08-31,26624,2024,671771,0.06142660975456238,0,1,1,0.8046465516090393,1.0574285984039307,0.21068815886974335,11363
0,7,0.40477657318115234,90,AMR,Bournemouth,Newcastle United,1,1,2024-08-25,26620,2024,668707,1.7407962083816528,1,3,0,0.40477657318115234,2.1455729007720947,0,11363
1,5,0.7865713238716125,90,FW,Nottingham Forest,Bournemouth,1,1,2024-08-17,26607,2024,666411,0,0,0,1,0.7865713238716125,0.8652406930923462,0.07866935431957245,11363
0,3,0.12910151481628418,90,AMR,Chelsea,Bournemouth,2,1,2024-05-19,22269,2023,663288,0.21243010461330414,0,2,0,0.12910151481628418,0.4011577069759369,0.1481817364692688,11363
0,3,0.16664531826972961,90,AMR,Bournemouth,Brentford,1,2,2024-05-11,22255,2023,660694,0.12939220666885376,0,1,0,0.16664531826972961,0.9159454703330994,0.6199079155921936,11363
0,1,0.025426659733057022,90,AMR,Arsenal,Bournemouth,3,0,2024-05-04,22245,2023,658606,0,0,0,0,0.025426659733057022,0.025426659733057022,0,11363
0,1,0.07356332242488861,90,MR,Bournemouth,Brighton,3,0,2024-04-28,22235,2023,657517,0.28212907910346985,0,2,0,0.07356332242488861,0.35569241642951965,0,11363
1,3,0.7082683444023132,90,AMR,Wolverhampton Wanderers,Bournemouth,0,1,2024-04-24,22184,2023,656389,0,0,0,1,0.7082683444023132,0.7854465842247009,0.0771782174706459,11363
0,2,0.12045243382453918,22,Sub,Aston Villa,Bournemouth,3,1,2024-04-21,22225,2023,655497,0,0,0,0,0.12045243382453918,0.3557344079017639,0.3191143274307251,11363
0,0,0,72,AML,Luton,Bournemouth,2,1,2024-04-06,22210,2023,651793,0.06920641660690308,0,1,0,0,0.06920641660690308,0,11363
0,1,0.3609554171562195,41,Sub,Bournemouth,Crystal Palace,1,0,2024-04-02,22195,2023,651045,0.40195006132125854,1,2,0,0.3609554171562195,0.8009310960769653,0.0380256362259388,11363
0,3,0.22464723885059357,90,AMR,Bournemouth,Everton,2,1,2024-03-30,22185,2023,649744,0.03126714751124382,0,1,0,0.22464723885059357,1.111502766609192,0.855588436126709,11363
2,5,0.5649370551109314,90,AMR,Bournemouth,Luton,4,3,2024-03-13,25861,2023,647900,0.12211556732654572,0,3,2,0.5649370551109314,0.8464694619178772,0.2171059250831604,11363
0,6,0.5521568655967712,90,AMR,Bournemouth,Sheffield United,2,2,2024-03-09,22165,2023,646630,0,0,0,0,0.5521568655967712,0.48864439129829407,0.05326050519943237,11363
1,3,0.31711962819099426,90,AMR,Burnley,Bournemouth,0,2,2024-03-03,22156,2023,645478,0.4147161841392517,0,1,1,0.31711962819099426,1.1155396699905396,0.3837038278579712,11363
0,0,0,90,AMR,Bournemouth,Manchester City,0,1,2024-02-24,22145,2023,643398,0.0875386968255043,0,2,0,0,0.11086995154619217,0.023331250995397568,11363
1,1,0.07548339664936066,82,AMR,Newcastle United,Bournemouth,2,2,2024-02-17,22141,2023,641843,0,0,0,1,0.07548339664936066,1.046407699584961,0.9709243774414062,11363
0,1,0.06227274239063263,20,Sub,Fulham,Bournemouth,3,1,2024-02-10,22127,2023,640145,0.0904083326458931,0,1,0,0.06227274239063263,0.0904083326458931,0,11363
0,1,0.019840318709611893,52,AMR,Bournemouth,Nottingham Forest,1,1,2024-02-04,22115,2023,639014,0.04618120193481445,0,1,0,0.019840318709611893,0.09952501952648163,0.03350350260734558,11363
0,3,0.5649046897888184,70,AMR,West Ham,Bournemouth,1,1,2024-02-01,22110,2023,638071,0.07322506606578827,0,1,0,0.5649046897888184,0.6550365686416626,0.016906840726733208,11363
0,3,0.10565090924501419,20,Sub,Tottenham,Bournemouth,3,1,2023-12-31,22092,2023,633757,0,0,0,0,0.10565090924501419,0.16715693473815918,0.10765572637319565,11363
0,1,0.018900709226727486,75,AMR,Bournemouth,Fulham,3,0,2023-12-26,22075,2023,632980,0.27609485387802124,0,1,0,0.018900709226727486,0.4255886673927307,0.13059309124946594,11363
0,4,0.5834763050079346,76,AMR,Nottingham Forest,Bournemouth,2,3,2023-12-23,22070,2023,632687,0.029216839000582695,0,1,0,0.5834763050079346,0.8107771873474121,0.19808407127857208,11363
0,0,0,62,AMR,Manchester United,Bournemouth,0,3,2023-12-09,22051,2023,628744,0.15112370252609253,0,2,0,0,0.15112370252609253,0,11363
0,1,0.12566058337688446,65,AMR,Crystal Palace,Bournemouth,0,2,2023-12-06,22043,2023,628045,0.11665838211774826,0,1,0,0.12566058337688446,0.35227587819099426,0.10995691269636154,11363
1,3,0.4324333071708679,80,AML,Bournemouth,Aston Villa,2,2,2023-12-03,22025,2023,627153,0.026469765231013298,0,1,1,0.4324333071708679,0.45890307426452637,0,11363
0,3,0.15962718427181244,70,AMR,Sheffield United,Bournemouth,1,3,2023-11-25,22023,2023,624981,0.3863191604614258,1,1,0,0.15962718427181244,1.1609344482421875,0.6467416882514954,11363
0,4,0.237436443567276,87,AMR,Bournemouth,Newcastle United,2,0,2023-11-11,22005,2023,623475,0.07773198932409286,0,1,0,0.237436443567276,0.6449030637741089,0.3297346234321594,11363
0,0,0,15,Sub,Manchester City,Bournemouth,6,1,2023-11-04,22000,2023,621520,0,0,0,0,0,0,0,11363
1,2,0.09545570611953735,72,AMR,Bournemouth,Burnley,2,1,2023-10-28,21985,2023,619872,0.4771670699119568,0,2,1,0.09545570611953735,0.5341777801513672,0,11363
0,0,0,2,Sub,Bournemouth,Arsenal,0,4,2023-09-30,21959,2023,614703,0,0,0,0,0,0,0,11363
0,3,0.10004422813653946,23,Sub,Brighton,Bournemouth,3,1,2023-09-24,21951,2023,612731,0,0,0,0,0.10004422813653946,0.10004422813653946,0,11363
0,2,0.32455065846443176,63,AMR,Brentford,Bournemouth,2,2,2023-09-02,21928,2023,608667,0,0,0,0,0.32455065846443176,0.725862443447113,0.40131181478500366,11363
0,2,0.09748438745737076,78,AMR,Bournemouth,Tottenham,0,2,2023-08-26,22296,2023,606648,0,0,0,0,0.09748438745737076,0.09748438745737076,0,11363
1,3,0.13576193153858185,80,AMR,Liverpool,Bournemouth,3,1,2023-08-19,22288,2023,605140,0.29836735129356384,0,1,1,0.13576193153858185,0.4341292977333069,0,11363
0,2,0.04157334193587303,14,Sub,Bournemouth,West Ham,1,1,2023-08-12,22277,2023,603738,0,0,0,0,0.04157334193587303,0.07347224652767181,0.03189890831708908,11363
1,2,0.4828685522079468,20,Sub,Atalanta,Bologna,0,1,2026-05-17,30204,2025,791581,0,0,0,1,0.4828685522079468,0.026442430913448334,0,6160
1,1,0.7612988352775574,90,FWR,Napoli,Bologna,2,3,2026-05-11,30201,2025,790126,0.011401349678635597,0,1,0,0,0.10005951672792435,0.0886581689119339,6160
0,0,0,22,Sub,Bologna,Cagliari,0,0,2026-05-03,30185,2025,787476,0.019296783953905106,0,1,0,0,0.12317050993442535,0.12317050993442535,6160
0,4,0.21425926685333252,79,AMC,Bologna,Roma,0,2,2026-04-25,30174,2025,785633,0.09575272351503372,0,1,0,0.21425926685333252,0.29700058698654175,0.0779607817530632,6160
0,3,0.143178328871727,90,FWR,Juventus,Bologna,2,0,2026-04-19,30165,2025,784195,0.06415139138698578,0,1,0,0.143178328871727,0.8211657404899597,0.6138360500335693,6160
1,4,1.1206459999084473,90,AMR,Bologna,Lecce,2,0,2026-04-12,30155,2025,782526,0.038496483117341995,0,1,1,1.1206459999084473,2.1162478923797607,0.9571053981781006,6160
0,0,0,28,Sub,Cremonese,Bologna,1,2,2026-04-05,30144,2025,780562,0.05596407875418663,0,1,0,0,0.11245428025722504,0.056490205228328705,6160
0,6,1.0452505350112915,63,AMR,Bologna,Lazio,0,2,2026-03-22,30135,2025,779178,0,0,0,0,0.28395166993141174,0.2631112337112427,0.09922859072685242,6160
0,6,0.3058898448944092,90,AMR,Sassuolo,Bologna,0,1,2026-03-15,30130,2025,777390,0.01836896501481533,0,1,0,0.3058898448944092,0.44415080547332764,0.11989200115203857,6160
0,3,0.07855086773633957,68,MR,Bologna,Verona,1,2,2026-03-08,30123,2025,775794,0.04276468604803085,0,1,0,0.07855086773633957,0.14399166405200958,0.041948363184928894,6160
0,1,0.04738299176096916,22,Sub,Pisa,Bologna,0,1,2026-03-02,30107,2025,774446,0.03221473470330238,0,1,0,0.04738299176096916,0.018466657027602196,0.018466657027602196,6160
0,2,0.28472015261650085,58,FWR,Bologna,Udinese,1,0,2026-02-23,30095,2025,772675,0,0,0,0,0.28472015261650085,0.31412163376808167,0.07869181036949158,6160
0,0,0,6,Sub,Torino,Bologna,1,2,2026-02-15,30092,2025,770999,0.05583631247282028,0,1,0,0,0.05583631247282028,0,6160
0,3,0.16900798678398132,1,Sub,Bologna,Parma Calcio 1913,0,1,2026-02-08,30078,2025,769063,0,0,0,0,0.16900798678398132,0.23118026554584503,0.14244823157787323,6160
0,0,0,57,AMR,Bologna,AC Milan,0,3,2026-02-03,30064,2025,768219,0,0,0,0,0,0.2687019109725952,0.2687019109725952,6160
0,1,0.022642524912953377,51,AMR,Bologna,Fiorentina,1,2,2026-01-18,30052,2025,764737,0,0,0,0,0.022642524912953377,0.022642524912953377,0,6160
1,2,0.12763190269470215,90,AMR,Verona,Bologna,2,3,2026-01-15,30003,2025,763683,0,0,0,1,0.12763190269470215,0.2354339063167572,0.16302525997161865,6160
0,0,0,47,AMR,Bologna,Atalanta,0,2,2026-01-07,30024,2025,762116,0.03439375385642052,0,1,0,0,0.6467015743255615,0.6123078465461731,6160
0,0,0,21,Sub,Inter,Bologna,3,1,2026-01-04,30019,2025,761952,0,0,0,0,0,0,0,6160
0,2,0.028334103524684906,72,AMR,Bologna,Sassuolo,1,1,2025-12-28,30004,2025,760411,0,0,0,0,0.028334103524684906,0.3617898225784302,0.3334557116031647,6160
0,4,0.5182477831840515,90,AMR,Bologna,Juventus,0,1,2025-12-14,29985,2025,758542,0.27565616369247437,0,4,0,0.5182477831840515,0.5372413992881775,0.2073172628879547,6160
0,1,0.03699331358075142,67,AMR,Lazio,Bologna,1,1,2025-12-07,29977,2025,756958,0.07447168231010437,0,1,0,0.03699331358075142,0.15224124491214752,0.04077624902129173,6160
1,6,0.957197368144989,82,AMR,Bologna,Cremonese,1,3,2025-12-01,29965,2025,754868,0.1135440319776535,0,2,0,0.19589856266975403,0.4271968603134155,0.2286236733198166,6160
0,2,0.8038256764411926,83,AMR,Udinese,Bologna,0,3,2025-11-22,29963,2025,751761,0.13796178996562958,1,1,0,0.04252687469124794,0.1804886758327484,0,6160
0,1,0.028656773269176483,86,AMR,Bologna,Napoli,2,0,2025-11-09,29945,2025,750787,0,0,0,0,0.028656773269176483,0.40059205889701843,0.40059205889701843,6160
0,7,0.5503451824188232,86,AMR,Parma Calcio 1913,Bologna,1,3,2025-11-02,29939,2025,749380,0.43251678347587585,0,2,0,0.5503451824188232,1.5058249235153198,0.7197696566581726,6160
0,0,0,23,Sub,Bologna,Torino,0,0,2025-10-29,29925,2025,747598,0.01670338585972786,0,1,0,0,0.01670338585972786,0,6160
0,0,0,79,AMR,Fiorentina,Bologna,2,2,2025-10-26,29917,2025,747079,0,0,0,0,0,0.6677548289299011,0.6677548289299011,6160
1,2,0.08006589114665985,30,Sub,Cagliari,Bologna,0,2,2025-10-19,29905,2025,744837,0,0,0,1,0.08006589114665985,0.08006589114665985,0,6160
1,4,0.49739664793014526,47,AMR,Bologna,Pisa,4,0,2025-10-05,29895,2025,743054,0.012721274048089981,0,1,1,0.49739664793014526,0.8891772627830505,0.42165607213974,6160
1,3,0.813668966293335,64,AMR,Lecce,Bologna,2,2,2025-09-28,29888,2025,741617,0.04533829912543297,0,1,0,0.05237014219164848,0.04533829912543297,0.04533829912543297,6160
1,5,1.4030640125274658,90,AMR,Bologna,Genoa,2,1,2025-09-20,29877,2025,738375,0,0,0,0,0.6417652368545532,0.771399199962616,0.12963394820690155,6160
0,1,0.018253816291689873,74,FWR,AC Milan,Bologna,1,0,2025-09-14,29871,2025,738016,0,0,0,0,0.018253816291689873,0.018253816291689873,0,6160
1,3,0.2428826242685318,90,AMR,Bologna,Como,1,0,2025-08-30,29856,2025,735258,0.07098492234945297,0,1,1,0.2428826242685318,0.34120768308639526,0.027340136468410492,6160
0,3,0.10792118310928345,90,AMR,Roma,Bologna,1,0,2025-08-23,29847,2025,733628,0.060309261083602905,0,1,0,0.10792118310928345,0.17440557479858398,0.020312294363975525,6160
1,4,0.174254909157753,90,AMR,Bologna,Genoa,1,3,2025-05-24,27734,2024,729660,0.017275052145123482,0,1,1,0.174254909157753,0.12439369410276413,0.017275052145123482,6160
1,2,0.8048245906829834,31,Sub,Fiorentina,Bologna,3,2,2025-05-18,27723,2024,728995,0.024696949869394302,1,1,1,0.8048245906829834,0.8484898805618286,0.018968326970934868,6160
1,4,0.13155479729175568,64,FWR,AC Milan,Bologna,3,1,2025-05-09,27717,2024,725448,0,0,0,1,0.13155479729175568,0.14421743154525757,0.01266262587159872,6160
0,2,0.04227568209171295,90,AMR,Bologna,Juventus,1,1,2025-05-04,27702,2024,725126,0,0,0,0,0.04227568209171295,0.04227568209171295,0,6160
0,2,0.5543427467346191,90,AMR,Udinese,Bologna,0,0,2025-04-28,27700,2024,723507,0.075643390417099,0,2,0,0.5543427467346191,0.6224774718284607,0.12108001112937927,6160
1,1,0.1039777547121048,18,Sub,Bologna,Inter,1,0,2025-04-20,27682,2024,721353,0,0,0,1,0.1039777547121048,0.1657681167125702,0.06179036945104599,6160
0,1,0.09076263010501862,50,AMR,Atalanta,Bologna,2,0,2025-04-13,27674,2024,719081,0,0,0,0,0.09076263010501862,0.10101588815450668,0.10101588815450668,6160
0,2,0.0542532280087471,80,AMR,Bologna,Napoli,1,1,2025-04-07,27665,2024,718042,0,0,0,0,0.0542532280087471,0.1160961389541626,0.08302592486143112,6160
1,5,0.2608289122581482,82,AMR,Venezia,Bologna,0,1,2025-03-29,27653,2024,714702,0.7745873332023621,0,4,1,0.2608289122581482,0.44001176953315735,0.08901313692331314,6160
1,3,0.48556286096572876,74,AMR,Bologna,Lazio,5,0,2025-03-16,27645,2024,713751,0,0,0,1,0.48556286096572876,1.0504000186920166,0.5648371577262878,6160
0,1,0.03231164067983627,60,AMR,Verona,Bologna,1,2,2025-03-09,27635,2024,711807,0,0,0,0,0.03231164067983627,0.06819098442792892,0.03587934374809265,6160
2,5,1.7095239162445068,89,AMR,Bologna,Cagliari,2,1,2025-03-02,27623,2024,710265,0.03966173529624939,0,1,1,0.9482250213623047,1.1131983995437622,0.16497330367565155,6160
0,3,0.08147987723350525,22,Sub,Parma Calcio 1913,Bologna,2,0,2025-02-22,27616,2024,707603,0.1514219492673874,0,2,0,0.08147987723350525,0.20356690883636475,0,6160
1,3,0.3975757360458374,90,AMR,Bologna,Monza,3,1,2025-01-18,27571,2024,699817,0.6633695363998413,1,3,1,0.3975757360458374,1.520136833190918,0.5350795984268188,6160
0,2,0.09243058413267136,90,AMR,Inter,Bologna,2,2,2025-01-15,27546,2024,699433,0.12234067916870117,1,3,0,0.09243058413267136,0.17238768935203552,0,6160
0,3,0.2290094494819641,21,Sub,Bologna,Roma,2,2,2025-01-12,27554,2024,698790,0,0,0,0,0.2290094494819641,0.28538569808006287,0.05637625604867935,6160
0,0,0,1,Sub,Bologna,Verona,2,3,2024-12-30,27532,2024,696930,0.05235994607210159,0,1,0,0,0,0,6160
0,0,0,39,Sub,Torino,Bologna,0,2,2024-12-21,27527,2024,695097,0,0,0,0,0,0,0,6160
1,2,0.7948709726333618,25,Sub,Bologna,Venezia,3,0,2024-11-30,27494,2024,690402,1.7536219358444214,1,3,0,0.03357216343283653,1.899071455001831,0.7705084681510925,6160
0,1,0.026453029364347458,47,AMR,Lazio,Bologna,3,0,2024-11-24,27486,2024,689419,0.05676709860563278,0,1,0,0.026453029364347458,0.08322012424468994,0.05676709860563278,6160
1,4,0.39987361431121826,86,AMR,Roma,Bologna,2,3,2024-11-10,27476,2024,687211,0.015600647777318954,0,1,1,0.39987361431121826,0.4467514157295227,0.1213638186454773,6160
1,1,0.3847724199295044,90,AMR,Bologna,Lecce,1,0,2024-11-02,27467,2024,684720,0.3942369222640991,0,3,1,0.3847724199295044,0.7989100813865662,0.042890843003988266,6160
1,5,0.5299974679946899,90,AMR,Cagliari,Bologna,0,2,2024-10-29,27453,2024,684244,0,0,0,1,0.5299974679946899,0.5299974679946899,0.25984132289886475,6160
1,5,0.7470682263374329,90,AMR,Genoa,Bologna,2,2,2024-10-19,27434,2024,681058,0.016837213188409805,0,1,1,0.7470682263374329,0.7406524419784546,0,6160
0,2,0.07129691541194916,46,FWR,Bologna,Parma Calcio 1913,0,0,2024-10-06,27424,2024,680175,0,0,0,0,0.07129691541194916,0.07129691541194916,0,6160
0,1,0.04835664480924606,57,FWR,Bologna,Atalanta,1,1,2024-09-28,27412,2024,678209,0,0,0,0,0.04835664480924606,0.07718657702207565,0.02882993035018444,6160
0,2,0.17940297722816467,67,MR,Como,Bologna,2,2,2024-09-14,27397,2024,673441,0,0,0,0,0.17940297722816467,0.15021266043186188,0.12253044545650482,6160
0,3,0.4099131226539612,87,FWR,Bologna,Empoli,1,1,2024-08-31,27385,2024,672040,0.018245017156004906,0,1,0,0.4099131226539612,0.5149762034416199,0.08681809157133102,6160
0,1,0.02635655738413334,68,FWR,Napoli,Bologna,3,0,2024-08-25,27378,2024,669187,0,0,0,0,0.02635655738413334,0,0,6160
1,5,1.4944602251052856,80,AMR,Bologna,Udinese,1,1,2024-08-18,27367,2024,667044,0.47592979669570923,0,2,0,0.733161449432373,1.2492443323135376,0.12028775364160538,6160
0,1,0.014675646089017391,63,AMR,Genoa,Bologna,2,0,2024-05-24,22683,2023,664197,0.13713981211185455,0,2,0,0.014675646089017391,0.07074648886919022,0.05607084184885025,6160
0,0,0,20,Sub,Bologna,Juventus,3,3,2024-05-20,22665,2023,664122,0,0,0,0,0,0.03896969556808472,0.03896969556808472,6160
0,2,0.08115481585264206,33,Sub,Napoli,Bologna,0,2,2024-05-11,22662,2023,660776,0,0,0,0,0.08115481585264206,0.06690558791160583,0.02436055615544319,6160
0,0,0,19,Sub,Torino,Bologna,0,0,2024-05-03,22648,2023,658493,0,0,0,0,0,0,0,6160
0,1,0.055269453674554825,40,Sub,Bologna,Udinese,1,1,2024-04-28,22642,2023,657615,0.09501752257347107,0,1,0,0.055269453674554825,0.24413181841373444,0.09384484589099884,6160
0,6,1.0678929090499878,90,MR,Bologna,Monza,0,0,2024-04-13,22622,2023,653568,1.096602201461792,0,4,0,1.0678929090499878,1.6485178470611572,0.30172133445739746,6160
0,1,0.0186946801841259,78,MR,Frosinone,Bologna,0,0,2024-04-07,22614,2023,652070,0.558526337146759,0,4,0,0.0186946801841259,0.4838331937789917,0,6160
1,3,0.1740887612104416,66,MR,Bologna,Salernitana,3,0,2024-04-01,22596,2023,650795,0.07421538978815079,0,1,1,0.1740887612104416,0.1740887612104416,0,6160
0,1,0.4434817135334015,33,Sub,Empoli,Bologna,0,1,2024-03-15,22591,2023,647984,0,0,0,0,0.4434817135334015,0.6890130639076233,0.2455313354730606,6160
0,1,0.08482475578784943,10,Sub,Bologna,Inter,0,1,2024-03-09,22575,2023,646820,0.009574836120009422,0,1,0,0.08482475578784943,0.094399593770504,0.08482475578784943,6160
0,2,0.04889632761478424,46,MR,Atalanta,Bologna,1,2,2024-03-03,22565,2023,645875,0.26821428537368774,0,1,0,0.04889632761478424,0.04889632761478424,0,6160
0,2,0.2752068042755127,82,AMR,Bologna,Verona,2,0,2024-02-23,22555,2023,642930,0.7230514287948608,1,1,0,0.2752068042755127,0.2549537122249603,0,6160
0,2,0.11846713721752167,88,MR,Lazio,Bologna,1,2,2024-02-18,22549,2023,642182,0,0,0,0,0.11846713721752167,0.08421458303928375,0.016258182004094124,6160
1,5,0.31569889187812805,84,MR,Bologna,Fiorentina,2,0,2024-02-14,22505,2023,641299,0.7408896088600159,0,2,1,0.31569889187812805,1.056702733039856,0.46360594034194946,6160
2,3,0.2436179667711258,61,MR,Bologna,Lecce,4,0,2024-02-11,22535,2023,640676,0.037424616515636444,0,1,2,0.2436179667711258,0.3228563368320465,0.07923837006092072,6160
0,3,0.131891667842865,31,Sub,Bologna,Sassuolo,4,2,2024-02-03,22528,2023,638837,0,0,0,0,0.131891667842865,0.23490116000175476,0.10300949215888977,6160
1,1,0.7612988352775574,5,Sub,AC Milan,Bologna,2,2,2024-01-27,22518,2023,637108,0,0,0,0,0,0,0,6160
1,2,0.32494568824768066,90,AMR,Cagliari,Bologna,2,1,2024-01-14,22502,2023,635294,0,0,0,1,0.32494568824768066,0.36345866322517395,0.03851297125220299,6160
0,2,0.04767473787069321,90,AMR,Bologna,Genoa,1,1,2024-01-05,22485,2023,634136,0.38934266567230225,0,4,0,0.04767473787069321,0.12645797431468964,0.0596659816801548,6160
0,1,0.051585666835308075,30,Sub,Udinese,Bologna,3,0,2023-12-30,22482,2023,633421,0.09663273394107819,0,1,0,0.051585666835308075,0.18629731237888336,0.0380789153277874,6160
0,0,0,13,Sub,Bologna,Atalanta,1,0,2023-12-23,22469,2023,632557,0.43554845452308655,1,1,0,0,0.01534387655556202,0.01534387655556202,6160
0,1,0.013531464152038097,75,AMR,Fiorentina,Bologna,2,1,2023-11-12,22420,2023,623800,0.3155543804168701,0,1,0,0.013531464152038097,0.40035510063171387,0.08480072766542435,6160
0,1,0.10046608746051788,90,AMR,Bologna,Lazio,1,0,2023-11-03,22406,2023,621098,0,0,0,0,0.10046608746051788,0,0,6160
0,3,0.29938772320747375,90,AMR,Sassuolo,Bologna,1,1,2023-10-28,22401,2023,619639,0.01582670956850052,0,1,0,0.29938772320747375,0.3152144253253937,0.01582670956850052,6160
0,2,0.2660965323448181,75,AMR,Bologna,Frosinone,2,1,2023-10-22,22386,2023,618688,0.04065849632024765,0,1,0,0.2660965323448181,0.2660965323448181,0,6160
1,1,0.7612988352775574,84,AMR,Inter,Bologna,2,2,2023-10-07,22383,2023,616203,0.15320509672164917,0,3,0,0,0.11924198269844055,0.05021393299102783,6160
3,8,1.554766297340393,90,AMR,Bologna,Empoli,3,0,2023-10-01,22366,2023,615093,0.40357884764671326,0,2,3,1.554766297340393,2.006014108657837,0.17604096233844757,6160
0,1,0.34115517139434814,62,AMR,Monza,Bologna,0,0,2023-09-28,22363,2023,613913,0.010350505821406841,0,1,0,0.34115517139434814,0.35589468479156494,0.01473954040557146,6160
0,0,0,6,Sub,Bologna,Napoli,0,0,2023-09-24,22346,2023,613210,0,0,0,0,0,0.06282699853181839,0.06282699853181839,6160
0,1,0.0351458378136158,27,Sub,Verona,Bologna,0,0,2023-09-18,22344,2023,611641,0,0,0,0,0.0351458378136158,0.44698789715766907,0.4118420481681824,6160
0,1,0.7612589001655579,21,Sub,Bologna,Cagliari,2,1,2023-09-02,22328,2023,608941,0.044108301401138306,0,1,0,0,0,0,6160
0,0,0,63,AMR,Juventus,Bologna,1,1,2023-08-27,22320,2023,607799,0.014737817458808422,0,1,0,0,0.17459477484226227,0.15985696017742157,6160
0,1,0.014176447875797749,40,Sub,Bologna,AC Milan,0,2,2023-08-21,22314,2023,606348,0.06325505673885345,0,1,0,0.014176447875797749,0.13699589669704437,0.05956440046429634,6160
0,0,0,26,FW,Paris FC,Paris Saint Germain,2,1,2026-05-17,29842,2025,792141,0,0,0,0,0,0,0,3226
0,2,0.14581531286239624,78,FW,Lens,Paris Saint Germain,0,2,2026-05-13,29792,2025,790436,0.32709798216819763,1,2,0,0.14581531286239624,0.6648643016815186,0.2031412124633789,3226
0,0,0,23,Sub,Paris Saint Germain,Brest,1,0,2026-05-10,29832,2025,789865,0,0,0,0,0,0.0383983850479126,0.0383983850479126,3226
0,4,0.3411693871021271,68,FW,Paris Saint Germain,Nantes,3,0,2026-04-22,29769,2025,784616,0.8370627164840698,1,3,0,0.3411693871021271,1.0409142971038818,0,3226
0,3,0.1674077957868576,25,Sub,Paris Saint Germain,Lyon,1,2,2026-04-19,29806,2025,784152,0.0613197386264801,0,1,0,0.1674077957868576,0.11287254095077515,0,3226
2,3,1.0452014207839966,90,FW,Paris Saint Germain,Toulouse,3,1,2026-04-03,29788,2025,779710,0.05633979290723801,0,2,2,1.0452014207839966,0.32851070165634155,0.19389264285564423,3226
0,3,0.17928709089756012,23,Sub,Nice,Paris Saint Germain,0,4,2026-03-21,29777,2025,778914,0.31108295917510986,1,1,0,0.17928709089756012,0.404619038105011,0.31108295917510986,3226
0,3,0.09908506274223328,24,Sub,Paris Saint Germain,Monaco,1,3,2026-03-06,29761,2025,774921,0,0,0,0,0.09908506274223328,0.21785002946853638,0.15446659922599792,3226
1,4,0.7373088598251343,76,FW,Rennes,Paris Saint Germain,3,1,2026-02-13,29735,2025,770022,0.40703675150871277,0,3,1,0.7373088598251343,1.588679313659668,0.6324805617332458,3226
2,3,0.7202823162078857,78,FW,Paris Saint Germain,Marseille,5,0,2026-02-08,29726,2025,769520,0.17108602821826935,1,2,2,0.7202823162078857,1.488633155822754,0.5972647666931152,3226
0,1,0.04658162221312523,26,Sub,Strasbourg,Paris Saint Germain,1,2,2026-02-01,29716,2025,768053,0,0,0,0,0.04658162221312523,0.04658162221312523,0,3226
0,1,0.04195375367999077,27,Sub,Auxerre,Paris Saint Germain,0,1,2026-01-23,29700,2025,765254,0.8370475769042969,1,3,0,0.04195375367999077,0.8790013790130615,0.31867408752441406,3226
2,2,0.18061068654060364,77,FW,Paris Saint Germain,Lille,3,0,2026-01-16,29696,2025,763825,0.07686562091112137,0,1,2,0.18061068654060364,0.4515935480594635,0.1941172331571579,3226
1,3,0.08494074642658234,73,FW,Paris Saint Germain,Paris FC,2,1,2026-01-04,29689,2025,761901,0.25891122221946716,0,5,1,0.08494074642658234,0.41803446412086487,0.14938834309577942,3226
0,1,0.08874349296092987,24,Sub,Paris Saint Germain,Rennes,5,0,2025-12-06,29671,2025,756413,0.05715176835656166,1,2,0,0.08874349296092987,0.2966170608997345,0.20787356793880463,3226
0,0,0,23,Sub,Monaco,Paris Saint Germain,1,0,2025-11-29,29661,2025,753779,0.48989397287368774,0,3,0,0,0.37506037950515747,0.33197078108787537,3226
0,2,0.12108135968446732,17,Sub,Paris Saint Germain,Nice,1,0,2025-11-01,29634,2025,748470,0.009516309946775436,0,1,0,0.12108135968446732,0.23942621052265167,0.10882853716611862,3226
0,0,0,63,FW,Lorient,Paris Saint Germain,1,1,2025-10-29,29621,2025,747517,0.04684056341648102,0,1,0,0,0.13388261198997498,0.13388261198997498,3226
0,3,0.10115295648574829,21,Sub,Brest,Paris Saint Germain,0,3,2025-10-25,29613,2025,746020,0.48258864879608154,0,2,0,0.10115295648574829,0.5860739350318909,0.4849209785461426,3226
2,3,1.6085758209228516,78,FW,Toulouse,Paris Saint Germain,3,6,2025-08-30,29559,2025,735554,0.168288916349411,1,2,0,0.08838552981615067,0.032675933092832565,0,3226
0,3,0.8235049843788147,85,FW,Paris Saint Germain,Angers,1,0,2025-08-22,29547,2025,732866,0.20877917110919952,0,5,0,0.06340984255075455,0.39388519525527954,0.33745643496513367,3226
0,1,0.07219894975423813,25,Sub,Nantes,Paris Saint Germain,0,1,2025-08-17,29546,2025,732575,0.4005766808986664,0,2,0,0.07219894975423813,0.4727756381034851,0.07219894975423813,3226
0,5,1.1846356391906738,75,FW,Paris Saint Germain,Auxerre,3,1,2025-05-17,28351,2024,727975,0,0,0,0,1.1846356391906738,1.312434434890747,0.12779876589775085,3226
0,7,1.0250869989395142,71,FW,Paris Saint Germain,Nice,1,3,2025-04-25,28324,2024,722283,1.1332917213439941,1,7,0,1.0250869989395142,1.725947618484497,0.39123716950416565,3226
0,2,0.08891449868679047,64,FW,Nantes,Paris Saint Germain,1,1,2025-04-22,28303,2024,721706,0.5379025936126709,0,1,0,0.08891449868679047,1.0005836486816406,0.37376657128334045,3226
0,1,0.07184640318155289,26,Sub,Paris Saint Germain,Angers,1,0,2025-04-05,28297,2024,716961,0.12611326575279236,0,1,0,0.07184640318155289,0.2684575617313385,0.07049789279699326,3226
0,1,0.10703589022159576,22,Sub,Saint-Etienne,Paris Saint Germain,1,6,2025-03-29,28287,2024,715085,0.026036467403173447,0,1,0,0.10703589022159576,0.1418651044368744,0.034829214215278625,3226
1,3,0.6697168946266174,81,FW,Paris Saint Germain,Marseille,3,1,2025-03-16,28273,2024,714343,0.32783564925193787,0,1,1,0.6697168946266174,1.0483318567276,0.05077929049730301,3226
2,5,1.1928603649139404,24,Sub,Rennes,Paris Saint Germain,1,4,2025-03-08,28271,2024,711472,0.0746677815914154,0,2,2,1.1928603649139404,1.2675281763076782,0,3226
1,5,0.740206241607666,66,FWR,Paris Saint Germain,Lille,4,1,2025-03-01,28255,2024,710082,0.2507646083831787,1,5,1,0.740206241607666,0.9989555478096008,0.19150976836681366,3226
1,5,1.4210705757141113,77,FW,Lyon,Paris Saint Germain,2,3,2025-02-23,28254,2024,708895,0,0,0,1,1.4210705757141113,1.5512348413467407,0.2032122164964676,3226
0,0,0,25,Sub,Toulouse,Paris Saint Germain,0,1,2025-02-15,28237,2024,706604,0,0,0,0,0,0,0,3226
2,4,1.4297760725021362,90,FW,Paris Saint Germain,Monaco,4,1,2025-02-07,28233,2024,704630,0.0809093490242958,0,1,2,1.4297760725021362,1.6085714101791382,0.45741477608680725,3226
3,5,1.4773067235946655,69,FW,Brest,Paris Saint Germain,2,5,2025-02-01,28220,2024,703501,0.08968695998191833,0,1,3,1.4773067235946655,1.941178798675537,0.37418508529663086,3226
1,3,0.16852718591690063,61,FWR,Paris Saint Germain,Reims,1,1,2025-01-25,28216,2024,701838,0,0,0,1,0.16852718591690063,0.600243091583252,0.4317159056663513,3226
2,8,1.5732152462005615,90,FWR,Paris Saint Germain,Saint-Etienne,2,1,2025-01-12,28199,2024,698848,0.15979860723018646,0,2,1,0.8131200671195984,1.6975458860397339,0.7246271967887878,3226
2,4,1.0348390340805054,90,FWR,Monaco,Paris Saint Germain,2,4,2024-12-18,28183,2024,694851,0.24507135152816772,0,5,2,1.0348390340805054,1.5117276906967163,0.38818246126174927,3226
1,2,0.24846088886260986,90,FW,Paris Saint Germain,Lyon,3,1,2024-12-15,28182,2024,694745,0.49632930755615234,0,3,1,0.24846088886260986,0.8618125319480896,0.1170223131775856,3226
0,2,0.4002665579319,27,Sub,Auxerre,Paris Saint Germain,0,0,2024-12-06,28166,2024,691845,1.0302820205688477,0,6,0,0.4002665579319,1.4187606573104858,0.06709127128124237,3226
0,1,0.02818995527923107,15,Sub,Paris Saint Germain,Nantes,1,1,2024-11-30,28161,2024,690434,0,0,0,0,0.02818995527923107,0.5017032027244568,0.47351327538490295,3226
0,2,0.0859890878200531,74,AMR,Paris Saint Germain,Toulouse,3,0,2024-11-22,28147,2024,687990,0.15384304523468018,0,3,0,0.0859890878200531,0.2102118879556656,0.03586293384432793,3226
0,2,0.10977447032928467,20,Sub,Angers,Paris Saint Germain,2,4,2024-11-09,28142,2024,687027,0.032651279121637344,0,2,0,0.10977447032928467,0.36717018485069275,0.2573957145214081,3226
1,2,0.929488480091095,66,FWR,Paris Saint Germain,Lens,1,0,2024-11-02,28130,2024,685150,0,0,0,1,0.929488480091095,1.02777898311615,0.09829048812389374,3226
0,4,0.682129979133606,90,FW,Marseille,Paris Saint Germain,0,3,2024-10-27,28127,2024,684057,0.9571070075035095,1,4,0,0.682129979133606,2.521390199661255,0.8821531534194946,3226
0,5,0.2047286182641983,90,FWR,Nice,Paris Saint Germain,1,1,2024-10-06,28104,2024,680687,0.3034820556640625,1,5,0,0.2047286182641983,0.2977963984012604,0.017664218321442604,3226
0,2,0.2847890257835388,83,FWR,Paris Saint Germain,Rennes,3,1,2024-09-27,28094,2024,677378,0.1819102168083191,1,2,0,0.2847890257835388,1.5139585733413696,1.246803641319275,3226
1,2,0.8789276480674744,22,Sub,Reims,Paris Saint Germain,1,1,2024-09-21,28086,2024,676109,0,0,0,1,0.8789276480674744,0.8789276480674744,0,3226
2,7,0.9888315200805664,82,FWR,Paris Saint Germain,Brest,3,1,2024-09-14,28079,2024,674092,0.4128342270851135,0,3,2,0.9888315200805664,2.0279314517974854,0.7318036556243896,3226
0,4,0.8351607918739319,78,FWR,Lille,Paris Saint Germain,1,3,2024-09-01,28074,2024,673006,0.6897230744361877,0,2,0,0.8351607918739319,1.6706796884536743,0.711837887763977,3226
0,2,0.23561923205852509,65,FWR,Paris Saint Germain,Montpellier,6,0,2024-08-23,28057,2024,667605,1.4391244649887085,2,3,0,0.23561923205852509,1.6074638366699219,0.7024808526039124,3226
1,2,0.4379231035709381,14,Sub,Le Havre,Paris Saint Germain,1,4,2024-08-16,28048,2024,666166,0.05212806165218353,0,1,1,0.4379231035709381,0.48660802841186523,0.45153436064720154,3226
0,1,0.06936633586883545,27,Sub,Paris Saint Germain,Toulouse,1,3,2024-05-12,23659,2023,661538,0.12723322212696075,0,1,0,0.06936633586883545,0.12723322212696075,0,3226
0,3,0.08125309646129608,49,AMR,Paris Saint Germain,Le Havre,3,3,2024-04-27,23641,2023,657219,0.04495862126350403,0,1,0,0.08125309646129608,0.9838880300521851,0.9645129442214966,3226
2,3,0.7624865174293518,90,FWR,Lorient,Paris Saint Germain,1,4,2024-04-24,23624,2023,656146,0.1975354105234146,0,3,2,0.7624865174293518,1.6352194547653198,0.6992383003234863,3226
0,2,0.439848393201828,67,AMC,Marseille,Paris Saint Germain,0,2,2024-03-31,23606,2023,650749,0.5172255635261536,1,3,0,0.439848393201828,1.0082498788833618,0.15789948403835297,3226
0,0,0,14,Sub,Paris Saint Germain,Reims,2,2,2024-03-10,23587,2023,647100,0.059925831854343414,0,1,0,0,0.10369658470153809,0.04377075657248497,3226
0,0,0,27,Sub,Monaco,Paris Saint Germain,0,0,2024-03-01,23580,2023,644535,0.45766445994377136,0,1,0,0,0.144727885723114,0.144727885723114,3226
0,3,0.10664156824350357,72,FWR,Paris Saint Germain,Rennes,1,1,2024-02-25,23569,2023,643926,0.2396879941225052,0,4,0,0.10664156824350357,0.47775739431381226,0.20969118177890778,3226
0,0,0,26,Sub,Nantes,Paris Saint Germain,0,2,2024-02-17,23566,2023,642124,0,0,0,0,0,0.14877256751060486,0.14877256751060486,3226
0,2,0.08031328022480011,65,MR,Paris Saint Germain,Lille,3,1,2024-02-10,23551,2023,640524,0.6248186826705933,1,3,0,0.08031328022480011,0.7257774472236633,0.44859448075294495,3226
0,0,0,20,Sub,Paris Saint Germain,Brest,2,2,2024-01-28,23533,2023,637636,0,0,0,0,0,0,0,3226
0,0,0,90,FWR,Lens,Paris Saint Germain,0,2,2024-01-14,23528,2023,635538,0.5422273278236389,1,3,0,0,0.488040566444397,0.02289370261132717,3226
0,2,0.12293004244565964,82,AMC,Lille,Paris Saint Germain,1,1,2023-12-17,23510,2023,631308,0.2753192186355591,0,3,0,0.12293004244565964,0.4977363348007202,0.22909748554229736,3226
0,3,0.2413506954908371,22,Sub,Paris Saint Germain,Nantes,2,1,2023-12-09,23497,2023,629062,0,0,0,0,0.2413506954908371,0.2413506954908371,0,3226
0,2,0.6983861327171326,79,FWR,Le Havre,Paris Saint Germain,0,2,2023-12-03,23495,2023,627044,0.6329270601272583,1,3,0,0.6983861327171326,1.3835806846618652,0.052267465740442276,3226
1,2,0.08348314464092255,76,FWR,Paris Saint Germain,Monaco,5,2,2023-11-24,23479,2023,624481,0.12145840376615524,0,2,1,0.08348314464092255,0.6650112271308899,0.5587794780731201,3226
0,1,0.03549599647521973,75,AMC,Reims,Paris Saint Germain,0,3,2023-11-11,23473,2023,623370,0.13619668781757355,1,2,0,0.03549599647521973,0.9699015021324158,0.934405505657196,3226
0,5,0.3564799427986145,90,AMC,Paris Saint Germain,Montpellier,3,0,2023-11-03,23461,2023,621129,0.17571936547756195,1,5,0,0.3564799427986145,0.7545014023780823,0.36091867089271545,3226
0,1,0.040493082255125046,25,Sub,Brest,Paris Saint Germain,2,3,2023-10-29,23460,2023,620322,0,0,0,0,0.040493082255125046,0.040493082255125046,0,3226
0,0,0,22,Sub,Paris Saint Germain,Strasbourg,3,0,2023-10-21,23443,2023,618228,0,0,0,0,0,0,0,3226
0,0,0,77,FWR,Rennes,Paris Saint Germain,1,3,2023-10-08,23435,2023,617562,0.24294117093086243,1,3,0,0,1.2401713132858276,1.1035585403442383,3226
0,4,0.5790628790855408,90,FWR,Clermont Foot,Paris Saint Germain,0,0,2023-09-30,23431,2023,614833,1.1901087760925293,0,4,0,0.5790628790855408,1.3246959447860718,0.24916929006576538,3226
0,1,0.09365147352218628,72,FWR,Paris Saint Germain,Marseille,4,0,2023-09-24,23416,2023,613330,0.45359334349632263,1,6,0,0.09365147352218628,0.4592582881450653,0.022828636690974236,3226
0,2,0.5150959491729736,69,FWR,Paris Saint Germain,Nice,2,3,2023-09-15,23407,2023,609968,0.11386905610561371,0,2,0,0.5150959491729736,0.9614665508270264,0.3325015604496002,3226
0,4,0.7749921679496765,77,FWR,Lyon,Paris Saint Germain,1,4,2023-09-03,23401,2023,609826,0.16131752729415894,0,3,0,0.7749921679496765,1.790857195854187,1.3801922798156738,3226
0,1,0.18272043764591217,84,FWR,Paris Saint Germain,Lens,3,1,2023-08-26,23389,2023,607355,0.5508908629417419,0,4,0,0.18272043764591217,1.2224684953689575,0.6230491399765015,3226
0,1,0.20348051190376282,35,Sub,Toulouse,Paris Saint Germain,1,1,2023-08-19,23380,2023,605608,0.34886184334754944,0,2,0,0.20348051190376282,0.5523423552513123,0.04632451757788658,3226
0,3,0.2160571962594986,90,FW,Liverpool,Chelsea,1,1,2026-05-09,29132,2025,788580,0,0,0,0,0.2160571962594986,0.2160571962594986,0,8272
1,2,0.6006743907928467,90,FW,Chelsea,Nottingham Forest,1,3,2026-05-04,29122,2025,788281,0.022608112543821335,0,1,1,0.6006743907928467,0.62937331199646,0.0806586965918541,8272
0,3,0.24572831392288208,83,FW,Chelsea,Manchester City,0,3,2026-04-12,29095,2025,782467,0,0,0,0,0.24572831392288208,0.28401222825050354,0.038283899426460266,8272
0,2,0.09877970814704895,80,FW,Everton,Chelsea,3,0,2026-03-21,29081,2025,778665,0.23054496943950653,0,1,0,0.09877970814704895,0.30836018919944763,0.01941007934510708,8272
0,4,0.19000360369682312,90,FW,Chelsea,Newcastle United,0,1,2026-03-14,29071,2025,776978,0,0,0,0,0.19000360369682312,0.37084197998046875,0.18083836138248444,8272
3,5,2.3705861568450928,90,FW,Aston Villa,Chelsea,1,4,2026-03-04,29059,2025,774720,0.1363144814968109,1,1,3,2.3705861568450928,3.0171706676483154,0.5102701783180237,8272
0,4,0.61700040102005,90,FW,Arsenal,Chelsea,2,1,2026-03-01,29049,2025,774164,0.022755661979317665,0,1,0,0.61700040102005,0.1815871298313141,0.13050134479999542,8272
1,3,1.5333372354507446,82,FW,Chelsea,Burnley,1,1,2026-02-21,29040,2025,771634,0.06832394748926163,0,1,1,1.5333372354507446,1.4984747171401978,0.3905003070831299,8272
1,7,1.1730031967163086,90,FW,Chelsea,Leeds,2,2,2026-02-10,29030,2025,769709,0.07370296120643616,0,1,1,1.1730031967163086,0.7940311431884766,0.02712629921734333,8272
0,2,0.12316152453422546,81,FW,Wolverhampton Wanderers,Chelsea,1,3,2026-02-07,29027,2025,768737,0,0,0,0,0.12316152453422546,0.20110589265823364,0.07794437557458878,8272
1,1,0.5738232135772705,39,Sub,Chelsea,West Ham,3,2,2026-01-31,29009,2025,767331,0.11185385286808014,1,1,1,0.5738232135772705,0.7244322896003723,0.03875520080327988,8272
1,2,0.9736271500587463,87,FW,Crystal Palace,Chelsea,1,3,2026-01-25,29002,2025,766111,0.2113448530435562,0,1,1,0.9736271500587463,1.3010365962982178,0.529049277305603,8272
1,2,0.17694811522960663,77,FW,Chelsea,Brentford,2,0,2026-01-17,28990,2025,764284,0,0,0,1,0.17694811522960663,0.17694811522960663,0,8272
0,0,0,8,Sub,Fulham,Chelsea,2,1,2026-01-07,28984,2025,762408,0,0,0,0,0,0.06628944724798203,0.06628944724798203,8272
0,0,0,64,FW,Manchester City,Chelsea,1,1,2026-01-04,28977,2025,761859,0,0,0,0,0,0.6447110176086426,0.6447110176086426,8272
0,2,0.12509968876838684,19,Sub,Chelsea,Bournemouth,2,2,2025-12-30,28961,2025,760539,0,0,0,0,0.12509968876838684,0.12509968876838684,0,8272
1,3,1.3188812732696533,71,FW,Chelsea,Aston Villa,1,2,2025-12-27,28951,2025,760230,0,0,0,1,1.3188812732696533,0.6350842714309692,0.059998366981744766,8272
1,2,0.41302454471588135,90,FW,Newcastle United,Chelsea,2,2,2025-12-20,28945,2025,758837,0.1445772498846054,0,2,1,0.41302454471588135,0.6183342337608337,0.060732461512088776,8272
0,1,0.10726991295814514,84,FW,Chelsea,Everton,2,0,2025-12-13,28931,2025,757624,0.08056077361106873,0,1,0,0.10726991295814514,0.5429122447967529,0.3550815284252167,8272
0,0,0,28,Sub,Bournemouth,Chelsea,0,0,2025-12-06,28918,2025,755934,0,0,0,0,0,0,0,8272
0,1,0.018267914652824402,90,AMC,Leeds,Chelsea,3,1,2025-12-03,28913,2025,755257,0.21877576410770416,0,3,0,0.018267914652824402,0.5255948305130005,0.39829322695732117,8272
0,1,0.2185799777507782,60,FW,Chelsea,Arsenal,1,1,2025-11-30,28900,2025,754405,0,0,0,0,0.2185799777507782,0,0,8272
0,2,0.15109005570411682,78,AMC,Burnley,Chelsea,0,2,2025-11-22,28891,2025,751671,0.03866453096270561,0,1,0,0.15109005570411682,0.315116286277771,0.16952641308307648,8272
1,3,0.6239708065986633,87,AMC,Chelsea,Wolverhampton Wanderers,3,0,2025-11-08,28880,2025,750538,0.0735347718000412,0,2,1,0.6239708065986633,0.8304857611656189,0.13298019766807556,8272
1,5,1.711074709892273,90,FW,Tottenham,Chelsea,0,1,2025-11-01,28876,2025,748607,0.5276742577552795,0,2,1,1.711074709892273,2.3239521980285645,0.08520326018333435,8272
0,0,0,88,AMC,Chelsea,Sunderland,1,2,2025-10-25,28862,2025,745904,0.023275522515177727,0,1,0,0,0,0,8272
0,1,0.05870429798960686,90,FW,Nottingham Forest,Chelsea,0,3,2025-10-18,28854,2025,743844,0.38851869106292725,0,2,0,0.05870429798960686,0.4708558917045593,0.023632893338799477,8272
0,1,0.02694791927933693,76,FW,Chelsea,Liverpool,2,1,2025-10-04,28842,2025,742596,0,0,0,0,0.02694791927933693,0.02694791927933693,0,8272
0,0,0,90,FW,Chelsea,Brighton,1,3,2025-09-27,28829,2025,740604,0.15715494751930237,0,2,0,0,0.15715494751930237,0,8272
0,0,0,90,FW,Manchester United,Chelsea,2,1,2025-09-20,28824,2025,738859,0.08383796364068985,0,1,0,0,0.08383796364068985,0,8272
0,1,0.10635886341333389,80,FW,Brentford,Chelsea,2,2,2025-09-13,28815,2025,737298,0.07754337042570114,1,1,0,0.10635886341333389,0.35826170444488525,0.17435945570468903,8272
1,3,0.6562733054161072,90,AMC,Chelsea,Fulham,2,0,2025-08-30,28798,2025,734825,0.2655908167362213,0,1,1,0.6562733054161072,0.39099785685539246,0.1092817634344101,8272
1,3,0.5926254987716675,90,AMC,West Ham,Chelsea,1,5,2025-08-22,28788,2025,732910,1.026412010192871,2,2,1,0.5926254987716675,0.8403053879737854,0.43584325909614563,8272
0,2,0.19991232454776764,76,FW,Chelsea,Crystal Palace,0,0,2025-08-17,28784,2025,732230,0,0,0,0,0.19991232454776764,0.14842858910560608,0.03964953497052193,8272
0,1,0.01971348747611046,65,AML,Brentford,Brighton,4,2,2025-04-19,26923,2024,720479,0.07859769463539124,0,1,0,0.01971348747611046,0.17192386090755463,0.15221036970615387,8272
2,3,1.6149706840515137,90,MC,Brighton,Leicester,2,2,2025-04-12,26914,2024,718692,0.6194033026695251,0,5,0,0.09263305366039276,0.8824018239974976,0.20601831376552582,8272
0,0,0,26,Sub,Crystal Palace,Brighton,2,1,2025-04-05,26904,2024,716851,0.021146491169929504,0,1,0,0,0.06543128937482834,0.044284794479608536,8272
0,1,0.046275850385427475,73,FW,Brighton,Aston Villa,0,3,2025-04-02,26893,2024,716181,0,0,0,0,0.046275850385427475,0.17295345664024353,0.12667760252952576,8272
0,3,0.3994613587856293,90,FW,Manchester City,Brighton,2,2,2025-03-15,26889,2024,713033,0.49272701144218445,0,1,0,0.3994613587856293,1.225455641746521,0.8259943127632141,8272
1,4,1.271384596824646,90,FW,Brighton,Fulham,2,1,2025-03-08,26873,2024,711328,0.4366522431373596,0,1,0,0.510215699672699,0.9468680024147034,0.4366522431373596,8272
1,1,0.7611688375473022,76,FW,Brighton,Bournemouth,2,1,2025-02-25,26863,2024,709066,0,0,0,0,0,0.7097909450531006,0.7097909450531006,8272
1,1,0.34025049209594727,90,FW,Southampton,Brighton,0,4,2025-02-22,26861,2024,707878,0.9120119214057922,1,2,1,0.34025049209594727,2.0902318954467773,0.8379695415496826,8272
0,2,0.08429692685604095,13,Sub,Brighton,Chelsea,3,0,2025-02-14,26843,2024,705883,0,0,0,0,0.08429692685604095,0.7118517756462097,0.6816762089729309,8272
0,1,0.07807271182537079,50,MC,Nottingham Forest,Brighton,7,0,2025-02-01,26840,2024,702750,0.34807562828063965,0,2,0,0.07807271182537079,0.42614832520484924,0,8272
0,3,0.16630326211452484,90,AMC,Brighton,Everton,0,1,2025-01-25,26824,2024,701412,0,0,0,0,0.16630326211452484,0.265217661857605,0.09891440719366074,8272
0,0,0,90,FW,Manchester United,Brighton,1,3,2025-01-19,26818,2024,700491,0,0,0,0,0,0,0,8272
0,3,0.21874785423278809,79,FW,Ipswich,Brighton,0,2,2025-01-16,26805,2024,699559,0,0,0,0,0.21874785423278809,0.7192721962928772,0.5768159031867981,8272
1,1,0.7611688375473022,90,FW,Brighton,Arsenal,1,1,2025-01-04,26794,2024,697378,0,0,0,0,0,0.5547592043876648,0.5547592043876648,8272
0,3,0.13679245114326477,90,FW,Aston Villa,Brighton,2,2,2024-12-30,26782,2024,697005,0.45609813928604126,2,3,0,0.13679245114326477,0.5928906202316284,0.07667499035596848,8272
0,2,0.10556985437870026,90,FW,Brighton,Brentford,0,0,2024-12-27,26774,2024,696376,0.09032414108514786,0,1,0,0.10556985437870026,0.38822585344314575,0.19233186542987823,8272
0,0,0,90,AMC,West Ham,Brighton,1,1,2024-12-21,26767,2024,695314,0.08344297856092453,0,2,0,0,0.08344297856092453,0,8272
0,2,0.16832363605499268,90,FW,Brighton,Crystal Palace,1,3,2024-12-15,26756,2024,694197,0.36003386974334717,0,2,0,0.16832363605499268,0.5283575057983398,0.09478988498449326,8272
0,2,0.12487008422613144,73,AMC,Leicester,Brighton,2,2,2024-12-08,26751,2024,692796,0.05199528858065605,0,1,0,0.12487008422613144,0.33926698565483093,0.16240161657333374,8272
0,2,0.17133142054080963,82,FW,Fulham,Brighton,3,1,2024-12-05,26736,2024,691625,0.02794589288532734,1,1,0,0.17133142054080963,0.19927731156349182,0,8272
0,3,0.161085844039917,76,FW,Brighton,Southampton,1,1,2024-11-29,26723,2024,689622,0.018306100741028786,0,1,0,0.161085844039917,0.22806048393249512,0.09755352884531021,8272
1,1,0.6192044019699097,69,AMC,Bournemouth,Brighton,1,2,2024-11-23,26712,2024,688383,0.5374211668968201,1,2,1,0.6192044019699097,1.1723002195358276,0.553095817565918,8272
1,2,0.6571820378303528,22,Sub,Brighton,Manchester City,2,1,2024-11-09,26703,2024,686859,0.5549602508544922,1,1,1,0.6571820378303528,1.2497597932815552,0.0376175194978714,8272
0,1,0.02680274471640587,15,Sub,Brighton,Nottingham Forest,2,2,2024-09-22,26650,2024,676309,0,0,0,0,0.02680274471640587,0.02680274471640587,0,8272
1,1,0.42352408170700073,90,AMC,Arsenal,Brighton,1,1,2024-08-31,26622,2024,671530,0.012005606666207314,0,1,1,0.42352408170700073,0.5498666167259216,0.1263425499200821,8272
1,3,0.4829488694667816,90,AMC,Brighton,Manchester United,2,1,2024-08-24,26612,2024,667700,0.135356605052948,0,1,1,0.4829488694667816,1.0968745946884155,0.9458089470863342,8272
0,1,0.0241545420140028,86,AMC,Everton,Brighton,0,3,2024-08-17,26605,2024,666347,0.38201484084129333,0,1,0,0.0241545420140028,0.5130051374435425,0.10683576762676239,8272
0,5,1.1293540000915527,90,AML,Brighton,Manchester United,0,2,2024-05-19,22267,2023,663184,0.1273244023323059,0,2,0,1.1293540000915527,1.2332910299301147,1.0364655256271362,8272
0,1,0.051951147615909576,90,FW,Brighton,Chelsea,1,2,2024-05-15,22226,2023,662154,0.4238511621952057,1,1,0,0.051951147615909576,1.1335265636444092,0.6577243208885193,8272
1,4,1.6533310413360596,90,AMC,Brighton,Aston Villa,1,0,2024-05-05,22247,2023,659395,0.36115866899490356,0,3,1,0.8921622037887573,0.8085640668869019,0.06237942352890968,8272
0,4,0.23767812550067902,90,AMC,Bournemouth,Brighton,3,0,2024-04-28,22235,2023,657535,0.8760167956352234,0,4,0,0.23767812550067902,1.0305687189102173,0.01898464374244213,8272
0,1,0.33144134283065796,90,AML,Brighton,Manchester City,0,4,2024-04-25,22176,2023,656563,0.013543174602091312,0,1,0,0.33144134283065796,0.3449845016002655,0.013543174602091312,8272
0,6,0.20253030955791473,90,AML,Burnley,Brighton,1,1,2024-04-13,22218,2023,653253,0.11074867099523544,0,2,0,0.20253030955791473,0.4399641454219818,0.277879923582077,8272
0,1,0.06996817886829376,20,Sub,Brighton,Arsenal,0,3,2024-04-06,22206,2023,651905,0,0,0,0,0.06996817886829376,0,0,8272
0,5,0.24850322306156158,90,FW,Brentford,Brighton,0,0,2024-04-03,22200,2023,651173,0.48716995120048523,0,4,0,0.24850322306156158,0.8038831949234009,0.41250544786453247,8272
1,3,0.6871240735054016,90,AMC,Brighton,Crystal Palace,4,1,2024-02-03,22118,2023,638549,0.060157183557748795,0,1,1,0.6871240735054016,1.3771393299102783,0.7338738441467285,8272
0,1,0.05308106914162636,76,AMC,Luton,Brighton,4,0,2024-01-30,22107,2023,637829,0.09079243242740631,0,1,0,0.05308106914162636,0.14387349784374237,0.09079243242740631,8272
0,4,0.33092355728149414,90,FWL,Brighton,Wolverhampton Wanderers,0,0,2024-01-22,22095,2023,636499,0,0,0,0,0.33092355728149414,0.33092355728149414,0,8272
0,2,0.20829476416110992,90,FW,West Ham,Brighton,0,0,2024-01-02,22093,2023,633873,0.15351492166519165,0,2,0,0.20829476416110992,1.1272355318069458,0.8582732081413269,8272
2,4,1.9922473430633545,90,FW,Brighton,Tottenham,4,2,2023-12-28,22078,2023,633160,0.4469360113143921,1,2,0,0.46990966796875,1.1688162088394165,0.2519705295562744,8272
0,2,0.04995395615696907,90,FW,Crystal Palace,Brighton,1,1,2023-12-21,22066,2023,632265,0,0,0,0,0.04995395615696907,0.44181302189826965,0.3918590843677521,8272
0,2,0.08429986983537674,26,Sub,Arsenal,Brighton,2,0,2023-12-17,22056,2023,630787,0,0,0,0,0.08429986983537674,0.606651782989502,0.5774125456809998,8272
0,4,0.21034471690654755,90,AML,Brighton,Burnley,1,1,2023-12-09,22046,2023,628699,0.3768959939479828,0,1,0,0.21034471690654755,0.8523840308189392,0.39317241311073303,8272
0,4,0.3902374804019928,76,FW,Brighton,Brentford,2,1,2023-12-06,22036,2023,628002,0,0,0,0,0.3902374804019928,0.5030034184455872,0.11276591569185257,8272
1,3,0.2467242032289505,27,Sub,Chelsea,Brighton,3,2,2023-12-03,22029,2023,627261,0,0,0,1,0.2467242032289505,0.12140161544084549,0.07606220990419388,8272
2,2,0.7860375642776489,70,Sub,Nottingham Forest,Brighton,2,3,2023-11-25,22022,2023,624954,0,0,0,1,0.0249429102987051,0.0249429102987051,0,8272
0,1,0.08576887100934982,40,Sub,Brighton,Sheffield United,1,1,2023-11-12,22008,2023,623878,0,0,0,0,0.08576887100934982,0.08576887100934982,0,8272
0,1,0.08570017665624619,40,Sub,Everton,Brighton,1,1,2023-11-04,21997,2023,621605,0.04371107369661331,0,1,0,0.08570017665624619,0.1294112503528595,0,8272
0,1,0.142799973487854,10,Sub,Brighton,Fulham,1,1,2023-10-29,21988,2023,620637,0,0,0,0,0.142799973487854,0.21201713383197784,0.06921716779470444,8272
0,0,0,70,FW,Manchester City,Brighton,2,1,2023-10-21,21980,2023,618147,0,0,0,0,0,0,0,8272
0,2,0.552642822265625,90,AMC,Brighton,Liverpool,2,2,2023-10-08,21966,2023,616929,0.1281316578388214,0,2,0,0.552642822265625,1.1104540824890137,0.5994529724121094,8272
0,1,0.03241077437996864,39,Sub,Aston Villa,Brighton,6,1,2023-09-30,21955,2023,614313,0.6586971879005432,1,2,0,0.03241077437996864,0.7910590171813965,0.09995102882385254,8272
0,1,0.13207128643989563,24,Sub,Brighton,Bournemouth,3,1,2023-09-24,21951,2023,612713,0.1329660415649414,0,1,0,0.13207128643989563,0.26503732800483704,0.26503732800483704,8272
1,1,0.11411576718091965,23,Sub,Manchester United,Brighton,1,3,2023-09-16,21940,2023,610457,0.7535167932510376,0,3,1,0.11411576718091965,0.8676325678825378,0,8272
0,2,0.1651085764169693,79,AMC,Brighton,Newcastle United,3,1,2023-09-02,21931,2023,608873,0.1133287250995636,0,2,0,0.1651085764169693,0.34909453988075256,0.1559918075799942,8272
0,2,0.09016203880310059,26,Sub,Brighton,West Ham,1,3,2023-08-26,22301,2023,607018,0.05178019776940346,0,1,0,0.09016203880310059,0.14194223284721375,0.1246991902589798,8272
0,1,0.12869122624397278,31,Sub,Wolverhampton Wanderers,Brighton,1,4,2023-08-19,22286,2023,605080,0,0,0,0,0.12869122624397278,0.16397258639335632,0.035281356424093246,8272
1,4,1.4254058599472046,89,AMC,Brighton,Luton,4,1,2023-08-12,22278,2023,603764,0.012145270593464375,0,1,0,0.6642370223999023,0.9390615820884705,0.2748245596885681,8272
0,0,0,2,Sub,Juventus,Bologna,2,0,2026-04-19,30165,2025,784182,0,0,0,0,0,0,0,10832
0,0,0,1,Sub,Roma,Juventus,3,3,2026-03-01,30108,2025,774347,0,0,0,0,0,0,0,10832
0,3,0.3413258492946625,78,FW,Juventus,Como,0,2,2026-02-21,30099,2025,771540,0,0,0,0,0.3413258492946625,0.29113492369651794,0.02424938604235649,10832
0,0,0,10,Sub,Inter,Juventus,3,2,2026-02-14,30087,2025,770585,0,0,0,0,0,0,0,10832
0,2,0.15137076377868652,4,Sub,Juventus,Lazio,2,2,2026-02-08,30081,2025,769583,0,0,0,0,0.15137076377868652,0.15137076377868652,0,10832
0,1,0.31269314885139465,6,Sub,Parma Calcio 1913,Juventus,1,4,2026-02-01,30070,2025,768081,0,0,0,0,0.31269314885139465,0.31269314885139465,0,10832
0,1,0.07514496892690659,22,Sub,Cagliari,Juventus,1,0,2026-01-17,30053,2025,764544,0,0,0,0,0.07514496892690659,0.07514496892690659,0,10832
0,0,0,2,Sub,Juventus,Cremonese,5,0,2026-01-12,30039,2025,763357,0,0,0,0,0,0,0,10832
0,0,0,12,Sub,Sassuolo,Juventus,0,3,2026-01-06,30032,2025,762077,0,0,0,0,0,0,0,10832
0,1,0.26621347665786743,10,Sub,Juventus,Lecce,1,1,2026-01-03,30020,2025,761173,0,0,0,0,0.26621347665786743,0.26621347665786743,0,10832
0,1,0.09764333069324493,61,FW,Pisa,Juventus,0,2,2025-12-27,30009,2025,760277,0.033121295273303986,0,1,0,0.09764333069324493,0.15033088624477386,0.019566256552934647,10832
1,2,0.8095673322677612,83,FW,Juventus,Roma,2,1,2025-12-20,29999,2025,759341,0.20358869433403015,0,2,1,0.8095673322677612,1.8370391130447388,0.8238831162452698,10832
0,2,0.710716187953949,28,Sub,Bologna,Juventus,0,1,2025-12-14,29985,2025,758562,0.2501068413257599,0,2,0,0.710716187953949,0.9608229994773865,0,10832
0,0,0,13,Sub,Napoli,Juventus,2,1,2025-12-07,29978,2025,757051,0,0,0,0,0,0,0,10832
0,0,0,2,Sub,Juventus,Cagliari,2,1,2025-11-29,29968,2025,753820,0,0,0,0,0,0,0,10832
0,0,0,1,Sub,Fiorentina,Juventus,1,1,2025-11-22,29957,2025,752229,0,0,0,0,0,0,0,10832
0,0,0,4,Sub,Juventus,Torino,0,0,2025-11-08,29949,2025,750327,0,0,0,0,0,0,0,10832
0,4,0.28831034898757935,67,AMC,Cremonese,Juventus,1,2,2025-11-01,29934,2025,748728,0.03864084184169769,0,1,0,0.28831034898757935,0.36327409744262695,0.1114797294139862,10832
0,4,0.4535147547721863,80,FW,Juventus,Udinese,3,1,2025-10-29,29930,2025,747409,0.058756712824106216,0,1,0,0.4535147547721863,0.4657798409461975,0.06903934478759766,10832
0,0,0,11,Sub,Lazio,Juventus,1,0,2025-10-26,29918,2025,747146,0,0,0,0,0,0,0,10832
0,1,0.030243998393416405,20,Sub,Juventus,AC Milan,0,0,2025-10-05,29898,2025,743615,0,0,0,0,0.030243998393416405,0.030243998393416405,0,10832
0,1,0.061980802565813065,67,FW,Juventus,Atalanta,1,1,2025-09-27,29887,2025,740820,0.014038268476724625,0,1,0,0.061980802565813065,0.09923292696475983,0.03725212812423706,10832
0,1,0.03239376097917557,31,Sub,Verona,Juventus,1,1,2025-09-20,29876,2025,738766,0,0,0,0,0.03239376097917557,0,0,10832
0,1,0.015579012222588062,16,Sub,Juventus,Inter,4,3,2025-09-13,29865,2025,737096,0,0,0,0,0.015579012222588062,0.027497323229908943,0.011918311007320881,10832
0,2,0.10829947143793106,3,Sub,RasenBallsport Leipzig,FC Heidenheim,2,0,2025-08-30,30235,2025,734923,0,0,0,0,0.10829947143793106,0.4786159098148346,0.4786159098148346,10832
0,1,0.04674576595425606,51,FW,Bayern Munich,RasenBallsport Leipzig,6,0,2025-08-22,30224,2025,732850,0.051909636706113815,0,1,0,0.04674576595425606,0.10218542069196701,0.10218542069196701,10832
0,0,0,12,Sub,RasenBallsport Leipzig,VfB Stuttgart,2,3,2025-05-17,28039,2024,727797,0,0,0,0,0,0,0,10832
0,0,0,73,FW,Werder Bremen,RasenBallsport Leipzig,0,0,2025-05-10,28034,2024,725671,0.08350856602191925,0,1,0,0,0.2634274363517761,0.17991887032985687,10832
0,1,0.059262923896312714,88,FW,RasenBallsport Leipzig,Bayern Munich,3,3,2025-05-03,28021,2024,724022,0.31427207589149475,0,1,0,0.059262923896312714,0.37353500723838806,0,10832
0,3,0.14512425661087036,41,Sub,Eintracht Frankfurt,RasenBallsport Leipzig,4,0,2025-04-26,28015,2024,722794,0,0,0,0,0.14512425661087036,0.05544651299715042,0,10832
0,1,0.11357293277978897,90,FW,RasenBallsport Leipzig,Holstein Kiel,1,1,2025-04-19,28003,2024,720213,0.037543412297964096,0,1,0,0.11357293277978897,0.15111634135246277,0,10832
1,2,0.08808010071516037,79,FW,Wolfsburg,RasenBallsport Leipzig,2,3,2025-04-11,27999,2024,718180,0.015158147551119328,0,1,1,0.08808010071516037,0.14076651632785797,0.10261750966310501,10832
0,2,0.10493045300245285,83,FW,RasenBallsport Leipzig,Hoffenheim,3,1,2025-04-05,27985,2024,716770,0,0,0,0,0.10493045300245285,0.2193983942270279,0.11446794867515564,10832
0,5,0.35227036476135254,85,FW,Borussia M.Gladbach,RasenBallsport Leipzig,1,0,2025-03-29,27980,2024,714862,0.09761015325784683,0,3,0,0.35227036476135254,0.3700304627418518,0,10832
1,2,0.7385436296463013,69,FW,RasenBallsport Leipzig,Borussia Dortmund,2,0,2025-03-15,27968,2024,713266,0,0,0,1,0.7385436296463013,0.8574954867362976,0.22438578307628632,10832
0,5,0.25555160641670227,90,FW,Freiburg,RasenBallsport Leipzig,0,0,2025-03-08,27963,2024,711591,0.20611333847045898,0,2,0,0.25555160641670227,1.124789834022522,0.7166059613227844,10832
0,1,0.08196569234132767,76,FW,RasenBallsport Leipzig,Mainz 05,1,2,2025-03-01,27950,2024,709743,0,0,0,0,0.08196569234132767,0.5300949811935425,0.4481292963027954,10832
1,5,0.33096036314964294,90,FW,RasenBallsport Leipzig,FC Heidenheim,2,2,2025-02-23,27941,2024,708418,0,0,0,1,0.33096036314964294,0.34336942434310913,0.09776771813631058,10832
0,0,0,26,Sub,Augsburg,RasenBallsport Leipzig,0,0,2025-02-14,27936,2024,705805,0,0,0,0,0,0.6638489961624146,0.6638489961624146,10832
0,4,0.6757107377052307,16,Sub,RasenBallsport Leipzig,St. Pauli,2,0,2025-02-09,27923,2024,705286,0,0,0,0,0.6757107377052307,0.6310875415802002,0,10832
0,0,0,47,FW,Union Berlin,RasenBallsport Leipzig,0,0,2025-02-01,27913,2024,703627,0.018696313723921776,0,1,0,0,0.018696313723921776,0,10832
0,1,0.040923044085502625,77,FW,RasenBallsport Leipzig,Bayer Leverkusen,2,2,2025-01-25,27904,2024,701353,0,0,0,0,0.040923044085502625,0.06252913177013397,0.021606089547276497,10832
0,2,0.10350780934095383,90,AMC,VfB Stuttgart,RasenBallsport Leipzig,2,1,2025-01-15,27887,2024,699498,0,0,0,0,0.10350780934095383,0.10350780934095383,0,10832
0,3,0.4821297228336334,90,AMC,RasenBallsport Leipzig,Werder Bremen,4,2,2025-01-12,27877,2024,698630,0.32671552896499634,1,2,0,0.4821297228336334,0.8088452816009521,0,10832
0,1,0.08213316649198532,90,FW,Bayern Munich,RasenBallsport Leipzig,5,1,2024-12-20,27870,2024,694946,0.35109347105026245,1,1,0,0.08213316649198532,0.43322664499282837,0,10832
1,4,0.621722936630249,83,FW,RasenBallsport Leipzig,Eintracht Frankfurt,2,1,2024-12-15,27859,2024,694656,0,0,0,1,0.621722936630249,0.6633810997009277,0.4579550623893738,10832
0,3,0.5150763392448425,90,FW,Holstein Kiel,RasenBallsport Leipzig,0,2,2024-12-07,27856,2024,692154,0.0922449380159378,0,1,0,0.5150763392448425,0.6073212623596191,0,10832
0,1,0.18750837445259094,90,FW,RasenBallsport Leipzig,Wolfsburg,1,5,2024-11-30,27841,2024,689843,0.1369851678609848,0,3,0,0.18750837445259094,0.11048836261034012,0,10832
0,4,0.37443870306015015,83,FW,Hoffenheim,RasenBallsport Leipzig,4,3,2024-11-23,27837,2024,688226,0.09484510868787766,1,2,0,0.37443870306015015,0.5776541829109192,0.17553235590457916,10832
0,2,0.10375893861055374,90,FW,RasenBallsport Leipzig,Borussia M.Gladbach,0,0,2024-11-09,27824,2024,686918,0.3681965172290802,0,1,0,0.10375893861055374,0.498633474111557,0.026678020134568214,10832
0,2,0.07051169872283936,90,FW,Borussia Dortmund,RasenBallsport Leipzig,2,1,2024-11-02,27816,2024,685195,0.09758640825748444,1,2,0,0.07051169872283936,0.1680981069803238,0.01941194012761116,10832
1,4,0.8518804907798767,90,FW,RasenBallsport Leipzig,Freiburg,3,1,2024-10-26,27806,2024,682875,0,0,0,1,0.8518804907798767,0.8518804907798767,0,10832
0,2,0.11290843784809113,85,FW,Mainz 05,RasenBallsport Leipzig,0,2,2024-10-19,27802,2024,681155,0.28199440240859985,0,1,0,0.11290843784809113,0.357388436794281,0,10832
1,4,0.8633362054824829,90,FW,FC Heidenheim,RasenBallsport Leipzig,0,1,2024-10-06,27788,2024,680287,0.5264880657196045,0,1,1,0.8633362054824829,1.415149211883545,0.025324953719973564,10832
1,4,1.2359310388565063,90,FW,RasenBallsport Leipzig,Augsburg,4,0,2024-09-28,27783,2024,677625,0.013660199008882046,1,1,1,1.2359310388565063,1.4281539916992188,0.17856276035308838,10832
0,2,0.09217071533203125,27,Sub,St. Pauli,RasenBallsport Leipzig,0,0,2024-09-22,27777,2024,676736,0.06917731463909149,0,1,0,0.09217071533203125,0.16134802997112274,0,10832
0,3,0.857913613319397,90,FW,RasenBallsport Leipzig,Union Berlin,0,0,2024-09-14,27763,2024,673555,0,0,0,0,0.10013693571090698,0.14553117752075195,0.045394234359264374,10832
2,2,0.3157040774822235,90,FW,Bayer Leverkusen,RasenBallsport Leipzig,2,3,2024-08-31,27757,2024,671995,0.6333799362182617,0,2,2,0.3157040774822235,1.4282413721084595,0.479157418012619,10832
0,3,0.17698095738887787,89,FW,RasenBallsport Leipzig,Bochum,1,0,2024-08-24,27743,2024,667892,0,0,0,0,0.17698095738887787,0.17698095738887787,0.03353729099035263,10832
0,2,0.09758361428976059,90,FW,Eintracht Frankfurt,RasenBallsport Leipzig,2,2,2024-05-18,23365,2023,662610,0,0,0,0,0.09758361428976059,0.18259058892726898,0.08500697463750839,10832
0,2,0.10401485115289688,90,FW,RasenBallsport Leipzig,Werder Bremen,1,1,2024-05-11,23354,2023,660480,0,0,0,0,0.10401485115289688,0.10401485115289688,0,10832
0,3,0.20304147899150848,78,FW,Hoffenheim,RasenBallsport Leipzig,1,1,2024-05-03,23349,2023,658459,0,0,0,0,0.20304147899150848,0.21850451827049255,0.037369608879089355,10832
1,3,0.6639420986175537,90,FW,RasenBallsport Leipzig,Borussia Dortmund,4,1,2024-04-27,23336,2023,656872,0.5564233660697937,1,4,1,0.6639420986175537,1.3580353260040283,0.573379635810852,10832
1,2,0.9383053183555603,90,FW,FC Heidenheim,RasenBallsport Leipzig,1,2,2024-04-20,23334,2023,654697,0.311603844165802,0,3,1,0.9383053183555603,1.3709447383880615,0.12103549391031265,10832
1,2,0.3998689651489258,89,FW,RasenBallsport Leipzig,Wolfsburg,3,0,2024-04-13,23318,2023,653114,0,0,0,1,0.3998689651489258,0.4246715009212494,0.02480253577232361,10832
2,5,1.192706823348999,90,FW,Freiburg,RasenBallsport Leipzig,1,4,2024-04-06,23310,2023,651673,1.3310383558273315,2,3,2,1.192706823348999,2.523745059967041,0.29990682005882263,10832
0,5,0.7994805574417114,71,FW,RasenBallsport Leipzig,Mainz 05,0,0,2024-03-30,23300,2023,649716,0,0,0,0,0.7994805574417114,0.8305810689926147,0.031100543215870857,10832
2,4,1.6370580196380615,78,FW,FC Cologne,RasenBallsport Leipzig,1,5,2024-03-15,23295,2023,647950,0.02925494872033596,0,1,2,1.6370580196380615,1.5456161499023438,0,10832
0,8,2.139103651046753,73,FW,RasenBallsport Leipzig,Darmstadt,2,0,2024-03-09,23282,2023,646569,0,0,0,0,2.139103651046753,2.0146632194519043,0.02023273892700672,10832
1,1,0.5443804860115051,21,Sub,Bochum,RasenBallsport Leipzig,1,4,2024-03-02,23278,2023,644747,0,0,0,1,0.5443804860115051,1.3394606113433838,0.7950801253318787,10832
0,0,0,74,FW,Bayern Munich,RasenBallsport Leipzig,2,1,2024-02-24,23271,2023,643478,0.11495243012905121,0,2,0,0,0.11495243012905121,0,10832
1,2,0.40364333987236023,90,FW,RasenBallsport Leipzig,Borussia M.Gladbach,2,0,2024-02-17,23254,2023,642012,0,0,0,1,0.40364333987236023,0.8962350487709045,0.4925917088985443,10832
1,4,1.1518808603286743,90,FW,Augsburg,RasenBallsport Leipzig,2,2,2024-02-10,23251,2023,640016,0,0,0,1,0.3941041827201843,0.3941041827201843,0,10832
1,1,0.610607922077179,81,FW,RasenBallsport Leipzig,Union Berlin,2,0,2024-02-04,23237,2023,639382,0.12200311571359634,0,2,1,0.610607922077179,0.13621051609516144,0.13621051609516144,10832
1,1,0.030665306374430656,90,FW,VfB Stuttgart,RasenBallsport Leipzig,5,2,2024-01-27,23235,2023,636824,0,0,0,1,0.030665306374430656,0.030665306374430656,0,10832
1,2,0.5932930111885071,90,FW,RasenBallsport Leipzig,Bayer Leverkusen,2,3,2024-01-20,23219,2023,636009,0.1359642744064331,0,1,1,0.5932930111885071,0.7927042245864868,0.06344691663980484,10832
0,9,1.0085808038711548,90,FW,RasenBallsport Leipzig,Eintracht Frankfurt,0,1,2024-01-13,23210,2023,634805,0.44472527503967285,0,1,0,1.0085808038711548,1.3261741399765015,0.048091042786836624,10832
1,8,1.3952544927597046,90,FW,Werder Bremen,RasenBallsport Leipzig,1,1,2023-12-19,23206,2023,631468,0.5897987484931946,0,1,1,1.3952544927597046,1.985053300857544,0,10832
0,3,0.17797747254371643,86,FW,RasenBallsport Leipzig,Hoffenheim,3,1,2023-12-16,23192,2023,630429,0.3028486669063568,1,1,0,0.17797747254371643,0.4220985174179077,0.02294534631073475,10832
0,5,0.31148236989974976,81,FW,Borussia Dortmund,RasenBallsport Leipzig,2,3,2023-12-09,23182,2023,629014,0,0,0,0,0.31148236989974976,0.4891643524169922,0.23686085641384125,10832
1,9,2.408957004547119,90,FW,RasenBallsport Leipzig,FC Heidenheim,2,1,2023-12-02,23174,2023,626602,0.5526267290115356,0,2,0,1.651180386543274,2.2038071155548096,0.12834075093269348,10832
0,6,0.9551900625228882,90,FW,Wolfsburg,RasenBallsport Leipzig,2,1,2023-11-25,23168,2023,624740,0.5074869990348816,1,2,0,0.9551900625228882,1.7042487859725952,0.5044124722480774,10832
1,7,1.477621078491211,90,FW,RasenBallsport Leipzig,Freiburg,3,1,2023-11-12,23156,2023,624300,0,0,0,0,0.719844400882721,0.727022647857666,0.06880120187997818,10832
0,2,0.10948909819126129,71,FW,Mainz 05,RasenBallsport Leipzig,2,0,2023-11-04,23150,2023,621394,0.08995161205530167,0,2,0,0.10948909819126129,0.14066249132156372,0,10832
2,6,1.6495698690414429,79,FW,RasenBallsport Leipzig,FC Cologne,6,0,2023-10-28,23138,2023,620058,0.15004470944404602,0,2,2,1.6495698690414429,2.301151752471924,0.530724823474884,10832
2,2,0.4921186864376068,83,FW,Darmstadt,RasenBallsport Leipzig,1,3,2023-10-21,23133,2023,617899,0,0,0,2,0.4921186864376068,0.4921186864376068,0,10832
0,2,0.11011435836553574,80,FW,RasenBallsport Leipzig,Bochum,0,0,2023-10-07,23121,2023,616317,0.06492727994918823,0,1,0,0.11011435836553574,0.2975926399230957,0.12255100160837173,10832
1,1,0.11946339160203934,89,FW,RasenBallsport Leipzig,Bayern Munich,2,2,2023-09-30,23116,2023,614941,0.4684872031211853,1,1,1,0.11946339160203934,0.137600377202034,0.018136989325284958,10832
0,1,0.05869073420763016,71,FW,Borussia M.Gladbach,RasenBallsport Leipzig,0,1,2023-09-23,23103,2023,612082,0.04351412504911423,0,1,0,0.05869073420763016,0.10220485925674438,0,10832
1,3,0.808950662612915,68,FW,RasenBallsport Leipzig,Augsburg,3,0,2023-09-16,23093,2023,610315,0.4571845233440399,1,2,1,0.808950662612915,1.2661352157592773,0,10832
0,1,0.05859516188502312,76,FW,Union Berlin,RasenBallsport Leipzig,0,3,2023-09-03,23091,2023,609638,0.1029626876115799,0,2,0,0.05859516188502312,0.15022897720336914,0.009099549613893032,10832
1,4,1.0085593461990356,85,FW,RasenBallsport Leipzig,VfB Stuttgart,5,1,2023-08-25,23074,2023,606531,0.1484229862689972,0,2,1,1.0085593461990356,1.1569823026657104,0,10832
1,4,1.0831037759780884,78,FW,Bayer Leverkusen,RasenBallsport Leipzig,3,2,2023-08-19,23066,2023,605048,0,0,0,1,1.0831037759780884,0.5227227210998535,0,10832
2,4,2.3309547901153564,80,FW,Lyon,Angers,2,0,2025-05-17,28348,2024,728008,0.3959810733795166,0,2,1,1.5708597898483276,2.0228846073150635,0.5573806166648865,3277
0,2,0.11594689637422562,90,FW,Monaco,Lyon,2,0,2025-05-10,28344,2024,726140,0.01398498099297285,0,1,0,0.11594689637422562,0.22891047596931458,0.09897860139608383,3277
1,2,0.24666458368301392,79,FW,Lyon,Rennes,4,1,2025-04-26,28326,2024,722841,0,0,0,1,0.24666458368301392,0.24666458368301392,0,3277
0,1,0.1067243292927742,90,FW,Saint-Etienne,Lyon,2,1,2025-04-20,28309,2024,721612,0.04827192798256874,0,1,0,0.1067243292927742,0.2594336271286011,0.2594336271286011,3277
1,4,1.8741639852523804,90,FW,Auxerre,Lyon,1,3,2025-04-13,28302,2024,719767,0,0,0,1,1.8741639852523804,2.021515369415283,0.14735141396522522,3277
1,3,0.8307221531867981,75,FW,Lyon,Lille,2,1,2025-04-05,28295,2024,717271,0,0,0,0,0.07062703371047974,0.07062703371047974,0,3277
0,0,0,11,Sub,Strasbourg,Lyon,4,2,2025-03-28,28285,2024,714518,0,0,0,0,0,0,0,3277
1,4,0.9292840957641602,90,FW,Lyon,Le Havre,4,2,2025-03-16,28277,2024,713786,0,0,0,0,0.1691889464855194,1.0076044797897339,0.8384155631065369,3277
0,0,0,77,FW,Nice,Lyon,0,2,2025-03-09,28268,2024,712419,0,0,0,0,0,0.01761891320347786,0.01761891320347786,3277
2,3,1.0618000030517578,87,FW,Lyon,Brest,2,1,2025-03-02,28257,2024,710330,0.07775725424289703,0,1,2,1.0618000030517578,1.1395572423934937,0,3277
0,0,0,24,Sub,Lyon,Paris Saint Germain,2,3,2025-02-23,28254,2024,708883,0.029030874371528625,0,1,0,0,0.6854581832885742,0.6564273238182068,3277
1,1,0.5153498649597168,18,Sub,Montpellier,Lyon,1,4,2025-02-16,28239,2024,706765,0.08220149576663971,0,1,1,0.5153498649597168,0.5975513458251953,0,3277
1,1,0.7600951194763184,80,FW,Marseille,Lyon,3,2,2025-02-02,28219,2024,704368,0,0,0,0,0,0.31427833437919617,0.31427833437919617,3277
0,4,0.5729870796203613,67,FW,Nantes,Lyon,1,1,2025-01-26,28218,2024,702228,0,0,0,0,0.5729870796203613,0.7793968915939331,0.392177939414978,3277
0,2,0.6100200414657593,82,FW,Brest,Lyon,2,1,2025-01-11,28198,2024,698285,0,0,0,0,0.6100200414657593,0.6100200414657593,0,3277
0,2,0.5107077360153198,90,FW,Lyon,Montpellier,1,0,2025-01-04,28184,2024,697466,0.3168668746948242,0,5,0,0.5107077360153198,0.827574610710144,0,3277
0,0,0,19,Sub,Paris Saint Germain,Lyon,3,1,2024-12-15,28182,2024,694766,0.06022051349282265,0,1,0,0,0.15127098560333252,0.09105047583580017,3277
0,3,0.30536553263664246,71,FW,Angers,Lyon,0,3,2024-12-07,28168,2024,692583,0.3645850419998169,0,1,0,0.30536553263664246,0.3109145164489746,0.10086552798748016,3277
3,5,2.2733001708984375,78,FW,Lyon,Nice,4,1,2024-12-01,28163,2024,690958,0,0,0,2,1.5132049322128296,1.5132049322128296,0,3277
0,1,0.4799235165119171,90,FW,Reims,Lyon,1,1,2024-11-23,28155,2024,688877,1.1099189519882202,1,5,0,0.4799235165119171,1.5898425579071045,0.1111469492316246,3277
1,2,0.7979046106338501,87,FW,Lyon,Saint-Etienne,1,0,2024-11-10,28145,2024,687776,0,0,0,1,0.7979046106338501,0.6121147274971008,0.5258358120918274,3277
0,2,0.7039555907249451,87,FW,Lille,Lyon,1,1,2024-11-01,28136,2024,684617,0,0,0,0,0.7039555907249451,0.754560112953186,0.07261444628238678,3277
0,1,0.04718119651079178,6,Sub,Lyon,Auxerre,2,2,2024-10-27,28126,2024,683643,0.09048067778348923,0,1,0,0.04718119651079178,0.04718119651079178,0,3277
1,2,0.7111353278160095,76,FW,Le Havre,Lyon,0,4,2024-10-20,28115,2024,681867,0.10383553057909012,0,1,1,0.7111353278160095,1.7007354497909546,0.9098756313323975,3277
0,1,0.11345064640045166,85,FW,Lyon,Nantes,2,0,2024-10-06,28102,2024,680113,0.10674635320901871,0,1,0,0.11345064640045166,0.3143988251686096,0.09420181810855865,3277
0,0,0,19,Sub,Toulouse,Lyon,1,2,2024-09-29,28099,2024,678420,0,0,0,0,0,0,0,3277
0,4,1.2212435007095337,74,FW,Lyon,Marseille,2,3,2024-09-22,28084,2024,676781,0,0,0,0,0.46114832162857056,0.4667375981807709,0.1219312995672226,3277
0,1,0.25812262296676636,90,FW,Lens,Lyon,0,0,2024-09-15,28078,2024,674795,0.04790584370493889,0,1,0,0.25812262296676636,0.35574835538864136,0.0976257249712944,3277
0,4,0.6285406351089478,90,FW,Lyon,Strasbourg,4,3,2024-08-30,28066,2024,671456,0.9369374513626099,1,3,0,0.6285406351089478,2.0022826194763184,0.4368044137954712,3277
0,0,0,90,FW,Lyon,Monaco,0,2,2024-08-24,28058,2024,668176,0,0,0,0,0,0,0,3277
2,2,1.2227929830551147,90,FW,Lyon,Strasbourg,2,1,2024-05-19,23671,2023,663874,0.01738126575946808,0,1,1,0.462697833776474,0.6414148807525635,0.16133582592010498,3277
0,0,0,14,Sub,Clermont Foot,Lyon,0,1,2024-05-12,23664,2023,661676,0,0,0,0,0,0,0,3277
1,2,0.9065868854522705,90,FW,Lille,Lyon,3,4,2024-05-06,23652,2023,660089,0.2433568239212036,1,1,1,0.9065868854522705,1.3392386436462402,0.1892949342727661,3277
1,5,1.1802765130996704,90,FW,Lyon,Monaco,3,2,2024-04-28,23646,2023,657987,0.5520915389060974,1,2,1,1.1802765130996704,1.8660788536071777,0.5532658100128174,3277
0,1,0.06152278184890747,72,FW,Paris Saint Germain,Lyon,4,1,2024-04-21,23632,2023,655928,0,0,0,0,0.06152278184890747,0.10177711397409439,0.04025433212518692,3277
1,1,0.10784928500652313,90,FW,Lyon,Brest,4,3,2024-04-14,23628,2023,654185,0,0,0,1,0.10784928500652313,0,0,3277
1,5,1.1416282653808594,89,FW,Nantes,Lyon,1,3,2024-04-07,23620,2023,652689,0.09444855898618698,0,2,1,1.1416282653808594,1.3097747564315796,0.169287770986557,3277
0,2,0.07054869085550308,63,FW,Lyon,Reims,1,1,2024-03-30,23609,2023,650179,0.0371931754052639,0,1,0,0.07054869085550308,0.21211975812911987,0.1415710747241974,3277
1,2,0.12640368938446045,48,FW,Toulouse,Lyon,2,3,2024-03-15,23597,2023,648045,0,0,0,1,0.12640368938446045,0.3943144977092743,0.26791080832481384,3277
1,1,0.38621950149536133,90,FW,Metz,Lyon,1,2,2024-02-23,23570,2023,642979,0.027803955599665642,0,1,1,0.38621950149536133,0.41402342915534973,0,3277
0,0,0,90,FW,Lyon,Nice,1,0,2024-02-16,23564,2023,641397,0,0,0,0,0,0.09801995754241943,0.09801995754241943,3277
1,1,0.07726775854825974,90,FW,Montpellier,Lyon,1,2,2024-02-11,23556,2023,640918,0.08611516654491425,0,1,1,0.07726775854825974,0.3162074685096741,0.23893971741199493,3277
1,5,1.721207857131958,88,FW,Lyon,Marseille,1,0,2024-02-04,23546,2023,639509,0.20840413868427277,0,2,1,1.721207857131958,2.253800392150879,0.32418838143348694,3277
1,1,0.11542011797428131,90,FW,Lyon,Rennes,2,3,2024-01-26,23537,2023,636621,0,0,0,1,0.11542011797428131,0.1336834579706192,0.01826333813369274,3277
1,2,0.5747321248054504,90,FW,Le Havre,Lyon,3,1,2024-01-14,23530,2023,635422,0.029037432745099068,0,1,1,0.5747321248054504,0.527167797088623,0,3277
1,4,1.4415191411972046,88,FW,Lyon,Nantes,1,0,2023-12-20,23518,2023,632129,0,0,0,1,1.4415191411972046,1.3998688459396362,0,3277
0,1,0.017662491649389267,83,FW,Monaco,Lyon,0,1,2023-12-15,23509,2023,630048,0,0,0,0,0.017662491649389267,0.017662491649389267,0,3277
3,5,2.2281744480133057,90,FW,Lyon,Toulouse,3,0,2023-12-10,23501,2023,629516,0,0,0,3,2.2281744480133057,0.2597684860229492,0,3277
0,1,0.014404909685254097,90,FW,Marseille,Lyon,3,0,2023-12-06,23453,2023,628134,0.019937435165047646,0,1,0,0.014404909685254097,0.12269892543554306,0.10829401761293411,3277
0,1,0.31122705340385437,90,FW,Lens,Lyon,3,2,2023-12-02,23493,2023,626680,0.5586220026016235,0,1,0,0.31122705340385437,0.8698490858078003,0,3277
0,1,0.023621434345841408,48,FW,Lyon,Lille,0,2,2023-11-26,23483,2023,625954,0,0,0,0,0.023621434345841408,0.06124711409211159,0.03762567788362503,3277
0,0,0,43,Sub,Rennes,Lyon,0,1,2023-11-12,23470,2023,624137,0,0,0,0,0,0.0783754289150238,0.0783754289150238,3277
0,3,0.33973804116249084,90,FW,Lyon,Metz,1,1,2023-11-05,23467,2023,621986,0.009366784244775772,0,1,0,0.33973804116249084,0.30271315574645996,0.15230686962604523,3277
0,5,0.40577149391174316,90,FW,Lyon,Clermont Foot,1,2,2023-10-22,23448,2023,619159,0.18584834039211273,0,3,0,0.40577149391174316,0.530769407749176,0.27187445759773254,3277
2,2,1.0716066360473633,90,FW,Lyon,Lorient,3,3,2023-10-08,23437,2023,617111,0,0,0,1,0.3115115463733673,0.3115115463733673,0,3277
0,2,0.08136049658060074,79,FW,Brest,Lyon,1,0,2023-09-23,23424,2023,612509,0,0,0,0,0.08136049658060074,0.08136049658060074,0,3277
0,2,0.06251628696918488,90,FW,Lyon,Le Havre,0,0,2023-09-17,23412,2023,611469,0.06420949846506119,0,1,0,0.06251628696918488,0.11784394085407257,0.03649064525961876,3277
1,2,0.16917522251605988,83,FW,Lyon,Montpellier,1,4,2023-08-19,23384,2023,605381,0.012590947560966015,0,1,1,0.16917522251605988,0.0903853178024292,0,3277
0,3,0.45565468072891235,90,FW,Strasbourg,Lyon,2,1,2023-08-13,23373,2023,604521,0,0,0,0,0.45565468072891235,0.43473005294799805,0.020778749138116837,3277
1,1,0.2988221347332001,78,FW,Real Sociedad,Valencia,3,4,2026-05-17,29521,2025,791859,0.06110119819641113,0,1,1,0.2988221347332001,0.3599233329296112,0,6637
0,0,0,64,FW,Valencia,Rayo Vallecano,1,1,2026-05-14,29515,2025,790541,0,0,0,0,0,0,0,6637
0,2,0.8264281749725342,72,FW,Athletic Club,Valencia,0,1,2026-05-10,29498,2025,789444,0.0722167119383812,0,1,0,0.08315053582191467,0.08315053582191467,0,6637
0,0,0,30,Sub,Valencia,Atletico Madrid,0,2,2026-05-02,29495,2025,787229,0,0,0,0,0,0,0,6637
0,2,0.9149681925773621,16,Sub,Valencia,Girona,2,1,2026-04-25,29472,2025,785731,0,0,0,0,0.9149681925773621,0.9149681925773621,0,6637
0,2,0.4169926047325134,29,Sub,Elche,Valencia,1,0,2026-04-11,29465,2025,781737,0,0,0,0,0.4169926047325134,0.36579927802085876,0.33356913924217224,6637
0,0,0,67,FW,Valencia,Celta Vigo,2,3,2026-04-05,29454,2025,780634,0,0,0,0,0,0,0,6637
1,1,0.3597177565097809,74,FW,Sevilla,Valencia,0,2,2026-03-21,29444,2025,778945,0.08637462556362152,0,1,1,0.3597177565097809,0.9744362831115723,0.5283438563346863,6637
0,0,0,33,Sub,Real Oviedo,Valencia,1,0,2026-03-14,29432,2025,777025,0,0,0,0,0,0,0,6637
1,1,0.7432776093482971,13,Sub,Valencia,Alaves,3,2,2026-03-08,29422,2025,776175,0.4506823420524597,0,1,0,0,0.4797309339046478,0.02904859185218811,6637
0,0,0,1,Sub,Valencia,Osasuna,1,0,2026-03-01,29417,2025,774000,0.0364265963435173,0,1,0,0,0.0364265963435173,0.0364265963435173,6637
0,0,0,2,Sub,Villarreal,Valencia,2,1,2026-02-22,29406,2025,772634,0,0,0,0,0,0,0,6637
0,2,0.1508159339427948,58,FW,Levante,Valencia,0,2,2026-02-15,29390,2025,771028,0,0,0,0,0.1508159339427948,0.1508159339427948,0.1508159339427948,6637
0,0,0,90,FW,Valencia,Real Madrid,0,2,2026-02-08,29387,2025,769551,0,0,0,0,0,0,0,6637
0,1,0.11970865726470947,74,FW,Real Betis,Valencia,2,1,2026-02-01,29368,2025,767805,0,0,0,0,0.11970865726470947,0.6750665307044983,0.5553578734397888,6637
1,1,0.7177795767784119,65,FW,Valencia,Espanyol,3,2,2026-01-24,29364,2025,765693,0,0,0,1,0.7177795767784119,0.7177795767784119,0,6637
0,0,0,63,FW,Getafe,Valencia,0,1,2026-01-18,29356,2025,764665,0.05978001281619072,0,1,0,0,0.05978001281619072,0,6637
0,2,0.43489283323287964,90,FW,Celta Vigo,Valencia,4,1,2026-01-03,29329,2025,760975,0.03157922625541687,0,1,0,0.43489283323287964,0.5621433258056641,0.12725050747394562,6637
1,2,0.6592313647270203,90,FW,Valencia,Mallorca,1,1,2025-12-19,29327,2025,758791,0.03311942517757416,0,2,1,0.6592313647270203,0.7038840055465698,0.09107280522584915,6637
0,3,0.8320423364639282,90,FW,Atletico Madrid,Valencia,2,1,2025-12-13,29309,2025,757450,0.060499873012304306,0,2,0,0.8320423364639282,0.43052104115486145,0,6637
1,3,0.5546597838401794,90,FW,Valencia,Sevilla,1,1,2025-12-07,29307,2025,756727,0,0,0,1,0.5546597838401794,0.45131349563598633,0,6637
0,0,0,75,FW,Rayo Vallecano,Valencia,1,1,2025-12-01,29292,2025,754918,0.043314795941114426,0,1,0,0,0.043314795941114426,0,6637
1,2,0.46947339177131653,34,Sub,Valencia,Levante,1,0,2025-11-21,29286,2025,751597,0,0,0,1,0.46947339177131653,0.4046314060688019,0,6637
0,0,0,21,Sub,Valencia,Real Betis,1,1,2025-11-09,29275,2025,751292,0.1541908085346222,0,1,0,0,0.1541908085346222,0,6637
0,1,0.120111383497715,29,Sub,Real Madrid,Valencia,4,0,2025-11-01,29263,2025,748794,0,0,0,0,0.120111383497715,0.120111383497715,0,6637
0,0,0,42,Sub,Valencia,Villarreal,0,2,2025-10-25,29251,2025,746253,0,0,0,0,0,0,0,6637
0,0,0,80,FW,Alaves,Valencia,0,0,2025-10-20,29238,2025,745390,0,0,0,0,0,0.12042896449565887,0.12042896449565887,6637
0,1,0.05513090640306473,12,Sub,Girona,Valencia,2,1,2025-10-04,29230,2025,742488,0,0,0,0,0.05513090640306473,0.05513090640306473,0,6637
0,1,0.06321984529495239,56,FW,Valencia,Real Oviedo,1,2,2025-09-29,29218,2025,741913,0,0,0,0,0.06321984529495239,0.06321984529495239,0,6637
1,1,0.3483991026878357,90,FW,Espanyol,Valencia,2,2,2025-09-23,29209,2025,739923,0.0389811247587204,0,1,1,0.3483991026878357,0.05941189080476761,0.02043076790869236,6637
1,3,0.7808873653411865,19,Sub,Valencia,Athletic Club,2,0,2025-09-20,29203,2025,739038,0,0,0,1,0.7808873653411865,1.1438133716583252,0.4100901186466217,6637
0,0,0,78,FW,Barcelona,Valencia,6,0,2025-09-14,29194,2025,738050,0,0,0,0,0,0,0,6637
1,1,0.5271832942962646,90,FW,Valencia,Getafe,3,0,2025-08-29,29180,2025,734771,0.4200565218925476,0,1,1,0.5271832942962646,1.0654377937316895,0.1181979775428772,6637
0,0,0,7,Sub,Osasuna,Valencia,1,0,2025-08-24,29172,2025,733975,0,0,0,0,0,0,0,6637
0,2,0.16085749864578247,72,FW,Valencia,Real Sociedad,1,1,2025-08-16,29162,2025,732104,0.18813969194889069,0,2,0,0.16085749864578247,0.3147942125797272,0.1539367139339447,6637
0,0,0,32,Sub,Real Betis,Valencia,1,1,2025-05-23,27354,2024,729433,0,0,0,0,0,0,0,6637
0,0,0,14,Sub,Valencia,Athletic Club,0,1,2025-05-18,27345,2024,728822,0,0,0,0,0,0,0,6637
0,0,0,66,FW,Alaves,Valencia,1,0,2025-05-14,27333,2024,727278,0,0,0,0,0,0,0,6637
1,3,1.4004011154174805,90,FW,Valencia,Getafe,3,0,2025-05-10,27330,2024,725496,0.07868870347738266,0,1,0,0.6571234464645386,0.20811143517494202,0,6637
2,2,1.2269057035446167,77,FW,Las Palmas,Valencia,2,3,2025-05-03,27313,2024,724345,0,0,0,2,1.2269057035446167,1.248031497001648,0.021125774830579758,6637
0,3,0.11881708353757858,90,FW,Valencia,Espanyol,1,1,2025-04-22,27302,2024,721752,0,0,0,0,0.11881708353757858,0.1455610990524292,0.06294465810060501,6637
0,2,0.43717193603515625,57,FW,Rayo Vallecano,Valencia,1,1,2025-04-19,27293,2024,720102,0,0,0,0,0.43717193603515625,0.43717193603515625,0,6637
0,1,0.40205779671669006,25,Sub,Valencia,Sevilla,1,0,2025-04-11,27291,2024,718265,0,0,0,0,0.40205779671669006,0.40205779671669006,0,6637
1,1,0.45082026720046997,13,Sub,Real Madrid,Valencia,1,2,2025-04-05,27273,2024,716916,0,0,0,1,0.45082026720046997,0.5378161072731018,0.08699584007263184,6637
0,4,0.5450432300567627,41,Sub,Valencia,Atletico Madrid,0,3,2025-02-22,27225,2024,708020,0.016598258167505264,0,1,0,0.5450432300567627,0.6641775965690613,0.1763318032026291,6637
0,0,0,56,FW,Villarreal,Valencia,1,1,2025-02-15,27216,2024,706571,0,0,0,0,0,0,0,6637
0,1,0.06637797504663467,61,FW,Valencia,Leganes,2,0,2025-02-09,27208,2024,705128,0,0,0,0,0.06637797504663467,0.15568619966506958,0.08930821716785431,6637
0,1,0.5647149682044983,68,FW,Valencia,Celta Vigo,2,1,2025-02-02,27199,2024,704078,0.12006707489490509,0,1,0,0.5647149682044983,0.731954038143158,0.04717196896672249,6637
1,1,0.37245526909828186,90,FW,Barcelona,Valencia,7,1,2025-01-26,27184,2024,702443,0,0,0,1,0.37245526909828186,0.37245526909828186,0,6637
1,3,1.2683831453323364,90,FW,Valencia,Real Sociedad,1,0,2025-01-19,27179,2024,700948,0,0,0,1,1.2683831453323364,1.2889248132705688,0.020541682839393616,6637
0,1,0.12794116139411926,71,FW,Sevilla,Valencia,1,1,2025-01-11,27165,2024,698466,0.2830812931060791,1,1,0,0.12794116139411926,0.2830812931060791,0,6637
1,2,0.909162163734436,90,FW,Valencia,Real Madrid,1,2,2025-01-03,27099,2024,697052,0,0,0,1,0.909162163734436,1.157551646232605,0.24838951230049133,6637
0,0,0,90,FW,Valencia,Alaves,2,2,2024-12-22,27161,2024,695609,0,0,0,0,0,0,0,6637
0,3,0.1219499409198761,90,FW,Real Valladolid,Valencia,1,0,2024-12-13,27147,2024,693471,0.2142203003168106,0,3,0,0.1219499409198761,0.3533006012439728,0.01713036559522152,6637
0,3,0.14257140457630157,90,FW,Valencia,Rayo Vallecano,0,1,2024-12-07,27140,2024,692415,0,0,0,0,0.14257140457630157,0.14257140457630157,0.0522882416844368,6637
0,0,0,90,FW,Mallorca,Valencia,2,1,2024-11-29,27123,2024,689608,0,0,0,0,0,0.0783880427479744,0.0783880427479744,6637
2,3,0.9013444185256958,80,FW,Valencia,Real Betis,4,2,2024-11-23,27118,2024,688115,0.4918372333049774,1,1,2,0.9013444185256958,0.798435389995575,0,6637
0,0,0,90,FW,Getafe,Valencia,1,1,2024-10-27,27082,2024,683841,0,0,0,0,0,0,0,6637
0,1,0.06499239802360535,90,FW,Valencia,Las Palmas,2,3,2024-10-21,27081,2024,682474,0,0,0,0,0.06499239802360535,0.06450360268354416,0.06450360268354416,6637
0,1,0.08094953000545502,74,FW,Leganes,Valencia,0,0,2024-10-04,27065,2024,679136,0.054890990257263184,0,1,0,0.08094953000545502,0.054890990257263184,0,6637
0,0,0,90,FW,Real Sociedad,Valencia,3,0,2024-09-28,27055,2024,678103,0.07470152527093887,0,2,0,0,0.07470152527093887,0,6637
0,0,0,14,Sub,Valencia,Osasuna,0,0,2024-09-24,27050,2024,676942,0.07741722464561462,0,1,0,0,0.07741722464561462,0,6637
1,5,0.18002237379550934,90,FW,Valencia,Villarreal,1,1,2024-08-31,27015,2024,672346,0.039339493960142136,0,1,1,0.18002237379550934,0.12889841198921204,0,6637
0,0,0,90,FW,Athletic Club,Valencia,1,0,2024-08-28,27006,2024,669501,0,0,0,0,0,0,0,6637
0,3,0.06897133588790894,81,FW,Celta Vigo,Valencia,3,1,2024-08-23,26992,2024,667561,0,0,0,0,0.06897133588790894,0.040554583072662354,0,6637
1,4,1.5177106857299805,90,FW,Valencia,Barcelona,1,2,2024-08-17,26987,2024,666739,0,0,0,1,1.5177106857299805,1.1988673210144043,0.015716101974248886,6637
0,0,0,9,Sub,Celta Vigo,Valencia,2,2,2024-05-26,23056,2023,664705,0,0,0,0,0,0,0,6637
0,1,0.09533125162124634,47,FW,Valencia,Girona,1,3,2024-05-19,23053,2023,663528,0.023528212681412697,0,1,0,0.09533125162124634,0.565315306186676,0.44645580649375916,6637
0,2,0.11201947927474976,90,FW,Valencia,Rayo Vallecano,0,0,2024-05-12,23032,2023,661411,0,0,0,0,0.11201947927474976,0.10957640409469604,0.10957640409469604,6637
0,1,0.09292373061180115,90,FW,Valencia,Alaves,0,1,2024-05-05,23024,2023,659708,0.15738403797149658,0,2,0,0.09292373061180115,0.25030776858329773,0,6637
1,2,0.4436818063259125,79,FW,Barcelona,Valencia,4,2,2024-04-29,23006,2023,658367,0,0,0,1,0.4436818063259125,0.4436818063259125,0,6637
0,1,0.020298071205615997,90,FW,Valencia,Real Betis,1,2,2024-04-20,23001,2023,654994,0,0,0,0,0.020298071205615997,0.020298071205615997,0,6637
0,0,0,79,FW,Osasuna,Valencia,0,1,2024-04-15,22989,2023,654355,0,0,0,0,0,0.16710670292377472,0.16710670292377472,6637
0,0,0,86,FW,Granada,Valencia,0,1,2024-04-04,22941,2023,651233,0,0,0,0,0,0,0,6637
0,5,0.41712072491645813,90,FW,Valencia,Mallorca,0,0,2024-03-30,22984,2023,650052,0.07888707518577576,0,1,0,0.41712072491645813,0.4960078001022339,0.0725586786866188,6637
0,3,0.4789838492870331,90,FW,Villarreal,Valencia,1,0,2024-03-17,22972,2023,648950,0,0,0,0,0.4789838492870331,0.6761600375175476,0.19717617332935333,6637
1,2,0.3937060236930847,87,FW,Valencia,Getafe,1,0,2024-03-09,22964,2023,646382,0,0,0,1,0.3937060236930847,0.3937060236930847,0,6637
1,1,0.369743674993515,90,FW,Valencia,Real Madrid,2,2,2024-03-02,22951,2023,645277,0.019156675785779953,0,1,1,0.369743674993515,0.774308443069458,0.38540810346603394,6637
0,2,0.0805150717496872,90,FW,Valencia,Sevilla,0,0,2024-02-17,22933,2023,642138,0,0,0,0,0.0805150717496872,0.19963347911834717,0.18143951892852783,6637
0,1,0.10499788820743561,86,FW,Las Palmas,Valencia,2,0,2024-02-10,22918,2023,640513,0,0,0,0,0.10499788820743561,0.10499788820743561,0,6637
1,2,0.07892758399248123,90,FW,Valencia,Almeria,2,1,2024-02-03,22911,2023,638304,0,0,0,1,0.07892758399248123,0.07892758399248123,0,6637
0,2,0.10073816031217575,90,FW,Atletico Madrid,Valencia,2,0,2024-01-28,22895,2023,637681,0,0,0,0,0.10073816031217575,0.035998158156871796,0,6637
1,2,0.5813921689987183,90,FW,Valencia,Athletic Club,1,0,2024-01-20,22889,2023,635977,0.03042248822748661,0,1,1,0.5813921689987183,0.6118146777153015,0,6637
1,2,0.5458776950836182,81,FW,Cadiz,Valencia,1,4,2024-01-14,22880,2023,635389,0,0,0,1,0.5458776950836182,0.5458776950836182,0,6637
0,2,0.16141049563884735,89,FW,Valencia,Villarreal,3,1,2024-01-02,22866,2023,633887,0.02173311822116375,0,1,0,0.16141049563884735,0.18314361572265625,0,6637
0,1,0.07645254582166672,82,FW,Rayo Vallecano,Valencia,0,1,2023-12-19,22860,2023,631500,0,0,0,0,0.07645254582166672,0.0459342896938324,0.0459342896938324,6637
0,3,0.1708635687828064,84,FW,Valencia,Barcelona,1,1,2023-12-16,22850,2023,630612,0.021599534898996353,0,1,0,0.1708635687828064,0.19246309995651245,0,6637
0,0,0,90,FW,Getafe,Valencia,1,0,2023-12-08,22838,2023,628344,0.01477535255253315,0,1,0,0,0.01477535255253315,0,6637
1,2,0.39856407046318054,86,FW,Girona,Valencia,2,1,2023-12-02,22827,2023,626366,0.03108120895922184,0,1,1,0.39856407046318054,0.40831270813941956,0,6637
0,3,0.1023528054356575,86,FW,Valencia,Celta Vigo,0,0,2023-11-25,22823,2023,624998,0,0,0,0,0.1023528054356575,0.0592588409781456,0,6637
1,4,1.788806676864624,90,FW,Real Madrid,Valencia,5,1,2023-11-11,22808,2023,623646,0,0,0,1,1.788806676864624,1.2958471775054932,0.013819257728755474,6637
0,0,0,80,FW,Valencia,Granada,1,0,2023-11-05,22804,2023,622264,0.028990447521209717,0,1,0,0,0.028990447521209717,0,6637
1,3,1.3021321296691895,81,FW,Athletic Club,Valencia,2,2,2023-10-29,22786,2023,620895,0.3386363685131073,1,1,1,1.3021321296691895,1.688428282737732,0.047659747302532196,6637
1,1,0.857299268245697,79,FW,Valencia,Cadiz,2,0,2023-10-23,22780,2023,619317,0,0,0,1,0.857299268245697,1.538619875907898,0.6813206076622009,6637
0,3,0.18412750959396362,90,ML,Mallorca,Valencia,1,1,2023-10-07,22768,2023,616665,0,0,0,0,0.18412750959396362,0.13360267877578735,0,6637
0,1,0.09388421475887299,40,Sub,Real Betis,Valencia,3,0,2023-10-01,22758,2023,615708,0,0,0,0,0.09388421475887299,0.09388421475887299,0,6637
0,0,0,90,FW,Valencia,Real Sociedad,0,1,2023-09-27,22752,2023,613869,0,0,0,0,0,0.06241302564740181,0.06241302564740181,6637
0,0,0,90,FW,Almeria,Valencia,2,2,2023-09-23,22735,2023,612478,0,0,0,0,0,0.04173527657985687,0.04173527657985687,6637
2,3,0.6922112107276917,87,FW,Valencia,Atletico Madrid,3,0,2023-09-16,22731,2023,610501,0,0,0,2,0.6922112107276917,0.6795225739479065,0.05031067878007889,6637
0,1,0.034229978919029236,85,FW,Alaves,Valencia,1,0,2023-09-02,22720,2023,608986,0,0,0,0,0.034229978919029236,0.034229978919029236,0,6637
1,5,1.1826616525650024,90,FW,Valencia,Osasuna,1,2,2023-08-27,22711,2023,607880,0.02593092806637287,0,1,1,1.1826616525650024,1.0865018367767334,0,6637
0,1,0.12694400548934937,87,FW,Valencia,Las Palmas,1,0,2023-08-18,22696,2023,604844,0.4048038721084595,0,1,0,0.12694400548934937,0.5317478775978088,0,6637
0,3,0.3224790096282959,90,FW,Sevilla,Valencia,1,2,2023-08-11,22686,2023,603660,0.3708862364292145,1,1,0,0.3224790096282959,0.7969426512718201,0.2131071388721466,6637
0,0,0,88,MC,Sevilla,Real Madrid,0,1,2026-05-17,29524,2025,791697,0,0,0,0,0,0.09710957854986191,0.09710957854986191,8824
1,1,0.12345290929079056,26,Sub,Real Madrid,Real Oviedo,2,0,2026-05-14,29517,2025,790607,0,0,0,1,0.12345290929079056,0.12345290929079056,0.12345290929079056,8824
0,0,0,90,AMC,Barcelona,Real Madrid,2,0,2026-05-10,29500,2025,789693,0,0,0,0,0,0.31839466094970703,0.31839466094970703,8824
0,3,0.31128376722335815,90,AMC,Espanyol,Real Madrid,0,2,2026-05-03,29494,2025,788263,0.11493728309869766,1,1,0,0.31128376722335815,0.5493442416191101,0.23806048929691315,8824
0,3,0.18011367321014404,90,MC,Real Betis,Real Madrid,1,1,2026-04-24,29474,2025,785121,0.12111362814903259,0,1,0,0.18011367321014404,0.3457326591014862,0.044505346566438675,8824
0,3,0.21782220900058746,64,MC,Real Madrid,Alaves,2,1,2026-04-21,29483,2025,784454,0.10269999504089355,0,1,0,0.21782220900058746,0.33666592836380005,0.2223716527223587,8824
0,3,0.5185344219207764,65,MC,Real Madrid,Girona,1,1,2026-04-10,29462,2025,781281,0.12478511035442352,0,2,0,0.5185344219207764,1.305429220199585,0.8293243646621704,8824
0,0,0,30,Sub,Mallorca,Real Madrid,2,1,2026-04-04,29452,2025,780134,0.05225894972681999,0,1,0,0,0.11127996444702148,0.11127996444702148,8824
0,0,0,15,Sub,Real Madrid,Atletico Madrid,3,2,2026-03-22,29446,2025,779683,0,0,0,0,0,0,0,8824
0,0,0,9,ML,Real Madrid,Rayo Vallecano,2,1,2026-02-01,29377,2025,767579,0,0,0,0,0,0,0,8824
0,0,0,90,MC,Villarreal,Real Madrid,0,2,2026-01-24,29367,2025,765954,0.13690830767154694,0,2,0,0,0.2155425250530243,0.16458448767662048,8824
0,5,0.5494435429573059,90,MC,Real Madrid,Levante,2,0,2026-01-17,29351,2025,763946,0.020960252732038498,0,1,0,0.5494435429573059,0.814520537853241,0.7007372379302979,8824
0,1,0.08289739489555359,90,ML,Real Madrid,Real Betis,5,1,2026-01-04,29334,2025,761658,0.16387444734573364,0,3,0,0.08289739489555359,0.46355918049812317,0.31388989090919495,8824
1,2,0.4454247057437897,90,MC,Real Madrid,Sevilla,2,0,2025-12-20,29322,2025,759429,0.12960192561149597,0,3,1,0.4454247057437897,0.24526558816432953,0.05053328722715378,8824
0,2,0.6980933547019958,90,ML,Alaves,Real Madrid,1,2,2025-12-14,29308,2025,758652,0.18254323303699493,1,2,0,0.6980933547019958,0.9458928108215332,0.16238687932491302,8824
0,2,0.5128158926963806,90,ML,Real Madrid,Celta Vigo,0,2,2025-12-07,29303,2025,757064,0.0652092769742012,0,2,0,0.5128158926963806,0.13194265961647034,0.04741280898451805,8824
0,0,0,90,MC,Athletic Club,Real Madrid,0,3,2025-12-03,29338,2025,755069,0.03360212221741676,0,1,0,0,1.0710123777389526,1.0374102592468262,8824
0,4,0.1362122744321823,90,MC,Girona,Real Madrid,1,1,2025-11-30,29290,2025,754761,0.15863166749477386,0,4,0,0.1362122744321823,0.35841941833496094,0.11609932035207748,8824
1,3,1.0157971382141113,90,AMC,Elche,Real Madrid,2,2,2025-11-23,29280,2025,753091,0.7223100066184998,1,2,1,1.0157971382141113,1.7160001993179321,1.6274442672729492,8824
0,2,0.0867304727435112,90,AMC,Rayo Vallecano,Real Madrid,0,0,2025-11-09,29272,2025,751050,0.02131844311952591,0,1,0,0.0867304727435112,0.08443771302700043,0.019426776096224785,8824
1,3,0.14738459885120392,90,MC,Real Madrid,Valencia,4,0,2025-11-01,29263,2025,748771,0.05307465419173241,0,2,1,0.14738459885120392,0.8294806480407715,0.6546379923820496,8824
1,5,0.9925813674926758,90,MR,Real Madrid,Barcelona,2,1,2025-10-26,29254,2025,746815,0.3787125051021576,1,1,1,0.9925813674926758,1.1132887601852417,0.4035690426826477,8824
0,2,0.4224880337715149,88,AMC,Getafe,Real Madrid,0,1,2025-10-19,29242,2025,745297,0.1671149879693985,0,3,0,0.4224880337715149,0.6375445127487183,0.12853586673736572,8824
0,3,0.7294355630874634,25,Sub,Real Madrid,Villarreal,3,1,2025-10-04,29231,2025,742783,0.11683938652276993,0,1,0,0.7294355630874634,0.8809958696365356,0.2914629280567169,8824
0,1,0.06655105948448181,77,AMC,Atletico Madrid,Real Madrid,5,2,2025-09-27,29219,2025,740742,0.04978863149881363,0,1,0,0.06655105948448181,0.04978863149881363,0.04978863149881363,8824
0,1,0.3272441029548645,18,Sub,Levante,Real Madrid,1,4,2025-09-23,29210,2025,739992,0.12165050953626633,0,1,0,0.3272441029548645,0.6295394897460938,0.18064486980438232,8824
0,0,0,1,Sub,Real Madrid,Espanyol,2,0,2025-09-20,29206,2025,738689,0,0,0,0,0,0,0,8824
1,3,1.0545313358306885,90,ML,Sevilla,Real Madrid,0,2,2025-05-18,27348,2024,728740,0.04735979437828064,0,1,1,1.0545313358306885,1.2641724348068237,1.1009443998336792,8824
0,3,0.23506048321723938,90,ML,Real Madrid,Mallorca,2,1,2025-05-14,27339,2024,727324,0.18913865089416504,0,5,0,0.23506048321723938,0.7333725690841675,0.4093637764453888,8824
0,0,0,90,AMC,Barcelona,Real Madrid,4,3,2025-05-11,27324,2024,726747,0,0,0,0,0,0.6569972038269043,0.6569972038269043,8824
0,3,0.1736311912536621,90,AMC,Real Madrid,Celta Vigo,3,2,2025-05-04,27317,2024,724545,0.10327659547328949,1,1,0,0.1736311912536621,1.6838533878326416,1.4346352815628052,8824
0,0,0,25,Sub,Getafe,Real Madrid,0,1,2025-04-23,27308,2024,722053,0,0,0,0,0,0,0,8824
0,5,1.470897912979126,90,AMC,Real Madrid,Athletic Club,1,0,2025-04-20,27294,2024,721503,0.03877429664134979,0,1,0,1.470897912979126,1.5476511716842651,0.38237816095352173,8824
0,2,0.5247297286987305,22,Sub,Alaves,Real Madrid,0,1,2025-04-13,27287,2024,719454,0.06467322260141373,0,1,0,0.5247297286987305,0.7059401273727417,0.11653720587491989,8824
0,2,0.21446433663368225,90,ML,Real Madrid,Valencia,1,2,2025-04-05,27273,2024,716897,0.8064225912094116,1,4,0,0.21446433663368225,0.4398251175880432,0.06104615330696106,8824
1,3,1.0046430826187134,90,AMC,Real Madrid,Leganes,3,2,2025-03-29,27268,2024,715128,0.13037161529064178,0,2,1,1.0046430826187134,1.909117579460144,0.7992620468139648,8824
0,0,0,90,AMC,Villarreal,Real Madrid,1,2,2025-03-15,27259,2024,713249,0.04183148592710495,0,1,0,0,0.773210346698761,0.773210346698761,8824
0,0,0,90,ML,Real Madrid,Rayo Vallecano,2,1,2025-03-09,27251,2024,712036,0,0,0,0,0,0.411760151386261,0.411760151386261,8824
0,0,0,38,ML,Osasuna,Real Madrid,1,1,2025-02-15,27220,2024,706330,0.1256784349679947,0,1,0,0,0.9441652894020081,0.9441652894020081,8824
0,5,1.3712824583053589,90,AMC,Real Madrid,Atletico Madrid,1,1,2025-02-08,27205,2024,704974,0.037836864590644836,0,1,0,1.3712824583053589,1.2272698879241943,1.1313331127166748,8824
0,5,0.2814168930053711,90,AMC,Espanyol,Real Madrid,1,0,2025-02-01,27201,2024,703816,0.09924929589033127,0,2,0,0.2814168930053711,0.44131290912628174,0.3412171006202698,8824
0,3,0.21469487249851227,90,AMC,Real Valladolid,Real Madrid,0,3,2025-01-25,27190,2024,701822,0.5132803916931152,1,3,0,0.21469487249851227,0.8554714322090149,0.598518431186676,8824
0,6,1.8603640794754028,90,AMC,Real Madrid,Las Palmas,4,1,2025-01-19,27180,2024,700665,0.08248835802078247,0,1,0,1.8603640794754028,4.064279556274414,2.790717601776123,8824
1,3,1.1351701021194458,90,AMC,Valencia,Real Madrid,1,2,2025-01-03,27099,2024,697065,0.5273838043212891,1,2,1,0.3918924629688263,1.2313507795333862,0.3120745122432709,8824
0,1,0.13372193276882172,79,AMC,Real Madrid,Sevilla,4,2,2024-12-22,27157,2024,695820,0.14663022756576538,0,1,0,0.13372193276882172,0.7210742831230164,0.44072213768959045,8824
1,1,0.32845762372016907,90,AMC,Rayo Vallecano,Real Madrid,3,3,2024-12-14,27144,2024,694086,0.067044697701931,0,1,1,0.32845762372016907,0.4091506004333496,0.08069296181201935,8824
1,1,0.07536695897579193,62,AMC,Girona,Real Madrid,0,3,2024-12-07,27137,2024,692550,0.24040338397026062,1,3,1,0.07536695897579193,0.3321029245853424,0.01633259281516075,8824
1,1,0.473797470331192,90,ML,Athletic Club,Real Madrid,2,1,2024-12-04,27162,2024,691500,0,0,0,1,0.473797470331192,0.6420449614524841,0.1682475060224533,8824
1,2,0.7654581665992737,51,MC,Real Madrid,Getafe,2,0,2024-12-01,27127,2024,690807,0.04514016956090927,1,1,0,0.02218056097626686,0.09276615083217621,0.025445422157645226,8824
1,1,0.4451882243156433,88,ML,Leganes,Real Madrid,0,3,2024-11-24,27116,2024,689390,0.04988299682736397,0,1,1,0.4451882243156433,0.09888682514429092,0.049003828316926956,8824
1,2,0.4300544261932373,81,MC,Real Madrid,Osasuna,4,0,2024-11-09,27109,2024,686363,0.13113602995872498,1,2,1,0.4300544261932373,0.6320025324821472,0.07081208378076553,8824
0,1,0.4312012791633606,90,MR,Real Madrid,Barcelona,0,4,2024-10-26,27085,2024,683270,0,0,0,0,0.4312012791633606,0.2709662914276123,0.2709662914276123,8824
0,1,0.04396190866827965,90,AMC,Celta Vigo,Real Madrid,1,2,2024-10-19,27075,2024,681773,0.02083434723317623,0,1,0,0.04396190866827965,0.15386377274990082,0.08906752616167068,8824
0,2,0.046850819140672684,90,ML,Real Madrid,Villarreal,2,0,2024-10-05,27063,2024,679922,0,0,0,0,0.046850819140672684,0.1047266498208046,0.07358285784721375,8824
0,2,0.19864962995052338,90,ML,Atletico Madrid,Real Madrid,1,1,2024-09-29,27053,2024,678885,0,0,0,0,0.19864962995052338,0.2197343409061432,0.021084725856781006,8824
0,0,0,90,MC,Real Madrid,Alaves,3,2,2024-09-24,27051,2024,677000,0.5201565623283386,1,2,0,0,0.5201565623283386,0.4452016055583954,8824
0,4,0.17054937779903412,84,MC,Real Madrid,Espanyol,4,1,2024-09-21,27041,2024,676119,0.19744159281253815,0,3,0,0.17054937779903412,1.3768324851989746,1.0594230890274048,8824
0,0,0,90,MC,Mallorca,Real Madrid,1,1,2024-08-18,26989,2024,667277,0.07960499078035355,0,2,0,0,0.2181890904903412,0.1838822066783905,8824
0,2,0.07073342055082321,90,AMC,Real Madrid,Real Betis,0,0,2024-05-25,23063,2023,664624,0,0,0,0,0.07073342055082321,0.18098309636116028,0.11024968326091766,8824
1,3,0.224073588848114,90,AMC,Real Madrid,Alaves,5,0,2024-05-14,23044,2023,661936,0.993930459022522,2,6,1,0.224073588848114,2.1957366466522217,1.914055347442627,8824
1,1,0.5848566889762878,23,Sub,Real Madrid,Cadiz,3,0,2024-05-04,23021,2023,658937,0.2623157799243927,0,2,1,0.5848566889762878,0.8471724987030029,0.2623157799243927,8824
1,2,0.2932809293270111,90,AMC,Real Madrid,Barcelona,3,2,2024-04-21,23000,2023,655880,0.13434290885925293,0,2,1,0.2932809293270111,0.9793702363967896,0.5517463684082031,8824
0,2,0.08411154896020889,64,AMC,Mallorca,Real Madrid,0,1,2024-04-13,22988,2023,653495,0,0,0,0,0.08411154896020889,0.6759936809539795,0.5918821692466736,8824
0,1,0.021723978221416473,90,AMC,Real Madrid,Athletic Club,2,0,2024-03-31,22981,2023,650765,0.563613772392273,1,1,0,0.021723978221416473,1.0177499055862427,0.43241214752197266,8824
0,1,0.4049626290798187,90,AMC,Valencia,Real Madrid,2,2,2024-03-02,22951,2023,645292,0,0,0,0,0.4049626290798187,1.077996850013733,1.077996850013733,8824
2,4,1.4230698347091675,61,AMC,Real Madrid,Girona,4,0,2024-02-10,22923,2023,640373,0.07867509126663208,0,1,2,1.4230698347091675,1.5228662490844727,0.1310996413230896,8824
0,3,0.17368869483470917,89,AMC,Real Madrid,Atletico Madrid,1,1,2024-02-04,22912,2023,639537,0.31737902760505676,0,4,0,0.17368869483470917,0.5705912709236145,0.29485154151916504,8824
0,2,0.19085793197155,90,MC,Getafe,Real Madrid,0,2,2024-02-01,22881,2023,638102,0.43001386523246765,0,3,0,0.19085793197155,2.3042376041412354,1.7396657466888428,8824
1,3,0.900400698184967,90,AMC,Real Madrid,Almeria,3,2,2024-01-21,22888,2023,636251,0.7192741632461548,1,2,0,0.15712305903434753,0.9789908528327942,0.821867823600769,8824
0,2,0.1432102471590042,90,AMC,Real Madrid,Mallorca,1,0,2024-01-03,22873,2023,633950,0,0,0,0,0.1432102471590042,0.541565477848053,0.541565477848053,8824
0,0,0,90,AMC,Alaves,Real Madrid,0,1,2023-12-21,22862,2023,632294,0,0,0,0,0,0.31656667590141296,0.31656667590141296,8824
1,3,0.8586456179618835,84,ML,Real Madrid,Villarreal,4,1,2023-12-17,22849,2023,631322,0.1377868354320526,0,1,1,0.8586456179618835,1.6015640497207642,1.1337517499923706,8824
1,2,0.35208430886268616,90,AML,Real Betis,Real Madrid,1,1,2023-12-09,22836,2023,628832,0.10726149380207062,0,3,1,0.35208430886268616,0.60045325756073,0.19688507914543152,8824
0,2,0.9363800287246704,90,ML,Real Madrid,Granada,2,0,2023-12-02,22833,2023,626788,0.5892937183380127,0,4,0,0.9363800287246704,2.052677869796753,0.5579515695571899,8824
1,3,0.7557094693183899,81,AMC,Cadiz,Real Madrid,0,3,2023-11-26,22817,2023,625906,0.0460190586745739,0,1,1,0.7557094693183899,0.8944527506828308,0.736407458782196,8824
0,3,0.17354722321033478,90,AMC,Real Madrid,Rayo Vallecano,0,0,2023-11-05,22803,2023,622541,0.09922690689563751,0,3,0,0.17354722321033478,0.609250009059906,0.5386576652526855,8824
2,2,0.5852720737457275,90,MC,Barcelona,Real Madrid,1,2,2023-10-28,22787,2023,619951,0,0,0,2,0.5852720737457275,0.7314184904098511,0.14614643156528473,8824
0,1,0.04615247622132301,90,AMC,Sevilla,Real Madrid,1,1,2023-10-21,22782,2023,618360,0.06229810416698456,0,2,0,0.04615247622132301,0.9889784455299377,0.8805278539657593,8824
2,3,0.5212011337280273,73,AMC,Real Madrid,Osasuna,4,0,2023-10-07,22772,2023,616499,0,0,0,2,0.5212011337280273,0.5212011337280273,0.41694173216819763,8824
1,5,1.3226466178894043,78,AMC,Girona,Real Madrid,0,3,2023-09-30,22760,2023,614924,0.6039579510688782,1,1,1,1.3226466178894043,2.049495220184326,0.7268486618995667,8824
0,1,0.0743148997426033,90,FW,Atletico Madrid,Real Madrid,3,1,2023-09-24,22736,2023,613380,0.020338919013738632,0,1,0,0.0743148997426033,0.2232208400964737,0.148905947804451,8824
0,2,0.5139530301094055,90,AMC,Real Madrid,Real Sociedad,2,1,2023-09-17,22729,2023,611497,0.09765935689210892,0,2,0,0.5139530301094055,0.7642852067947388,0.21150359511375427,8824
1,1,0.5694471001625061,90,AMC,Real Madrid,Getafe,2,1,2023-09-02,22723,2023,608777,0.1607000082731247,0,3,1,0.5694471001625061,1.0545932054519653,0.4208102822303772,8824
1,1,0.46505823731422424,90,AMC,Celta Vigo,Real Madrid,0,1,2023-08-25,22712,2023,606634,0.10821288079023361,0,2,1,0.46505823731422424,0.21311143040657043,0.10489855706691742,8824
2,6,1.119186520576477,88,AMC,Almeria,Real Madrid,1,3,2023-08-19,22698,2023,605454,0.2424229085445404,1,3,2,1.119186520576477,1.4239009618759155,0.22707080841064453,8824
1,2,0.1659473478794098,90,AMC,Athletic Club,Real Madrid,0,2,2023-08-12,22689,2023,604084,0.11976948380470276,0,1,1,0.1659473478794098,0.48397842049598694,0.2412470430135727,8824
0,0,0,32,Sub,Bournemouth,Manchester City,1,1,2026-05-19,29138,2025,792365,0,0,0,0,0,0.08137933164834976,0.08137933164834976,6055
0,1,0.00998213142156601,82,DMC,Manchester City,Crystal Palace,3,0,2026-05-13,29084,2025,790385,1.0200656652450562,2,5,0,0.00998213142156601,0.5449564456939697,0.20611493289470673,6055
0,2,0.5789383053779602,28,Sub,Manchester City,Brentford,3,0,2026-05-09,29133,2025,788938,0,0,0,0,0.5789383053779602,0.7135139107704163,0.13457557559013367,6055
0,1,0.013782475143671036,13,Sub,Everton,Manchester City,3,3,2026-05-04,29123,2025,788395,0,0,0,0,0.013782475143671036,0.06943241506814957,0.06943241506814957,6055
0,0,0,4,Sub,Manchester City,Arsenal,2,1,2026-04-19,29104,2025,783998,0,0,0,0,0,0,0,6055
0,0,0,13,Sub,Chelsea,Manchester City,0,3,2026-04-12,29095,2025,782487,0.13644719123840332,0,2,0,0,0.12694507837295532,0.0431625060737133,6055
0,0,0,13,Sub,West Ham,Manchester City,1,1,2026-03-14,29077,2025,777152,0,0,0,0,0,0,0,6055
0,2,0.031974684447050095,81,MC,Manchester City,Nottingham Forest,2,2,2026-03-04,29064,2025,774766,0.3636898994445801,0,2,0,0.031974684447050095,0.5808408856391907,0.2276674509048462,6055
0,1,0.3339998722076416,1,Sub,Manchester City,Newcastle United,2,1,2026-02-21,29043,2025,771945,0,0,0,0,0.3339998722076416,0.787936806678772,0.45393696427345276,6055
0,4,0.31646546721458435,73,FWR,Manchester City,Fulham,3,0,2026-02-11,29033,2025,769858,0.16251777112483978,1,2,0,0.31646546721458435,0.7812463045120239,0.3397074341773987,6055
0,0,0,1,Sub,Tottenham,Manchester City,2,2,2026-02-01,29016,2025,767931,0,0,0,0,0,0,0,6055
0,0,0,25,Sub,Manchester City,Wolverhampton Wanderers,2,0,2026-01-24,29005,2025,765668,0.1045442596077919,0,2,0,0,0.07887187600135803,0,6055
0,0,0,48,MC,Manchester United,Manchester City,2,0,2026-01-17,28993,2025,763931,0,0,0,0,0,0.027979956939816475,0.027979956939816475,6055
0,0,0,77,MC,Manchester City,Brighton,1,1,2026-01-07,28985,2025,762267,0.35046571493148804,0,2,0,0,0.1387152373790741,0.1387152373790741,6055
0,2,0.2837742567062378,90,MC,Manchester City,Chelsea,1,1,2026-01-04,28977,2025,761843,0.14348268508911133,0,3,0,0.2837742567062378,0.43193554878234863,0.07417427003383636,6055
0,3,0.20147110521793365,90,MC,Sunderland,Manchester City,0,0,2026-01-01,28966,2025,760783,0.6999267935752869,0,3,0,0.20147110521793365,1.7668997049331665,0.9956826567649841,6055
0,5,0.4433760643005371,90,AMC,Nottingham Forest,Manchester City,1,2,2025-12-27,28955,2025,759975,0.00985781941562891,0,1,0,0.4433760643005371,0.6277095675468445,0.5327290892601013,6055
0,2,0.13215602934360504,90,AMC,Manchester City,West Ham,3,0,2025-12-20,28944,2025,759096,0.5072677135467529,0,2,0,0.13215602934360504,0.7033913135528564,0.6201496124267578,6055
1,3,0.150507852435112,90,AMC,Crystal Palace,Manchester City,0,3,2025-12-14,28932,2025,758105,0,0,0,1,0.150507852435112,0.49163946509361267,0.3780052363872528,6055
1,5,0.8863785266876221,72,MC,Manchester City,Sunderland,3,0,2025-12-06,28924,2025,755973,0.13620708882808685,1,2,1,0.8863785266876221,1.654456377029419,0.705136239528656,6055
2,2,0.571794867515564,90,FWR,Fulham,Manchester City,4,5,2025-12-02,28912,2025,754948,0.397837370634079,0,2,2,0.571794867515564,1.1451164484024048,0.20191112160682678,6055
2,4,1.0422013998031616,90,MC,Manchester City,Leeds,3,2,2025-11-29,28903,2025,753665,0.05460474640130997,0,1,2,1.0422013998031616,1.4004414081573486,0.38311967253685,6055
0,3,0.7165831327438354,89,MC,Newcastle United,Manchester City,2,1,2025-11-22,28896,2025,752255,0.43133366107940674,0,1,0,0.7165831327438354,1.716070294380188,0.9994871616363525,6055
0,2,0.09025901556015015,90,MC,Manchester City,Liverpool,3,0,2025-11-09,28883,2025,751160,0.08192098140716553,0,1,0,0.09025901556015015,0.328260600566864,0.2127552181482315,6055
0,1,0.06801222264766693,90,MC,Manchester City,Bournemouth,3,1,2025-11-02,28873,2025,749302,0.21108531951904297,1,3,0,0.06801222264766693,1.108586311340332,1.040574073791504,6055
0,2,0.1516963094472885,90,MC,Aston Villa,Manchester City,1,0,2025-10-26,28860,2025,746642,0.2578308582305908,0,7,0,0.1516963094472885,0.43355241417884827,0.24027089774608612,6055
0,1,0.03806937485933304,90,MC,Manchester City,Everton,2,0,2025-10-18,28853,2025,744226,0.5420839786529541,0,3,0,0.03806937485933304,1.5872727632522583,1.1558113098144531,6055
0,5,0.3221515417098999,90,MC,Brentford,Manchester City,0,1,2025-10-05,28841,2025,743379,0.1746767908334732,0,2,0,0.3221515417098999,0.720933735370636,0.5303834676742554,6055
0,0,0,90,MC,Manchester City,Burnley,5,1,2025-09-27,28833,2025,740695,0.05795468017458916,0,3,0,0,0.8843072652816772,0.8692779541015625,6055
0,0,0,73,MR,Arsenal,Manchester City,1,1,2025-09-21,28827,2025,739611,0,0,0,0,0,0.039945926517248154,0.039945926517248154,6055
1,2,0.1798187792301178,90,MC,Manchester City,Manchester United,3,0,2025-09-14,28817,2025,737816,0,0,0,1,0.1798187792301178,0.5683332681655884,0.3885144889354706,6055
0,2,0.12518863379955292,8,Sub,Manchester City,Tottenham,0,2,2025-08-23,28789,2025,732995,0.019334079697728157,0,1,0,0.12518863379955292,0.12518863379955292,0,6055
0,0,0,7,Sub,Fulham,Manchester City,0,2,2025-05-25,26981,2024,730216,0,0,0,0,0,0,0,6055
0,2,0.07129967212677002,78,AML,Southampton,Manchester City,0,0,2025-05-10,26959,2024,725795,0.10693749040365219,0,1,0,0.07129967212677002,0.2154463827610016,0.07321782410144806,6055
0,0,0,5,Sub,Manchester City,Wolverhampton Wanderers,1,0,2025-05-02,26942,2024,723750,0,0,0,0,0,0,0,6055
0,2,0.46035176515579224,60,FW,Manchester United,Manchester City,0,0,2025-04-06,26909,2024,717815,0.02742961421608925,0,1,0,0.46035176515579224,0.4877814054489136,0,6055
0,0,0,10,Sub,Manchester City,Brighton,2,2,2025-03-15,26889,2024,713022,0,0,0,0,0,0,0,6055
0,1,0.12651272118091583,71,MC,Nottingham Forest,Manchester City,1,0,2025-03-08,26878,2024,711027,0.1480770856142044,0,3,0,0.12651272118091583,0.33844858407974243,0.09457303583621979,6055
0,0,0,15,Sub,Tottenham,Manchester City,0,1,2025-02-26,26865,2024,709203,0,0,0,0,0,0.06690571457147598,0.06690571457147598,6055
0,3,0.10280293226242065,90,FW,Manchester City,Liverpool,0,2,2025-02-23,26859,2024,727042,0,0,0,0,0.10280293226242065,0.13866810500621796,0.09988390654325485,6055
0,1,0.025847362354397774,77,AMC,Manchester City,Newcastle United,4,0,2025-02-15,26848,2024,706220,0.5185102820396423,0,3,0,0.025847362354397774,0.9209898710250854,0.5110318660736084,6055
0,0,0,73,AMR,Arsenal,Manchester City,5,1,2025-02-02,26833,2024,704212,0,0,0,0,0,0.4302590787410736,0.4302590787410736,6055
1,3,0.5831443071365356,90,FWR,Manchester City,Chelsea,3,1,2025-01-25,26828,2024,701657,0,0,0,1,0.5831443071365356,0.6818156242370605,0.2801258862018585,6055
2,4,1.3247860670089722,64,AMR,Ipswich,Manchester City,0,6,2025-01-19,26816,2024,700774,0.15552939474582672,1,2,2,1.3247860670089722,1.8207346200942993,0.4387996792793274,6055
2,3,0.8024159669876099,88,AMR,Brentford,Manchester City,2,2,2025-01-14,26803,2024,699014,0.40858444571495056,0,3,2,0.8024159669876099,0.9448658227920532,0.10922759771347046,6055
1,2,0.5607715249061584,90,MR,Manchester City,West Ham,4,1,2025-01-04,26798,2024,697282,0.11330007761716843,0,2,1,0.5607715249061584,1.1957502365112305,0.5729018449783325,6055
0,1,0.019314032047986984,67,MR,Leicester,Manchester City,0,2,2024-12-29,26788,2024,696603,0.14268042147159576,0,1,0,0.019314032047986984,0.16199445724487305,0,6055
0,2,0.13530820608139038,90,MC,Manchester City,Everton,1,1,2024-12-26,26777,2024,696129,0.875533401966095,0,7,0,0.13530820608139038,0.7343022227287292,0.2052706629037857,6055
1,6,0.4998302161693573,90,AMC,Aston Villa,Manchester City,2,1,2024-12-21,26762,2024,695033,0.020454175770282745,0,1,1,0.4998302161693573,0.5202843546867371,0.09754311293363571,6055
0,4,0.21372680366039276,90,MC,Manchester City,Manchester United,1,2,2024-12-15,26753,2024,694444,0.19408264756202698,0,2,0,0.21372680366039276,0.227667436003685,0.07899001985788345,6055
0,0,0,82,AMC,Liverpool,Manchester City,2,0,2024-12-01,26726,2024,690880,0.06349484622478485,0,1,0,0,0.15173235535621643,0.08823750168085098,6055
0,5,0.3124813139438629,90,FWR,Manchester City,Tottenham,0,4,2024-11-23,26720,2024,688675,0,0,0,0,0.3124813139438629,0.5789876580238342,0.27898600697517395,6055
0,2,0.16051338613033295,90,MC,Brighton,Manchester City,2,1,2024-11-09,26703,2024,686872,0.6256124377250671,0,4,0,0.16051338613033295,0.9412833452224731,0.6210129857063293,6055
0,4,0.23641559481620789,90,MR,Bournemouth,Manchester City,2,1,2024-11-02,26692,2024,684984,0.7918850183486938,0,2,0,0.23641559481620789,0.741369903087616,0.25139275193214417,6055
0,3,0.25109800696372986,90,MC,Manchester City,Southampton,1,0,2024-10-26,26683,2024,682938,0.7275768518447876,0,5,0,0.25109800696372986,0.8400261998176575,0.05663188174366951,6055
0,1,0.02299789898097515,22,Sub,Wolverhampton Wanderers,Manchester City,1,2,2024-10-20,26681,2024,681901,0.09743568301200867,1,1,0,0.02299789898097515,0.2877540588378906,0.2877540588378906,6055
0,2,0.06095462292432785,79,MC,Manchester City,Fulham,3,2,2024-10-05,26664,2024,679459,0.22964024543762207,0,3,0,0.06095462292432785,0.7189853191375732,0.5099846720695496,6055
0,1,0.11883508414030075,23,Sub,Newcastle United,Manchester City,1,1,2024-09-28,26652,2024,677459,0.1138557717204094,0,1,0,0.11883508414030075,0.2764267921447754,0.04373592510819435,6055
0,2,0.09467709064483643,11,Sub,Manchester City,Arsenal,2,2,2024-09-22,26651,2024,676598,0.02166476845741272,0,1,0,0.09467709064483643,0.31215742230415344,0.25007709860801697,6055
0,0,0,38,Sub,Chelsea,Manchester City,0,2,2024-08-18,26610,2024,667036,0,0,0,0,0,0,0,6055
2,6,0.2998977303504944,90,MC,Manchester City,West Ham,3,1,2024-05-19,22273,2023,662997,0.31983163952827454,0,5,2,0.2998977303504944,0.7247771620750427,0.4371590316295624,6055
0,1,0.4280816316604614,90,AML,Tottenham,Manchester City,0,2,2024-05-14,22233,2023,661923,0.09922733902931213,0,1,0,0.4280816316604614,1.4718912839889526,1.0438097715377808,6055
1,2,0.13524553179740906,85,AML,Fulham,Manchester City,0,4,2024-05-11,22258,2023,660339,0.1350712925195694,0,2,1,0.13524553179740906,1.0036590099334717,0.7626499533653259,6055
0,3,0.32771316170692444,87,AML,Manchester City,Wolverhampton Wanderers,5,1,2024-05-04,22253,2023,659057,0.10672200471162796,1,1,0,0.32771316170692444,0.958110511302948,0.5236753225326538,6055
2,3,0.5350288152694702,75,ML,Brighton,Manchester City,0,4,2024-04-25,22176,2023,656578,0.27860307693481445,0,3,2,0.5350288152694702,0.7494451999664307,0.20885372161865234,6055
3,4,0.5630214810371399,85,AMC,Manchester City,Aston Villa,4,1,2024-04-03,22204,2023,651186,0.6017105579376221,0,3,3,0.5630214810371399,1.9137591123580933,1.3126384019851685,6055
0,1,0.02258295938372612,63,ML,Manchester City,Arsenal,0,0,2024-03-31,22190,2023,650582,0.053582657128572464,0,1,0,0.02258295938372612,0.16984720528125763,0.09368159621953964,6055
0,2,0.37283074855804443,90,AMR,Liverpool,Manchester City,1,1,2024-03-10,22171,2023,647477,0,0,0,0,0.37283074855804443,0.5138185620307922,0.14098778367042542,6055
2,9,0.8528774976730347,90,AMR,Manchester City,Manchester United,3,1,2024-03-03,22160,2023,645741,0.6800614595413208,0,2,2,0.8528774976730347,1.8467131853103638,0.34208551049232483,6055
1,4,0.7975240349769592,90,AMC,Bournemouth,Manchester City,0,1,2024-02-24,22145,2023,643415,0.18099771440029144,0,4,1,0.7975240349769592,1.2549893856048584,0.4078886806964874,6055
0,6,0.5882660150527954,90,AMR,Manchester City,Brentford,1,0,2024-02-20,22074,2023,642812,0.1741386204957962,0,3,0,0.5882660150527954,1.6683546304702759,1.6073296070098877,6055
0,3,0.15119872987270355,90,MR,Manchester City,Chelsea,1,1,2024-02-17,22140,2023,641982,0.5711879134178162,0,2,0,0.15119872987270355,1.2620693445205688,0.6630039811134338,6055
0,4,0.20133256912231445,90,MR,Manchester City,Everton,2,0,2024-02-10,22130,2023,639878,0,0,0,0,0.20133256912231445,0.29201698303222656,0.10858786106109619,6055
3,6,0.9306743741035461,90,ML,Brentford,Manchester City,1,3,2024-02-05,22117,2023,639648,0.12027306109666824,0,3,3,0.9306743741035461,1.1848763227462769,0.20408129692077637,6055
0,2,0.0964866355061531,79,AMR,Manchester City,Burnley,3,1,2024-01-31,22114,2023,637932,0.0981002002954483,1,1,0,0.0964866355061531,0.19920742511749268,0.05281524732708931,6055
0,6,0.2865028381347656,90,AMR,Newcastle United,Manchester City,2,3,2024-01-13,22100,2023,634966,0.2717705965042114,0,4,0,0.2865028381347656,0.7991564273834229,0.36677566170692444,6055
0,3,0.21421696245670319,90,AMC,Manchester City,Sheffield United,2,0,2023-12-30,22090,2023,633496,1.5661776065826416,2,6,0,0.21421696245670319,1.8244980573654175,1.686476469039917,6055
1,7,0.37144020199775696,90,AMC,Everton,Manchester City,1,3,2023-12-27,22081,2023,633116,0.1271924376487732,0,3,1,0.37144020199775696,0.6660589575767517,0.2586745619773865,6055
0,1,0.014377092942595482,90,AMC,Manchester City,Crystal Palace,2,2,2023-12-16,22061,2023,630305,0.35800138115882874,1,1,0,0.014377092942595482,0.4339785873889923,0.07597721368074417,6055
0,2,0.2676717936992645,90,AMC,Luton,Manchester City,1,2,2023-12-10,22050,2023,629348,0.03700641170144081,0,2,0,0.2676717936992645,1.3359178304672241,1.259080410003662,6055
0,0,0,75,AML,Aston Villa,Manchester City,1,0,2023-12-06,22035,2023,628077,0.3656105101108551,0,1,0,0,0.3656105101108551,0.3656105101108551,6055
1,2,0.6323339939117432,76,AMR,Manchester City,Tottenham,3,3,2023-12-03,22031,2023,627544,0.07452718168497086,0,1,1,0.6323339939117432,1.0242701768875122,0.3174089789390564,6055
0,4,0.17903605103492737,90,AMR,Manchester City,Liverpool,1,1,2023-11-25,22020,2023,624571,0,0,0,0,0.17903605103492737,0.2058427929878235,0.047255780547857285,6055
0,3,0.17716707289218903,90,AMR,Chelsea,Manchester City,4,4,2023-11-12,22009,2023,624162,0.2866228520870209,0,1,0,0.17716707289218903,0.6147509813308716,0.15096105635166168,6055
1,2,0.21087658405303955,40,Sub,Manchester City,Bournemouth,6,1,2023-11-04,22000,2023,621503,0,0,0,1,0.21087658405303955,0.7170594930648804,0.5061829090118408,6055
1,4,1.7047890424728394,90,AMR,Manchester United,Manchester City,0,3,2023-10-29,21992,2023,620742,0,0,0,1,1.7047890424728394,2.4992194175720215,0.7944303154945374,6055
0,1,0.08008679002523422,90,AMR,Manchester City,Brighton,2,1,2023-10-21,21980,2023,618129,0.2692447304725647,0,3,0,0.08008679002523422,0.43705886602401733,0.1343299150466919,6055
0,0,0,90,FWL,Arsenal,Manchester City,1,0,2023-10-08,21965,2023,617313,0.388746052980423,0,2,0,0,0.10000652819871902,0.01802830956876278,6055
0,1,0.06565900146961212,90,AMR,Wolverhampton Wanderers,Manchester City,2,1,2023-09-30,21961,2023,614621,0.10554388910531998,0,3,0,0.06565900146961212,0.2715913951396942,0.2059324085712433,6055
1,1,0.06913430988788605,90,AMR,Manchester City,Nottingham Forest,2,0,2023-09-23,21946,2023,612154,0.05369754508137703,0,1,1,0.06913430988788605,0.6326496601104736,0.6326496601104736,6055
0,5,0.15679976344108582,69,AMR,West Ham,Manchester City,1,3,2023-09-16,21937,2023,610359,0.09295037388801575,0,2,0,0.15679976344108582,1.2590099573135376,1.1172137260437012,6055
0,0,0,90,AML,Manchester City,Fulham,5,1,2023-09-02,21927,2023,608715,0.01786711812019348,1,1,0,0,0.06953159719705582,0.06953159719705582,6055
0,1,0.03651481121778488,1,Sub,Sheffield United,Manchester City,1,2,2023-08-27,22303,2023,607494,0.21408982574939728,1,2,0,0.03651481121778488,0.3950616419315338,0.26377636194229126,6055
0,3,0.2726038098335266,90,AMR,Manchester City,Newcastle United,1,0,2023-08-19,22291,2023,605561,0.7770029306411743,1,7,0,0.2726038098335266,1.093014121055603,0.4320891797542572,6055
0,3,0.26601096987724304,90,AML,Burnley,Manchester City,0,3,2023-08-11,22275,2023,603628,0.09067387133836746,0,2,0,0.26601096987724304,0.4591448903083801,0.3873654901981354,6055
0,1,0.13064666092395782,69,AMC,Werder Bremen,Borussia Dortmund,0,2,2026-05-16,30529,2025,790931,0.014352473430335522,0,1,0,0.13064666092395782,0.5362382531166077,0.39123910665512085,8137
0,1,0.0525212436914444,90,DML,Borussia Dortmund,Eintracht Frankfurt,3,2,2026-05-08,30513,2025,788433,1.03620183467865,2,3,0,0.0525212436914444,1.03620183467865,1.03620183467865,8137
0,0,0,62,DML,Borussia M.Gladbach,Borussia Dortmund,1,0,2026-05-03,30505,2025,788013,0,0,0,0,0,0.11691664904356003,0.11691664904356003,8137
1,2,0.34177738428115845,90,DML,Borussia Dortmund,Freiburg,4,0,2026-04-26,30495,2025,786225,0.70413738489151,0,2,1,0.34177738428115845,1.7633581161499023,0.7800968289375305,8137
0,2,0.09374561905860901,90,AMC,Hoffenheim,Borussia Dortmund,2,1,2026-04-18,30490,2025,783207,0,0,0,0,0.09374561905860901,0.09374561905860901,0,8137
0,0,0,30,Sub,Borussia Dortmund,Bayer Leverkusen,0,1,2026-04-11,30477,2025,781568,0,0,0,0,0,0,0,8137
0,0,0,74,FW,VfB Stuttgart,Borussia Dortmund,0,2,2026-04-04,30473,2025,780285,0,0,0,0,0,0,0,8137
0,5,0.7943194508552551,90,FW,Borussia Dortmund,Hamburger SV,3,2,2026-03-21,30460,2025,778777,0.381069540977478,0,1,0,0.7943194508552551,0.9724211692810059,0.09395146369934082,8137
0,3,0.43133753538131714,87,FW,Borussia Dortmund,Augsburg,2,0,2026-03-14,30451,2025,776665,0.021056966856122017,0,1,0,0.43133753538131714,0.4198881685733795,0,8137
1,3,0.5900866389274597,89,AMC,FC Cologne,Borussia Dortmund,1,2,2026-03-07,30441,2025,775437,0.4726828932762146,1,1,1,0.5900866389274597,0.6214250326156616,0.031338345259428024,8137
0,3,0.2936651408672333,82,AMC,Borussia Dortmund,Bayern Munich,2,3,2026-02-28,30434,2025,773523,0,0,0,0,0.2936651408672333,0.35744577646255493,0.06378063559532166,8137
0,1,0.2836764454841614,66,AMC,RasenBallsport Leipzig,Borussia Dortmund,2,2,2026-02-21,30427,2025,771865,0.015313888899981976,0,1,0,0.2836764454841614,0.2836764454841614,0,8137
1,2,0.24421049654483795,66,AMC,Borussia Dortmund,Mainz 05,4,0,2026-02-13,30415,2025,770036,0.12705086171627045,0,1,1,0.24421049654483795,0.3712613582611084,0,8137
0,3,0.26808878779411316,90,AMC,Wolfsburg,Borussia Dortmund,1,2,2026-02-07,30412,2025,768456,0.1422579437494278,0,1,0,0.26808878779411316,0.4852103590965271,0.1420171856880188,8137
0,0,0,27,Sub,Borussia Dortmund,FC Heidenheim,3,2,2026-02-01,30396,2025,767944,0.2891950309276581,1,1,0,0,0.43018800020217896,0.14099296927452087,8137
1,2,0.2777365744113922,90,AMC,Union Berlin,Borussia Dortmund,0,3,2026-01-24,30394,2025,765831,0.03603103756904602,0,1,1,0.2777365744113922,0.7168303728103638,0.40306276082992554,8137
0,0,0,16,Sub,Borussia Dortmund,St. Pauli,3,2,2026-01-17,30378,2025,764107,0,0,0,0,0,0,0,8137
0,3,0.5115593075752258,68,AMC,Borussia Dortmund,Werder Bremen,3,0,2026-01-13,30369,2025,763449,0.06613042950630188,0,1,0,0.5115593075752258,0.6661887764930725,0.08849900215864182,8137
1,2,0.34472766518592834,77,AMC,Eintracht Frankfurt,Borussia Dortmund,3,3,2026-01-09,30362,2025,762618,0.125852569937706,0,2,1,0.34472766518592834,0.47058022022247314,0,8137
1,4,0.6599847078323364,28,Sub,Borussia Dortmund,Borussia M.Gladbach,2,0,2025-12-19,30351,2025,758763,0.03247255086898804,0,1,1,0.6599847078323364,0.6924572587013245,0,8137
0,0,0,10,Sub,Freiburg,Borussia Dortmund,1,1,2025-12-14,30345,2025,758317,0,0,0,0,0,0,0,8137
0,0,0,7,Sub,Borussia Dortmund,Hoffenheim,2,0,2025-12-07,30335,2025,756914,0,0,0,0,0,0,0,8137
1,3,1.4641767740249634,90,DML,Borussia Dortmund,VfB Stuttgart,3,3,2025-11-22,30316,2025,751871,0.5935699939727783,1,1,1,1.4641767740249634,2.2547054290771484,0.19695870578289032,8137
0,1,0.029981005936861038,67,AMC,Hamburger SV,Borussia Dortmund,1,1,2025-11-08,30309,2025,750124,0.46815383434295654,0,2,0,0.029981005936861038,0.5927315950393677,0.11357863992452621,8137
0,1,0.036898788064718246,76,DML,Augsburg,Borussia Dortmund,0,1,2025-10-31,30296,2025,747947,0,0,0,0,0.036898788064718246,0.0712403804063797,0.03434159606695175,8137
1,3,0.1540164053440094,21,Sub,Borussia Dortmund,FC Cologne,1,0,2025-10-25,30290,2025,746129,0.049791768193244934,0,2,1,0.1540164053440094,0.23343247175216675,0.15729452669620514,8137
0,0,0,15,Sub,Bayern Munich,Borussia Dortmund,2,1,2025-10-18,30278,2025,744462,0,0,0,0,0,0,0,8137
0,0,0,84,AMC,Borussia Dortmund,RasenBallsport Leipzig,1,1,2025-10-04,30271,2025,742343,0.011883648112416267,0,1,0,0,0.028006160631775856,0.028006160631775856,8137
0,0,0,88,FW,Mainz 05,Borussia Dortmund,0,2,2025-09-27,30262,2025,740556,0,0,0,0,0,0.7855573296546936,0.7855573296546936,8137
0,3,0.6614065766334534,69,AMC,Borussia Dortmund,Wolfsburg,1,0,2025-09-21,30259,2025,739720,0,0,0,0,0.6614065766334534,0.5959027409553528,0,8137
1,2,0.584004819393158,80,FWL,FC Heidenheim,Borussia Dortmund,0,2,2025-09-13,30244,2025,736744,0,0,0,1,0.584004819393158,0.9345231652259827,0.3505183458328247,8137
0,0,0,81,AMC,Borussia Dortmund,Union Berlin,3,0,2025-08-31,30240,2025,735970,0.36873137950897217,1,1,0,0,0.5130794644355774,0.1443481147289276,8137
0,0,0,34,AMC,Borussia Dortmund,Borussia M.Gladbach,3,2,2025-04-20,28004,2024,721316,0,0,0,0,0,0,0,8137
1,2,0.5627111792564392,83,FW,Bayern Munich,Borussia Dortmund,2,2,2025-04-12,27996,2024,718865,0.09596285223960876,0,3,1,0.5627111792564392,0.6586740016937256,0,8137
0,2,0.30288413166999817,65,FW,Freiburg,Borussia Dortmund,1,4,2025-04-05,27988,2024,716754,0.46046873927116394,2,3,0,0.30288413166999817,0.7898896932601929,0.02653682790696621,8137
2,4,1.746483325958252,90,FW,Borussia Dortmund,Mainz 05,3,1,2025-03-30,27979,2024,715567,0.17544274032115936,0,2,2,1.746483325958252,1.5879920721054077,1.0268179178237915,8137
0,5,1.6337627172470093,90,AML,RasenBallsport Leipzig,Borussia Dortmund,2,0,2025-03-15,27968,2024,713281,0.06703466176986694,0,1,0,1.6337627172470093,2.25543212890625,0.5546346306800842,8137
0,0,0,24,Sub,Borussia Dortmund,Augsburg,0,1,2025-03-08,27960,2024,711111,0,0,0,0,0,0,0,8137
0,3,0.2561180889606476,90,AML,St. Pauli,Borussia Dortmund,0,2,2025-03-01,27956,2024,709664,0,0,0,0,0.2561180889606476,0.7133728265762329,0.45725470781326294,8137
1,6,1.0516589879989624,90,AML,Borussia Dortmund,Union Berlin,6,0,2025-02-22,27942,2024,708048,0.9695310592651367,1,1,1,1.0516589879989624,2.0211901664733887,0.4027198255062103,8137
0,2,0.07575520128011703,30,Sub,Bochum,Borussia Dortmund,2,0,2025-02-15,27938,2024,706085,0,0,0,0,0.07575520128011703,0.18054771423339844,0.1047925129532814,8137
0,0,0,18,Sub,Borussia Dortmund,VfB Stuttgart,1,2,2025-02-08,27924,2024,704695,0,0,0,0,0,0,0,8137
1,1,0.5399405360221863,31,Sub,FC Heidenheim,Borussia Dortmund,1,2,2025-02-01,27920,2024,703196,0.03583564981818199,0,1,1,0.5399405360221863,0.6038355231285095,0.06389497220516205,8137
0,2,0.19615186750888824,25,Sub,Borussia Dortmund,Werder Bremen,2,2,2025-01-25,27905,2024,701387,0,0,0,0,0.19615186750888824,0.1444307416677475,0,8137
0,0,0,17,Sub,Eintracht Frankfurt,Borussia Dortmund,2,0,2025-01-17,27898,2024,699657,0,0,0,0,0,0.030808480456471443,0.030808480456471443,8137
0,0,0,40,Sub,Holstein Kiel,Borussia Dortmund,4,2,2025-01-14,27894,2024,698990,0.04976479336619377,0,1,0,0,0.10920911282300949,0.05944431945681572,8137
0,2,0.115230031311512,80,FW,Borussia Dortmund,Bayer Leverkusen,2,3,2025-01-10,27878,2024,697864,0.04611832648515701,0,1,0,0.115230031311512,0.10632140934467316,0.033239781856536865,8137
1,3,0.7956444621086121,77,FW,Wolfsburg,Borussia Dortmund,1,3,2024-12-22,27874,2024,695896,0.3388060927391052,1,3,1,0.7956444621086121,1.2016884088516235,0.06723787635564804,8137
0,0,0,47,AMR,Borussia Dortmund,Hoffenheim,1,1,2024-12-15,27860,2024,694473,0,0,0,0,0,0,0,8137
0,1,0.07026614993810654,59,AMR,Borussia M.Gladbach,Borussia Dortmund,1,1,2024-12-07,27854,2024,692460,0,0,0,0,0.07026614993810654,0.14795160293579102,0.07768546044826508,8137
0,1,0.027438681572675705,90,AMR,Borussia Dortmund,Bayern Munich,1,1,2024-11-30,27842,2024,690304,0.27233195304870605,0,1,0,0.027438681572675705,0.27233195304870605,0.27233195304870605,8137
1,2,0.4836535155773163,90,FW,Borussia Dortmund,Freiburg,4,0,2024-11-23,27835,2024,688242,0,0,0,1,0.4836535155773163,0.7526369094848633,0.268983393907547,8137
0,0,0,62,MR,Mainz 05,Borussia Dortmund,3,1,2024-11-09,27828,2024,686500,0,0,0,0,0,0,0,8137
1,3,1.096310019493103,90,MR,Borussia Dortmund,RasenBallsport Leipzig,2,1,2024-11-02,27816,2024,685178,0.45403045415878296,1,3,1,1.096310019493103,0.9314210414886475,0.06939307600259781,8137
0,0,0,24,Sub,Augsburg,Borussia Dortmund,2,1,2024-10-26,27809,2024,682863,0,0,0,0,0,0.017023852095007896,0.017023852095007896,8137
0,0,0,11,Sub,Borussia Dortmund,St. Pauli,2,1,2024-10-18,27798,2024,680829,0.02597009763121605,0,1,0,0,0.02597009763121605,0,8137
0,2,0.4483213722705841,90,AMR,Union Berlin,Borussia Dortmund,2,1,2024-10-05,27791,2024,679380,0.0715617761015892,0,2,0,0.4483213722705841,0.5111407041549683,0.025240633636713028,8137
0,0,0,14,Sub,Borussia Dortmund,Bochum,4,2,2024-09-27,27778,2024,677290,0.10854528099298477,0,1,0,0,0.7660771012306213,0.6575317978858948,8137
0,1,0.08599820733070374,16,Sub,Borussia Dortmund,FC Heidenheim,4,2,2024-09-13,27760,2024,673215,0,0,0,0,0.08599820733070374,0.08599820733070374,0,8137
0,0,0,72,FW,Werder Bremen,Borussia Dortmund,0,0,2024-08-31,27753,2024,671684,0,0,0,0,0,0,0,8137
0,0,0,29,Sub,Borussia Dortmund,Eintracht Frankfurt,2,0,2024-08-24,27748,2024,668302,0.03863631561398506,0,1,0,0,0.12010771036148071,0.08147139102220535,8137
1,4,0.529352605342865,90,AMC,Hoffenheim,Bayern Munich,4,2,2024-05-18,23367,2023,662751,0.4415615499019623,0,1,1,0.529352605342865,0.9884343147277832,0.01752016320824623,8137
2,2,0.7824461460113525,76,FW,Darmstadt,Hoffenheim,0,6,2024-05-12,23361,2023,661236,0,0,0,2,0.7824461460113525,1.3752846717834473,0.5928385853767395,8137
0,1,0.20946966111660004,68,FW,Hoffenheim,RasenBallsport Leipzig,1,1,2024-05-03,23349,2023,658443,0.0327327586710453,0,1,0,0.20946966111660004,0.26017966866493225,0.05070999264717102,8137
0,1,0.05545002967119217,75,FW,Bochum,Hoffenheim,3,2,2024-04-26,23341,2023,656609,0.077788807451725,0,1,0,0.05545002967119217,0.13323883712291718,0,8137
0,3,0.379703551530838,86,FW,Hoffenheim,Borussia M.Gladbach,4,3,2024-04-20,23332,2023,654712,0.7150227427482605,0,4,0,0.379703551530838,1.126415491104126,0.03168914094567299,8137
0,2,0.11430606245994568,90,FW,Mainz 05,Hoffenheim,4,1,2024-04-13,23320,2023,653161,0.03379453718662262,0,1,0,0.11430606245994568,0.09543062746524811,0,8137
0,4,0.5385701060295105,90,FW,Hoffenheim,Augsburg,3,1,2024-04-07,23314,2023,652363,0.07199887186288834,0,1,0,0.5385701060295105,0.5865333676338196,0,8137
1,2,0.3479550778865814,76,FW,Bayer Leverkusen,Hoffenheim,2,1,2024-03-30,23301,2023,649700,0.046500612050294876,0,1,1,0.3479550778865814,0.4741114377975464,0.07965574413537979,8137
0,1,0.0636664479970932,90,AMC,Hoffenheim,VfB Stuttgart,0,3,2024-03-16,23296,2023,648496,0,0,0,0,0.0636664479970932,0.07216140627861023,0.008494958281517029,8137
0,2,0.08332978188991547,90,FW,Eintracht Frankfurt,Hoffenheim,3,1,2024-03-10,23284,2023,647572,0,0,0,0,0.08332978188991547,0.08332978188991547,0,8137
2,5,1.405246615409851,78,AMC,Hoffenheim,Werder Bremen,2,1,2024-03-03,23277,2023,645831,0.4019968807697296,0,2,2,1.405246615409851,1.8603142499923706,0.10904963314533234,8137
2,3,0.6741297841072083,81,FW,Borussia Dortmund,Hoffenheim,2,3,2024-02-25,23270,2023,643974,0,0,0,2,0.6741297841072083,0.7318016290664673,0.057671818882226944,8137
0,4,0.21537494659423828,90,FW,Hoffenheim,Union Berlin,0,1,2024-02-17,23259,2023,641676,0.0331987701356411,0,1,0,0.21537494659423828,0.23203901946544647,0.05384417623281479,8137
0,1,0.06449826061725616,90,FWL,Hoffenheim,FC Cologne,1,1,2024-02-11,23247,2023,640965,0,0,0,0,0.06449826061725616,0.37717798352241516,0.3126797080039978,8137
1,3,0.6572052240371704,90,FW,Wolfsburg,Hoffenheim,2,2,2024-02-04,23239,2023,639249,0.1377415806055069,0,1,1,0.6572052240371704,0.9431090354919434,0.28590381145477295,8137
0,5,0.6252638697624207,80,FW,Hoffenheim,FC Heidenheim,1,1,2024-01-27,23232,2023,636870,0.09305600076913834,0,2,0,0.6252638697624207,0.32074376940727234,0,8137
1,2,0.410379022359848,90,FW,Freiburg,Hoffenheim,3,2,2024-01-20,23220,2023,635754,0.2752339243888855,1,2,1,0.410379022359848,0.7072280049324036,0.021615035831928253,8137
0,5,1.1306573152542114,85,FW,Bayern Munich,Hoffenheim,3,0,2024-01-12,23209,2023,634521,0.030921559780836105,0,1,0,1.1306573152542114,0.6829584836959839,0.059506021440029144,8137
0,1,0.04221607372164726,15,Sub,Hoffenheim,Darmstadt,3,3,2023-12-19,23205,2023,631551,0,0,0,0,0.04221607372164726,0,0,8137
0,0,0,18,Sub,RasenBallsport Leipzig,Hoffenheim,3,1,2023-12-16,23192,2023,630449,0,0,0,0,0,0.0610588975250721,0.0610588975250721,8137
0,2,0.07290011644363403,90,FW,Borussia M.Gladbach,Hoffenheim,2,1,2023-12-02,23177,2023,626585,0.029291702434420586,0,1,0,0.07290011644363403,0.10219182074069977,0,8137
0,3,0.1970956027507782,90,FW,Hoffenheim,Mainz 05,1,1,2023-11-26,23170,2023,625830,0,0,0,0,0.1970956027507782,0.2577943503856659,0.060698747634887695,8137
0,3,0.21217882633209229,90,FW,Augsburg,Hoffenheim,1,1,2023-11-11,23161,2023,623191,0,0,0,0,0.21217882633209229,0.23235151171684265,0.0601479671895504,8137
0,4,0.18803292512893677,90,FW,Hoffenheim,Bayer Leverkusen,2,3,2023-11-04,23152,2023,621315,0,0,0,0,0.18803292512893677,0.18803292512893677,0,8137
0,2,0.6698529124259949,83,FW,VfB Stuttgart,Hoffenheim,2,3,2023-10-28,23145,2023,619734,0,0,0,0,0.6698529124259949,0.737783670425415,0.06793078035116196,8137
1,4,0.50929856300354,70,FW,Hoffenheim,Eintracht Frankfurt,1,3,2023-10-21,23132,2023,617914,0.17511484026908875,0,2,1,0.50929856300354,0.6915019154548645,0.055182576179504395,8137
1,4,0.6767507195472717,86,FW,Werder Bremen,Hoffenheim,2,3,2023-10-07,23124,2023,616697,0,0,0,1,0.6767507195472717,1.240159511566162,0.5634088516235352,8137
0,1,0.049961138516664505,87,FW,Hoffenheim,Borussia Dortmund,1,3,2023-09-29,23110,2023,614145,0.016663704067468643,0,1,0,0.049961138516664505,0.06662484258413315,0,8137
1,3,0.46986207365989685,60,FW,Union Berlin,Hoffenheim,0,2,2023-09-23,23106,2023,611987,0,0,0,1,0.46986207365989685,0.49355119466781616,0.02368910238146782,8137
1,1,0.09374403208494186,90,FW,FC Cologne,Hoffenheim,1,3,2023-09-16,23097,2023,610174,0,0,0,1,0.09374403208494186,0.09374403208494186,0,8137
1,2,0.43543052673339844,72,FW,Hoffenheim,Wolfsburg,3,1,2023-09-02,23085,2023,608528,0,0,0,1,0.43543052673339844,0.43543052673339844,0,8137
1,1,0.4899573028087616,20,Sub,FC Heidenheim,Hoffenheim,2,3,2023-08-26,23078,2023,606765,0.048762716352939606,0,1,1,0.4899573028087616,0.048762716352939606,0,8137
0,1,0.06336528062820435,1,Sub,Hoffenheim,Freiburg,1,2,2023-08-19,23068,2023,604972,0,0,0,0,0.06336528062820435,0.06336528062820435,0,8137
0,1,0.030467713251709938,28,Sub,Real Sociedad,Valencia,3,4,2026-05-17,29521,2025,791848,0.3266158998012543,1,1,0,0.030467713251709938,0.4093897044658661,0.052306097000837326,2234
0,0,0,90,FW,Girona,Real Sociedad,1,1,2026-05-14,29512,2025,790588,0.07402430474758148,0,1,0,0,0.14474743604660034,0.14474743604660034,2234
1,4,0.8625175952911377,90,FW,Real Sociedad,Real Betis,2,2,2026-05-09,29504,2025,789027,0,0,0,0,0.11923999339342117,0.07656383514404297,0,2234
0,0,0,90,FW,Sevilla,Real Sociedad,1,0,2026-05-04,29490,2025,788422,0.05904437229037285,0,1,0,0,0.1347488909959793,0.07570451498031616,2234
2,3,1.2805030345916748,90,FW,Rayo Vallecano,Real Sociedad,3,3,2026-04-26,29475,2025,785993,0.10482396930456161,0,2,1,0.5372253656387329,0.7326121926307678,0.09056280553340912,2234
0,0,0,29,Sub,Real Sociedad,Getafe,0,1,2026-04-22,29487,2025,784651,0,0,0,0,0,0,0,2234
0,3,0.21912337839603424,90,FW,Real Sociedad,Levante,2,0,2026-04-04,29457,2025,779803,0.17728827893733978,0,3,0,0.21912337839603424,0.41868895292282104,0.03662552312016487,2234
0,1,0.30898940563201904,87,FW,Villarreal,Real Sociedad,3,1,2026-03-20,29438,2025,778172,0,0,0,0,0.30898940563201904,0.30898940563201904,0,2234
1,3,1.9016398191452026,90,FW,Real Sociedad,Osasuna,3,1,2026-03-15,29437,2025,777844,0.020426074042916298,0,1,0,1.1583622694015503,1.6514631509780884,0.47267481684684753,2234
1,2,0.10681888461112976,28,Sub,Atletico Madrid,Real Sociedad,3,2,2026-03-07,29419,2025,775412,0,0,0,1,0.10681888461112976,0.10681888461112976,0,2234
0,0,0,85,FW,Mallorca,Real Sociedad,0,1,2026-02-28,29411,2025,773510,0,0,0,0,0,0.43266311287879944,0.43266311287879944,2234
0,1,0.020571283996105194,90,FW,Real Sociedad,Real Oviedo,3,3,2026-02-21,29407,2025,771414,0.5182586908340454,0,3,0,0.020571283996105194,1.0523111820220947,0.5134811997413635,2234
1,3,0.8240871429443359,64,FW,Real Madrid,Real Sociedad,4,1,2026-02-14,29391,2025,770616,0,0,0,0,0.08093743026256561,0.060994312167167664,0,2234
1,2,0.4641709327697754,86,FW,Real Sociedad,Elche,3,1,2026-02-07,29383,2025,769000,0.14713744819164276,0,2,1,0.4641709327697754,0.7910994291305542,0.17979106307029724,2234
0,2,0.8789012432098389,80,FW,Athletic Club,Real Sociedad,1,1,2026-02-01,29376,2025,768112,0,0,0,0,0.8789012432098389,1.0192207098007202,0.14031942188739777,2234
2,2,0.13742133975028992,90,FW,Real Sociedad,Celta Vigo,3,1,2026-01-25,29362,2025,766496,0.5812575817108154,0,2,2,0.13742133975028992,0.8201017379760742,0.5958018898963928,2234
1,2,0.9761120080947876,90,FW,Real Sociedad,Barcelona,2,1,2026-01-18,29350,2025,765049,0,0,0,1,0.9761120080947876,0.9761120080947876,0,2234
0,3,0.4588142931461334,90,FW,Getafe,Real Sociedad,1,2,2026-01-09,29339,2025,762649,0,0,0,0,0.4588142931461334,0.4588142931461334,0,2234
0,3,0.19874875247478485,90,FW,Real Sociedad,Atletico Madrid,1,1,2026-01-04,29332,2025,761965,0.12370238453149796,0,2,0,0.19874875247478485,0.8609768152236938,0.6317033767700195,2234
0,5,0.5584788918495178,90,FW,Levante,Real Sociedad,1,1,2025-12-20,29321,2025,759171,0.06429455429315567,0,1,0,0.5584788918495178,0.5870863199234009,0.041650641709566116,2234
0,3,0.6683984398841858,90,FW,Osasuna,Real Sociedad,1,3,2025-11-22,29282,2025,752288,0.5126993656158447,1,3,0,0.6683984398841858,1.2941697835922241,0.15852417051792145,2234
1,5,0.859919548034668,90,FW,Elche,Real Sociedad,1,1,2025-11-07,29270,2025,749819,0,0,0,0,0.11664193868637085,0.47691869735717773,0.3602767586708069,2234
0,1,0.055953674018383026,90,FW,Real Sociedad,Athletic Club,3,2,2025-11-01,29264,2025,748622,0.9398233294487,1,2,0,0.055953674018383026,0.5727757811546326,0.516822099685669,2234
2,2,0.8120537400245667,90,FW,Real Sociedad,Sevilla,2,1,2025-10-24,29250,2025,745528,0,0,0,1,0.06877612322568893,0.468047559261322,0.3992714285850525,2234
0,3,0.6222377419471741,90,FW,Celta Vigo,Real Sociedad,1,1,2025-10-19,29241,2025,744960,0.0838671326637268,0,2,0,0.6222377419471741,0.7440850138664246,0.6149095892906189,2234
0,6,0.5142067074775696,90,FW,Real Sociedad,Rayo Vallecano,0,1,2025-10-05,29237,2025,743490,0.08160078525543213,0,1,0,0.5142067074775696,0.5427680015563965,0,2234
0,4,0.24132806062698364,90,FW,Barcelona,Real Sociedad,2,1,2025-09-28,29220,2025,741684,0.11566457897424698,0,1,0,0.24132806062698364,0.8929749727249146,0.5725881457328796,2234
1,3,0.9183008074760437,90,FW,Real Sociedad,Mallorca,1,0,2025-09-24,29215,2025,740065,0.36628457903862,0,2,1,0.9183008074760437,1.353071689605713,0.06848622858524323,2234
0,1,0.056997667998075485,90,FW,Real Betis,Real Sociedad,3,1,2025-09-19,29200,2025,738272,0.25815287232398987,0,4,0,0.056997667998075485,0.3591053783893585,0.043954845517873764,2234
1,4,1.5698987245559692,90,FW,Real Sociedad,Real Madrid,1,2,2025-09-13,29195,2025,737031,0.47259020805358887,0,4,0,0.8266211152076721,1.1860301494598389,0.0815771222114563,2234
0,4,0.3183938264846802,84,FW,Real Oviedo,Real Sociedad,1,0,2025-08-30,29182,2025,735368,0.026042725890874863,0,1,0,0.3183938264846802,0.2477673441171646,0.04152781888842583,2234
0,1,0.08720529824495316,76,FW,Real Sociedad,Espanyol,2,2,2025-08-24,29174,2025,734274,0.44065961241722107,1,2,0,0.08720529824495316,0.527864933013916,0.44065961241722107,2234
0,2,0.0759744867682457,90,FW,Valencia,Real Sociedad,1,1,2025-08-16,29162,2025,732119,0.46319636702537537,0,1,0,0.0759744867682457,0.5757940411567688,0.03662319853901863,2234
0,0,0,18,Sub,Real Madrid,Real Sociedad,2,0,2025-05-24,27355,2024,729648,0.025040607899427414,0,1,0,0,0.025040607899427414,0.025040607899427414,2234
1,3,1.1114181280136108,90,FW,Real Sociedad,Girona,3,2,2025-05-18,27347,2024,728757,0.07807324081659317,1,1,0,0.36814048886299133,0.6428564786911011,0.19664275646209717,2234
0,4,0.7367060780525208,89,FW,Real Sociedad,Celta Vigo,0,1,2025-05-13,27337,2024,727199,0,0,0,0,0.7367060780525208,1.0953441858291626,0.641744077205658,2234
0,0,0,48,FW,Atletico Madrid,Real Sociedad,4,0,2025-05-10,27323,2024,726108,0,0,0,0,0,0,0,2234
0,2,0.10739421099424362,90,FW,Real Sociedad,Athletic Club,0,0,2025-05-04,27315,2024,725190,0,0,0,0,0.10739421099424362,0.10739421099424362,0,2234
0,0,0,90,FW,Alaves,Real Sociedad,1,0,2025-04-23,27310,2024,722079,0,0,0,0,0,0,0,2234
2,2,1.6301630735397339,90,FW,Villarreal,Real Sociedad,2,2,2025-04-20,27298,2024,721181,0,0,0,1,0.8868854641914368,1.5114303827285767,0.6245449185371399,2234
0,1,0.03664025664329529,90,FW,Real Sociedad,Mallorca,0,2,2025-04-12,27290,2024,718389,0.049128394573926926,0,1,0,0.03664025664329529,0.06488573551177979,0.01575734280049801,2234
1,1,0.5867406129837036,65,FW,Las Palmas,Real Sociedad,1,3,2025-04-06,27274,2024,717381,0.01805983856320381,0,1,1,0.5867406129837036,1.3019049167633057,0.7151642441749573,2234
1,2,0.4210706055164337,75,FW,Real Sociedad,Real Valladolid,2,1,2025-03-29,27265,2024,714561,0.029123254120349884,0,1,1,0.4210706055164337,0.6522339582443237,0.23116335272789001,2234
0,0,0,26,Sub,Rayo Vallecano,Real Sociedad,2,2,2025-03-16,27254,2024,714206,0,0,0,0,0,0,0,2234
0,0,0,29,Sub,Real Sociedad,Sevilla,0,1,2025-03-09,27247,2024,712377,0.03222130611538887,0,1,0,0,0.03222130611538887,0,2234
0,1,0.4550797939300537,21,Sub,Real Sociedad,Leganes,3,0,2025-02-23,27230,2024,708915,0,0,0,0,0.4550797939300537,0.4550797939300537,0,2234
0,0,0,62,FW,Real Betis,Real Sociedad,3,0,2025-02-16,27218,2024,707256,0.019658664241433144,0,1,0,0,0.03047105297446251,0.01081238966435194,2234
0,0,0,27,Sub,Real Sociedad,Espanyol,2,1,2025-02-09,27202,2024,705570,0,0,0,0,0,0.5508009791374207,0.5508009791374207,2234
0,2,0.1209687888622284,80,FW,Osasuna,Real Sociedad,2,1,2025-02-02,27195,2024,704308,0.7290456295013428,0,2,0,0.1209687888622284,0.8500144481658936,0.077020563185215,2234
0,1,0.4556003510951996,73,FW,Real Sociedad,Getafe,0,3,2025-01-26,27188,2024,702088,0,0,0,0,0.4556003510951996,0.4556003510951996,0,2234
0,0,0,13,Sub,Valencia,Real Sociedad,1,0,2025-01-19,27179,2024,700965,0,0,0,0,0,0,0,2234
0,0,0,83,FW,Real Sociedad,Villarreal,1,0,2025-01-13,27164,2024,698911,0.5631883144378662,1,1,0,0,0.5857000946998596,0.022511787712574005,2234
0,1,0.07583930343389511,65,FW,Celta Vigo,Real Sociedad,2,0,2024-12-21,27154,2024,695380,0,0,0,0,0.07583930343389511,0.07583930343389511,0,2234
0,1,0.4336431920528412,86,FW,Real Sociedad,Las Palmas,0,0,2024-12-15,27151,2024,694568,0,0,0,0,0.4336431920528412,0.5781886577606201,0.14454546570777893,2234
1,3,0.2782236337661743,90,FW,Leganes,Real Sociedad,0,3,2024-12-08,27133,2024,692676,0.6356947422027588,0,1,1,0.2782236337661743,0.9139183759689331,0,2234
1,1,0.7432776093482971,76,FW,Real Sociedad,Real Betis,2,0,2024-12-01,27130,2024,691174,0,0,0,0,0,0,0,2234
0,1,0.05453548952937126,90,FW,Athletic Club,Real Sociedad,1,0,2024-11-24,27112,2024,689483,0,0,0,0,0.05453548952937126,0,0,2234
0,3,0.6863511800765991,65,FW,Real Sociedad,Barcelona,1,0,2024-11-10,27108,2024,687746,0,0,0,0,0.6863511800765991,0.713695228099823,0.027344102039933205,2234
1,2,0.8567854762077332,82,FW,Sevilla,Real Sociedad,0,2,2024-11-03,27100,2024,685909,0,0,0,0,0.11350786685943604,0.11350786685943604,0,2234
0,0,0,74,MR,Real Sociedad,Osasuna,0,2,2024-10-27,27088,2024,684101,0.584037721157074,0,1,0,0,0.6380309462547302,0.05399318411946297,2234
1,4,0.533238410949707,81,MR,Girona,Real Sociedad,0,1,2024-10-19,27076,2024,681614,0.08388879150152206,0,1,1,0.533238410949707,0.9606446027755737,0.7791517376899719,2234
0,3,0.20155200362205505,90,FW,Real Sociedad,Atletico Madrid,1,1,2024-10-06,27067,2024,680703,0.016848329454660416,1,1,0,0.20155200362205505,0.21840032935142517,0,2234
0,0,0,62,FW,Real Sociedad,Valencia,3,0,2024-09-28,27055,2024,678088,0,0,0,0,0,0.027123400941491127,0.027123400941491127,2234
0,2,0.5098938941955566,27,Sub,Real Valladolid,Real Sociedad,0,0,2024-09-21,27039,2024,675335,0,0,0,0,0.5098938941955566,0.6105105876922607,0.10061666369438171,2234
0,0,0,62,FW,Mallorca,Real Sociedad,1,0,2024-09-17,27045,2024,675016,0,0,0,0,0,0,0,2234
0,1,0.07892444729804993,28,FW,Real Sociedad,Alaves,1,2,2024-08-28,27008,2024,669518,0,0,0,0,0.07892444729804993,0.07892444729804993,0,2234
0,0,0,70,FW,Espanyol,Real Sociedad,0,1,2024-08-24,26997,2024,668631,0.03748998045921326,0,1,0,0,0.4820549786090851,0.4445649981498718,2234
0,2,0.1823752224445343,84,FW,Real Sociedad,Rayo Vallecano,1,2,2024-08-18,26988,2024,667108,0,0,0,0,0.1823752224445343,0.33400771021842957,0.15163250267505646,2234
0,0,0,19,Sub,Real Sociedad,Atletico Madrid,0,2,2024-05-25,23061,2023,664468,0,0,0,0,0,0,0,2234
0,2,0.2759193480014801,90,FW,Real Betis,Real Sociedad,0,2,2024-05-19,23048,2023,663702,0.4233786463737488,1,1,0,0.2759193480014801,0.5546858906745911,0,2234
0,0,0,14,Sub,Real Sociedad,Valencia,1,0,2024-05-16,23037,2023,662380,0,0,0,0,0,0,0,2234
0,1,0.022570239380002022,90,AMC,Barcelona,Real Sociedad,2,0,2024-05-13,23027,2023,661831,0,0,0,0,0.022570239380002022,0.10513118654489517,0.0825609490275383,2234
0,1,0.4479430019855499,90,ML,Real Sociedad,Las Palmas,2,0,2024-05-04,23023,2023,658623,0.019954867660999298,0,1,0,0.4479430019855499,0.6580809950828552,0.2101379781961441,2234
0,2,0.17380593717098236,90,FW,Real Sociedad,Real Madrid,0,1,2024-04-26,23014,2023,656687,0.043558355420827866,0,1,0,0.17380593717098236,0.21736429631710052,0,2234
0,0,0,90,FW,Getafe,Real Sociedad,1,1,2024-04-21,22998,2023,655252,0,0,0,0,0,0,0,2234
1,2,0.6840947270393372,80,FW,Real Sociedad,Almeria,2,2,2024-04-14,22991,2023,654216,0.30511897802352905,0,1,1,0.6840947270393372,1.0374932289123535,0.14727766811847687,2234
0,2,0.11912614852190018,73,FW,Alaves,Real Sociedad,0,1,2024-03-31,22980,2023,650688,0,0,0,0,0.11912614852190018,0.1526125818490982,0.03348642960190773,2234
0,2,0.6916559338569641,77,FW,Real Sociedad,Cadiz,2,0,2024-03-15,22970,2023,647997,0.376985102891922,1,2,0,0.6916559338569641,0.928998589515686,0.0989982932806015,2234
0,0,0,77,ML,Granada,Real Sociedad,2,3,2024-03-09,22959,2023,646926,0.06401956081390381,0,1,0,0,0.06401956081390381,0,2234
0,1,0.04374999552965164,90,ML,Girona,Real Sociedad,0,0,2024-02-03,22907,2023,638907,0,0,0,0,0.04374999552965164,0.06975466012954712,0.026004666462540627,2234
0,0,0,26,Sub,Real Sociedad,Rayo Vallecano,0,0,2024-01-27,22903,2023,636689,0.048521045595407486,0,1,0,0,0.048521045595407486,0,2234
0,0,0,21,Sub,Celta Vigo,Real Sociedad,0,1,2024-01-20,22885,2023,636090,0,0,0,0,0,0,0,2234
1,2,0.6762083768844604,90,FW,Athletic Club,Real Sociedad,2,1,2024-01-13,22876,2023,634941,0,0,0,1,0.6762083768844604,0.6740512847900391,0.051280755549669266,2234
0,1,0.14088164269924164,90,FWL,Real Sociedad,Alaves,1,1,2024-01-02,22874,2023,633830,0.04022674635052681,0,1,0,0.14088164269924164,0.0857548713684082,0.04552812501788139,2234
0,1,0.01842259243130684,90,ML,Cadiz,Real Sociedad,0,0,2023-12-21,22858,2023,632203,0,0,0,0,0.01842259243130684,0.07488971948623657,0.07488971948623657,2234
0,3,0.20036311447620392,75,FWL,Real Sociedad,Real Betis,0,0,2023-12-17,22851,2023,631048,0.08018758147954941,0,2,0,0.20036311447620392,0.21877264976501465,0,2234
0,0,0,11,Sub,Osasuna,Real Sociedad,1,1,2023-12-02,22828,2023,626930,0,0,0,0,0,0,0,2234
0,0,0,13,Sub,Real Sociedad,Sevilla,2,1,2023-11-26,22818,2023,625711,0.03770729526877403,0,2,0,0,0.03770729526877403,0,2234
1,3,0.8460488319396973,68,FW,Almeria,Real Sociedad,1,3,2023-11-11,22805,2023,623342,0,0,0,1,0.8460488319396973,0.18189311027526855,0.0778154656291008,2234
0,1,0.28970131278038025,84,FW,Real Sociedad,Barcelona,0,1,2023-11-04,22800,2023,621895,0,0,0,0,0.28970131278038025,0.41665107011795044,0.12694977223873138,2234
2,3,1.2430413961410522,90,FW,Rayo Vallecano,Real Sociedad,2,2,2023-10-29,22790,2023,620714,0.17321856319904327,0,4,1,0.4997637867927551,0.5760087370872498,0,2234
0,2,0.8798768520355225,85,FW,Real Sociedad,Mallorca,1,0,2023-10-21,22781,2023,617790,0,0,0,0,0.8798768520355225,0.9757117629051208,0.09583493322134018,2234
1,4,0.6835089325904846,90,FW,Atletico Madrid,Real Sociedad,2,1,2023-10-08,22765,2023,617219,0,0,0,1,0.6835089325904846,0.6835089325904846,0.020869974046945572,2234
1,1,0.6397347450256348,25,Sub,Real Sociedad,Athletic Club,3,0,2023-09-30,22762,2023,615069,0,0,0,1,0.6397347450256348,0.6397347450256348,0,2234
0,0,0,90,FWR,Valencia,Real Sociedad,0,1,2023-09-27,22752,2023,613882,0,0,0,0,0,0,0,2234
2,2,1.2001523971557617,22,Sub,Real Sociedad,Getafe,4,3,2023-09-24,22743,2023,612651,0,0,0,1,0.456874817609787,0.4759163558483124,0.01904154382646084,2234
0,1,0.33278894424438477,83,FW,Real Madrid,Real Sociedad,2,1,2023-09-17,22729,2023,611514,0.03225107863545418,0,1,0,0.33278894424438477,0.43735387921333313,0.0723138377070427,2234
0,0,0,83,FW,Real Sociedad,Granada,5,3,2023-09-02,22724,2023,608401,0.362926721572876,1,1,0,0,0.46344244480133057,0.1005157083272934,2234
0,2,0.17513994872570038,44,Sub,Las Palmas,Real Sociedad,0,0,2023-08-25,22705,2023,606520,0,0,0,0,0.17513994872570038,0.17513994872570038,0,2234
0,0,0,21,Sub,Real Sociedad,Celta Vigo,1,1,2023-08-19,22697,2023,605193,0.12175643444061279,0,1,0,0,0.12175643444061279,0,2234
0,1,0.35796937346458435,79,FWL,Real Sociedad,Girona,1,1,2023-08-12,22687,2023,603883,0.06128394603729248,0,1,0,0.35796937346458435,0.45090070366859436,0.03164737671613693,2234
0,0,0,27,Sub,Alaves,Barcelona,1,0,2026-05-13,29508,2025,790527,0,0,0,0,0,0,0,6441
1,2,0.8503867983818054,79,FW,Barcelona,Real Madrid,2,0,2026-05-10,29500,2025,789679,0.17227931320667267,0,1,1,0.8503867983818054,1.022666096687317,0,6441
1,2,0.4101141095161438,28,Sub,Osasuna,Barcelona,1,2,2026-05-02,29488,2025,787460,0,0,0,1,0.4101141095161438,0.5067708492279053,0.09665673226118088,6441
0,1,0.04687764495611191,90,FW,Barcelona,Celta Vigo,1,0,2026-04-22,29479,2025,784741,0.16067002713680267,0,2,0,0.04687764495611191,0.2876884341239929,0.08014076948165894,6441
2,2,0.8227093815803528,77,FW,Barcelona,Espanyol,4,1,2026-04-11,29459,2025,781846,0.14261604845523834,0,2,2,0.8227093815803528,1.1651941537857056,0.8469266891479492,6441
0,3,0.2702426612377167,37,Sub,Atletico Madrid,Barcelona,1,2,2026-04-04,29449,2025,780405,0,0,0,0,0.2702426612377167,0.3730754852294922,0.1395389884710312,6441
0,1,0.030672254040837288,41,Sub,Barcelona,Rayo Vallecano,1,0,2026-03-22,29441,2025,779091,0,0,0,0,0.030672254040837288,0.10407765209674835,0.10407765209674835,6441
0,1,0.03868226334452629,65,FW,Athletic Club,Barcelona,0,1,2026-03-07,29418,2025,775531,0,0,0,0,0.03868226334452629,0,0,6441
0,1,0.22627940773963928,69,FW,Barcelona,Villarreal,4,1,2026-02-28,29408,2025,773340,0,0,0,0,0.22627940773963928,0.8936803936958313,0.6674009561538696,6441
0,1,0.2611691355705261,20,Sub,Barcelona,Levante,3,0,2026-02-22,29401,2025,772281,0,0,0,0,0.2611691355705261,0.29508844017982483,0.033919304609298706,6441
0,2,0.10759134590625763,75,FW,Girona,Barcelona,2,1,2026-02-16,29395,2025,771151,0,0,0,0,0.10759134590625763,0.08519297093153,0,6441
0,0,0,20,Sub,Barcelona,Mallorca,3,0,2026-02-07,29381,2025,768755,0,0,0,0,0,0.3739352822303772,0.3739352822303772,6441
1,8,3.015413284301758,65,FW,Elche,Barcelona,1,3,2026-01-31,29373,2025,767500,0,0,0,1,3.015413284301758,3.172567844390869,0.1571546047925949,6441
0,1,0.06899714469909668,69,FW,Real Sociedad,Barcelona,2,1,2026-01-18,29350,2025,765065,0,0,0,0,0.06899714469909668,0.22109989821910858,0.1521027535200119,6441
0,1,0.26225918531417847,68,FW,Espanyol,Barcelona,0,2,2026-01-03,29333,2025,761342,0,0,0,0,0.26225918531417847,0.03423478826880455,0.03423478826880455,6441
0,2,0.6630656719207764,64,FW,Villarreal,Barcelona,0,2,2025-12-21,29325,2025,759632,0,0,0,0,0.6630656719207764,0.6630656719207764,0.08744889497756958,6441
0,2,0.5418058633804321,90,FW,Barcelona,Osasuna,2,0,2025-12-13,29310,2025,757809,0.08507266640663147,0,1,0,0.5418058633804321,0.6417040824890137,0.014825562946498394,6441
3,5,1.4889516830444336,90,FW,Real Betis,Barcelona,3,5,2025-12-06,29302,2025,756272,0.02987484820187092,0,1,3,1.4889516830444336,1.9144260883331299,0.3955995738506317,6441
1,1,0.5775237679481506,18,Sub,Barcelona,Atletico Madrid,3,1,2025-12-02,29342,2025,755028,0,0,0,1,0.5775237679481506,0.5775237679481506,0,6441
0,0,0,27,Sub,Barcelona,Alaves,3,1,2025-11-29,29294,2025,753732,0.10328644514083862,0,1,0,0,0.10328644514083862,0,6441
2,3,0.7213181257247925,90,FWL,Barcelona,Athletic Club,4,0,2025-11-22,29284,2025,752091,0.16303473711013794,0,3,2,0.7213181257247925,0.8843528628349304,0,6441
0,0,0,1,Sub,Celta Vigo,Barcelona,2,4,2025-11-09,29274,2025,751457,0,0,0,0,0,0,0,6441
1,3,1.0450817346572876,90,FW,Barcelona,Elche,3,1,2025-11-02,29260,2025,749399,0.6521828770637512,0,2,1,1.0450817346572876,1.7648450136184692,0.10412514954805374,6441
0,2,0.12697702646255493,80,FW,Real Madrid,Barcelona,2,1,2025-10-26,29254,2025,746835,0.025799687951803207,0,1,0,0.12697702646255493,0.15277671813964844,0,6441
0,0,0,77,AML,Sevilla,Barcelona,4,1,2025-10-05,29233,2025,743257,0,0,0,0,0,0.40963053703308105,0.40963053703308105,6441
0,0,0,10,Sub,Barcelona,Real Sociedad,2,1,2025-09-28,29220,2025,741670,0.6307694315910339,0,1,0,0,0.6307694315910339,0,6441
0,6,0.40547311305999756,90,FW,Real Oviedo,Barcelona,1,3,2025-09-25,29213,2025,740177,0.05223209783434868,0,1,0,0.40547311305999756,0.42084604501724243,0.15590505301952362,6441
2,4,1.2894113063812256,63,FWL,Barcelona,Getafe,3,0,2025-09-21,29199,2025,739784,0,0,0,2,1.2894113063812256,2.0068976879119873,0.7174863219261169,6441
0,5,1.0367188453674316,69,FW,Barcelona,Valencia,6,0,2025-09-14,29194,2025,738034,0.0917203277349472,1,2,0,1.0367188453674316,1.7460483312606812,0.6176091432571411,6441
0,0,0,82,FW,Rayo Vallecano,Barcelona,1,1,2025-08-31,29188,2025,736331,0.07298558950424194,0,1,0,0,0.07298558950424194,0,6441
1,5,1.5015840530395508,90,FW,Levante,Barcelona,2,3,2025-08-23,29171,2025,733756,0.11709695309400558,0,2,1,1.5015840530395508,1.4266594648361206,0.1424787938594818,6441
1,3,0.2814938724040985,76,FW,Mallorca,Barcelona,0,3,2025-08-16,29160,2025,732057,0.0831293910741806,0,1,1,0.2814938724040985,0.3646232485771179,0,6441
0,4,0.9158909916877747,90,FW,Barcelona,Real Madrid,4,3,2025-05-11,27324,2024,726733,1.1099368333816528,3,3,0,0.9158909916877747,1.5722330808639526,0.08326826244592667,6441
0,4,0.21485371887683868,77,FW,Barcelona,Mallorca,1,0,2025-04-22,27305,2024,721781,0.07931023836135864,0,2,0,0.21485371887683868,0.4836237132549286,0.2572004795074463,6441
1,3,0.11268067359924316,60,FWL,Barcelona,Celta Vigo,4,3,2025-04-19,27292,2024,720497,0.046922896057367325,0,1,1,0.11268067359924316,0.2153274565935135,0.055723886936903,6441
0,1,0.08543280512094498,20,Sub,Leganes,Barcelona,0,1,2025-04-12,27288,2024,719056,0.061586420983076096,0,1,0,0.08543280512094498,0.20375746488571167,0.0567382387816906,6441
0,1,0.5684655904769897,60,FWL,Barcelona,Real Betis,1,1,2025-04-05,27272,2024,717240,0.2841140329837799,1,1,0,0.5684655904769897,0.9294604659080505,0.07688082009553909,6441
1,1,0.11232093721628189,21,Sub,Barcelona,Girona,4,1,2025-03-30,27270,2024,715446,0.11832139641046524,0,1,1,0.11232093721628189,0.23064233362674713,0,6441
1,4,1.8408020734786987,73,FW,Barcelona,Osasuna,3,0,2025-03-27,27244,2024,714406,0,0,0,1,1.8408020734786987,1.836747646331787,0.08224406093358994,6441
2,2,0.4322932958602905,21,Sub,Atletico Madrid,Barcelona,2,4,2025-03-16,27252,2024,714394,0,0,0,2,0.4322932958602905,0.4563239812850952,0.02403070591390133,6441
0,4,0.4417753517627716,29,Sub,Barcelona,Real Sociedad,4,0,2025-03-02,27232,2024,710391,0.10269569605588913,0,1,0,0.4417753517627716,0.337334007024765,0.023652512580156326,6441
1,1,0.29789865016937256,5,Sub,Las Palmas,Barcelona,0,2,2025-02-22,27226,2024,708224,0,0,0,1,0.29789865016937256,0.29789865016937256,0,6441
0,0,0,7,Sub,Barcelona,Rayo Vallecano,1,0,2025-02-17,27214,2024,707307,0,0,0,0,0,0,0,6441
0,1,0.031372539699077606,17,Sub,Barcelona,Alaves,1,0,2025-02-02,27200,2024,703896,0,0,0,0,0.031372539699077606,0.031372539699077606,0,6441
1,6,1.9092450141906738,90,FW,Barcelona,Valencia,7,1,2025-01-26,27184,2024,702427,0,0,0,1,1.9092450141906738,2.5506765842437744,0.6414315104484558,6441
0,0,0,7,Sub,Getafe,Barcelona,1,1,2025-01-18,27177,2024,700350,0,0,0,0,0,0.32564273476600647,0.32564273476600647,6441
0,0,0,25,Sub,Barcelona,Atletico Madrid,1,2,2024-12-21,27160,2024,695554,0.6891463994979858,0,2,0,0,0.6033554077148438,0,6441
0,0,0,19,Sub,Barcelona,Leganes,0,1,2024-12-15,27143,2024,694689,0.35232022404670715,0,1,0,0,0.35232022404670715,0,6441
1,1,0.4082649350166321,27,Sub,Real Betis,Barcelona,2,2,2024-12-07,27139,2024,692275,0,0,0,1,0.4082649350166321,0.4082649350166321,0,6441
1,5,0.9759677648544312,75,FW,Mallorca,Barcelona,1,5,2024-12-03,27167,2024,691317,0.030836569145321846,0,1,1,0.9759677648544312,1.006804347038269,0.030836569145321846,6441
0,3,0.1864701211452484,29,Sub,Barcelona,Las Palmas,1,2,2024-11-30,27122,2024,689750,0.1493697315454483,0,2,0,0.1864701211452484,0.4232662618160248,0.14741691946983337,6441
0,0,0,5,AML,Alaves,Barcelona,0,3,2024-10-06,27064,2024,680319,0,0,0,0,0,0,0,6441
0,2,0.32283633947372437,90,FWR,Osasuna,Barcelona,4,2,2024-09-28,27056,2024,678287,0.03963301703333855,1,1,0,0.32283633947372437,0.24541501700878143,0.11829912662506104,6441
0,0,0,26,Sub,Barcelona,Getafe,1,0,2024-09-25,27043,2024,677068,0,0,0,0,0,0,0,6441
0,0,0,17,Sub,Girona,Barcelona,1,4,2024-09-15,27028,2024,674514,0,0,0,0,0,0.08876015990972519,0.08876015990972519,6441
1,1,0.4119284749031067,14,Sub,Barcelona,Real Valladolid,7,0,2024-08-31,27012,2024,671917,0.4376397430896759,1,1,1,0.4119284749031067,0.8495681881904602,0,6441
0,2,0.09760095924139023,50,AML,Rayo Vallecano,Barcelona,1,2,2024-08-27,27004,2024,669438,0,0,0,0,0.09760095924139023,0.06676055490970612,0,6441
0,1,0.01895844377577305,69,AML,Barcelona,Athletic Club,2,1,2024-08-24,26995,2024,668425,0,0,0,0,0.01895844377577305,0.04842904955148697,0.04842904955148697,6441
0,1,0.29734405875205994,70,AML,Valencia,Barcelona,1,2,2024-08-17,26987,2024,666754,0.054322801530361176,0,1,0,0.29734405875205994,0.49480485916137695,0.19746080040931702,6441
0,0,0,25,Sub,Sevilla,Barcelona,1,2,2024-05-26,23062,2023,664959,0.12661685049533844,0,2,0,0,0.12661685049533844,0,6441
0,1,0.016266826540231705,74,FWL,Almeria,Barcelona,0,2,2024-05-16,23035,2023,662360,0.07791350781917572,0,2,0,0.016266826540231705,0.062596395611763,0.062596395611763,6441
0,1,0.09695462882518768,13,Sub,Barcelona,Real Sociedad,2,0,2024-05-13,23027,2023,661819,0,0,0,0,0.09695462882518768,0.09695462882518768,0,6441
0,0,0,6,Sub,Girona,Barcelona,4,2,2024-05-04,23019,2023,659107,0,0,0,0,0,0,0,6441
0,2,0.09067791700363159,1,Sub,Barcelona,Valencia,4,2,2024-04-29,23006,2023,658354,0,0,0,0,0.09067791700363159,0.05056259036064148,0,6441
0,0,0,19,Sub,Real Madrid,Barcelona,3,2,2024-04-21,23000,2023,655900,0,0,0,0,0,0,0,6441
0,1,0.06279535591602325,90,FWR,Cadiz,Barcelona,0,1,2024-04-13,22992,2023,653645,0.10861851274967194,0,2,0,0.06279535591602325,0.18707355856895447,0.04365420341491699,6441
0,0,0,15,Sub,Barcelona,Las Palmas,1,0,2024-03-30,22976,2023,650152,0,0,0,0,0,0.6659959554672241,0.6659959554672241,6441
0,0,0,6,FWL,Barcelona,Osasuna,1,0,2024-01-31,22878,2023,637905,0,0,0,0,0,0.02158493548631668,0.02158493548631668,6441
0,2,0.47997504472732544,31,Sub,Barcelona,Villarreal,3,5,2024-01-27,22896,2023,637061,0,0,0,0,0.47997504472732544,0.6718838810920715,0.1919088512659073,6441
3,5,1.6789498329162598,90,FWL,Real Betis,Barcelona,2,4,2024-01-21,22891,2023,636391,0.10302115976810455,1,2,3,1.6789498329162598,2.458784580230713,0.7798346877098083,6441
1,2,0.10726787894964218,82,FWL,Las Palmas,Barcelona,1,2,2024-01-04,22870,2023,634123,0,0,0,1,0.10726787894964218,0.10726787894964218,0,6441
0,3,0.24666069447994232,41,Sub,Barcelona,Almeria,3,2,2023-12-20,22863,2023,631674,0,0,0,0,0.24666069447994232,0.6942346692085266,0.5871565341949463,6441
0,1,0.4869112968444824,15,Sub,Valencia,Barcelona,1,1,2023-12-16,22850,2023,630631,0,0,0,0,0.4869112968444824,0.4869112968444824,0,6441
0,1,0.013073185458779335,22,Sub,Barcelona,Girona,2,4,2023-12-10,22835,2023,629788,0.20255732536315918,1,2,0,0.013073185458779335,0.43382319808006287,0.2181926667690277,6441
0,0,0,10,Sub,Barcelona,Atletico Madrid,1,0,2023-12-03,22830,2023,627762,0.08353109657764435,0,1,0,0,0.08353109657764435,0.08353109657764435,6441
0,1,0.21557380259037018,57,AML,Rayo Vallecano,Barcelona,1,1,2023-11-25,22822,2023,624617,0.15157924592494965,0,3,0,0.21557380259037018,0.27335530519485474,0,6441
0,0,0,19,Sub,Barcelona,Alaves,2,1,2023-11-12,22814,2023,624061,0,0,0,0,0,0,0,6441
0,2,0.10070484131574631,33,Sub,Real Sociedad,Barcelona,0,1,2023-11-04,22800,2023,621913,0.061149146407842636,0,1,0,0.10070484131574631,0.5285583734512329,0.36670440435409546,6441
0,0,0,63,FW,Barcelona,Real Madrid,1,2,2023-10-28,22787,2023,619938,0.040702082216739655,0,1,0,0,0.040702082216739655,0.040702082216739655,6441
0,1,0.07123290747404099,90,FWR,Barcelona,Athletic Club,1,0,2023-10-22,22777,2023,619190,0.10109786689281464,0,1,0,0.07123290747404099,0.2258678674697876,0.05353708565235138,6441
0,4,0.8009408116340637,90,FW,Granada,Barcelona,2,2,2023-10-08,22771,2023,617594,0.22074462473392487,0,4,0,0.8009408116340637,0.4009087085723877,0.10601192712783813,6441
0,1,0.0893414095044136,18,Sub,Barcelona,Sevilla,1,0,2023-09-29,22757,2023,614178,0,0,0,0,0.0893414095044136,0.0893414095044136,0,6441
0,1,0.38973698019981384,65,FW,Mallorca,Barcelona,2,2,2023-09-26,22749,2023,613535,0.2857448160648346,0,1,0,0.38973698019981384,0.8131091594696045,0.13762733340263367,6441
0,3,0.3798081874847412,75,FWR,Barcelona,Celta Vigo,3,2,2023-09-23,22737,2023,612366,0.04130728915333748,0,2,0,0.3798081874847412,0.5192182064056396,0.22236861288547516,6441
1,3,0.2738153636455536,67,FWR,Barcelona,Real Betis,5,0,2023-09-16,22726,2023,610807,0.1345490664243698,0,1,1,0.2738153636455536,0.9719889163970947,0.6339408159255981,6441
0,0,0,29,Sub,Osasuna,Barcelona,1,2,2023-09-03,22722,2023,609895,0,0,0,0,0,0,0,6441
1,2,0.18554356694221497,21,Sub,Villarreal,Barcelona,3,4,2023-08-27,22710,2023,607741,0.3304894268512726,0,1,1,0.18554356694221497,0.6751962304115295,0.15916326642036438,6441
1,1,0.36069637537002563,1,Sub,Barcelona,Cadiz,2,0,2023-08-20,22701,2023,606127,0,0,0,1,0.36069637537002563,0.36069637537002563,0,6441
0,0,0,50,FW,Eintracht Frankfurt,VfB Stuttgart,2,2,2026-05-16,30524,2025,790949,0.15014179050922394,0,2,0,0,0.15014179050922394,0,8056
0,0,0,80,FW,Borussia Dortmund,Eintracht Frankfurt,3,2,2026-05-08,30513,2025,788454,0.04136352241039276,0,2,0,0,0.09732837975025177,0.08227192610502243,8056
0,0,0,90,ML,Eintracht Frankfurt,Hamburger SV,1,2,2026-05-02,30506,2025,787040,0,0,0,0,0,0.07310960441827774,0.07310960441827774,8056
0,2,0.07448743283748627,90,FW,Augsburg,Eintracht Frankfurt,1,1,2026-04-25,30494,2025,785468,0.040139731019735336,0,1,0,0.07448743283748627,0.17971253395080566,0.0781586691737175,8056
0,3,0.14428576827049255,90,AMC,Eintracht Frankfurt,RasenBallsport Leipzig,1,3,2026-04-18,30488,2025,783468,0.08191920071840286,0,2,0,0.14428576827049255,0.33596932888031006,0.1571515053510666,8056
1,2,0.8774141669273376,90,FWL,Wolfsburg,Eintracht Frankfurt,1,2,2026-04-11,30484,2025,781551,0.1652965098619461,0,2,1,0.8774141669273376,0.46930214762687683,0,8056
1,3,0.5608850717544556,90,AMC,Eintracht Frankfurt,FC Cologne,2,2,2026-04-05,30469,2025,780753,0.20187516510486603,0,5,1,0.5608850717544556,0.7689253687858582,0.07622939348220825,8056
0,1,0.0858750194311142,90,FWR,Mainz 05,Eintracht Frankfurt,2,1,2026-03-22,30463,2025,779320,0,0,0,0,0.0858750194311142,0.1028851643204689,0.017010146751999855,8056
1,1,0.08595699071884155,80,FW,Eintracht Frankfurt,FC Heidenheim,1,0,2026-03-14,30452,2025,776633,0.11322711408138275,0,2,1,0.08595699071884155,0.11322711408138275,0,8056
0,0,0,87,FWR,St. Pauli,Eintracht Frankfurt,0,0,2026-03-08,30446,2025,775841,0,0,0,0,0,0.05837702378630638,0.05837702378630638,8056
0,4,0.5480355024337769,90,MR,Eintracht Frankfurt,Freiburg,2,0,2026-03-01,30435,2025,774177,0.13638639450073242,0,3,0,0.5480355024337769,0.6844218969345093,0.08970287442207336,8056
1,2,0.5811270475387573,27,Sub,Bayern Munich,Eintracht Frankfurt,3,2,2026-02-21,30422,2025,771590,0,0,0,1,0.5811270475387573,1.2459475994110107,0.6648205518722534,8056
0,1,0.2868584096431732,16,FW,Eintracht Frankfurt,Borussia M.Gladbach,3,0,2026-02-14,30416,2025,770257,0,0,0,0,0.2868584096431732,0.2868584096431732,0,8056
0,0,0,90,FW,Union Berlin,Eintracht Frankfurt,1,1,2026-02-06,30411,2025,768269,0.21639429032802582,0,1,0,0,0.21639429032802582,0,8056
0,2,0.10487250983715057,90,FW,Eintracht Frankfurt,Bayer Leverkusen,1,3,2026-01-31,30397,2025,767049,0,0,0,0,0.10487250983715057,0.10487250983715057,0,8056
1,3,0.5270026922225952,76,FW,Eintracht Frankfurt,Hoffenheim,1,3,2026-01-24,30389,2025,765575,0.1009606122970581,0,1,1,0.5270026922225952,0.6279633045196533,0.1009606122970581,8056
1,1,0.4379970133304596,90,FW,Werder Bremen,Eintracht Frankfurt,3,3,2026-01-16,30384,2025,763811,0,0,0,1,0.4379970133304596,0.9523541927337646,0.5143572092056274,8056
0,4,0.5058582425117493,90,FW,VfB Stuttgart,Eintracht Frankfurt,3,2,2026-01-13,30375,2025,763403,0,0,0,0,0.5058582425117493,0.6464899778366089,0.1406317502260208,8056
0,1,0.05928042531013489,25,Sub,Eintracht Frankfurt,Borussia Dortmund,3,3,2026-01-09,30362,2025,762605,0.34979209303855896,1,1,0,0.05928042531013489,0.40907251834869385,0,8056
0,1,0.03905363380908966,4,Sub,Aston Villa,Nottingham Forest,3,1,2026-01-03,28972,2025,760946,0,0,0,0,0.03905363380908966,0.03905363380908966,0,8056
0,0,0,1,Sub,Fulham,Nottingham Forest,1,0,2025-12-22,28942,2025,759854,0,0,0,0,0,0,0,8056
0,0,0,13,Sub,Nottingham Forest,Brighton,0,2,2025-11-30,28904,2025,754465,0,0,0,0,0,0.012487474828958511,0.012487474828958511,8056
0,0,0,1,Sub,Bournemouth,Nottingham Forest,2,0,2025-10-26,28858,2025,746455,0,0,0,0,0,0,0,8056
0,0,0,1,Sub,Nottingham Forest,Sunderland,0,1,2025-09-27,28834,2025,740883,0,0,0,0,0,0,0,8056
0,1,0.09371966868638992,13,Sub,Burnley,Nottingham Forest,1,1,2025-09-20,28822,2025,738671,0,0,0,0,0.09371966868638992,0.13198433816432953,0.03826466575264931,8056
0,2,0.11831498891115189,23,Sub,Arsenal,Nottingham Forest,3,0,2025-09-13,28808,2025,736553,0.011348750442266464,0,1,0,0.11831498891115189,0.12966373562812805,0.011348750442266464,8056
0,0,0,1,Sub,Nottingham Forest,West Ham,0,3,2025-08-31,28804,2025,735666,0,0,0,0,0,0,0,8056
0,0,0,18,Sub,Crystal Palace,Nottingham Forest,1,1,2025-08-24,28794,2025,733820,0,0,0,0,0,0,0,8056
0,2,0.09562579542398453,90,FW,Marseille,Rennes,4,2,2025-05-17,28346,2024,728180,0,0,0,0,0.09562579542398453,0.14291299879550934,0.04728720709681511,8056
2,3,1.3291271924972534,90,FW,Rennes,Nice,2,0,2025-05-10,28340,2024,726247,0.10690233111381531,0,1,2,1.3291271924972534,1.9124408960342407,0.4764113128185272,8056
1,2,0.6750446557998657,30,Sub,Toulouse,Rennes,2,1,2025-05-03,28327,2024,724379,0,0,0,1,0.6750446557998657,0.6193386912345886,0,8056
0,2,0.04894856736063957,49,FW,Lyon,Rennes,4,1,2025-04-26,28326,2024,722856,0,0,0,0,0.04894856736063957,0.04894856736063957,0,8056
0,2,0.8269773125648499,90,FW,Rennes,Nantes,2,1,2025-04-18,28317,2024,719963,0.01832650415599346,0,1,0,0.0668821707367897,0.09998120367527008,0.033099036663770676,8056
1,2,1.0451173782348633,86,FW,Le Havre,Rennes,1,5,2025-04-13,28301,2024,719480,1.0446768999099731,2,2,1,1.0451173782348633,2.6408841609954834,0.5510900020599365,8056
0,4,0.17535874247550964,90,AMC,Rennes,Auxerre,0,1,2025-04-06,28299,2024,717737,0.05985921993851662,0,1,0,0.17535874247550964,0.4605621099472046,0.2949875295162201,8056
2,4,1.0954089164733887,90,AMC,Angers,Rennes,0,3,2025-03-30,28282,2024,715489,0.08159315586090088,1,2,2,1.0954089164733887,1.2576782703399658,0.08067619800567627,8056
0,2,0.1561906933784485,73,FW,Lens,Rennes,1,0,2025-03-15,28278,2024,713433,0,0,0,0,0.1561906933784485,0.1561906933784485,0,8056
0,3,0.38336920738220215,90,AMC,Rennes,Paris Saint Germain,1,4,2025-03-08,28271,2024,711455,0.05610835552215576,0,1,0,0.38336920738220215,0.5045100450515747,0.12114086747169495,8056
1,5,1.7442346811294556,90,FW,Montpellier,Rennes,0,4,2025-03-02,28258,2024,710437,0,0,0,1,0.9841395020484924,0.8975029587745667,0.7747759819030762,8056
1,6,1.4332218170166016,90,FW,Rennes,Reims,1,0,2025-02-21,28246,2024,707398,0,0,0,0,0.6731266379356384,0.9829668402671814,0.30984020233154297,8056
0,1,0.07523734122514725,81,FW,Rennes,Lille,0,2,2025-02-16,28242,2024,707209,0,0,0,0,0.07523734122514725,0.07523734122514725,0,8056
1,3,1.1667282581329346,70,FW,Saint-Etienne,Rennes,0,2,2025-02-08,28232,2024,705053,0.03402244299650192,0,1,1,1.1667282581329346,1.200750708580017,0,8056
0,2,0.20961244404315948,90,FWL,Rennes,Strasbourg,1,0,2025-02-02,28226,2024,704172,0.03729337081313133,0,1,0,0.20961244404315948,0.300570011138916,0.0536641851067543,8056
0,2,0.13340985774993896,90,FW,Monaco,Rennes,3,2,2025-01-25,28211,2024,701614,0.3738618493080139,0,3,0,0.13340985774993896,0.5841730237007141,0.07690136134624481,8056
0,3,0.2319212406873703,90,FW,Rennes,Brest,1,2,2025-01-18,28209,2024,700274,0.08067746460437775,0,1,0,0.2319212406873703,0.32995402812957764,0.10429970920085907,8056
1,3,1.6646783351898193,51,FW,Rennes,Marseille,1,2,2025-01-11,28200,2024,698482,0,0,0,1,0.9045832753181458,0.9045832753181458,0,8056
1,1,0.3499768078327179,90,FW,Nice,Rennes,3,2,2025-01-03,28191,2024,697097,0,0,0,1,0.3499768078327179,0.41216012835502625,0.06218330189585686,8056
0,1,0.027882887050509453,90,FW,Rennes,Angers,2,0,2024-12-15,28174,2024,694384,0,0,0,0,0.027882887050509453,0.11305639147758484,0.08517350256443024,8056
0,0,0,90,FW,Nantes,Rennes,1,0,2024-12-08,28172,2024,693009,0.07115568965673447,0,1,0,0,0.14143384993076324,0.14143384993076324,8056
3,6,1.8321704864501953,90,FW,Rennes,Saint-Etienne,5,0,2024-11-30,28157,2024,690214,0.03597347065806389,0,1,1,0.3119801878929138,0.39829757809638977,0.1009880006313324,8056
0,1,0.025468140840530396,90,FW,Lille,Rennes,1,0,2024-11-24,28151,2024,689088,0,0,0,0,0.025468140840530396,0.025468140840530396,0,8056
0,0,0,65,FW,Rennes,Toulouse,0,2,2024-11-10,28138,2024,687502,0,0,0,0,0,0.05679764226078987,0.05679764226078987,8056
0,0,0,90,FW,Auxerre,Rennes,4,0,2024-11-03,28131,2024,685722,0.13358016312122345,0,1,0,0,0.13358016312122345,0,8056
0,2,0.15435923635959625,90,FW,Rennes,Le Havre,1,0,2024-10-25,28123,2024,682601,0,0,0,0,0.15435923635959625,0.7081392407417297,0.5892527103424072,8056
0,2,0.11890493333339691,90,FW,Brest,Rennes,1,1,2024-10-19,28118,2024,681498,0,0,0,0,0.11890493333339691,0.11890493333339691,0,8056
0,1,0.1037924736738205,88,FW,Rennes,Monaco,1,2,2024-10-05,28103,2024,679954,0,0,0,0,0.1037924736738205,0.1037924736738205,0,8056
1,3,1.363904595375061,90,FW,Paris Saint Germain,Rennes,3,1,2024-09-27,28094,2024,677395,0.37764859199523926,0,1,0,0.6038094758987427,1.0675048828125,0.08604680746793747,8056
1,3,0.8435041308403015,71,FW,Rennes,Lens,1,1,2024-09-21,28091,2024,676029,0,0,0,0,0.08340896666049957,0.10996656864881516,0.02655760385096073,8056
1,2,0.18440787494182587,70,FW,Rennes,Montpellier,3,0,2024-09-15,28080,2024,674372,0,0,0,1,0.18440787494182587,0.3175077438354492,0.21863354742527008,8056
0,2,0.14648853242397308,67,FW,Reims,Rennes,2,1,2024-09-01,28072,2024,672700,0.37056484818458557,0,1,0,0.14648853242397308,0.6398714780807495,0.12281809002161026,8056
0,1,0.3390752375125885,29,Sub,Strasbourg,Rennes,3,1,2024-08-25,28063,2024,668913,0,0,0,0,0.3390752375125885,0.36305931210517883,0.023984072729945183,8056
0,2,0.09833880513906479,90,FW,Rennes,Lens,1,1,2024-05-12,23661,2023,661597,0.9237385988235474,1,2,0,0.09833880513906479,1.2970712184906006,0.2749938368797302,8056
1,5,0.47035160660743713,90,FW,Metz,Rennes,2,3,2024-05-04,23657,2023,659164,0,0,0,1,0.47035160660743713,0.5070070624351501,0.08707810938358307,8056
2,4,1.100989580154419,90,FW,Rennes,Brest,4,5,2024-04-28,23643,2023,657770,0.17582662403583527,0,2,2,1.100989580154419,1.2920351028442383,0.06382983177900314,8056
1,3,0.5549081563949585,85,FW,Nantes,Rennes,0,3,2024-04-20,23638,2023,654917,0.044709909707307816,0,2,1,0.5549081563949585,0.6952853798866272,0.09566731005907059,8056
0,3,0.23291337490081787,90,FW,Rennes,Toulouse,1,2,2024-04-13,23627,2023,653600,0.0389297753572464,0,1,0,0.23291337490081787,0.47357749938964844,0.24066412448883057,8056
0,2,0.12277249246835709,86,FW,Monaco,Rennes,1,0,2024-04-07,23616,2023,652438,0.08602658659219742,0,3,0,0.12277249246835709,0.8315141797065735,0.6227151155471802,8056
0,1,0.014818528667092323,32,Sub,Strasbourg,Rennes,2,0,2024-03-31,23605,2023,650569,0,0,0,0,0.014818528667092323,0.014818528667092323,0,8056
0,1,0.32617172598838806,90,FW,Rennes,Marseille,2,0,2024-03-17,23596,2023,648967,0.039768047630786896,0,1,0,0.32617172598838806,0.3795353174209595,0.013595557771623135,8056
1,2,0.1461542248725891,88,FW,Lille,Rennes,2,2,2024-03-10,23591,2023,647543,0.05470571294426918,0,1,1,0.1461542248725891,0.32619455456733704,0.12533460557460785,8056
0,4,0.6797310709953308,82,FW,Rennes,Lorient,1,2,2024-03-03,23578,2023,645803,0,0,0,0,0.6797310709953308,0.7190130949020386,0.03928200155496597,8056
0,0,0,67,FW,Paris Saint Germain,Rennes,1,1,2024-02-25,23569,2023,643944,0,0,0,0,0,0,0,8056
0,1,0.04270970821380615,77,FW,Le Havre,Rennes,0,1,2024-02-11,23559,2023,640604,0.04728896915912628,0,1,0,0.04270970821380615,0.1225774884223938,0.032578811049461365,8056
1,1,0.7600951194763184,75,FW,Rennes,Montpellier,2,1,2024-02-03,23543,2023,638672,0.2845321297645569,0,3,0,0,0.34078529477119446,0.056253161281347275,8056
0,1,0.1035100594162941,66,FW,Lyon,Rennes,2,3,2024-01-26,23537,2023,636636,0,0,0,0,0.1035100594162941,0.1035100594162941,0,8056
1,5,0.5779127478599548,88,FW,Rennes,Nice,2,0,2024-01-13,23524,2023,635046,0.0838046669960022,0,1,1,0.5779127478599548,0.27142584323883057,0.04861966148018837,8056
1,4,0.6172327399253845,79,FW,Clermont Foot,Rennes,1,3,2023-12-20,23520,2023,631807,0.07540072500705719,0,1,1,0.6172327399253845,0.675842821598053,0.12332708388566971,8056
0,1,0.09022951126098633,90,FW,Toulouse,Rennes,0,0,2023-12-17,23506,2023,630939,0.08129293471574783,0,2,0,0.09022951126098633,0.17152245342731476,0,8056
0,0,0,65,FW,Rennes,Monaco,1,2,2023-12-09,23499,2023,628848,0,0,0,0,0,0,0,8056
0,1,0.021171171218156815,29,Sub,Marseille,Rennes,2,0,2023-12-03,23489,2023,627749,0,0,0,0,0.021171171218156815,0.021171171218156815,0,8056
0,1,0.3484492599964142,90,FW,Rennes,Reims,3,1,2023-11-26,23481,2023,625769,0,0,0,0,0.3484492599964142,0.722626805305481,0.3741775453090668,8056
0,1,0.05915588140487671,43,Sub,Rennes,Lyon,0,1,2023-11-12,23470,2023,624122,0.007297907955944538,0,1,0,0.05915588140487671,0.06645379215478897,0,8056
0,1,0.0383458286523819,29,Sub,Nice,Rennes,2,0,2023-11-05,23468,2023,622530,0,0,0,0,0.0383458286523819,0.10553603619337082,0.06719020754098892,8056
0,3,0.19656218588352203,71,FW,Rennes,Strasbourg,1,1,2023-10-29,23452,2023,620757,0,0,0,0,0.19656218588352203,0.19656218588352203,0,8056
0,2,0.13467620313167572,79,FW,Lorient,Rennes,2,1,2023-10-22,23445,2023,618642,0,0,0,0,0.13467620313167572,0.2108314484357834,0.1385132372379303,8056
0,2,0.16972559690475464,73,FW,Rennes,Paris Saint Germain,1,3,2023-10-08,23435,2023,617547,0.06938355416059494,0,1,0,0.16972559690475464,0.32463210821151733,0.08552295714616776,8056
1,1,0.7600951194763184,1,Sub,Rennes,Nantes,3,1,2023-10-01,23426,2023,615629,0,0,0,0,0,0,0,8056
0,1,0.08150975406169891,90,FW,Brest,Rennes,0,0,2023-09-02,23406,2023,608858,0.03357726335525513,0,1,0,0.08150975406169891,0.11508701741695404,0,8056
0,3,0.7054240703582764,82,FW,Rennes,Le Havre,2,2,2023-08-27,23391,2023,607417,0,0,0,0,0.7054240703582764,0.8096241354942322,0.10420004278421402,8056
0,2,0.12985791265964508,90,FW,Lens,Rennes,1,1,2023-08-20,23386,2023,606235,0.14314104616641998,0,3,0,0.12985791265964508,0.2985454797744751,0.09570387005805969,8056
1,3,1.1020280122756958,78,FW,Rennes,Metz,5,1,2023-08-13,23371,2023,604382,0.2036927193403244,0,2,1,1.1020280122756958,2.1623637676239014,0.8566429018974304,8056
1,3,0.8318977355957031,64,FW,Atletico Madrid,Girona,1,0,2026-05-17,29520,2025,791623,0.08540968596935272,0,2,1,0.8318977355957031,1.548500418663025,0.6311930418014526,5556
1,1,0.7432776093482971,90,FW,Osasuna,Atletico Madrid,1,2,2026-05-12,29514,2025,790283,0,0,0,0,0,0.10826976597309113,0.10826976597309113,5556
0,3,0.6836461424827576,61,ML,Atletico Madrid,Celta Vigo,0,1,2026-05-09,29499,2025,788961,0.8213440179824829,0,4,0,0.6836461424827576,2.1200528144836426,0.7987065315246582,5556
0,1,0.08354423195123672,14,Sub,Sevilla,Atletico Madrid,2,1,2026-04-11,29463,2025,781987,0,0,0,0,0.08354423195123672,0.08354423195123672,0,5556
1,2,0.610366702079773,58,ML,Real Madrid,Atletico Madrid,3,2,2026-03-22,29446,2025,779693,0.0925247073173523,0,1,1,0.610366702079773,0.7028914093971252,0.0925247073173523,5556
0,1,0.04538402333855629,22,Sub,Atletico Madrid,Getafe,1,0,2026-03-14,29429,2025,776824,0.5639365911483765,0,1,0,0.04538402333855629,1.1764626502990723,0.5671420693397522,5556
0,4,0.47976118326187134,59,FW,Atletico Madrid,Real Sociedad,3,2,2026-03-07,29419,2025,775390,0.06414959579706192,0,1,0,0.47976118326187134,0.370684415102005,0.16827280819416046,5556
0,1,0.03829481825232506,47,FW,Real Oviedo,Atletico Madrid,0,1,2026-02-28,29414,2025,773667,0,0,0,0,0.03829481825232506,0.03829481825232506,0,5556
1,3,0.868431568145752,63,FWL,Atletico Madrid,Espanyol,4,2,2026-02-21,29400,2025,771971,0,0,0,1,0.868431568145752,0.2613127529621124,0.18904101848602295,5556
0,0,0,23,Sub,Rayo Vallecano,Atletico Madrid,3,0,2026-02-15,29394,2025,770871,0,0,0,0,0,0,0,5556
0,2,0.07805178314447403,71,FW,Atletico Madrid,Real Betis,0,1,2026-02-08,29380,2025,769490,0.06061902642250061,0,1,0,0.07805178314447403,0.13867081701755524,0,5556
0,2,0.12009920179843903,10,Sub,Atalanta,Parma Calcio 1913,4,0,2026-01-25,30054,2025,766191,0,0,0,0,0.12009920179843903,0.12009920179843903,0,5556
0,4,0.8062239289283752,90,AMC,Atalanta,Cagliari,2,1,2025-12-13,29984,2025,757903,0.07821153104305267,0,1,0,0.8062239289283752,1.0207090377807617,0.13627351820468903,5556
0,2,0.13803863525390625,90,AMC,Verona,Atalanta,3,1,2025-12-06,29983,2025,756363,0.21724902093410492,0,3,0,0.13803863525390625,0.24196770787239075,0,5556
1,3,0.6278046369552612,78,AMC,Atalanta,Fiorentina,2,0,2025-11-30,29964,2025,754591,0.5686153173446655,0,3,1,0.6278046369552612,0.8380823731422424,0.5253638625144958,5556
0,2,0.09996524453163147,83,FW,Napoli,Atalanta,3,1,2025-11-22,29960,2025,752385,0.056206390261650085,0,1,0,0.09996524453163147,0.23696663975715637,0.16905920207500458,5556
0,3,0.1660277396440506,83,AMC,Atalanta,Sassuolo,0,3,2025-11-09,29944,2025,750599,0,0,0,0,0.1660277396440506,0.3411165773868561,0.17508883774280548,5556
0,0,0,30,Sub,Udinese,Atalanta,1,0,2025-11-01,29942,2025,748052,0,0,0,0,0,0.08843493461608887,0.08843493461608887,5556
1,2,0.08466345071792603,90,FW,Atalanta,AC Milan,1,1,2025-10-28,29924,2025,747349,0.1675102710723877,0,3,1,0.08466345071792603,0.3954865634441376,0.14331284165382385,5556
0,4,0.2567671835422516,90,FWL,Cremonese,Atalanta,1,1,2025-10-25,29916,2025,746233,0.8081907629966736,0,3,0,0.2567671835422516,1.1994328498840332,0.1344749629497528,5556
0,2,0.6593297719955444,84,FW,Atalanta,Lazio,0,0,2025-10-19,29904,2025,745131,0.28526872396469116,0,1,0,0.6593297719955444,1.1582214832305908,0.21362295746803284,5556
0,3,0.8941013216972351,74,FW,Atalanta,Como,1,1,2025-10-04,29894,2025,742748,0.09988958388566971,0,2,0,0.8941013216972351,0.4806361794471741,0,5556
0,0,0,1,Sub,Torino,Atalanta,0,3,2025-09-21,29874,2025,739371,0,0,0,0,0,0,0,5556
0,2,0.15221700072288513,42,Sub,Atalanta,Parma Calcio 1913,2,3,2025-05-25,27733,2024,730418,0.3821657598018646,0,1,0,0.15221700072288513,0.5343827605247498,0,5556
1,4,0.28458142280578613,89,AMC,Atalanta,Roma,2,1,2025-05-12,27712,2024,727135,0.43187785148620605,0,3,1,0.28458142280578613,0.5481580495834351,0.140266552567482,5556
1,2,0.4674641788005829,82,AMC,Monza,Atalanta,0,4,2025-05-04,27708,2024,724592,0.1296301782131195,0,2,1,0.4674641788005829,0.652260959148407,0.07981103658676147,5556
0,2,0.07624095678329468,90,AMC,Atalanta,Lecce,1,1,2025-04-27,27693,2024,723462,0.11007130146026611,0,3,0,0.07624095678329468,0.9371178150177002,0.8125315308570862,5556
0,4,0.35116711258888245,90,AMC,AC Milan,Atalanta,0,1,2025-04-20,27686,2024,721488,0.9393945336341858,0,2,0,0.35116711258888245,1.870834469795227,0.6177692413330078,5556
0,0,0,85,AMC,Atalanta,Bologna,2,0,2025-04-13,27674,2024,719067,0,0,0,0,0,0,0,5556
0,0,0,77,AMC,Atalanta,Lazio,0,1,2025-04-06,27664,2024,717857,0.039674993604421616,0,1,0,0,0.4832402169704437,0.4832402169704437,5556
0,1,0.14310024678707123,56,FW,Fiorentina,Atalanta,1,0,2025-03-30,27661,2024,715365,0,0,0,0,0.14310024678707123,0.20219026505947113,0.0590900182723999,5556
0,2,0.13477323949337006,84,FW,Atalanta,Inter,0,2,2025-03-16,27643,2024,714312,0.33607226610183716,0,5,0,0.13477323949337006,0.39277470111846924,0.015455072745680809,5556
1,6,1.2544047832489014,82,FWL,Juventus,Atalanta,0,4,2025-03-09,27637,2024,712356,0.06670695543289185,0,1,1,1.2544047832489014,1.7992219924926758,0.47811034321784973,5556
0,5,0.7628094553947449,90,AMC,Atalanta,Venezia,0,0,2025-03-01,27622,2024,709586,1.122109055519104,0,2,0,0.7628094553947449,1.5174150466918945,0.2581709325313568,5556
2,2,1.0730286836624146,79,AMC,Empoli,Atalanta,0,5,2025-02-23,27612,2024,708746,0.3194330632686615,0,4,2,1.0730286836624146,1.3370667695999146,0.2640380263328552,5556
0,0,0,81,AMC,Como,Atalanta,1,2,2025-01-25,27581,2024,701241,0,0,0,0,0,0,0,5556
1,2,0.12219104170799255,78,FW,Atalanta,Napoli,2,3,2025-01-18,27562,2024,700302,0.047142986208200455,0,1,1,0.12219104170799255,0.3071000277996063,0.13776598870754242,5556
0,5,0.6512797474861145,82,FW,Atalanta,Juventus,1,1,2025-01-14,27542,2024,699178,0.10973343253135681,0,2,0,0.6512797474861145,0.8763388991355896,0.2250591218471527,5556
0,0,0,65,FW,Udinese,Atalanta,0,0,2025-01-11,27561,2024,698064,0,0,0,0,0,0,0,5556
0,5,1.3505500555038452,90,FW,Lazio,Atalanta,1,1,2024-12-28,27535,2024,696545,0.7738268375396729,1,1,0,1.3505500555038452,1.2904870510101318,0.38377436995506287,5556
1,2,0.5737940073013306,72,AMC,Atalanta,Empoli,3,2,2024-12-22,27525,2024,695911,0.11505450308322906,0,2,1,0.5737940073013306,0.706100583076477,0.1292143613100052,5556
0,1,0.40206971764564514,42,Sub,Cagliari,Atalanta,0,1,2024-12-14,27517,2024,693538,0,0,0,0,0.40206971764564514,1.021410584449768,0.6193408370018005,5556
1,5,0.4851285517215729,90,FW,Atalanta,AC Milan,2,1,2024-12-06,27502,2024,691767,0.04695739597082138,0,1,1,0.4851285517215729,0.29130852222442627,0.07380959391593933,5556
0,0,0,64,AMC,Roma,Atalanta,0,2,2024-12-02,27493,2024,691252,0,0,0,0,0,0.11809876561164856,0.11809876561164856,5556
1,5,0.8216598629951477,82,FW,Parma Calcio 1913,Atalanta,1,3,2024-11-23,27491,2024,688815,0.6013149619102478,0,4,1,0.8216598629951477,1.3939706087112427,0,5556
0,3,0.23874446749687195,90,AMC,Atalanta,Udinese,2,1,2024-11-10,27481,2024,687101,0.16257399320602417,0,2,0,0.23874446749687195,0.35775482654571533,0.11901037395000458,5556
2,3,0.464508593082428,77,FW,Napoli,Atalanta,0,3,2024-11-03,27464,2024,685474,0.17638710141181946,0,3,2,0.464508593082428,1.0212336778640747,0.5567251443862915,5556
0,1,0.06544231623411179,48,AMC,Atalanta,Monza,2,0,2024-10-30,27452,2024,684387,0.0981655940413475,0,3,0,0.06544231623411179,0.12602180242538452,0,5556
2,5,1.4781694412231445,57,AMC,Atalanta,Verona,6,1,2024-10-26,27443,2024,683302,0.376717746257782,2,2,2,1.4781694412231445,2.863779306411743,1.0088921785354614,5556
0,1,0.03811272233724594,47,AMC,Venezia,Atalanta,0,2,2024-10-20,27433,2024,681928,0.24107620120048523,0,3,0,0.03811272233724594,0.26608407497406006,0.22797134518623352,5556
0,3,0.4383605420589447,69,AMC,Atalanta,Genoa,5,1,2024-10-05,27422,2024,679675,1.1748898029327393,1,6,0,0.4383605420589447,1.7582250833511353,0.7712302803993225,5556
0,5,0.5395554900169373,90,FW,Bologna,Atalanta,1,1,2024-09-28,27412,2024,678227,0.655549168586731,0,3,0,0.5395554900169373,0.7089148163795471,0.2287605255842209,5556
1,1,0.7612988352775574,35,Sub,Atalanta,Como,2,3,2024-09-24,27402,2024,676974,0,0,0,0,0,0.3300018012523651,0.3300018012523651,5556
1,5,0.6780523061752319,90,AMC,Atalanta,Fiorentina,3,2,2024-09-15,27393,2024,674403,0.43077409267425537,1,3,1,0.6780523061752319,1.1088263988494873,0.12152202427387238,5556
1,1,0.5944961905479431,57,FW,Atalanta,Fiorentina,2,3,2024-06-02,22585,2023,665030,0.025236215442419052,1,1,1,0.5944961905479431,0.6748601198196411,0.055127743631601334,5556
1,4,0.8920742869377136,90,AMC,Atalanta,Torino,3,0,2024-05-26,22675,2023,664750,0.12278088182210922,0,2,1,0.8920742869377136,0.9713789224624634,0.055117979645729065,5556
0,2,0.1402357816696167,31,Sub,Atalanta,Roma,2,1,2024-05-12,22655,2023,661478,0.613315761089325,0,3,0,0.1402357816696167,0.7535515427589417,0,5556
0,4,0.8888282179832458,87,AMC,Salernitana,Atalanta,1,2,2024-05-06,22647,2023,659939,0.17984530329704285,0,4,0,0.8888282179832458,1.2231484651565552,0.20212236046791077,5556
1,3,0.24507178366184235,87,AMC,Atalanta,Empoli,2,0,2024-04-28,22644,2023,657892,0.044438451528549194,0,1,1,0.24507178366184235,0.8250346779823303,0.6476101279258728,5556
0,3,0.1514439433813095,90,AMC,Monza,Atalanta,1,2,2024-04-21,22629,2023,655865,1.3964359760284424,2,5,0,0.1514439433813095,1.0794123411178589,0.04999561235308647,5556
0,0,0,26,Sub,Atalanta,Verona,2,2,2024-04-15,22624,2023,654280,0.07300375401973724,0,1,0,0,0.14518918097019196,0.14518918097019196,5556
0,1,0.1257709413766861,90,FW,Cagliari,Atalanta,2,1,2024-04-07,22613,2023,652534,0.48366597294807434,1,2,0,0.1257709413766861,0.2437736988067627,0.08765477687120438,5556
0,1,0.09453058987855911,27,Sub,Napoli,Atalanta,0,3,2024-03-30,22598,2023,649398,0.1461251974105835,0,2,0,0.09453058987855911,0.38781118392944336,0.14715538918972015,5556
0,2,0.10282119363546371,33,Sub,Juventus,Atalanta,2,2,2024-03-10,22578,2023,647609,0,0,0,0,0.10282119363546371,0.20980913937091827,0.10698793828487396,5556
1,3,0.8122324347496033,90,FW,Atalanta,Bologna,1,2,2024-03-03,22565,2023,645863,0.10206062346696854,0,2,1,0.8122324347496033,1.0517972707748413,0.2016921490430832,5556
0,0,0,30,Sub,Inter,Atalanta,4,0,2024-02-28,22507,2023,644386,0,0,0,0,0,0.07667297124862671,0.07667297124862671,5556
0,0,0,41,Sub,AC Milan,Atalanta,1,1,2024-02-25,22560,2023,644104,0.022457869723439217,0,1,0,0,0.022457869723439217,0.022457869723439217,5556
1,2,0.13788112998008728,90,FW,Atalanta,Lecce,1,0,2023-12-30,22475,2023,633343,0.25826627016067505,0,5,1,0.13788112998008728,0.9035998582839966,0.7041026949882507,5556
0,7,0.7369644641876221,74,FW,Bologna,Atalanta,1,0,2023-12-23,22469,2023,632570,0.5253599882125854,0,1,0,0.7369644641876221,1.1359444856643677,0,5556
0,4,0.555565357208252,88,FW,Atalanta,Salernitana,4,1,2023-12-18,22455,2023,631356,0.1595604568719864,1,2,0,0.555565357208252,0.7994177341461182,0.08429189771413803,5556
2,5,1.8934649229049683,85,FW,Atalanta,AC Milan,3,2,2023-12-09,22445,2023,628910,0.7420403361320496,0,3,2,1.8934649229049683,2.577749729156494,0.6842848062515259,5556
0,0,0,47,AMC,Torino,Atalanta,3,0,2023-12-04,22436,2023,627832,0.07182428985834122,0,2,0,0,0.07182428985834122,0,5556
1,3,0.16375517845153809,87,FW,Atalanta,Napoli,1,2,2023-11-25,22426,2023,625093,0.055416300892829895,0,1,1,0.16375517845153809,0.16375517845153809,0.05134466290473938,5556
0,2,0.1213606670498848,42,Sub,Udinese,Atalanta,1,1,2023-11-12,22419,2023,623775,0,0,0,0,0.1213606670498848,0.19637085497379303,0.07501018792390823,5556
0,3,0.2942829132080078,86,AMC,Atalanta,Inter,1,2,2023-11-04,22405,2023,621711,0.4808307886123657,1,1,0,0.2942829132080078,0.7751137018203735,0.24061423540115356,5556
0,1,0.06864480674266815,77,FW,Empoli,Atalanta,0,3,2023-10-30,22400,2023,620991,0.3930869400501251,1,2,0,0.06864480674266815,0.868485152721405,0.74898362159729,5556
1,4,1.3578945398330688,79,FWL,Atalanta,Genoa,2,0,2023-10-22,22385,2023,619065,0.06297366321086884,0,2,1,1.3578945398330688,1.6634547710418701,0.2750508487224579,5556
0,0,0,27,Sub,Lazio,Atalanta,3,2,2023-10-08,22382,2023,617099,0.08093434572219849,0,1,0,0,0.08093434572219849,0,5556
0,1,0.0387759767472744,66,AMC,Atalanta,Juventus,0,0,2023-10-01,22365,2023,615564,0.0483369380235672,0,1,0,0.0387759767472744,0.12683595716953278,0.03972303867340088,5556
0,0,0,47,AMC,Verona,Atalanta,0,1,2023-09-27,22362,2023,613630,0,0,0,0,0,0.34177345037460327,0.34177345037460327,5556
1,3,0.979613721370697,69,FWL,Atalanta,Cagliari,2,0,2023-09-24,22345,2023,612865,0.13753123581409454,0,2,1,0.979613721370697,1.1683390140533447,0.11770813912153244,5556
1,4,0.32293495535850525,63,FW,Fiorentina,Atalanta,3,2,2023-09-17,22341,2023,611389,0,0,0,1,0.32293495535850525,0.4193188548088074,0.09638390690088272,5556
0,1,0.0550227127969265,7,Sub,Atalanta,Monza,3,0,2023-09-02,22329,2023,609098,0.09301329404115677,0,1,0,0.0550227127969265,0.14803600311279297,0,5556
0,0,0,52,FW,Frosinone,Atalanta,2,1,2023-08-26,22315,2023,607090,0.04173754155635834,0,1,0,0,0.04173754155635834,0,5556
0,3,0.24731196463108063,65,FW,Sassuolo,Atalanta,0,2,2023-08-20,22310,2023,605951,0,0,0,0,0.24731196463108063,0.5385233759880066,0.29121142625808716,5556
